title,description,start_time,end_date,end_time,booking_date,booking_time,duration,festivals,weekend,vacation_time,unnamed:_18,unnamed:_19,unnamed:_20,selling_price,person_count,duration_hours,commercial_slot,lead_days,competitor_price,outlier_score,outlier_reason,is_global_outlier,slot_lag_price_1,slot_lag_price_2,days_since_last_booking,rolling_price_mean_30,bookings_last_7d,bookings_last_30d,occupancy_rate_7d,occupancy_rate_30d,booking_velocity,month,month_sin,month_cos,year,day_of_week,week_of_year,day_of_year,is_weekend,is_festival,festival_name,festival_detected,festival_category,festival_tier,festival_demand_level,festival_multiplier,festival_overlap_hours,festival_overlap_percentage,festival_window_start,festival_window_end,is_peak_festival,multiple_festival_overlap,highest_priority_festival,is_festival_eve,days_before_festival,days_after_festival,is_long_weekend,is_consecutive_holiday,is_school_vacation,is_local_vacation,is_vacation,season,is_peak_season,is_off_season,slot_type,slot_capacity_hours,commercial_units,duration_bucket,is_extended_booking,hours_over_24,effective_daily_rate,extended_discount_ratio,extended_stay,slot_utilization_ratio,opportunity_cost_factor,is_couple,is_family,is_corporate,weather_condition,lead_time_bucket,lead_time_cat,competitor_diff,temperature,rain_probability,humidity,wind_speed,cloud_cover,demand_score,business_confidence_score,month_slot_avg,month_weekend_slot_avg,month_guest_slot_avg,month_festival_slot_avg,month_leadtime_slot_avg,month_weather_slot_avg,hierarchical_fallback_avg,hierarchical_confidence_score,hierarchical_matched_level,slot_month_weekend_ratio,slot_month_weekend_diff,segment_mean,segment_median,segment_trimmed_mean,segment_weighted_median,segment_std,segment_count,segment_confidence,p25_price,p75_price,is_friday_night,is_saturday_day,is_saturday_night,is_sunday_day,is_sunday_night,is_holiday_bridge,wedding_season,is_same_day,is_lead_1_3d,is_lead_4_7d,is_lead_8_14d,is_lead_15_30d,is_lead_31_60d,is_lead_60d_plus,lead_time_demand_curve,current_occupancy_pct,remaining_inventory,booking_pace,occupancy_trend,demand_index,festival_importance_score,highest_revenue_weekday,highest_revenue_month,weekend_premium_ratio,summer_demand_ratio,winter_demand_ratio,rain_impact_ratio,similar_booking_density_30d,price_momentum_30d,historical_variance,is_near_holiday
Farm Booked,Rent: ₹4800,2023-12-02 19:00:00,2023-12-03 18:00:00,2023-12-03 18:00:00,2023-11-27,17:41:32,23.0000000002328,0,1,0,,,,4800.0,4,24.0,24H Night,5,0.0,0, (Month+Slot),False,8500.0,8500.0,0.0,4800.0,1.0,1.0,0.14285714285714285,0.03333333333333333,0.14285714285714285,11,-0.5000000000000004,0.8660254037844384,2023,0,48,331,1,0,Festival,False,Standard,Tier 2,High,1.0,0.0,0.0,,,False,False,Festival,0,7,7,0,0,0,0,0,winter,1,0,24H Night,24.0,1.0,24H,0,0.0,4800.0,1.0,0,1.0,1.0,0,1,0,Clear,1,Standard,0.0,26.0,20.0,60.0,4.2,25.0,100.0,90.0,3850.0,4500.0,3375.0,3850.0,4250.0,3850.0,4500.0,0.5,5,1.036,120.0,3500.0,3750.0,3500.0,3750.0,1076.1885607001304,12.0,1.0,2725.0,4175.0,0,0,0,0,0,0,1,0,0,1,0,0,0,0,1.0,0.016666666666666666,118.0,4.284428957027177,0.10952380952380952,93.34428957027177,0.0,1,5,1.891,1.2,1.067,0.8,0,8500.0,0,0
Farm Booked by Vatsal,Rent: 8500,2024-01-03 12:00:00,2024-01-05 12:00:00,2024-01-05 12:00:00,2023-11-28,22:10:38,48.0,0,0,0,,,,8500.0,4,24.0,Extended Day,35,0.0,3,"MAD, IQR, Percentile (Month)",True,8500.0,8500.0,1.0,8500.0,2.0,2.0,0.2857142857142857,0.06666666666666667,0.2857142857142857,11,-0.5000000000000004,0.8660254037844384,2023,1,48,332,0,0,Festival,False,Standard,Tier 2,High,1.0,0.0,0.0,,,False,False,Festival,0,7,7,0,0,0,0,0,winter,0,1,12H Day,12.0,1.0,24H,0,0.0,8500.0,1.0,0,1.0,1.0,0,1,0,Clear,3,Far Advance,0.0,26.0,20.0,60.0,4.2,25.0,53.349999999999994,95.0,2304.7619047619046,2304.7619047619046,2750.0,2304.7619047619046,2304.7619047619046,2304.7619047619046,2750.0,0.71,3,1.077,158.33,2058.3333333333335,2000.0,2058.3333333333335,2000.0,514.2661732699294,12.0,1.0,1500.0,2425.0,0,0,0,0,0,0,1,0,0,0,0,0,1,0,1.0,0.016666666666666666,118.0,4.285071524985538,0.21904761904761905,73.35071524985538,0.0,1,5,1.891,1.2,1.067,0.8,0,8500.0,0,0
Farm Booked,Rent: ₹3500,2023-12-01 19:00:00,2023-12-02 18:00:00,2023-12-02 18:00:00,2023-12-01,13:22:32,23.0000000002328,0,0,0,,,,3500.0,4,24.0,24H Night,0,0.0,0, (Month+Slot),False,4800.0,8500.0,3.0,4150.0,3.0,3.0,0.42857142857142855,0.1,0.42857142857142855,12,-2.4492935982947064e-16,1.0,2023,4,48,335,0,0,Festival,False,Standard,Tier 2,High,1.0,0.0,0.0,,,False,False,Festival,0,7,7,0,0,1,1,0,winter,0,1,24H Night,24.0,1.0,24H,0,0.0,3500.0,1.0,0,1.0,1.0,0,1,0,Clear,0,Same Day,0.0,26.0,20.0,60.0,4.2,25.0,53.349999999999994,75.0,3983.3333333333335,3133.3333333333335,4100.0,3983.3333333333335,3787.5,3983.3333333333335,3433.3333333333335,0.9,1,1.563,1500.0,2666.6666666666665,3000.0,2666.6666666666665,3000.0,1137.2481406154654,3.0,0.6,2200.0,3300.0,1,0,0,0,0,0,1,1,0,0,0,0,0,0,1.0,0.15833333333333333,101.0,4.285285757138571,0.3285714285714285,77.60285757138571,0.0,1,5,1.891,1.2,1.067,0.8,0,8500.0,0,0
Farm Booked,Rent: 2000,2023-12-04 09:00:00,2023-12-04 16:00:00,2023-12-04 16:00:00,2023-12-03,14:45:45,6.99999999976717,0,0,0,,,,2000.0,4,12.0,12H Day,0,0.0,0, (Strict),False,8500.0,8500.0,2.0,2000.0,4.0,4.0,0.5714285714285714,0.13333333333333333,0.5714285714285714,12,-2.4492935982947064e-16,1.0,2023,6,48,337,0,0,Festival,False,Standard,Tier 2,High,1.0,0.0,0.0,,,False,False,Festival,0,7,7,0,0,1,1,0,winter,0,1,12H Day,12.0,0.5,12H,0,0.0,4000.0,1.0,0,1.0,1.0,0,1,0,Clear,0,Same Day,0.0,26.0,20.0,60.0,4.2,25.0,53.349999999999994,75.0,2125.0,2125.0,2285.714285714286,2125.0,2112.5,2125.0,2290.909090909091,0.98,1,1.212,413.64,1950.0,1750.0,1950.0,1750.0,571.1186134142671,18.0,1.0,1500.0,2300.0,0,0,0,1,0,0,1,1,0,0,0,0,0,0,1.0,0.15833333333333333,101.0,4.285392881248192,0.4380952380952381,77.60392881248191,0.0,1,5,1.891,1.2,1.067,0.8,0,8500.0,0,0
Farm Booked,Rent: 5000,2023-12-09 19:00:00,2023-12-10 18:00:00,2023-12-10 18:00:00,2023-12-07,11:54:11,23.0000000002328,0,1,0,,,,5000.0,4,24.0,24H Night,2,0.0,0, (Month+Slot),False,3500.0,4800.0,4.0,4433.333333333333,3.0,5.0,0.42857142857142855,0.16666666666666666,0.42857142857142855,12,-2.4492935982947064e-16,1.0,2023,3,49,341,1,0,Festival,False,Standard,Tier 2,High,1.0,0.0,0.0,,,False,False,Festival,0,7,7,0,0,1,1,0,winter,1,0,24H Night,24.0,1.0,24H,0,0.0,5000.0,1.0,0,1.0,1.0,0,1,0,Clear,0,Last Minute,0.0,26.0,20.0,60.0,4.2,25.0,100.0,90.0,3858.3333333333335,4800.0,3912.5,3858.3333333333335,3600.0,3858.3333333333335,4833.333333333333,0.7,3,1.563,1500.0,4166.666666666667,4500.0,4166.666666666667,4500.0,836.6600265340755,9.0,1.0,3700.0,4800.0,0,0,0,0,0,0,1,0,1,0,0,0,0,0,1.0,0.15833333333333333,101.0,2.571274294970873,0.26190476190476186,80.46274294970873,0.0,1,5,1.891,1.2,1.067,0.8,0,8500.0,0,0
Farm Booked,Rent: 2800,2023-12-12 06:00:00,2023-12-12 18:00:00,2023-12-12 18:00:00,2023-12-08,13:16:45,12.0,0,0,0,,,,2800.0,4,12.0,12H Day,3,0.0,0, (Strict),False,2000.0,8500.0,1.0,2400.0,3.0,6.0,0.42857142857142855,0.2,0.42857142857142855,12,-2.4492935982947064e-16,1.0,2023,4,49,342,0,0,Festival,False,Standard,Tier 2,High,1.0,0.0,0.0,,,False,False,Festival,0,7,7,0,0,1,1,0,winter,0,1,12H Day,12.0,0.5,12H,0,0.0,5600.0,1.0,0,1.0,1.0,0,1,0,Clear,1,Last Minute,0.0,26.0,20.0,60.0,4.2,25.0,53.349999999999994,90.0,2096.4285714285716,2096.4285714285716,2228.5714285714284,2096.4285714285716,2079.1666666666665,2096.4285714285716,2218.181818181818,0.98,1,1.212,413.64,1950.0,1750.0,1950.0,1750.0,571.1186134142671,18.0,1.0,1500.0,2300.0,0,0,0,0,0,0,1,0,1,0,0,0,0,0,1.0,0.15833333333333333,101.0,2.142750005356875,0.22857142857142854,56.17750005356875,0.0,1,5,1.891,1.2,1.067,0.8,0,8500.0,0,0
Farm Booked,Rent: 2000,2023-12-14 09:00:00,2023-12-14 17:00:00,2023-12-14 17:00:00,2023-12-13,19:16:12,8.00000000023283,0,0,0,,,,2000.0,4,12.0,12H Day,0,0.0,0, (Strict),False,2800.0,2000.0,5.0,2266.6666666666665,3.0,7.0,0.42857142857142855,0.23333333333333334,0.42857142857142855,12,-2.4492935982947064e-16,1.0,2023,2,50,347,0,0,Festival,False,Standard,Tier 2,High,1.0,0.0,0.0,,,False,False,Festival,0,7,7,0,0,1,1,0,winter,0,1,12H Day,12.0,0.5,12H,0,0.0,4000.0,1.0,0,1.0,1.0,0,1,0,Clear,0,Same Day,0.0,26.0,20.0,60.0,4.2,25.0,53.349999999999994,75.0,2125.0,2125.0,2285.714285714286,2125.0,2112.5,2125.0,2290.909090909091,0.98,1,1.212,413.64,1950.0,1750.0,1950.0,1750.0,571.1186134142671,18.0,1.0,1500.0,2300.0,0,0,0,0,0,0,1,1,0,0,0,0,0,0,1.0,0.15833333333333333,101.0,1.8366559800498343,0.1952380952380952,53.116559800498344,0.0,1,5,1.891,1.2,1.067,0.8,0,8500.0,0,0
Farm Booked,Rent: 1200,2023-12-15 09:00:00,2023-12-15 17:00:00,2023-12-15 17:00:00,2023-12-15,00:28:43,8.00000000023283,0,0,0,,,,1200.0,4,12.0,12H Day,0,0.0,3,"MAD, Business_Floor (Strict)",True,2000.0,2800.0,2.0,2000.0,2.0,8.0,0.2857142857142857,0.26666666666666666,0.2857142857142857,12,-2.4492935982947064e-16,1.0,2023,4,50,349,0,0,Festival,False,Standard,Tier 2,High,1.0,0.0,0.0,,,False,False,Festival,0,7,7,0,0,1,1,0,winter,0,1,12H Day,12.0,0.5,12H,0,0.0,2400.0,1.0,0,1.0,1.0,0,1,0,Clear,0,Same Day,0.0,26.0,20.0,60.0,4.2,25.0,53.349999999999994,75.0,2153.5714285714284,2153.5714285714284,2342.8571428571427,2153.5714285714284,2145.8333333333335,2153.5714285714284,2363.6363636363635,0.98,1,1.212,413.64,1950.0,1750.0,1950.0,1750.0,571.1186134142671,18.0,1.0,1500.0,2300.0,0,0,0,0,0,0,1,1,0,0,0,0,0,0,1.0,0.15833333333333333,101.0,1.0713883943637827,0.019047619047619035,45.463883943637825,0.0,1,5,1.891,1.2,1.067,0.8,0,8500.0,0,0
Farm booked - Hirenbhai,Rent: 2500,2023-12-27 06:00:00,2023-12-27 18:00:00,2023-12-27 18:00:00,2023-12-16,15:28:27,12.0,0,0,1,,,,2500.0,4,12.0,12H Day,10,0.0,0, (Strict),False,1200.0,2000.0,1.0,2100.0,3.0,9.0,0.42857142857142855,0.3,0.42857142857142855,12,-2.4492935982947064e-16,1.0,2023,5,50,350,0,0,Festival,False,Standard,Tier 2,High,1.0,0.0,0.0,,,False,False,Festival,0,7,7,0,0,1,1,1,winter,1,1,12H Day,12.0,0.5,12H,0,0.0,5000.0,1.0,0,1.0,1.0,0,1,0,Clear,2,Standard,0.0,26.0,20.0,60.0,4.2,25.0,53.349999999999994,90.0,2107.1428571428573,2107.1428571428573,2250.0,2107.1428571428573,2100.0,2107.1428571428573,2250.0,0.7999999999999999,3,1.212,413.64,1950.0,1750.0,1950.0,1750.0,571.1186134142671,18.0,1.0,1500.0,2300.0,0,1,0,0,0,0,1,0,0,0,1,0,0,0,1.0,0.15833333333333333,101.0,1.428523811111058,0.12857142857142856,49.03523811111058,0.0,1,5,1.891,1.2,1.067,0.8,0,8500.0,0,0
Farm Booked by Yash,Rent: 3000,2024-01-05 19:00:00,2024-01-06 18:00:00,2024-01-06 18:00:00,2023-12-17,13:52:02,23.0000000002328,0,0,0,,,,3000.0,4,24.0,24H Night,19,0.0,0, (Strict),False,5000.0,3500.0,1.0,4075.0,4.0,10.0,0.5714285714285714,0.3333333333333333,0.5714285714285714,12,-2.4492935982947064e-16,1.0,2023,6,50,351,0,0,Festival,False,Standard,Tier 2,High,1.0,0.0,0.0,,,False,False,Festival,0,7,7,0,0,1,1,0,winter,0,1,24H Night,24.0,1.0,24H,0,0.0,3000.0,1.0,0,1.0,1.0,0,1,0,Clear,2,Advance,0.0,26.0,20.0,60.0,4.2,25.0,53.349999999999994,95.0,4025.0,3216.6666666666665,4162.5,4025.0,4025.0,4025.0,3450.0,0.71,3,1.563,1500.0,2666.6666666666665,3000.0,2666.6666666666665,3000.0,1137.2481406154654,3.0,0.6,2200.0,3300.0,0,0,0,0,1,0,1,0,0,0,0,1,0,0,1.0,0.15833333333333333,101.0,1.7142342872570966,0.23809523809523808,51.892342872570964,0.0,1,5,1.891,1.2,1.067,0.8,0,8500.0,0,0
Farm Booked,Rent: 3300 room + kitchen,2023-12-21 10:00:00,2023-12-21 22:00:00,2023-12-21 22:00:00,2023-12-17,16:13:41,12.0,0,0,0,,,,3300.0,4,12.0,12H Day,3,0.0,0, (Strict),False,2500.0,1200.0,0.0,2300.0,5.0,11.0,0.7142857142857143,0.36666666666666664,0.7142857142857143,12,-2.4492935982947064e-16,1.0,2023,6,50,351,0,0,Festival,False,Standard,Tier 2,High,1.0,0.0,0.0,,,False,False,Festival,0,7,7,0,0,1,1,0,winter,0,1,12H Day,12.0,0.5,12H,0,0.0,6600.0,1.0,0,1.0,1.0,0,1,0,Clear,1,Last Minute,0.0,26.0,20.0,60.0,4.2,25.0,53.349999999999994,90.0,2078.5714285714284,2078.5714285714284,2192.8571428571427,2078.5714285714284,2058.3333333333335,2078.5714285714284,2172.7272727272725,0.98,1,1.212,413.64,1950.0,1750.0,1950.0,1750.0,571.1186134142671,18.0,1.0,1500.0,2300.0,0,0,0,1,0,0,1,0,1,0,0,0,0,0,1.0,0.15833333333333333,101.0,1.9479988208113805,0.34761904761904766,54.22998820811381,0.0,1,5,1.891,1.2,1.067,0.8,0,8500.0,0,0
Farm Booked,Rent: 2800,2023-12-23 07:00:00,2023-12-23 18:00:00,2023-12-23 18:00:00,2023-12-17,15:43:44,11.0000000002328,0,0,0,,,,2800.0,4,12.0,12H Day,5,0.0,0, (Strict),False,3300.0,2500.0,0.0,2371.4285714285716,6.0,12.0,0.8571428571428571,0.4,0.8571428571428571,12,-2.4492935982947064e-16,1.0,2023,6,50,351,0,0,Festival,False,Standard,Tier 2,High,1.0,0.0,0.0,,,False,False,Festival,0,7,7,0,0,1,1,0,winter,0,1,12H Day,12.0,0.5,12H,0,0.0,5600.0,1.0,0,1.0,1.0,0,1,0,Clear,1,Standard,0.0,26.0,20.0,60.0,4.2,25.0,53.349999999999994,90.0,2096.4285714285716,2096.4285714285716,2228.5714285714284,2096.4285714285716,2000.0,2096.4285714285716,2228.5714285714284,0.7999999999999999,3,1.212,413.64,1950.0,1750.0,1950.0,1750.0,571.1186134142671,18.0,1.0,1500.0,2300.0,0,0,0,1,0,0,1,0,0,1,0,0,0,0,1.0,0.15833333333333333,101.0,2.142803572767823,0.4571428571428571,56.178035727678235,0.0,1,5,1.891,1.2,1.067,0.8,0,8500.0,0,0
Farm Booked,Rent: 2000,2023-12-18 08:00:00,2023-12-18 16:00:00,2023-12-18 16:00:00,2023-12-18,07:37:48,7.99999999953434,0,0,0,,,,2000.0,4,12.0,12H Day,0,0.0,0, (Strict),False,2800.0,3300.0,1.0,2325.0,7.0,13.0,1.0,0.43333333333333335,1.0,12,-2.4492935982947064e-16,1.0,2023,0,51,352,0,0,Festival,False,Standard,Tier 2,High,1.0,0.0,0.0,,,False,False,Festival,0,7,7,0,0,1,1,0,winter,0,1,12H Day,12.0,0.5,12H,0,0.0,4000.0,1.0,0,1.0,1.0,0,1,0,Clear,0,Same Day,0.0,26.0,20.0,60.0,4.2,25.0,53.349999999999994,75.0,2125.0,2125.0,2285.714285714286,2125.0,2112.5,2125.0,2290.909090909091,0.98,1,1.212,413.64,1950.0,1750.0,1950.0,1750.0,571.1186134142671,18.0,1.0,1500.0,2300.0,0,0,0,0,0,0,1,1,0,0,0,0,0,0,1.0,0.15833333333333333,101.0,2.307639054483358,0.5666666666666667,57.82639054483358,0.0,1,5,1.891,1.2,1.067,0.8,0,8500.0,0,0
Farm booked,Rent: 2500 only room,2023-12-18 19:00:00,2023-12-19 06:00:00,2023-12-19 06:00:00,2023-12-18,12:40:45,11.0000000002328,0,0,0,,,,2500.0,4,12.0,12H Night,0,0.0,0, (Month),False,8500.0,8500.0,0.0,2500.0,8.0,14.0,1.0,0.4666666666666667,1.1428571428571428,12,-2.4492935982947064e-16,1.0,2023,0,51,352,0,0,Festival,False,Standard,Tier 2,High,1.0,0.0,0.0,,,False,False,Festival,0,7,7,0,0,1,1,0,winter,0,1,12H Night,12.0,0.5,12H,0,0.0,5000.0,1.0,0,1.0,1.0,0,1,0,Clear,0,Same Day,0.0,26.0,20.0,60.0,4.2,25.0,53.349999999999994,75.0,2166.6666666666665,2166.6666666666665,2250.0,2166.6666666666665,2000.0,2166.6666666666665,2166.6666666666665,0.5,5,1.25,0.0,2250.0,2250.0,2250.0,2250.0,288.67513459481296,4.0,0.8,2000.0,2500.0,0,0,0,0,0,0,1,1,0,0,0,0,0,0,1.0,0.15833333333333333,101.0,2.448927114827131,0.5333333333333333,59.239271148271314,0.0,1,5,1.891,1.2,1.067,0.8,0,8500.0,0,0
Farm Booked,Rent: 2700,2023-12-20 11:00:00,2023-12-20 21:00:00,2023-12-20 21:00:00,2023-12-19,15:28:17,9.99999999976717,0,0,0,,,,2700.0,4,12.0,12H Day,0,0.0,0, (Strict),False,2000.0,2800.0,1.0,2366.6666666666665,9.0,15.0,1.0,0.5,1.2857142857142858,12,-2.4492935982947064e-16,1.0,2023,1,51,353,0,0,Festival,False,Standard,Tier 2,High,1.0,0.0,0.0,,,False,False,Festival,0,7,7,0,0,1,1,0,winter,0,1,12H Day,12.0,0.5,12H,0,0.0,5400.0,1.0,0,1.0,1.0,0,1,0,Clear,0,Same Day,0.0,26.0,20.0,60.0,4.2,25.0,53.349999999999994,75.0,2100.0,2100.0,2235.714285714286,2100.0,2083.3333333333335,2100.0,2227.2727272727275,0.98,1,1.212,413.64,1950.0,1750.0,1950.0,1750.0,571.1186134142671,18.0,1.0,1500.0,2300.0,0,0,0,0,0,0,1,1,0,0,0,0,0,0,1.0,0.15833333333333333,101.0,2.571377143885694,0.5,60.46377143885694,0.0,1,5,1.891,1.2,1.067,0.8,0,8500.0,0,0
Farm booked,Rent: 4500,2023-12-23 19:00:00,2023-12-24 18:00:00,2023-12-24 18:00:00,2023-12-19,15:41:18,23.0000000002328,0,1,0,,,,4500.0,4,24.0,24H Night,4,0.0,0, (Month+Slot),False,3000.0,5000.0,0.0,4160.0,10.0,16.0,1.0,0.5333333333333333,1.4285714285714286,12,-2.4492935982947064e-16,1.0,2023,1,51,353,1,0,Festival,False,Standard,Tier 2,High,1.0,0.0,0.0,,,False,False,Festival,0,7,7,0,0,1,1,0,winter,1,0,24H Night,24.0,1.0,24H,0,0.0,4500.0,1.0,0,1.0,1.0,0,1,0,Clear,1,Standard,0.0,26.0,20.0,60.0,4.2,25.0,100.0,90.0,3900.0,4900.0,3975.0,3900.0,5000.0,3900.0,5000.0,0.7,3,1.563,1500.0,4166.666666666667,4500.0,4166.666666666667,4500.0,836.6600265340755,9.0,1.0,3700.0,4800.0,0,0,0,0,0,0,1,0,0,1,0,0,0,0,1.0,0.15833333333333333,101.0,2.678521206298811,0.4666666666666667,81.53521206298811,0.0,1,5,1.891,1.2,1.067,0.8,0,8500.0,0,0
Farm booked,Rent: 2000,2023-12-22 09:00:00,2023-12-22 18:00:00,2023-12-22 18:00:00,2023-12-20,12:07:04,9.0,0,0,0,,,,2000.0,4,12.0,12H Day,1,0.0,0, (Strict),False,2700.0,2000.0,1.0,2330.0,10.0,17.0,1.0,0.5666666666666667,1.4285714285714286,12,-2.4492935982947064e-16,1.0,2023,2,51,354,0,0,Festival,False,Standard,Tier 2,High,1.0,0.0,0.0,,,False,False,Festival,0,7,7,0,0,1,1,0,winter,0,1,12H Day,12.0,0.5,12H,0,0.0,4000.0,1.0,0,1.0,1.0,0,1,0,Clear,0,Last Minute,0.0,26.0,20.0,60.0,4.2,25.0,53.349999999999994,75.0,2125.0,2125.0,2285.714285714286,2125.0,2112.5,2125.0,2290.909090909091,0.98,1,1.212,413.64,1950.0,1750.0,1950.0,1750.0,571.1186134142671,18.0,1.0,1500.0,2300.0,0,0,0,0,0,0,1,0,1,0,0,0,0,0,1.0,0.15833333333333333,101.0,2.5209639157628314,0.43333333333333335,59.95963915762832,0.0,1,5,1.891,1.2,1.067,0.8,0,8500.0,0,0
Farm booked by Monu,"Rent: 2500
Full facilities",2023-12-28 20:00:00,2023-12-29 08:00:00,2023-12-29 08:00:00,2023-12-23,14:40:06,12.0,0,0,1,,,,2500.0,4,12.0,12H Night,5,0.0,0, (Month),False,2500.0,8500.0,3.0,2500.0,9.0,18.0,1.0,0.6,1.2857142857142858,12,-2.4492935982947064e-16,1.0,2023,5,51,357,0,0,Festival,False,Standard,Tier 2,High,1.0,0.0,0.0,,,False,False,Festival,0,7,7,0,0,1,1,1,winter,1,1,12H Night,12.0,0.5,12H,0,0.0,5000.0,1.0,0,1.0,1.0,0,1,0,Clear,1,Standard,0.0,26.0,20.0,60.0,4.2,25.0,53.349999999999994,90.0,2166.6666666666665,2166.6666666666665,2250.0,2166.6666666666665,2166.6666666666665,2166.6666666666665,2166.6666666666665,0.5,5,1.25,0.0,2250.0,2250.0,2250.0,2250.0,288.67513459481296,4.0,0.8,2000.0,2500.0,0,0,1,0,0,0,1,0,0,1,0,0,0,0,1.0,0.15833333333333333,101.0,2.142821429166657,0.4,56.17821429166657,0.0,1,5,1.891,1.2,1.067,0.8,0,8500.0,0,0
Farm booked by Divyesh,"Rent: 1500

Only room",2023-12-30 13:00:00,2023-12-30 17:30:00,2023-12-30 17:30:00,2023-12-23,11:04:13,4.5,0,0,1,,,,1500.0,4,12.0,12H Day,7,0.0,1,MAD (Strict),False,2000.0,2700.0,0.0,2280.0,10.0,19.0,1.0,0.6333333333333333,1.4285714285714286,12,-2.4492935982947064e-16,1.0,2023,5,51,357,0,0,Festival,False,Standard,Tier 2,High,1.0,0.0,0.0,,,False,False,Festival,0,7,7,0,0,1,1,1,winter,1,1,12H Day,12.0,0.5,12H,0,0.0,3000.0,1.0,0,1.0,1.0,0,1,0,Clear,1,Standard,0.0,26.0,20.0,60.0,4.2,25.0,53.349999999999994,90.0,2142.8571428571427,2142.8571428571427,2321.4285714285716,2142.8571428571427,2433.3333333333335,2142.8571428571427,2321.4285714285716,0.7999999999999999,3,1.212,413.64,1950.0,1750.0,1950.0,1750.0,571.1186134142671,18.0,1.0,1500.0,2300.0,0,1,0,0,0,0,1,0,0,1,0,0,0,0,1.0,0.15833333333333333,101.0,2.2556034829525253,0.3666666666666667,57.30603482952525,0.0,1,5,1.891,1.2,1.067,0.8,0,8500.0,0,0
Farm booked by Vishal,Rent: 2500,2023-12-29 08:00:00,2023-12-29 20:00:00,2023-12-29 20:00:00,2023-12-26,15:01:54,12.0,0,0,1,,,,2500.0,4,12.0,12H Day,2,0.0,0, (Strict),False,1500.0,2000.0,3.0,2250.0,4.0,20.0,0.5714285714285714,0.6666666666666666,0.5714285714285714,12,-2.4492935982947064e-16,1.0,2023,1,52,360,0,0,Festival,False,Standard,Tier 2,High,1.0,0.0,0.0,,,False,False,Festival,0,7,7,0,0,1,1,1,winter,1,1,12H Day,12.0,0.5,12H,0,0.0,5000.0,1.0,0,1.0,1.0,0,1,0,Clear,0,Last Minute,0.0,26.0,20.0,60.0,4.2,25.0,53.349999999999994,90.0,2107.1428571428573,2107.1428571428573,2250.0,2107.1428571428573,2091.6666666666665,2107.1428571428573,2245.4545454545455,0.98,1,1.212,413.64,1950.0,1750.0,1950.0,1750.0,571.1186134142671,18.0,1.0,1500.0,2300.0,0,0,0,0,0,0,1,0,1,0,0,0,0,0,1.0,0.15833333333333333,101.0,0.8571300001928543,-0.09523809523809523,43.32130000192854,0.0,1,5,1.891,1.2,1.067,0.8,0,8500.0,0,0
Farm booked,Rent: 1500 only photo,2024-01-02 09:00:00,2024-01-02 12:00:00,2024-01-02 12:00:00,2023-12-31,10:30:24,3.0,0,0,0,,,,1500.0,4,12.0,12H Day,1,0.0,0, (Strict),False,2500.0,1500.0,5.0,2200.0,2.0,18.0,0.2857142857142857,0.6,0.2857142857142857,12,-2.4492935982947064e-16,1.0,2023,6,52,365,0,0,Festival,False,Standard,Tier 2,High,1.0,0.0,0.0,,,False,False,Festival,0,7,7,0,0,1,1,0,winter,0,1,12H Day,12.0,0.5,12H,0,0.0,3000.0,1.0,0,1.0,1.0,0,1,0,Clear,0,Last Minute,0.0,26.0,20.0,60.0,4.2,25.0,53.349999999999994,75.0,2142.8571428571427,2142.8571428571427,2321.4285714285716,2142.8571428571427,2133.3333333333335,2142.8571428571427,2336.3636363636365,0.98,1,1.212,413.64,1950.0,1750.0,1950.0,1750.0,571.1186134142671,18.0,1.0,1500.0,2300.0,0,0,0,1,0,0,1,0,1,0,0,0,0,0,1.0,0.15833333333333333,101.0,0.4761825398148126,-0.3142857142857143,39.511825398148126,0.0,1,5,1.891,1.2,1.067,0.8,0,8500.0,0,0
Farm Booked by Roopen’s friend,"Rent: ₹3000
₹2000 - penalty
Guest name: Rekha",2024-01-06 18:00:00,2024-01-07 06:00:00,2024-01-07 06:00:00,2024-01-01,16:33:46,12.0,0,1,0,,,,3000.0,4,12.0,12H Night,5,0.0,0, (Month),False,2500.0,2500.0,1.0,2666.6666666666665,3.0,19.0,0.42857142857142855,0.6333333333333333,0.42857142857142855,1,0.49999999999999994,0.8660254037844387,2024,0,1,1,1,0,Festival,False,Standard,Tier 2,High,1.0,0.0,0.0,,,False,False,Festival,0,7,7,0,0,0,1,0,winter,1,0,12H Night,12.0,0.5,12H,0,0.0,6000.0,1.0,0,1.0,1.0,0,1,0,Clear,1,Standard,0.0,26.0,20.0,60.0,4.2,25.0,100.0,90.0,3166.6666666666665,5000.0,2500.0,3166.6666666666665,3166.6666666666665,3166.6666666666665,3166.6666666666665,0.4,6,1.972,1710.0,3470.0,3000.0,3470.0,3000.0,1357.460864997588,3.0,0.6,2705.0,4000.0,0,0,0,0,0,0,1,0,0,1,0,0,0,0,1.0,0.14166666666666666,103.0,0.6766810448857575,-0.20476190476190476,61.016810448857576,0.0,1,5,1.891,1.2,1.067,0.8,0,8500.0,0,0
Farm booked by 14 number,Rent: 7000 paid 1000,2024-02-12 19:00:00,2024-02-14 18:00:00,2024-02-14 18:00:00,2024-01-05,15:16:19,47.0000000002328,0,0,0,,,,7000.0,4,24.0,Extended Day,38,0.0,3,"MAD, IQR, Percentile (Month)",True,8500.0,8500.0,4.0,7750.0,3.0,19.0,0.42857142857142855,0.6333333333333333,0.42857142857142855,1,0.49999999999999994,0.8660254037844387,2024,4,1,5,0,0,Festival,False,Standard,Tier 2,High,1.0,0.0,0.0,,,False,False,Festival,0,7,7,0,0,0,1,0,winter,0,1,12H Day,12.0,1.0,24H,0,0.0,7000.0,1.0,0,1.0,1.0,0,1,0,Clear,3,Far Advance,0.0,26.0,20.0,60.0,4.2,25.0,53.349999999999994,95.0,2524.0,2524.0,2708.3333333333335,2524.0,2524.0,2524.0,2708.3333333333335,0.7899999999999999,3,0.796,-580.39,2847.0588235294117,2200.0,2847.0588235294117,2200.0,2064.617896566706,17.0,1.0,2000.0,2500.0,0,0,0,0,0,0,1,0,0,0,0,0,1,0,1.0,0.14166666666666666,103.0,0.6766810448857575,-0.20476190476190476,41.016810448857576,0.0,1,5,1.891,1.2,1.067,0.8,0,8500.0,0,0
Farb booked by Atul,Rent: 2500,2024-01-08 06:00:00,2024-01-08 18:00:00,2024-01-08 18:00:00,2024-01-06,13:30:57,12.0,0,0,0,,,,2500.0,4,12.0,12H Day,1,0.0,0, (Strict),False,1500.0,2500.0,1.0,2330.0,4.0,19.0,0.5714285714285714,0.6333333333333333,0.5714285714285714,1,0.49999999999999994,0.8660254037844387,2024,5,1,6,0,0,Festival,False,Standard,Tier 2,High,1.0,0.0,0.0,,,False,False,Festival,0,7,7,0,0,0,1,0,winter,0,1,12H Day,12.0,0.5,12H,0,0.0,5000.0,1.0,0,1.0,1.0,0,1,0,Clear,0,Last Minute,0.0,26.0,20.0,60.0,4.2,25.0,53.349999999999994,75.0,2704.0,2704.0,3083.3333333333335,2704.0,2550.0,2704.0,2750.0,0.97,1,0.796,-580.39,2847.0588235294117,2200.0,2847.0588235294117,2200.0,2064.617896566706,17.0,1.0,2000.0,2500.0,0,1,0,0,0,0,1,0,1,0,0,0,0,0,1.0,0.14166666666666666,103.0,0.9022413931810099,-0.06190476190476191,43.2724139318101,0.0,1,5,1.891,1.2,1.067,0.8,0,8500.0,0,0
Farm booked by Om,"13 Jan 6PM to 14 Jan 8AM
6 Persons
Full facilities with JBL sound system
Rent: ₹4500
Deposit: ₹2000

Total payment before check in: ₹6500

₹2000 refundable within 24 hours of check out.

Advance payment paid: ₹2000.
Pending amount: ₹4500",2024-01-13 18:00:00,2024-01-14 08:00:00,2024-01-14 08:00:00,2024-01-07,15:49:49,14.0000000002328,Makar Sankranti,1,0,,,,4500.0,6,12.0,12H Night,6,0.0,0, (Month),False,3000.0,2500.0,1.0,3125.0,4.0,19.0,0.5714285714285714,0.6333333333333333,0.5714285714285714,1,0.49999999999999994,0.8660254037844387,2024,6,1,7,1,1,Festival,True,Standard,Tier 2,High,1.0,0.0,0.0,,,False,False,Festival,0,7,7,1,1,0,1,0,winter,1,0,12H Night,12.0,0.5,12H,0,0.0,9000.0,1.0,0,1.0,1.0,0,1,0,Clear,1,Standard,0.0,26.0,20.0,60.0,4.2,25.0,100.0,90.0,3125.0,4000.0,2750.0,3125.0,3000.0,3125.0,3125.0,0.41000000000000003,6,1.972,1710.0,3470.0,3000.0,3470.0,3000.0,1357.460864997588,3.0,0.6,2705.0,4000.0,0,0,0,0,1,0,1,0,0,1,0,0,0,0,1.0,0.14166666666666666,103.0,0.9022413931810099,-0.06190476190476191,78.27241393181009,0.5,1,5,1.891,1.2,1.067,0.8,0,8500.0,0,0
Farm booked by Raj,"9 Jan 9AM to 9 Jan 6PM
2 Person
Full facility
Rent: ₹2000
Deposit: ₹2000

Advanced paid: ₹500",2024-01-09 09:00:00,2024-01-09 18:00:00,2024-01-09 18:00:00,2024-01-08,17:00:24,9.0,0,0,0,,,,2000.0,2,12.0,Couple Half Day,0,0.0,0, (Strict),False,8500.0,8500.0,1.0,2000.0,4.0,20.0,0.5714285714285714,0.6666666666666666,0.5714285714285714,1,0.49999999999999994,0.8660254037844387,2024,0,2,8,0,0,Festival,False,Standard,Tier 2,High,1.0,0.0,0.0,,,False,False,Festival,0,7,7,0,0,0,1,0,winter,0,1,12H Day,12.0,0.5,12H,0,0.0,4000.0,1.0,0,1.0,1.0,1,0,0,Clear,0,Same Day,0.0,26.0,20.0,60.0,4.2,25.0,53.349999999999994,75.0,2724.0,2724.0,2040.0,2724.0,2572.7272727272725,2724.0,2044.4444444444443,0.96,1,0.796,-580.39,2847.0588235294117,2200.0,2847.0588235294117,2200.0,2064.617896566706,17.0,1.0,2000.0,2500.0,0,0,0,0,0,0,1,1,0,0,0,0,0,0,1.0,0.14166666666666666,103.0,0.8571300001928543,-0.09523809523809523,42.82130000192854,0.0,1,5,1.891,1.2,1.067,0.8,0,8500.0,0,0
Farm booked by Parimal - Partial Payment,"27/1 4:00 PM to 28/1 8:00 PM
17 Person
Rent: ₹6000
Deposit: ₹2000

Total payment before check in: ₹8000

₹2000 refundable within 24 hours of check out.

Amount paid: ₹1000

Your booking is confirmed",2024-01-27 19:00:00,2024-01-28 18:00:00,2024-01-28 18:00:00,2024-01-08,21:18:09,23.0000000002328,0,1,0,,,,6000.0,17,24.0,24H Night,18,0.0,1,IQR (Strict),False,4500.0,3000.0,0.0,4466.666666666667,5.0,21.0,0.7142857142857143,0.7,0.7142857142857143,1,0.49999999999999994,0.8660254037844387,2024,0,2,8,1,0,Festival,False,Standard,Tier 2,High,1.0,0.0,0.0,,,False,False,Festival,0,7,7,0,0,0,1,0,winter,1,0,24H Night,24.0,1.0,24H,0,0.0,6000.0,1.0,0,1.0,1.0,0,0,1,Clear,2,Advance,0.0,26.0,20.0,60.0,4.2,25.0,100.0,95.0,4000.0,5100.0,4000.0,4000.0,4000.0,4000.0,5100.0,0.52,5,1.032,111.54,3561.5384615384614,3400.0,3561.5384615384614,3400.0,893.9970745090665,13.0,1.0,2900.0,4400.0,0,0,0,0,0,0,1,0,0,0,0,1,0,0,1.0,0.14166666666666666,103.0,1.0203935862140747,0.014285714285714346,64.45393586214075,0.0,1,5,1.891,1.2,1.067,0.8,0,8500.0,0,0
Farm booked by Prashant,"10 Jan 9 AM to 10 Jan 5 PM
4 Person
Full Facilities
Rent: 2500
Deposit: 2000

Total Payment before checkin: 4500

2000 refundable within 24 hours of checkout.

Advance Payment received: ₹500
Pending amount: ₹4000",2024-01-10 09:00:00,2024-01-10 17:00:00,2024-01-10 17:00:00,2024-01-09,17:54:12,8.00000000023283,0,0,0,,,,2500.0,4,12.0,12H Day,0,0.0,0, (Strict),False,2500.0,1500.0,1.0,2330.0,6.0,22.0,0.8571428571428571,0.7333333333333333,0.8571428571428571,1,0.49999999999999994,0.8660254037844387,2024,1,2,9,0,0,Festival,False,Standard,Tier 2,High,1.0,0.0,0.0,,,False,False,Festival,0,7,7,0,0,0,1,0,winter,0,1,12H Day,12.0,0.5,12H,0,0.0,5000.0,1.0,0,1.0,1.0,0,1,0,Clear,0,Same Day,0.0,26.0,20.0,60.0,4.2,25.0,53.349999999999994,75.0,2704.0,2704.0,3083.3333333333335,2704.0,2550.0,2704.0,2750.0,0.97,1,0.796,-580.39,2847.0588235294117,2200.0,2847.0588235294117,2200.0,2064.617896566706,17.0,1.0,2000.0,2500.0,0,0,0,0,0,0,1,1,0,0,0,0,0,0,1.0,0.14166666666666666,103.0,1.1688152304416628,0.12380952380952381,45.938152304416626,0.0,1,5,1.891,1.2,1.067,0.8,0,8500.0,0,0
Farm booked by Aman,"9 Jan 6 PM to 10 Jan 6 PM
24 hours
Full facilities with JBL sound system
5 person
Rent: ₹4000
Deposit: ₹2000

Total payment before check in: ₹6000

₹2000 refundable within 24 hours of check out

Advance payment paid: ₹1000
Pending Amount: ₹5000",2024-01-10 19:00:00,2024-01-11 18:00:00,2024-01-11 18:00:00,2024-01-09,12:25:21,23.0000000002328,0,0,0,,,,4000.0,5,24.0,24H Night,1,0.0,0, (Strict),False,6000.0,4500.0,0.0,4400.0,7.0,23.0,1.0,0.7666666666666667,1.0,1,0.49999999999999994,0.8660254037844387,2024,1,2,9,0,0,Festival,False,Standard,Tier 2,High,1.0,0.0,0.0,,,False,False,Festival,0,7,7,0,0,0,1,0,winter,0,1,24H Night,24.0,1.0,24H,0,0.0,4000.0,1.0,0,1.0,1.0,0,1,0,Clear,0,Last Minute,0.0,26.0,20.0,60.0,4.2,25.0,53.349999999999994,75.0,4125.0,3450.0,4000.0,4125.0,3966.6666666666665,4125.0,3166.6666666666665,0.7,3,1.032,111.54,3450.0,3600.0,3450.0,3600.0,519.6152422706632,4.0,0.8,3375.0,3675.0,0,0,0,0,0,0,1,0,1,0,0,0,0,0,1.0,0.14166666666666666,103.0,1.3043308130763511,0.23333333333333328,47.29330813076351,0.0,1,5,1.891,1.2,1.067,0.8,0,8500.0,0,0
Farm booked by Neel - Partial payment,"26Jan 6 PM to 27 Jan 4 PM
10 Person
Full facilities with sound system
Rent: 3500
Deposit: 2000

Amount received: ₹1000",2024-01-26 19:00:00,2024-01-27 18:00:00,2024-01-27 18:00:00,2024-01-13,15:00:14,23.0000000002328,0,0,0,,,,3500.0,10,24.0,24H Night,13,0.0,0, (Strict),False,4000.0,6000.0,4.0,4287.5,6.0,23.0,0.8571428571428571,0.7666666666666667,0.8571428571428571,1,0.49999999999999994,0.8660254037844387,2024,5,2,13,0,0,Festival,False,Standard,Tier 2,High,1.0,0.0,0.0,,,False,False,Festival,0,7,7,0,0,0,1,0,winter,0,1,24H Night,24.0,1.0,24H,0,0.0,3500.0,1.0,0,1.0,1.0,0,1,0,Clear,2,Standard,0.0,26.0,20.0,60.0,4.2,25.0,53.349999999999994,90.0,4156.25,3500.0,4055.5555555555557,4156.25,4160.0,4156.25,3583.3333333333335,0.73,3,1.032,111.54,3450.0,3600.0,3450.0,3600.0,519.6152422706632,4.0,0.8,3375.0,3675.0,0,0,1,0,0,0,1,0,0,0,1,0,0,0,1.0,0.14166666666666666,103.0,1.1179978397797294,0.09047619047619038,45.42997839779729,0.0,1,5,1.891,1.2,1.067,0.8,0,8500.0,0,0
Farm booked by Jignesh ,"14 Jan 8 AM to 15 Jan 8 PM
8 Person
Full facilities
Rent: ₹10000
Deposit: ₹2000

Total payment: ₹12000

Payment received: ₹2000",2024-01-14 08:00:00,2024-01-15 20:00:00,2024-01-15 20:00:00,2024-01-13,12:01:13,36.0,Makar Sankranti,0,0,,,,10000.0,8,24.0,Extended Day,0,0.0,3,"MAD, IQR, Percentile (Month)",True,7000.0,8500.0,0.0,8500.0,7.0,24.0,1.0,0.8,1.0,1,0.49999999999999994,0.8660254037844387,2024,5,2,13,0,1,Festival,True,Standard,Tier 2,High,1.0,0.0,0.0,,,False,False,Festival,0,7,7,0,1,0,1,0,winter,1,0,12H Day,12.0,1.0,24H,0,0.0,10000.0,1.0,0,1.0,1.0,0,1,0,Clear,0,Same Day,0.0,26.0,20.0,60.0,4.2,25.0,53.349999999999994,75.0,2696.153846153846,2696.153846153846,3038.4615384615386,4000.0,2547.8260869565215,2696.153846153846,3038.4615384615386,0.7,4,0.796,-580.39,2847.0588235294117,2200.0,2847.0588235294117,2200.0,2064.617896566706,17.0,1.0,2000.0,2500.0,0,1,0,0,0,0,1,1,0,0,0,0,0,0,1.0,0.14166666666666666,103.0,1.2499843751953101,0.19999999999999996,61.7498437519531,0.5,1,5,1.891,1.2,1.067,0.8,0,8500.0,0,0
Farm booked by Rutvik ,"Booking confirmed ✅ 

17 jan 6 AM to 6 PM
2 Person
Only Room + Kitchen
Rent: ₹2200
Deposit: ₹2000

Total payment: ₹4200

Advance received: ₹1000",2024-01-17 06:00:00,2024-01-17 18:00:00,2024-01-17 18:00:00,2024-01-14,22:11:37,12.0,0,0,0,,,,2200.0,2,12.0,Couple Half Day,2,0.0,0, (Strict),False,2000.0,8500.0,1.0,2100.0,7.0,24.0,1.0,0.8,1.0,1,0.49999999999999994,0.8660254037844387,2024,6,2,14,0,0,Festival,False,Standard,Tier 2,High,1.0,0.0,0.0,,,False,False,Festival,0,7,7,0,0,0,1,0,winter,0,1,12H Day,12.0,0.5,12H,0,0.0,4400.0,1.0,0,1.0,1.0,1,0,0,Clear,0,Last Minute,0.0,26.0,20.0,60.0,4.2,25.0,53.349999999999994,90.0,2716.0,2716.0,2020.0,2716.0,2563.6363636363635,2716.0,2022.2222222222222,0.96,1,0.796,-580.39,2847.0588235294117,2200.0,2847.0588235294117,2200.0,2064.617896566706,17.0,1.0,2000.0,2500.0,0,0,0,1,0,0,1,0,1,0,0,0,0,0,1.0,0.14166666666666666,103.0,1.2499843751953101,0.19999999999999996,46.7498437519531,0.0,1,5,1.891,1.2,1.067,0.8,0,8500.0,0,0
Farm booked by Anand,"18 Jan 10 AM to 4 PM
2 Person
Full facilities
Rent: ₹2200
Deposit: ₹2000

Total payment: ₹4200

₹2000 refund after check out.",2024-01-18 10:00:00,2024-01-18 16:00:00,2024-01-18 16:00:00,2024-01-15,16:04:42,6.0,0,0,0,,,,2200.0,2,12.0,Couple Half Day,2,0.0,0, (Strict),False,2200.0,2000.0,1.0,2133.3333333333335,6.0,24.0,0.8571428571428571,0.8,0.8571428571428571,1,0.49999999999999994,0.8660254037844387,2024,0,3,15,0,0,Festival,False,Standard,Tier 2,High,1.0,0.0,0.0,,,False,False,Festival,0,7,7,0,0,0,1,0,winter,0,1,12H Day,12.0,0.5,12H,0,0.0,4400.0,1.0,0,1.0,1.0,1,0,0,Clear,0,Last Minute,0.0,26.0,20.0,60.0,4.2,25.0,53.349999999999994,90.0,2716.0,2716.0,2020.0,2716.0,2563.6363636363635,2716.0,2022.2222222222222,0.96,1,0.796,-580.39,2847.0588235294117,2200.0,2847.0588235294117,2200.0,2064.617896566706,17.0,1.0,2000.0,2500.0,0,0,0,0,0,0,1,0,1,0,0,0,0,0,1.0,0.14166666666666666,103.0,1.071415178738837,0.05714285714285705,44.964151787388374,0.0,1,5,1.891,1.2,1.067,0.8,0,8500.0,0,0
Farm booked by Priyank,"21 Jan 9 PM to 22 Jan 12PM
10 Person
Rent: ₹3000
Deposit: ₹2000

Total payment: ₹5000

₹2000 refund after check out
₹1000 received",2024-01-21 19:00:00,2024-01-22 18:00:00,2024-01-22 18:00:00,2024-01-20,21:48:32,23.0000000002328,0,0,0,,,,3000.0,10,24.0,24H Night,0,0.0,0, (Strict),False,3500.0,4000.0,5.0,4144.444444444444,3.0,17.0,0.42857142857142855,0.5666666666666667,0.42857142857142855,1,0.49999999999999994,0.8660254037844387,2024,5,3,20,0,0,Festival,False,Standard,Tier 2,High,1.0,0.0,0.0,,,False,False,Festival,0,7,7,0,0,0,1,0,winter,0,1,24H Night,24.0,1.0,24H,0,0.0,3000.0,1.0,0,1.0,1.0,0,1,0,Clear,0,Same Day,0.0,26.0,20.0,60.0,4.2,25.0,53.349999999999994,75.0,4187.5,3550.0,4111.111111111111,4187.5,4077.777777777778,4187.5,3900.0,0.9,1,1.032,111.54,3450.0,3600.0,3450.0,3600.0,519.6152422706632,4.0,0.8,3375.0,3675.0,0,0,1,0,0,0,1,1,0,0,0,0,0,0,1.0,0.14166666666666666,103.0,0.7562891747288494,-0.1380952380952381,41.812891747288496,0.0,1,5,1.891,1.2,1.067,0.8,0,8500.0,0,0
Farm booked by Nikunj,"22 Jan 12PM to 6PM
4 Person
Full Facilities with JBL Sound system
Rent: ₹2500

Deposit: ₹2000
Total Payment: ₹4500

₹2000 refund after checkout

Payment Received: ₹2000
Pending: ₹2500",2024-01-22 12:00:00,2024-01-22 18:00:00,2024-01-22 18:00:00,2024-01-22,11:16:34,6.0,0,0,0,,,,2500.0,4,12.0,12H Day,0,0.0,0, (Strict),False,2500.0,2500.0,2.0,2250.0,2.0,16.0,0.2857142857142857,0.5333333333333333,0.2857142857142857,1,0.49999999999999994,0.8660254037844387,2024,0,4,22,0,0,Festival,False,Standard,Tier 2,High,1.0,0.0,0.0,,,False,False,Festival,0,7,7,0,0,0,1,0,winter,0,1,12H Day,12.0,0.5,12H,0,0.0,5000.0,1.0,0,1.0,1.0,0,1,0,Clear,0,Same Day,0.0,26.0,20.0,60.0,4.2,25.0,53.349999999999994,75.0,2704.0,2704.0,3083.3333333333335,2704.0,2550.0,2704.0,2750.0,0.97,1,0.796,-580.39,2847.0588235294117,2200.0,2847.0588235294117,2200.0,2064.617896566706,17.0,1.0,2000.0,2500.0,0,0,0,0,0,0,1,1,0,0,0,0,0,0,1.0,0.14166666666666666,103.0,0.5357042412597621,-0.24761904761904763,39.60704241259762,0.0,1,5,1.891,1.2,1.067,0.8,0,8500.0,0,0
Farm booked by Vishal,"24 Jan 6 AM to 6 PM
10 Person
Rent: ₹2200
Deposit: ₹2000

Total Payment: ₹4200
₹2000 received ",2024-01-24 06:00:00,2024-01-24 18:00:00,2024-01-24 18:00:00,2024-01-22,16:33:20,12.0,0,0,0,,,,2200.0,10,12.0,12H Day,1,0.0,0, (Strict),False,2500.0,2500.0,0.0,2190.0,3.0,17.0,0.42857142857142855,0.5666666666666667,0.42857142857142855,1,0.49999999999999994,0.8660254037844387,2024,0,4,22,0,0,Festival,False,Standard,Tier 2,High,1.0,0.0,0.0,,,False,False,Festival,0,7,7,0,0,0,1,0,winter,0,1,12H Day,12.0,0.5,12H,0,0.0,4400.0,1.0,0,1.0,1.0,0,1,0,Clear,0,Last Minute,0.0,26.0,20.0,60.0,4.2,25.0,53.349999999999994,75.0,2716.0,2716.0,6000.0,2716.0,2563.6363636363635,2716.0,2716.0,0.6,5,0.796,-580.39,2847.0588235294117,2200.0,2847.0588235294117,2200.0,2064.617896566706,17.0,1.0,2000.0,2500.0,0,0,0,0,0,0,1,0,1,0,0,0,0,0,1.0,0.14166666666666666,103.0,0.7562891747288494,-0.1380952380952381,41.812891747288496,0.0,1,5,1.891,1.2,1.067,0.8,0,8500.0,0,0
Farm booked by Jay - Partial payment,"25 Jan 9 AM to 5 PM
4 Person
Only Room
Rent: ₹1500
Deposit: ₹2000

Total payment: ₹3500
₹2000 refund after check out.",2024-01-25 09:00:00,2024-01-25 17:00:00,2024-01-25 17:00:00,2024-01-25,10:07:33,8.00000000023283,0,0,0,,,,1500.0,4,12.0,12H Day,0,0.0,0, (Strict),False,2200.0,2500.0,3.0,2140.0,4.0,17.0,0.5714285714285714,0.5666666666666667,0.5714285714285714,1,0.49999999999999994,0.8660254037844387,2024,3,4,25,0,0,Festival,False,Standard,Tier 2,High,1.0,0.0,0.0,,,False,False,Festival,0,7,7,0,0,0,1,0,winter,0,1,12H Day,12.0,0.5,12H,0,0.0,3000.0,1.0,0,1.0,1.0,0,1,0,Clear,0,Same Day,0.0,26.0,20.0,60.0,4.2,25.0,53.349999999999994,75.0,2744.0,2744.0,3166.6666666666665,2744.0,2595.4545454545455,2744.0,2850.0,0.97,1,0.796,-580.39,2847.0588235294117,2200.0,2847.0588235294117,2200.0,2064.617896566706,17.0,1.0,2000.0,2500.0,0,0,0,0,0,0,1,1,0,0,0,0,0,0,1.0,0.14166666666666666,103.0,1.0083855663051324,0.004761904761904745,44.333855663051324,0.0,1,5,1.891,1.2,1.067,0.8,0,8500.0,0,0
Farm booked by Suresh,"Guest name: Dhaval
30 Jan 6PM to 2 Feb 6PM
3 Night - 3 Days
4 Person
Full facilities with JBL sound system
Rent: ₹8000
Deposit: 2000

Payment Received: ₹10000",2024-01-30 18:00:00,2024-02-02 18:00:00,2024-02-02 18:00:00,2024-01-30,19:36:24,72.0,0,0,0,,,,8000.0,4,24.0,Extended Day,0,0.0,3,"MAD, IQR, Percentile (Month)",True,10000.0,7000.0,5.0,8375.0,2.0,17.0,0.2857142857142857,0.5666666666666667,0.2857142857142857,1,0.49999999999999994,0.8660254037844387,2024,1,5,30,0,0,Festival,False,Standard,Tier 2,High,1.0,0.0,0.0,,,False,False,Festival,0,7,7,0,0,0,1,0,winter,0,1,12H Day,12.0,1.0,24H,0,0.0,8000.0,1.0,0,1.0,1.0,0,1,0,Clear,0,Same Day,0.0,26.0,20.0,60.0,4.2,25.0,53.349999999999994,75.0,2484.0,2484.0,2625.0,2484.0,2300.0,2484.0,2200.0,0.97,1,0.796,-580.39,2847.0588235294117,2200.0,2847.0588235294117,2200.0,2064.617896566706,17.0,1.0,2000.0,2500.0,0,0,0,0,0,0,1,1,0,0,0,0,0,0,1.0,0.14166666666666666,103.0,0.5041927831525662,-0.28095238095238095,39.29192783152566,0.0,1,5,1.891,1.2,1.067,0.8,0,8500.0,0,0
Farm booked by Neel ,"3 Feb 6 PM to 4 Feb 9 AM
15 hours
10 Person
Rent: ₹3000
Deposit: ₹2000

Pay Advance on this number to confirm booking.",2024-02-03 20:00:00,2024-02-04 08:00:00,2024-02-04 08:00:00,2024-02-03,15:29:05,12.0,0,1,0,,,s,3000.0,10,12.0,12H Night,0,0.0,0, (Month),False,4500.0,3000.0,4.0,3100.0,2.0,17.0,0.2857142857142857,0.5666666666666667,0.2857142857142857,2,0.8660254037844386,0.5000000000000001,2024,5,5,34,1,0,Festival,False,Standard,Tier 2,High,1.0,0.0,0.0,,,False,False,Festival,0,7,7,0,0,0,0,0,winter,1,0,12H Night,12.0,0.5,12H,0,0.0,6000.0,1.0,0,1.0,1.0,0,1,0,Clear,0,Same Day,0.0,26.0,20.0,60.0,4.2,25.0,100.0,75.0,2175.0,2175.0,2175.0,2175.0,2233.3333333333335,2175.0,2175.0,0.41000000000000003,6,1.324,690.0,2820.0,2820.0,2820.0,2820.0,0.0,1.0,0.2,2820.0,2820.0,0,0,1,0,0,0,1,1,0,0,0,0,0,0,1.0,0.2,96.0,0.5041927831525662,-0.28095238095238095,61.04192783152566,0.0,1,5,1.891,1.2,1.067,0.8,0,8500.0,0,0
Farm booked by Nandan,"Tomorrow 10 AM to 10 PM
5 Person
Full facilities with JBL sound system
Rent: ₹3300
Deposit: ₹2000

Deposit refund after check out

Advance received: ₹1000

No Cash - online only.",2024-02-04 10:00:00,2024-02-04 22:00:00,2024-02-04 22:00:00,2024-02-03,18:02:24,12.0,0,0,0,,,,3300.0,5,12.0,12H Day,0,0.0,1,IQR (Strict),False,1500.0,2200.0,0.0,2200.0,3.0,18.0,0.42857142857142855,0.6,0.42857142857142855,2,0.8660254037844386,0.5000000000000001,2024,5,5,34,0,0,Festival,False,Standard,Tier 2,High,1.0,0.0,0.0,,,False,False,Festival,0,7,7,0,0,0,0,0,winter,0,1,12H Day,12.0,0.5,12H,0,0.0,6600.0,1.0,0,1.0,1.0,0,1,0,Clear,0,Same Day,0.0,26.0,20.0,60.0,4.2,25.0,53.349999999999994,75.0,2158.6206896551726,2158.6206896551726,2361.5384615384614,2158.6206896551726,2108.3333333333335,2158.6206896551726,2336.3636363636365,0.98,1,1.055,122.01,2205.2631578947367,2000.0,2205.2631578947367,2000.0,1205.300185850685,19.0,1.0,1700.0,2050.0,0,1,0,0,0,0,1,1,0,0,0,0,0,0,1.0,0.2,96.0,0.714273809722219,-0.17142857142857143,43.14273809722219,0.0,1,5,1.891,1.2,1.067,0.8,0,8500.0,0,0
Farm booked by Bhupendra,"15 Feb 6 AM to 6 PM
4 person
Full facilities with JBL sound system
Rent: ₹2500
Deposit: ₹2000

Amount received: ₹1000
Pending: ₹3500

Farm number: 11 kevanu gate pr.",2024-02-15 06:00:00,2024-02-15 18:00:00,2024-02-15 18:00:00,2024-02-04,17:07:49,12.0,0,0,0,,,,2500.0,4,12.0,12H Day,10,0.0,0, (Strict),False,3300.0,1500.0,1.0,2250.0,4.0,18.0,0.5714285714285714,0.6,0.5714285714285714,2,0.8660254037844386,0.5000000000000001,2024,6,5,35,0,0,Festival,False,Standard,Tier 2,High,1.0,0.0,0.0,,,False,False,Festival,0,7,7,0,0,0,0,0,winter,0,1,12H Day,12.0,0.5,12H,0,0.0,5000.0,1.0,0,1.0,1.0,0,1,0,Clear,2,Standard,0.0,26.0,20.0,60.0,4.2,25.0,53.349999999999994,90.0,2186.206896551724,2186.206896551724,2423.076923076923,2186.206896551724,2375.0,2186.206896551724,2423.076923076923,0.7999999999999999,3,1.055,122.01,2205.2631578947367,2000.0,2205.2631578947367,2000.0,1205.300185850685,19.0,1.0,1700.0,2050.0,0,0,0,1,0,0,1,0,0,0,1,0,0,0,1.0,0.2,96.0,0.9523650796296252,-0.02857142857142858,45.52365079629625,0.0,1,5,1.891,1.2,1.067,0.8,0,8500.0,0,0
Farm booked by Ronit ,"6 Feb 8 AM to 8 PM
8 Person
Rent: ₹2500
Deposit: ₹2000

Received: ₹500",2024-02-06 08:00:00,2024-02-06 20:00:00,2024-02-06 20:00:00,2024-02-05,16:47:30,12.0,0,0,0,,,,2500.0,8,12.0,12H Day,0,0.0,0, (Strict),False,2500.0,3300.0,1.0,2350.0,5.0,18.0,0.7142857142857143,0.6,0.7142857142857143,2,0.8660254037844386,0.5000000000000001,2024,0,6,36,0,0,Festival,False,Standard,Tier 2,High,1.0,0.0,0.0,,,False,False,Festival,0,7,7,0,0,0,0,0,winter,0,1,12H Day,12.0,0.5,12H,0,0.0,5000.0,1.0,0,1.0,1.0,0,1,0,Clear,0,Same Day,0.0,26.0,20.0,60.0,4.2,25.0,53.349999999999994,75.0,2186.206896551724,2186.206896551724,2423.076923076923,2186.206896551724,2141.6666666666665,2186.206896551724,2409.090909090909,0.98,1,1.055,122.01,2205.2631578947367,2000.0,2205.2631578947367,2000.0,1205.300185850685,19.0,1.0,1700.0,2050.0,0,0,0,0,0,0,1,1,0,0,0,0,0,0,1.0,0.2,96.0,1.1904563495370317,0.11428571428571432,47.90456349537032,0.0,1,5,1.891,1.2,1.067,0.8,0,8500.0,0,0
Farm booked by Abhishek,"7 Feb 12:30 PM to 4:00 PM
2 Person
Full facilities - with swimming pool 
Rent: ₹2000
Deposit: ₹2000

*Deposit refund after check out.*

Advance payment ₹1000 to confirm your booking",2024-02-07 12:30:00,2024-02-07 16:00:00,2024-02-07 16:00:00,2024-02-05,12:34:17,3.49999999953434,0,0,0,,,,2000.0,2,12.0,Couple Half Day,1,0.0,0, (Strict),False,2200.0,2200.0,0.0,2100.0,6.0,19.0,0.8571428571428571,0.6333333333333333,0.8571428571428571,2,0.8660254037844386,0.5000000000000001,2024,0,6,36,0,0,Festival,False,Standard,Tier 2,High,1.0,0.0,0.0,,,False,False,Festival,0,7,7,0,0,0,0,0,winter,0,1,12H Day,12.0,0.5,12H,0,0.0,4000.0,1.0,0,1.0,1.0,1,0,0,Clear,0,Last Minute,0.0,26.0,20.0,60.0,4.2,25.0,53.349999999999994,75.0,2203.448275862069,2203.448275862069,1838.4615384615386,2203.448275862069,2162.5,2203.448275862069,1854.5454545454545,0.98,1,1.055,122.01,2205.2631578947367,2000.0,2205.2631578947367,2000.0,1205.300185850685,19.0,1.0,1700.0,2050.0,0,0,0,0,0,0,1,0,1,0,0,0,0,0,1.0,0.2,96.0,1.353362089771515,0.2238095238095238,49.53362089771515,0.0,1,5,1.891,1.2,1.067,0.8,0,8500.0,0,0
Farm booked by Dipak,"6 Feb 9PM to 7 Feb 8:30 AM
8 Person
Full facility with swimming pool and sound system
Rent: ₹2200
Deposit: ₹2000

Deposit refund after check out",2024-02-06 21:00:00,2024-02-07 08:30:00,2024-02-07 08:30:00,2024-02-06,23:14:54,11.4999999997672,0,0,0,,,,2200.0,8,12.0,12H Night,0,0.0,0, (Month),False,3000.0,4500.0,1.0,2950.0,6.0,19.0,0.8571428571428571,0.6333333333333333,0.8571428571428571,2,0.8660254037844386,0.5000000000000001,2024,1,6,37,0,0,Festival,False,Standard,Tier 2,High,1.0,0.0,0.0,,,False,False,Festival,0,7,7,0,0,0,0,0,winter,0,1,12H Night,12.0,0.5,12H,0,0.0,4400.0,1.0,0,1.0,1.0,0,1,0,Clear,0,Same Day,0.0,26.0,20.0,60.0,4.2,25.0,53.349999999999994,75.0,2375.0,2166.6666666666665,1750.0,2375.0,2500.0,2375.0,2166.6666666666665,0.5,5,1.324,690.0,2130.0,2010.0,2130.0,2010.0,630.4495750388501,4.0,0.8,1830.0,2310.0,0,0,0,0,0,0,1,1,0,0,0,0,0,0,1.0,0.2,96.0,1.353362089771515,0.2238095238095238,49.53362089771515,0.0,1,5,1.891,1.2,1.067,0.8,0,8500.0,0,0
Farm booked by Parimal,"17 Feb 4:00 PM to 18 feb 8:00 PM
22 Person
Rent: ₹6000
Deposit: ₹1000

₹1000 received

(Note : Tejas Pay 7000₹)",2024-02-17 19:00:00,2024-02-18 18:00:00,2024-02-18 18:00:00,2024-02-07,21:08:08,23.0000000002328,0,1,0,,,,6000.0,22,24.0,24H Night,9,0.0,1,MAD (Month+Slot),False,3000.0,3500.0,1.0,4330.0,7.0,18.0,1.0,0.6,1.0,2,0.8660254037844386,0.5000000000000001,2024,2,6,38,1,0,Festival,False,Standard,Tier 2,High,1.0,0.0,0.0,,,False,False,Festival,0,7,7,0,0,0,0,0,winter,1,0,24H Night,24.0,1.0,24H,0,0.0,6000.0,1.0,0,1.0,1.0,0,0,1,Clear,2,Standard,0.0,26.0,20.0,60.0,4.2,25.0,100.0,90.0,4277.777777777777,4900.0,7500.0,4277.777777777777,4500.0,4277.777777777777,4900.0,0.52,5,1.327,906.82,3681.818181818182,3700.0,3681.818181818182,3700.0,838.8303545034382,11.0,1.0,2950.0,4200.0,0,0,0,0,0,0,1,0,0,0,1,0,0,0,1.0,0.2,96.0,1.6666388893518442,0.4,72.66638889351844,0.0,1,5,1.891,1.2,1.067,0.8,0,8500.0,0,0
Farm booked by Atul,"9 Feb 9AM to 3PM
4 Person
Full Facility
Rent: ₹2000
Deposit: ₹2000

Advance received ✅ : ₹2000",2024-02-08 09:00:00,2024-02-08 15:00:00,2024-02-08 15:00:00,2024-02-07,14:18:20,6.0,0,0,0,,,,2000.0,4,12.0,12H Day,0,0.0,0, (Strict),False,2500.0,2500.0,0.0,2300.0,8.0,19.0,1.0,0.6333333333333333,1.1428571428571428,2,0.8660254037844386,0.5000000000000001,2024,2,6,38,0,0,Festival,False,Standard,Tier 2,High,1.0,0.0,0.0,,,False,False,Festival,0,7,7,0,0,0,0,0,winter,0,1,12H Day,12.0,0.5,12H,0,0.0,4000.0,1.0,0,1.0,1.0,0,1,0,Clear,0,Same Day,0.0,26.0,20.0,60.0,4.2,25.0,53.349999999999994,75.0,2203.448275862069,2203.448275862069,2461.5384615384614,2203.448275862069,2162.5,2203.448275862069,2454.5454545454545,0.98,1,1.055,122.01,2205.2631578947367,2000.0,2205.2631578947367,2000.0,1205.300185850685,19.0,1.0,1700.0,2050.0,0,0,0,0,0,0,1,1,0,0,0,0,0,0,1.0,0.2,96.0,1.8044827863620199,0.3666666666666667,54.0448278636202,0.0,1,5,1.891,1.2,1.067,0.8,0,8500.0,0,0
Farm booked by Rajnish,"09-Feb-2024 at 8:00 AM to 09-Feb-2024 at 5:00 PM
4 Persons
Rent: ₹2000
Deposit: ₹2000

₹500 received 

Deposit Refund after check out.",2024-02-09 08:00:00,2024-02-09 17:00:00,2024-02-09 17:00:00,2024-02-08,18:13:13,9.0,0,0,0,,,,2000.0,4,12.0,12H Day,0,0.0,0, (Strict),False,2000.0,2500.0,1.0,2350.0,9.0,18.0,1.0,0.6,1.2857142857142858,2,0.8660254037844386,0.5000000000000001,2024,3,6,39,0,0,Festival,False,Standard,Tier 2,High,1.0,0.0,0.0,,,False,False,Festival,0,7,7,0,0,0,0,0,winter,0,1,12H Day,12.0,0.5,12H,0,0.0,4000.0,1.0,0,1.0,1.0,0,1,0,Clear,0,Same Day,0.0,26.0,20.0,60.0,4.2,25.0,53.349999999999994,75.0,2203.448275862069,2203.448275862069,2461.5384615384614,2203.448275862069,2162.5,2203.448275862069,2454.5454545454545,0.98,1,1.055,122.01,2205.2631578947367,2000.0,2205.2631578947367,2000.0,1205.300185850685,19.0,1.0,1700.0,2050.0,0,0,0,0,0,0,1,1,0,0,0,0,0,0,1.0,0.2,96.0,2.142821429166657,0.4,57.42821429166657,0.0,1,5,1.891,1.2,1.067,0.8,0,8500.0,0,0
Farm booked by Arkit,"24-Feb-2024 at 6:00 PM to 25-Feb-2024 at 6:00 PM
12 Persons
Rent: ₹5000
Deposit: ₹2000

₹2000 Received 
Deposit Refund after check out.",2024-02-24 18:00:00,2024-02-25 18:00:00,2024-02-25 18:00:00,2024-02-08,13:57:58,24.0,0,1,0,,,,5000.0,12,24.0,24H Night,16,0.0,0, (Month+Slot),False,6000.0,3000.0,0.0,4350.0,10.0,19.0,1.0,0.6333333333333333,1.4285714285714286,2,0.8660254037844386,0.5000000000000001,2024,3,6,39,1,0,Festival,False,Standard,Tier 2,High,1.0,0.0,0.0,,,False,False,Festival,0,7,7,0,0,0,0,0,winter,1,0,24H Night,24.0,1.0,24H,0,0.0,5000.0,1.0,0,1.0,1.0,0,1,0,Clear,2,Advance,0.0,26.0,20.0,60.0,4.2,25.0,100.0,95.0,4333.333333333333,5100.0,3833.3333333333335,4333.333333333333,5500.0,4333.333333333333,5100.0,0.52,5,1.327,906.82,3681.818181818182,3700.0,3681.818181818182,3700.0,838.8303545034382,11.0,1.0,2950.0,4200.0,0,0,0,0,0,0,1,0,0,0,0,1,0,0,1.0,0.2,96.0,2.2556034829525253,0.3666666666666667,78.55603482952526,0.0,1,5,1.891,1.2,1.067,0.8,0,8500.0,0,0
Farm booked by Surya,"10-Feb-2024 at 7:00 PM to 11-Feb-2024 at 1:00 PM
12 Persons
Rent: ₹4500
Deposit: ₹2000

Deposit Refund after check out.",2024-02-10 19:00:00,2024-02-11 18:00:00,2024-02-11 18:00:00,2024-02-09,15:31:11,23.0000000002328,0,1,0,,,,4500.0,12,24.0,24H Night,1,0.0,0, (Month+Slot),False,5000.0,6000.0,1.0,4450.0,11.0,20.0,1.0,0.6666666666666666,1.5714285714285714,2,0.8660254037844386,0.5000000000000001,2024,4,6,40,1,0,Festival,False,Standard,Tier 2,High,1.0,0.0,0.0,,,False,False,Festival,0,7,7,0,0,0,0,0,winter,1,0,24H Night,24.0,1.0,24H,0,0.0,4500.0,1.0,0,1.0,1.0,0,1,0,Clear,0,Last Minute,0.0,26.0,20.0,60.0,4.2,25.0,100.0,75.0,4361.111111111111,5200.0,3888.8888888888887,4361.111111111111,3812.5,4361.111111111111,5200.0,0.52,5,1.327,906.82,3681.818181818182,3700.0,3681.818181818182,3700.0,838.8303545034382,11.0,1.0,2950.0,4200.0,1,0,0,0,0,0,1,0,1,0,0,0,0,0,1.0,0.2,96.0,2.3571075005303492,0.33333333333333337,79.5710750053035,0.0,1,5,1.891,1.2,1.067,0.8,0,8500.0,0,0
Booked by Rutvik,"16-Feb-2024 at 10:00 AM to 16-Feb-2024 at 6:00 PM
2 Persons
Rent: ₹2700
Deposit: ₹2000

Deposit Refund after check out.",2024-02-16 10:00:00,2024-02-16 18:00:00,2024-02-16 18:00:00,2024-02-14,19:19:39,8.00000000023283,0,0,0,,,,2700.0,2,12.0,Couple Half Day,1,0.0,0, (Strict),False,2000.0,2200.0,5.0,2220.0,4.0,17.0,0.5714285714285714,0.5666666666666667,0.5714285714285714,2,0.8660254037844386,0.5000000000000001,2024,2,7,45,0,0,Festival,False,Standard,Tier 2,High,1.0,0.0,0.0,,,False,False,Festival,0,7,7,0,0,0,0,0,winter,0,1,12H Day,12.0,0.5,12H,0,0.0,5400.0,1.0,0,1.0,1.0,1,0,0,Clear,0,Last Minute,0.0,26.0,20.0,60.0,4.2,25.0,53.349999999999994,75.0,2179.310344827586,2179.310344827586,1784.6153846153845,2179.310344827586,2133.3333333333335,2179.310344827586,1790.909090909091,0.98,1,1.055,122.01,2205.2631578947367,2000.0,2205.2631578947367,2000.0,1205.300185850685,19.0,1.0,1700.0,2050.0,0,0,0,0,0,0,1,0,1,0,0,0,0,0,1.0,0.2,96.0,1.0083855663051324,0.004761904761904745,46.083855663051324,0.0,1,5,1.891,1.2,1.067,0.8,0,8500.0,0,0
Farm booked by Smit - Partial payment,"10 Persons
Rent: ₹6000
Deposit: ₹2000

Payment received: ₹2000
",2024-03-22 10:30:00,2024-03-23 10:30:00,2024-03-23 10:30:00,2024-02-16,22:51:59,24.0,0,0,0,,,,6000.0,10,24.0,24H Day,34,0.0,0, (Month),False,8500.0,8500.0,2.0,6000.0,2.0,18.0,0.2857142857142857,0.6,0.2857142857142857,2,0.8660254037844386,0.5000000000000001,2024,4,7,47,0,0,Festival,False,Standard,Tier 2,High,1.0,0.0,0.0,,,False,False,Festival,0,7,7,0,0,0,0,0,winter,0,1,24H Day,24.0,1.0,24H,0,0.0,6000.0,1.0,0,1.0,1.0,0,1,0,Clear,3,Far Advance,0.0,26.0,20.0,60.0,4.2,25.0,60.0,95.0,3200.0,3200.0,3200.0,3200.0,3200.0,3200.0,3592.3076923076924,0.4,7,1.25,0.0,8500.0,8500.0,8500.0,8500.0,0.0,0.0,0.5,7225.0,9775.0,0,0,0,0,0,0,1,0,0,0,0,0,1,0,1.0,0.2,96.0,0.4761825398148126,-0.3142857142857143,40.761825398148126,0.0,1,5,1.891,1.2,1.067,0.8,0,8500.0,0,0
Farm booked by Sharad - Partial payment,"22-Feb-2024 at 6:00 PM to 23-Feb-2024 at 6:00 PM
15 Persons
Rent: ₹4000
Deposit: ₹2000

₹2000 received

Deposit Refund after check out.",2024-02-22 18:00:00,2024-02-23 18:00:00,2024-02-23 18:00:00,2024-02-17,00:12:06,24.0,0,0,0,,,,4000.0,15,24.0,24H Night,5,0.0,0, (Strict),False,4500.0,5000.0,1.0,4350.0,3.0,19.0,0.42857142857142855,0.6333333333333333,0.42857142857142855,2,0.8660254037844386,0.5000000000000001,2024,5,7,48,0,0,Festival,False,Standard,Tier 2,High,1.0,0.0,0.0,,,False,False,Festival,0,7,7,0,0,0,0,0,winter,0,1,24H Night,24.0,1.0,24H,0,0.0,4000.0,1.0,0,1.0,1.0,0,0,1,Clear,1,Standard,0.0,26.0,20.0,60.0,4.2,25.0,53.349999999999994,90.0,4388.888888888889,4041.6666666666665,3944.4444444444443,4388.888888888889,4785.714285714285,4388.888888888889,3500.0,0.73,3,1.327,906.82,2775.0,2900.0,2775.0,2900.0,394.75730941090035,4.0,0.8,2725.0,2950.0,0,0,1,0,0,0,1,0,0,1,0,0,0,0,1.0,0.2,96.0,0.6766810448857575,-0.20476190476190476,42.766810448857576,0.0,1,5,1.891,1.2,1.067,0.8,0,8500.0,0,0
Farm booked by Nidhish - Partial payment,"21-Feb-2024 at 6:00 AM to 21-Feb-2024 at 6:00 PM
4 Persons
Rent: ₹1700
Deposit: ₹2000

₹1000 Received ",2024-02-21 06:00:00,2024-02-21 18:00:00,2024-02-21 18:00:00,2024-02-18,15:23:23,12.0,0,0,0,,,,1700.0,4,12.0,12H Day,2,0.0,0, (Strict),False,2000.0,2000.0,1.0,2270.0,4.0,20.0,0.5714285714285714,0.6666666666666666,0.5714285714285714,2,0.8660254037844386,0.5000000000000001,2024,6,7,49,0,0,Festival,False,Standard,Tier 2,High,1.0,0.0,0.0,,,False,False,Festival,0,7,7,0,0,0,0,0,winter,0,1,12H Day,12.0,0.5,12H,0,0.0,3400.0,1.0,0,1.0,1.0,0,1,0,Clear,0,Last Minute,0.0,26.0,20.0,60.0,4.2,25.0,53.349999999999994,90.0,2213.793103448276,2213.793103448276,2484.6153846153848,2213.793103448276,2175.0,2213.793103448276,2481.818181818182,0.98,1,1.055,122.01,2205.2631578947367,2000.0,2205.2631578947367,2000.0,1205.300185850685,19.0,1.0,1700.0,2050.0,0,0,0,1,0,0,1,0,1,0,0,0,0,0,1.0,0.2,96.0,0.8571300001928543,-0.09523809523809523,44.57130000192854,0.0,1,5,1.891,1.2,1.067,0.8,0,8500.0,0,0
Farm booked by Anand Yadav ~ Partial payment,"20-Feb-2024 at 10:00 AM to 20-Feb-2024 at 6:00 PM
4 Persons
Rent: ₹2000
Deposit: ₹2000

₹1000 advance received 

₹1000 Advance received.",2024-02-20 10:00:00,2024-02-20 18:00:00,2024-02-20 18:00:00,2024-02-19,16:47:18,8.00000000023283,0,0,0,,,,2000.0,4,12.0,12H Day,0,0.0,0, (Strict),False,1700.0,2000.0,1.0,2220.0,5.0,20.0,0.7142857142857143,0.6666666666666666,0.7142857142857143,2,0.8660254037844386,0.5000000000000001,2024,0,8,50,0,0,Festival,False,Standard,Tier 2,High,1.0,0.0,0.0,,,False,False,Festival,0,7,7,0,0,0,0,0,winter,0,1,12H Day,12.0,0.5,12H,0,0.0,4000.0,1.0,0,1.0,1.0,0,1,0,Clear,0,Same Day,0.0,26.0,20.0,60.0,4.2,25.0,53.349999999999994,75.0,2203.448275862069,2203.448275862069,2461.5384615384614,2203.448275862069,2162.5,2203.448275862069,2454.5454545454545,0.98,1,1.055,122.01,2205.2631578947367,2000.0,2205.2631578947367,2000.0,1205.300185850685,19.0,1.0,1700.0,2050.0,0,0,0,0,0,0,1,1,0,0,0,0,0,0,1.0,0.2,96.0,1.071412500241068,0.04761904761904767,46.71412500241068,0.0,1,5,1.891,1.2,1.067,0.8,0,8500.0,0,0
Farm booked by Yash Chahidiya,"21-Feb-2024 at 7:00 PM to 22-Feb-2024 at 5:00 PM
2 Persons
Only Room with AC
Rent: ₹3000
Deposit: ₹1000

₹3000 Received ",2024-02-21 19:00:00,2024-02-22 17:00:00,2024-02-22 17:00:00,2024-02-20,16:51:08,22.0000000004657,0,0,0,,,,3000.0,2,24.0,Couple Full Night,1,0.0,0, (Month),False,8500.0,8500.0,1.0,3000.0,6.0,21.0,0.8571428571428571,0.7,0.8571428571428571,2,0.8660254037844386,0.5000000000000001,2024,1,8,51,0,0,Festival,False,Standard,Tier 2,High,1.0,0.0,0.0,,,False,False,Festival,0,7,7,0,0,0,0,0,winter,0,1,12H Night,12.0,1.0,24H,0,0.0,3000.0,1.0,0,1.0,1.0,1,0,0,Clear,0,Last Minute,0.0,26.0,20.0,60.0,4.2,25.0,53.349999999999994,75.0,2175.0,1900.0,2175.0,2175.0,2233.3333333333335,2175.0,1900.0,0.5,5,1.324,690.0,2130.0,2010.0,2130.0,2010.0,630.4495750388501,4.0,0.8,1830.0,2310.0,0,0,0,0,0,0,1,0,1,0,0,0,0,0,1.0,0.2,96.0,1.2244723034568894,0.15714285714285714,48.24472303456889,0.0,1,5,1.891,1.2,1.067,0.8,0,8500.0,0,0
Farm booked by Bhautik Vaghasiya ~  Partial payment,"26-Feb-2024 at 6:00 AM to 26-Feb-2024 at 6:00 PM
2 Persons
Rent: ₹2000
Deposit:₹2000

₹2000 Received",2024-02-26 06:00:00,2024-02-26 18:00:00,2024-02-26 18:00:00,2024-02-20,11:01:44,12.0,0,0,0,,,,2000.0,2,12.0,Couple Half Day,5,0.0,0, (Strict),False,2700.0,2000.0,0.0,2183.3333333333335,7.0,22.0,1.0,0.7333333333333333,1.0,2,0.8660254037844386,0.5000000000000001,2024,1,8,51,0,0,Festival,False,Standard,Tier 2,High,1.0,0.0,0.0,,,False,False,Festival,0,7,7,0,0,0,0,0,winter,0,1,12H Day,12.0,0.5,12H,0,0.0,4000.0,1.0,0,1.0,1.0,1,0,0,Clear,1,Standard,0.0,26.0,20.0,60.0,4.2,25.0,53.349999999999994,90.0,2203.448275862069,2203.448275862069,1838.4615384615386,2203.448275862069,2500.0,2203.448275862069,1838.4615384615386,0.7999999999999999,3,1.055,122.01,2205.2631578947367,2000.0,2205.2631578947367,2000.0,1205.300185850685,19.0,1.0,1700.0,2050.0,0,0,0,0,0,0,1,0,0,1,0,0,0,0,1.0,0.2,96.0,1.3636177688486069,0.2666666666666667,49.63617768848607,0.0,1,5,1.891,1.2,1.067,0.8,0,8500.0,0,0
Farm booked by Pavan Joshi,"29-Feb-2024 at 10:00 PM to 01-Mar-2024 at 10:00 AM
6 Persons
Rent: ₹2000
Deposit: ₹2000

₹2000 Received 
Deposit Refund after check out.",2024-02-29 22:00:00,2024-03-01 10:00:00,2024-03-01 10:00:00,2024-02-22,14:14:38,12.0,0,0,0,,,,2000.0,6,12.0,12H Night,7,0.0,0, (Month),False,2200.0,3000.0,2.0,2814.285714285714,7.0,21.0,1.0,0.7,1.0,2,0.8660254037844386,0.5000000000000001,2024,3,8,53,0,0,Festival,False,Standard,Tier 2,High,1.0,0.0,0.0,,,False,False,Festival,0,7,7,0,0,0,0,0,winter,0,1,12H Night,12.0,0.5,12H,0,0.0,4000.0,1.0,0,1.0,1.0,0,1,0,Clear,1,Standard,0.0,26.0,20.0,60.0,4.2,25.0,53.349999999999994,90.0,2425.0,2233.3333333333335,1850.0,2425.0,2425.0,2425.0,2233.3333333333335,0.5,5,1.324,690.0,2130.0,2010.0,2130.0,2010.0,630.4495750388501,4.0,0.8,1830.0,2310.0,0,0,0,0,0,0,1,0,0,1,0,0,0,0,1.0,0.2,96.0,1.4285510206997045,0.30000000000000004,50.285510206997046,0.0,1,5,1.891,1.2,1.067,0.8,0,8500.0,0,0
Booked by Kunal Rana - Partial payment,"03-Mar-2024 at 8:00 PM to 04-Mar-2024 at 8:00 PM
4 Persons
Rent: ₹4500
Deposit: ₹2000

₹4500 Received 
Deposit Refund after check out.",2024-03-03 20:00:00,2024-03-04 19:30:00,2024-03-04 19:30:00,2024-02-25,17:48:56,23.4999999997672,0,0,0,,,,4500.0,4,24.0,24H Night,7,0.0,0, (Strict),False,4000.0,4500.0,3.0,4500.0,5.0,21.0,0.7142857142857143,0.7,0.7142857142857143,2,0.8660254037844386,0.5000000000000001,2024,6,8,56,0,0,Festival,False,Standard,Tier 2,High,1.0,0.0,0.0,,,False,False,Festival,0,7,7,0,0,0,0,0,winter,0,1,24H Night,24.0,1.0,24H,0,0.0,4500.0,1.0,0,1.0,1.0,0,1,0,Clear,1,Standard,0.0,26.0,20.0,60.0,4.2,25.0,60.0,90.0,4361.111111111111,4000.0,4250.0,4361.111111111111,4714.285714285715,4361.111111111111,3875.0,0.71,3,1.327,906.82,2775.0,2900.0,2775.0,2900.0,394.75730941090035,4.0,0.8,2725.0,2950.0,0,0,0,0,1,0,1,0,0,1,0,0,0,0,1.0,0.2,96.0,1.0203935862140747,0.014285714285714346,46.203935862140746,0.0,1,5,1.891,1.2,1.067,0.8,0,8500.0,0,0
Farm Booked by Kaushik Jethva ,"02-Mar-2024 at 6:00 AM to 02-Mar-2024 at 6:00 PM
10 Persons
Rent: ₹3500
Deposit: ₹2000

₹1000 Received 
Deposit Refund after check out.",2024-03-02 07:00:00,2024-03-02 19:00:00,2024-03-02 19:00:00,2024-02-26,14:03:39,12.0,0,0,0,,,,3500.0,10,12.0,12H Day,4,0.0,0, (Strict),False,2000.0,1700.0,1.0,2320.0,5.0,22.0,0.7142857142857143,0.7333333333333333,0.7142857142857143,2,0.8660254037844386,0.5000000000000001,2024,0,9,57,0,0,Festival,False,Standard,Tier 2,High,1.0,0.0,0.0,,,False,False,Festival,0,7,7,0,0,0,0,0,winter,0,1,12H Day,12.0,0.5,12H,0,0.0,7000.0,1.0,0,1.0,1.0,0,1,0,Clear,1,Standard,0.0,26.0,20.0,60.0,4.2,25.0,60.0,90.0,2151.7241379310344,2151.7241379310344,2500.0,2151.7241379310344,2125.0,2151.7241379310344,2151.7241379310344,0.6,5,1.055,122.01,2205.2631578947367,2000.0,2205.2631578947367,2000.0,1205.300185850685,19.0,1.0,1700.0,2050.0,0,0,0,0,0,0,1,0,0,1,0,0,0,0,1.0,0.2,96.0,0.9740126920347192,-0.01904761904761898,45.740126920347194,0.0,1,5,1.891,1.2,1.067,0.8,0,8500.0,0,0
Farm Booked by Payal Patel,"29-Feb-2024 at 6:00 AM to 29-Feb-2024 at 6:00 PM
2 Persons
Rent: ₹1700
Deposit: ₹2000

₹1700 Received 
Deposit Refund after check out.",2024-02-29 06:00:00,2024-02-29 18:00:00,2024-02-29 18:00:00,2024-02-27,15:34:04,12.0,0,0,0,,,,1700.0,2,12.0,Couple Half Day,1,0.0,0, (Strict),False,2000.0,2700.0,1.0,2114.285714285714,4.0,23.0,0.5714285714285714,0.7666666666666667,0.5714285714285714,2,0.8660254037844386,0.5000000000000001,2024,1,9,58,0,0,Festival,False,Standard,Tier 2,High,1.0,0.0,0.0,,,False,False,Festival,0,7,7,0,0,0,0,0,winter,0,1,12H Day,12.0,0.5,12H,0,0.0,3400.0,1.0,0,1.0,1.0,1,0,0,Clear,0,Last Minute,0.0,26.0,20.0,60.0,4.2,25.0,53.349999999999994,75.0,2213.793103448276,2213.793103448276,1861.5384615384614,2213.793103448276,2175.0,2213.793103448276,1881.8181818181818,0.98,1,1.055,122.01,2205.2631578947367,2000.0,2205.2631578947367,2000.0,1205.300185850685,19.0,1.0,1700.0,2050.0,0,0,0,0,0,0,1,0,1,0,0,0,0,0,1.0,0.2,96.0,0.7453318931864863,-0.19523809523809532,43.453318931864864,0.0,1,5,1.891,1.2,1.067,0.8,0,8500.0,0,0
Farm Booked by Atul Vishwakarma,"01-Mar-2024 at 11:00 AM to 02-Mar-2024 at 06:00 AM
12 Persons
Rent: ₹3200
Deposit: ₹2000

₹2000 Received 
Deposit Refund after check out.",2024-03-01 07:00:00,2024-03-02 06:00:00,2024-03-02 06:00:00,2024-02-27,18:15:47,23.0000000002328,0,0,0,,,,3200.0,12,24.0,24H Day,2,0.0,0, (Month),False,6000.0,8500.0,0.0,4600.0,5.0,24.0,0.7142857142857143,0.8,0.7142857142857143,2,0.8660254037844386,0.5000000000000001,2024,1,9,58,0,0,Festival,False,Standard,Tier 2,High,1.0,0.0,0.0,,,False,False,Festival,0,7,7,0,0,0,0,0,winter,0,1,24H Day,24.0,1.0,24H,0,0.0,3200.0,1.0,0,1.0,1.0,0,1,0,Clear,0,Last Minute,0.0,26.0,20.0,60.0,4.2,25.0,60.0,90.0,6000.0,6000.0,6000.0,6000.0,6000.0,6000.0,3807.6923076923076,0.4,7,1.25,0.0,8500.0,8500.0,8500.0,8500.0,0.0,0.0,0.5,7225.0,9775.0,0,0,0,0,0,0,1,0,1,0,0,0,0,0,1.0,0.2,96.0,0.8928459822823643,-0.08571428571428574,44.92845982282364,0.0,1,5,1.891,1.2,1.067,0.8,0,8500.0,0,0
Farm booked by Kenil - Partial Payment,"02-Mar-2024 at 6:00 PM to 03-Mar-2024 at 6:00 PM
5 Persons
Rent: ₹5500
Deposit: ₹2000

₹2000 Received 
Deposit Refund after check out.",2024-03-02 19:00:00,2024-03-03 18:30:00,2024-03-03 18:30:00,2024-02-29,13:11:14,23.5000000004657,0,1,0,,,,5500.0,5,24.0,24H Night,2,0.0,0, (Strict),False,4500.0,4000.0,2.0,4600.0,5.0,24.0,0.7142857142857143,0.8,0.7142857142857143,2,0.8660254037844386,0.5000000000000001,2024,3,9,60,1,0,Festival,False,Standard,Tier 2,High,1.0,0.0,0.0,,,False,False,Festival,0,7,7,0,0,0,0,0,winter,1,0,24H Night,24.0,1.0,24H,0,0.0,5500.0,1.0,0,1.0,1.0,0,1,0,Clear,0,Last Minute,0.0,26.0,20.0,60.0,4.2,25.0,100.0,90.0,4305.555555555556,5000.0,4083.3333333333335,4305.555555555556,3687.5,4305.555555555556,5000.0,0.52,5,1.327,906.82,3681.818181818182,3700.0,3681.818181818182,3700.0,838.8303545034382,11.0,1.0,2950.0,4200.0,0,0,0,0,0,0,1,0,1,0,0,0,0,0,1.0,0.2,96.0,0.8928459822823643,-0.08571428571428574,64.92845982282364,0.0,1,5,1.891,1.2,1.067,0.8,0,8500.0,0,0
Farm booked by Sahil Patel,"09-Mar-2024 at 6:00 PM to 10-Mar-2024 at 6:00 PM
8 Persons
Rent: ₹5500
Deposit: ₹2000

₹3000 Received 
Deposit Refund after check out.",2024-03-09 18:30:00,2024-03-10 18:00:00,2024-03-10 18:00:00,2024-03-01,12:45:28,23.4999999997672,0,1,0,,,,5500.0,8,24.0,24H Night,8,0.0,0, (Strict),False,5500.0,4500.0,1.0,4550.0,6.0,25.0,0.8571428571428571,0.8333333333333334,0.8571428571428571,3,1.0,6.123233995736766e-17,2024,4,9,61,1,0,Festival,False,Standard,Tier 2,High,1.0,0.0,0.0,,,False,False,Festival,0,7,7,0,0,0,0,0,summer,1,0,24H Night,24.0,1.0,24H,0,0.0,5500.0,1.0,0,1.0,1.0,0,1,0,Clear,2,Standard,0.0,26.0,20.0,60.0,4.2,25.0,100.0,90.0,5584.444444444444,8714.285714285714,4058.823529411765,5584.444444444444,6429.411764705882,5584.444444444444,8714.285714285714,0.6,5,1.387,1462.82,5239.285714285715,5100.0,5239.285714285715,5100.0,2173.2957198030563,28.0,1.0,3400.0,6575.0,1,0,0,0,0,0,0,0,0,0,1,0,0,0,1.0,0.175,99.0,1.028559085862398,0.023809523809523725,55.53559085862398,0.0,1,5,1.891,1.2,1.067,0.8,0,8500.0,0,0
Farm booked by Nikunj - full paid,"05-Mar-2024 at 6:00 AM to 05-Mar-2024 at 6:00 PM
2 Persons
Rent: ₹3000

Deposit: ₹2000 Deposit Refund after check out.

₹5000 received",2024-03-05 06:00:00,2024-03-05 18:00:00,2024-03-05 18:00:00,2024-03-03,10:32:23,12.0,0,0,0,,,,3000.0,2,12.0,Couple Half Day,1,0.0,0, (Month),False,1700.0,2000.0,2.0,2225.0,6.0,26.0,0.8571428571428571,0.8666666666666667,0.8571428571428571,3,1.0,6.123233995736766e-17,2024,6,9,63,0,0,Festival,False,Standard,Tier 2,High,1.0,0.0,0.0,,,False,False,Festival,0,7,7,0,0,0,0,0,summer,1,0,12H Day,12.0,0.5,12H,0,0.0,6000.0,1.0,0,1.0,1.0,1,0,0,Clear,0,Last Minute,0.0,26.0,20.0,60.0,4.2,25.0,60.0,75.0,3155.2631578947367,3155.2631578947367,2500.0,3155.2631578947367,2996.875,3155.2631578947367,2500.0,0.91,1,0.77,-727.5,3165.0,3150.0,3165.0,3150.0,566.6911759405549,10.0,1.0,2925.0,3375.0,0,0,0,1,0,0,0,0,1,0,0,0,0,0,1.0,0.175,99.0,0.9889995774774027,-0.009523809523809601,35.13999577477403,0.0,1,5,1.891,1.2,1.067,0.8,0,8500.0,0,0
Booked by Kiran - Partial payment,"16-Mar-2024 at 6:00 PM to 17-Mar-2024 at 6:00 PM
10 Persons
Rent: ₹6000
Deposit: ₹2000

₹2000 Received 

Deposit Refund after check out.",2024-03-16 18:00:00,2024-03-17 17:45:00,2024-03-17 17:45:00,2024-03-09,21:20:52,23.7500000002328,0,1,0,,,,6000.0,10,24.0,24H Night,6,0.0,0, (Strict),False,5500.0,5500.0,6.0,4750.0,2.0,17.0,0.2857142857142857,0.5666666666666667,0.2857142857142857,3,1.0,6.123233995736766e-17,2024,5,10,69,1,0,Festival,False,Standard,Tier 2,High,1.0,0.0,0.0,,,False,False,Festival,0,7,7,0,0,0,0,0,summer,1,0,24H Night,24.0,1.0,24H,0,0.0,6000.0,1.0,0,1.0,1.0,0,1,0,Clear,1,Standard,0.0,26.0,20.0,60.0,4.2,25.0,100.0,90.0,5573.333333333333,8678.57142857143,6453.846153846154,5573.333333333333,6400.0,5573.333333333333,10250.0,0.91,1,1.387,1462.82,5239.285714285715,5100.0,5239.285714285715,5100.0,2173.2957198030563,28.0,1.0,3400.0,6575.0,0,0,1,0,0,0,0,0,0,1,0,0,0,0,1.0,0.175,99.0,0.5041927831525662,-0.28095238095238095,50.29192783152566,0.0,1,5,1.891,1.2,1.067,0.8,0,8500.0,0,0
Booked by Nilkanth rathod,"30-Mar-2024 at 6:00 PM to 31-Mar-2024 at 6:00 PM
10 Persons
Rent: ₹7000
Deposit: ₹2000

₹1800 received ☑️ 

50% payment Saturday Morning, baki nu check in time pr

Deposit Refund after check out.",2024-03-30 18:00:00,2024-03-31 18:00:00,2024-03-31 18:00:00,2024-03-10,22:38:51,24.0,0,1,0,,,,7000.0,10,24.0,24H Night,19,0.0,0, (Strict),False,6000.0,5500.0,1.0,5100.0,2.0,17.0,0.2857142857142857,0.5666666666666667,0.2857142857142857,3,1.0,6.123233995736766e-17,2024,6,10,70,1,0,Festival,False,Standard,Tier 2,High,1.0,0.0,0.0,,,False,False,Festival,0,7,7,0,0,0,0,0,summer,1,0,24H Night,24.0,1.0,24H,0,0.0,7000.0,1.0,0,1.0,1.0,0,1,0,Clear,2,Advance,0.0,26.0,20.0,60.0,4.2,25.0,100.0,95.0,5551.111111111111,8607.142857142857,6415.384615384615,5551.111111111111,9500.0,5551.111111111111,9000.0,0.78,3,1.387,1462.82,5239.285714285715,5100.0,5239.285714285715,5100.0,2173.2957198030563,28.0,1.0,3400.0,6575.0,0,0,0,0,1,0,0,0,0,0,0,1,0,0,1.0,0.175,99.0,0.5041927831525662,-0.28095238095238095,50.29192783152566,0.0,1,5,1.891,1.2,1.067,0.8,0,8500.0,0,0
Booked by Kenil - Partial booking,"15 Mar 2024 at 6:00 PM to 16 Mar 2024 at 6:00 PM
10 Persons
Rent: ₹4500
Deposit: ₹2000

₹2000 received

Deposit Refund after check out.",2024-03-15 18:00:00,2024-03-16 18:00:00,2024-03-16 18:00:00,2024-03-10,19:16:02,24.0,0,0,0,,,,4500.0,10,24.0,24H Night,4,0.0,0, (Strict),False,7000.0,6000.0,0.0,5250.0,3.0,18.0,0.42857142857142855,0.6,0.42857142857142855,3,1.0,6.123233995736766e-17,2024,6,10,70,0,0,Festival,False,Standard,Tier 2,High,1.0,0.0,0.0,,,False,False,Festival,0,7,7,0,0,0,0,0,summer,1,0,24H Night,24.0,1.0,24H,0,0.0,4500.0,1.0,0,1.0,1.0,0,1,0,Clear,1,Standard,0.0,26.0,20.0,60.0,4.2,25.0,60.0,90.0,5606.666666666667,4160.0,6511.538461538462,5606.666666666667,6488.235294117647,5606.666666666667,4716.666666666667,0.93,1,1.387,1462.82,3776.470588235294,3600.0,3776.470588235294,3600.0,1107.6604916245242,17.0,1.0,3000.0,4400.0,0,0,0,0,1,0,0,0,0,1,0,0,0,0,1.0,0.175,99.0,0.714273809722219,-0.17142857142857143,32.39273809722219,0.0,1,5,1.891,1.2,1.067,0.8,0,8500.0,0,0
Booked by Zeel - Partial payment ,"14 Mar 2024 at 6:00 AM to 14 Mar 2024 at 6:00 PM
4 Persons
Rent: ₹3000
Deposit: ₹2000

₹500 Received 

Deposit Refund after check out.",2024-03-14 06:00:00,2024-03-14 18:00:00,2024-03-14 18:00:00,2024-03-12,16:29:42,12.0,0,0,0,,,,3000.0,4,12.0,12H Day,1,0.0,0, (Strict),False,3500.0,2000.0,2.0,2400.0,4.0,19.0,0.5714285714285714,0.6333333333333333,0.5714285714285714,3,1.0,6.123233995736766e-17,2024,1,11,72,0,0,Festival,False,Standard,Tier 2,High,1.0,0.0,0.0,,,False,False,Festival,0,7,7,0,0,0,0,0,summer,1,0,12H Day,12.0,0.5,12H,0,0.0,6000.0,1.0,0,1.0,1.0,0,1,0,Clear,0,Last Minute,0.0,26.0,20.0,60.0,4.2,25.0,60.0,75.0,3155.2631578947367,3155.2631578947367,3345.0,3155.2631578947367,2996.875,3155.2631578947367,3181.25,0.9500000000000001,1,0.77,-727.5,3165.0,3150.0,3165.0,3150.0,566.6911759405549,10.0,1.0,2925.0,3375.0,0,0,0,0,0,0,0,0,1,0,0,0,0,0,1.0,0.175,99.0,0.9022413931810099,-0.06190476190476191,34.2724139318101,0.0,1,5,1.891,1.2,1.067,0.8,0,8500.0,0,0
Booked by Sandip - Partial payment,"6 Apr 2024 at 6:00 PM to 7 Apr 2024 at 6:00 PM
15 Persons
Rent: ₹7000
Deposit: ₹2000

₹1000 received

Deposit Refund after check out.",2024-04-06 18:00:00,2024-04-07 18:00:00,2024-04-07 18:00:00,2024-03-13,23:45:48,24.0,0,1,0,,,,7000.0,15,24.0,24H Night,23,0.0,1,MAD (Strict),False,4500.0,7000.0,1.0,5350.0,5.0,20.0,0.7142857142857143,0.6666666666666666,0.7142857142857143,3,1.0,6.123233995736766e-17,2024,2,11,73,1,0,Festival,False,Standard,Tier 2,High,1.0,0.0,0.0,,,False,False,Festival,0,7,7,0,0,0,0,0,summer,1,0,24H Night,24.0,1.0,24H,0,0.0,7000.0,1.0,0,1.0,1.0,0,0,1,Clear,2,Advance,0.0,26.0,20.0,60.0,4.2,25.0,100.0,95.0,5551.111111111111,8607.142857142857,6415.384615384615,5551.111111111111,9500.0,5551.111111111111,9000.0,0.78,3,1.387,1462.82,5239.285714285715,5100.0,5239.285714285715,5100.0,2173.2957198030563,28.0,1.0,3400.0,6575.0,0,0,0,0,0,0,0,0,0,0,0,1,0,0,1.0,0.175,99.0,1.071412500241068,0.04761904761904767,55.96412500241068,0.0,1,5,1.891,1.2,1.067,0.8,0,8500.0,0,0
Booked by Anand - Partial payment,"15-Mar-2024 at 10:00 AM to 15-Mar-2024 at 5:00 PM
4 Persons
Rent: ₹3000
Deposit: ₹2000

₹1000 received 

Deposit Refund after check out.",2024-03-15 10:00:00,2024-03-15 17:00:00,2024-03-15 17:00:00,2024-03-13,15:04:17,7.00000000046566,0,0,0,,,,3000.0,4,12.0,12H Day,1,0.0,0, (Strict),False,3000.0,3500.0,0.0,2550.0,6.0,21.0,0.8571428571428571,0.7,0.8571428571428571,3,1.0,6.123233995736766e-17,2024,2,11,73,0,0,Festival,False,Standard,Tier 2,High,1.0,0.0,0.0,,,False,False,Festival,0,7,7,0,0,0,0,0,summer,1,0,12H Day,12.0,0.5,12H,0,0.0,6000.0,1.0,0,1.0,1.0,0,1,0,Clear,0,Last Minute,0.0,26.0,20.0,60.0,4.2,25.0,60.0,75.0,3155.2631578947367,3155.2631578947367,3345.0,3155.2631578947367,2996.875,3155.2631578947367,3181.25,0.9500000000000001,1,0.77,-727.5,3165.0,3150.0,3165.0,3150.0,566.6911759405549,10.0,1.0,2925.0,3375.0,0,0,0,0,0,0,0,0,1,0,0,0,0,0,1.0,0.175,99.0,1.2244723034568894,0.15714285714285714,37.49472303456889,0.0,1,5,1.891,1.2,1.067,0.8,0,8500.0,0,0
Booked by Mehul - partial payment,"23 Mar 2024 at 6:00 PM to 24 Mar 2024 at 6:00 PM
13 Persons max allowed
Rent: ₹9000
Deposit: ₹2000

₹3000 received

Deposit Refund after check out.",2024-03-23 18:00:00,2024-03-24 18:00:00,2024-03-24 18:00:00,2024-03-15,10:35:32,24.0,0,1,0,,,,9000.0,13,24.0,24H Night,8,0.0,0, (Strict),False,7000.0,4500.0,2.0,5750.0,7.0,21.0,1.0,0.7,1.0,3,1.0,6.123233995736766e-17,2024,4,11,75,1,0,Festival,False,Standard,Tier 2,High,1.0,0.0,0.0,,,False,False,Festival,0,7,7,0,0,0,0,0,summer,1,0,24H Night,24.0,1.0,24H,0,0.0,9000.0,1.0,0,1.0,1.0,0,0,1,Clear,2,Standard,0.0,26.0,20.0,60.0,4.2,25.0,100.0,90.0,5506.666666666667,8464.285714285714,6338.461538461538,5506.666666666667,6223.529411764706,5506.666666666667,9500.0,0.91,1,1.387,1462.82,5239.285714285715,5100.0,5239.285714285715,5100.0,2173.2957198030563,28.0,1.0,3400.0,6575.0,1,0,0,0,0,0,0,0,0,0,1,0,0,0,1.0,0.175,99.0,1.4285510206997045,0.30000000000000004,59.535510206997046,0.0,1,5,1.891,1.2,1.067,0.8,0,8500.0,0,0
Booked by Limbani Meet,"Rent: ₹18000
+91 93286 25025

24 Mar 2024 at 6:00 PM to 25 Mar 2024 at 6:00 PM
15 Persons
Deposit: ₹2000

Deposit Refund after check out.",2024-03-24 18:00:00,2024-03-25 18:00:00,2024-03-25 18:00:00,2024-03-17,17:04:14,24.0,Holi,0,0,,,,18000.0,15,24.0,24H Night,7,0.0,3,"MAD, IQR, Percentile (Strict)",True,9000.0,7000.0,2.0,7100.0,5.0,21.0,0.7142857142857143,0.7,0.7142857142857143,3,1.0,6.123233995736766e-17,2024,6,11,77,0,1,Festival,True,Standard,Tier 2,High,1.0,0.0,0.0,,,False,False,Festival,0,7,7,0,1,0,0,0,summer,1,0,24H Night,24.0,1.0,24H,0,0.0,18000.0,1.0,0,1.0,1.0,0,0,1,Clear,1,Standard,0.0,26.0,20.0,60.0,4.2,25.0,60.0,90.0,5582.608695652174,4170.967741935484,6437.037037037037,11375.0,6377.777777777777,5582.608695652174,4520.0,0.7,4,1.387,1462.82,3776.470588235294,3600.0,3776.470588235294,3600.0,1107.6604916245242,17.0,1.0,3000.0,4400.0,0,0,0,0,1,0,0,0,0,1,0,0,0,0,1.0,0.175,99.0,1.0203935862140747,0.014285714285714346,50.453935862140746,0.5,1,5,1.891,1.2,1.067,0.8,0,8500.0,0,0
Booked by Sharad,"17 Mar 2024 at 11:00 PM to 18 Mar 2024 at 11:59 PM
8 Persons
Rent: ₹4000
Deposit: ₹2000

Deposit Refund after check out.",2024-03-17 23:00:00,2024-03-18 23:59:00,2024-03-18 23:59:00,2024-03-17,21:20:58,24.9833333330462,0,0,0,,,,4000.0,8,24.0,Extended Day,0,0.0,0, (Month),False,8000.0,10000.0,0.0,7500.0,6.0,22.0,0.8571428571428571,0.7333333333333333,0.8571428571428571,3,1.0,6.123233995736766e-17,2024,6,11,77,0,0,Festival,False,Standard,Tier 2,High,1.0,0.0,0.0,,,False,False,Festival,0,7,7,0,0,0,0,0,summer,1,0,12H Day,12.0,1.0,24H,0,0.0,4000.0,1.0,0,1.0,1.0,0,1,0,Clear,0,Same Day,0.0,26.0,20.0,60.0,4.2,25.0,60.0,75.0,3102.6315789473683,3102.6315789473683,3245.0,3102.6315789473683,2934.375,3102.6315789473683,3056.25,0.9500000000000001,1,0.77,-727.5,3165.0,3150.0,3165.0,3150.0,566.6911759405549,10.0,1.0,2925.0,3375.0,0,0,0,1,0,0,0,1,0,0,0,0,0,0,1.0,0.175,99.0,1.1688152304416628,0.12380952380952381,36.938152304416626,0.0,1,5,1.891,1.2,1.067,0.8,0,8500.0,0,0
Booked by Mihir,"19 Mar 2024 at 9:00 AM to 19 Mar 2024 at 6:00 PM
3 Persons
Rent: ₹2250
Deposit: ₹2000

₹1000 received
Farm number - 11

Deposit Refund after check out.",2024-03-19 09:00:00,2024-03-19 18:00:00,2024-03-19 18:00:00,2024-03-18,13:11:34,9.0,0,0,0,,,,2250.0,3,12.0,12H Day,0,0.0,0, (Strict),False,3000.0,3000.0,1.0,2445.0,7.0,22.0,1.0,0.7333333333333333,1.0,3,1.0,6.123233995736766e-17,2024,0,12,78,0,0,Festival,False,Standard,Tier 2,High,1.0,0.0,0.0,,,False,False,Festival,0,7,7,0,0,0,0,0,summer,1,0,12H Day,12.0,0.5,12H,0,0.0,4500.0,1.0,0,1.0,1.0,0,1,0,Clear,0,Same Day,0.0,26.0,20.0,60.0,4.2,25.0,60.0,75.0,3194.7368421052633,3194.7368421052633,3420.0,3194.7368421052633,3043.75,3194.7368421052633,3275.0,0.9500000000000001,1,0.77,-727.5,3165.0,3150.0,3165.0,3150.0,566.6911759405549,10.0,1.0,2925.0,3375.0,0,0,0,0,0,0,0,1,0,0,0,0,0,0,1.0,0.175,99.0,1.3636177688486069,0.2666666666666667,38.88617768848607,0.0,1,5,1.891,1.2,1.067,0.8,0,8500.0,0,0
Booked by farm 11,"23 Mar 2024 at 11:00 AM to 23 Mar 2024 at 5:00 PM
4 Persons
Rent: ₹2200
Deposit: ₹2000

Deposit Refund after check out.",2024-03-23 11:00:00,2024-03-23 17:00:00,2024-03-23 17:00:00,2024-03-19,13:18:57,6.0,0,0,0,,,,2200.0,4,12.0,12H Day,3,0.0,0, (Strict),False,2250.0,3000.0,1.0,2415.0,7.0,22.0,1.0,0.7333333333333333,1.0,3,1.0,6.123233995736766e-17,2024,1,12,79,0,0,Festival,False,Standard,Tier 2,High,1.0,0.0,0.0,,,False,False,Festival,0,7,7,0,0,0,0,0,summer,1,0,12H Day,12.0,0.5,12H,0,0.0,4400.0,1.0,0,1.0,1.0,0,1,0,Clear,1,Last Minute,0.0,26.0,20.0,60.0,4.2,25.0,60.0,90.0,3197.3684210526317,3197.3684210526317,3425.0,3197.3684210526317,3046.875,3197.3684210526317,3281.25,0.9500000000000001,1,0.77,-727.5,3165.0,3150.0,3165.0,3150.0,566.6911759405549,10.0,1.0,2925.0,3375.0,0,0,0,0,0,0,0,0,1,0,0,0,0,0,1.0,0.175,99.0,1.3636177688486069,0.2666666666666667,38.88617768848607,0.0,1,5,1.891,1.2,1.067,0.8,0,8500.0,0,0
Booked by Aditya,"20 Mar 2024 at 6:00 PM to 21 Mar 2024 at 6:00 PM
8 Persons
Rent: ₹4000
Deposit: ₹2000

Deposit Refund after check out.",2024-03-20 18:00:00,2024-03-21 18:00:00,2024-03-21 18:00:00,2024-03-20,12:51:43,24.0,0,0,0,,,,4000.0,8,24.0,24H Night,0,0.0,0, (Strict),False,18000.0,9000.0,1.0,7100.0,6.0,22.0,0.8571428571428571,0.7333333333333333,0.8571428571428571,3,1.0,6.123233995736766e-17,2024,2,12,80,0,0,Festival,False,Standard,Tier 2,High,1.0,0.0,0.0,,,False,False,Festival,0,7,7,0,0,0,0,0,summer,1,0,24H Night,24.0,1.0,24H,0,0.0,4000.0,1.0,0,1.0,1.0,0,1,0,Clear,0,Same Day,0.0,26.0,20.0,60.0,4.2,25.0,60.0,75.0,5617.777777777777,4176.666666666667,4147.058823529412,5617.777777777777,4666.666666666667,5617.777777777777,3666.6666666666665,0.99,1,1.387,1462.82,3776.470588235294,3600.0,3776.470588235294,3600.0,1107.6604916245242,17.0,1.0,3000.0,4400.0,0,0,0,0,0,0,0,1,0,0,0,0,0,0,1.0,0.175,99.0,1.1688152304416628,0.12380952380952381,36.938152304416626,0.0,1,5,1.891,1.2,1.067,0.8,0,8500.0,0,0
Booked by Yug - Partial payment,"26 Mar 2024 at 6:00 PM to 27 Mar 2024 at 6:00 PM
10 Max Persons allowed 
Rent: ₹3500
Deposit: ₹2000

Deposit Refund after check out.",2024-03-26 18:00:00,2024-03-27 18:00:00,2024-03-27 18:00:00,2024-03-21,22:01:16,24.0,0,0,0,,,,3500.0,4,24.0,24H Night,4,0.0,0, (Strict),False,4000.0,18000.0,1.0,7000.0,7.0,21.0,1.0,0.7,1.0,3,1.0,6.123233995736766e-17,2024,3,12,81,0,0,Festival,False,Standard,Tier 2,High,1.0,0.0,0.0,,,False,False,Festival,0,7,7,0,0,0,0,0,summer,1,0,24H Night,24.0,1.0,24H,0,0.0,3500.0,1.0,0,1.0,1.0,0,1,0,Clear,1,Standard,0.0,26.0,20.0,60.0,4.2,25.0,60.0,90.0,5628.888888888889,4193.333333333333,4176.470588235294,5628.888888888889,6547.058823529412,5628.888888888889,3866.6666666666665,0.7999999999999999,3,1.387,1462.82,3776.470588235294,3600.0,3776.470588235294,3600.0,1107.6604916245242,17.0,1.0,3000.0,4400.0,0,0,0,0,0,0,0,0,0,1,0,0,0,0,1.0,0.175,99.0,1.4285510206997045,0.30000000000000004,39.535510206997046,0.0,1,5,1.891,1.2,1.067,0.8,0,8500.0,0,0
Booked by Bhargav,"29 Mar 2024 at 6:00 PM to 30 Mar 2024 at 6:00 PM
9 Persons
Rent: ₹3800
Deposit: ₹2000

₹1000 received

Deposit Refund after check out.",2024-03-29 18:00:00,2024-03-30 18:00:00,2024-03-30 18:00:00,2024-03-22,18:20:51,24.0,0,0,0,,,,3800.0,9,24.0,24H Night,6,0.0,0, (Strict),False,3500.0,4000.0,1.0,6830.0,7.0,22.0,1.0,0.7333333333333333,1.0,3,1.0,6.123233995736766e-17,2024,4,12,82,0,0,Festival,False,Standard,Tier 2,High,1.0,0.0,0.0,,,False,False,Festival,0,7,7,0,0,0,0,0,summer,1,0,24H Night,24.0,1.0,24H,0,0.0,3800.0,1.0,0,1.0,1.0,0,1,0,Clear,1,Standard,0.0,26.0,20.0,60.0,4.2,25.0,60.0,90.0,5622.222222222223,4183.333333333333,6538.461538461538,5622.222222222223,6529.411764705882,5622.222222222223,4833.333333333333,0.93,1,1.387,1462.82,3776.470588235294,3600.0,3776.470588235294,3600.0,1107.6604916245242,17.0,1.0,3000.0,4400.0,1,0,0,0,0,0,0,0,0,1,0,0,0,0,1.0,0.175,99.0,1.3636177688486069,0.2666666666666667,38.88617768848607,0.0,1,5,1.891,1.2,1.067,0.8,0,8500.0,0,0
Booked by Jignesh,"4 Apr 2024 at 6:00 AM to 4 Apr 2024 at 6:00 PM
10 Persons
Rent: ₹4000
Deposit: ₹2000

Received: ₹2000

Deposit Refund after check out.",2024-04-04 06:00:00,2024-04-04 18:00:00,2024-04-04 18:00:00,2024-03-22,17:22:48,12.0,0,0,0,,,,4000.0,10,12.0,12H Day,12,0.0,0, (Strict),False,2200.0,2250.0,0.0,2565.0,8.0,23.0,1.0,0.7666666666666667,1.1428571428571428,3,1.0,6.123233995736766e-17,2024,4,12,82,0,0,Festival,False,Standard,Tier 2,High,1.0,0.0,0.0,,,False,False,Festival,0,7,7,0,0,0,0,0,summer,1,0,12H Day,12.0,0.5,12H,0,0.0,8000.0,1.0,0,1.0,1.0,0,1,0,Clear,2,Standard,0.0,26.0,20.0,60.0,4.2,25.0,60.0,90.0,3102.6315789473683,3102.6315789473683,3166.6666666666665,3102.6315789473683,4000.0,3102.6315789473683,3166.6666666666665,0.7,3,0.77,-727.5,3165.0,3150.0,3165.0,3150.0,566.6911759405549,10.0,1.0,2925.0,3375.0,0,0,0,0,0,0,0,0,0,0,1,0,0,0,1.0,0.175,99.0,1.4906637863729726,0.23333333333333328,40.15663786372973,0.0,1,5,1.891,1.2,1.067,0.8,0,8500.0,0,0
Booked by Priyanshu,"5 Apr 2024 at 6:00 PM to 6 Apr 2024 at 6:00 PM
6 Persons
Rent: ₹4500
Deposit: ₹2000

₹1000 received

Deposit Refund after check out.",2024-04-05 18:00:00,2024-04-06 18:00:00,2024-04-06 18:00:00,2024-03-25,13:59:15,24.0,0,0,0,,,,4500.0,6,24.0,24H Night,11,0.0,0, (Strict),False,3800.0,3500.0,3.0,6730.0,6.0,23.0,0.8571428571428571,0.7666666666666667,0.8571428571428571,3,1.0,6.123233995736766e-17,2024,0,13,85,0,0,Festival,False,Standard,Tier 2,High,1.0,0.0,0.0,,,False,False,Festival,0,7,7,0,0,0,0,0,summer,1,0,24H Night,24.0,1.0,24H,0,0.0,4500.0,1.0,0,1.0,1.0,0,1,0,Clear,2,Standard,0.0,26.0,20.0,60.0,4.2,25.0,60.0,90.0,5606.666666666667,4160.0,4117.64705882353,5606.666666666667,6488.235294117647,5606.666666666667,3800.0,0.7999999999999999,3,1.387,1462.82,3776.470588235294,3600.0,3776.470588235294,3600.0,1107.6604916245242,17.0,1.0,3000.0,4400.0,0,0,0,0,0,0,0,0,0,0,1,0,0,0,1.0,0.175,99.0,1.1179978397797294,0.09047619047619038,36.42997839779729,0.0,1,5,1.891,1.2,1.067,0.8,0,8500.0,0,0
Booked by Raj Trivedi,"28 Mar 2024 at 6:00 PM to 29 Mar 2024 at 6:00 PM
7 Persons
Rent: ₹3500
Deposit: ₹2000

₹2000 received

Deposit Refund after check out.",2024-03-28 18:00:00,2024-03-29 18:00:00,2024-03-29 18:00:00,2024-03-25,22:34:55,24.0,Good Friday,0,0,,,,3500.0,7,24.0,24H Night,2,0.0,0, (Strict),False,4500.0,3800.0,0.0,6480.0,7.0,24.0,1.0,0.8,1.0,3,1.0,6.123233995736766e-17,2024,0,13,85,0,1,Festival,True,Standard,Tier 2,High,1.0,0.0,0.0,,,False,False,Festival,0,7,7,0,1,0,0,0,summer,1,0,24H Night,24.0,1.0,24H,0,0.0,3500.0,1.0,0,1.0,1.0,0,1,0,Clear,0,Last Minute,0.0,26.0,20.0,60.0,4.2,25.0,60.0,90.0,5582.608695652174,4170.967741935484,4138.888888888889,15000.0,4640.0,5582.608695652174,3843.75,0.7,4,1.387,1462.82,3776.470588235294,3600.0,3776.470588235294,3600.0,1107.6604916245242,17.0,1.0,3000.0,4400.0,0,0,0,0,0,0,0,0,1,0,0,0,0,0,1.0,0.175,99.0,1.2499843751953101,0.19999999999999996,52.7498437519531,0.5,1,5,1.891,1.2,1.067,0.8,0,8500.0,0,0
Booked by Ayush ,"27 Mar 2024 at 6:00 PM to 28 Mar 2024 at 6:00 PM
8 Persons
Rent: ₹4000
Deposit: ₹2000

₹2000 received cash

Deposit Refund after check out.",2024-03-27 18:00:00,2024-03-28 18:00:00,2024-03-28 18:00:00,2024-03-26,22:56:47,24.0,0,0,0,,,,4000.0,8,24.0,24H Night,0,0.0,0, (Strict),False,3500.0,4500.0,1.0,6180.0,7.0,24.0,1.0,0.8,1.0,3,1.0,6.123233995736766e-17,2024,1,13,86,0,0,Festival,False,Standard,Tier 2,High,1.0,0.0,0.0,,,False,False,Festival,0,7,7,0,0,0,0,0,summer,1,0,24H Night,24.0,1.0,24H,0,0.0,4000.0,1.0,0,1.0,1.0,0,1,0,Clear,0,Same Day,0.0,26.0,20.0,60.0,4.2,25.0,60.0,75.0,5617.777777777777,4176.666666666667,4147.058823529412,5617.777777777777,4666.666666666667,5617.777777777777,3666.6666666666665,0.99,1,1.387,1462.82,3776.470588235294,3600.0,3776.470588235294,3600.0,1107.6604916245242,17.0,1.0,3000.0,4400.0,0,0,0,0,0,0,0,1,0,0,0,0,0,0,1.0,0.175,99.0,1.2499843751953101,0.19999999999999996,37.7498437519531,0.0,1,5,1.891,1.2,1.067,0.8,0,8500.0,0,0
Booked by Neel,"31 Mar 2024 at 6:00 PM to 1 Apr 2024 at 6:00 PM
8 max Persons allowed
Rent: ₹4500
Deposit: ₹2000

₹1000 Received 

Deposit Refund after check out.",2024-03-31 18:00:00,2024-04-01 18:00:00,2024-04-01 18:00:00,2024-03-28,20:35:15,24.0,0,0,0,,,,4500.0,4,24.0,24H Night,2,0.0,0, (Strict),False,4000.0,3500.0,2.0,6180.0,6.0,22.0,0.8571428571428571,0.7333333333333333,0.8571428571428571,3,1.0,6.123233995736766e-17,2024,3,13,88,0,0,Festival,False,Standard,Tier 2,High,1.0,0.0,0.0,,,False,False,Festival,0,7,7,0,0,0,0,0,summer,1,0,24H Night,24.0,1.0,24H,0,0.0,4500.0,1.0,0,1.0,1.0,0,1,0,Clear,0,Last Minute,0.0,26.0,20.0,60.0,4.2,25.0,60.0,90.0,5606.666666666667,4160.0,4117.64705882353,5606.666666666667,4645.833333333333,5606.666666666667,3625.0,0.99,1,1.387,1462.82,3776.470588235294,3600.0,3776.470588235294,3600.0,1107.6604916245242,17.0,1.0,3000.0,4400.0,0,0,0,0,0,0,0,0,1,0,0,0,0,0,1.0,0.175,99.0,1.1688152304416628,0.12380952380952381,36.938152304416626,0.0,1,5,1.891,1.2,1.067,0.8,0,8500.0,0,0
Booked by Nilkanth,"2 Apr 2024 at 12:00 PM to 2 Apr 2024 at 5:00 PM
3 Persons
Rent: ₹3000
Deposit: ₹2000

₹1000 received

Deposit Refund after check out.",2024-04-02 12:00:00,2024-04-02 17:00:00,2024-04-02 17:00:00,2024-04-01,17:08:17,5.00000000023283,0,0,0,,,,3000.0,3,12.0,12H Day,0,0.0,0, (Strict),False,4000.0,2200.0,4.0,2665.0,3.0,21.0,0.42857142857142855,0.7,0.42857142857142855,4,0.8660254037844387,-0.49999999999999983,2024,0,14,92,0,0,Festival,False,Standard,Tier 2,High,1.0,0.0,0.0,,,False,False,Festival,0,7,7,0,0,0,0,0,summer,1,0,12H Day,12.0,0.5,12H,0,0.0,6000.0,1.0,0,1.0,1.0,0,1,0,Clear,0,Same Day,0.0,26.0,20.0,60.0,4.2,25.0,60.0,75.0,3250.0,3250.0,3214.285714285714,3250.0,3142.8571428571427,3250.0,3214.285714285714,0.9400000000000001,1,1.281,860.0,3060.0,3000.0,3060.0,3000.0,620.8289389425813,15.0,1.0,2500.0,3450.0,0,0,0,0,0,0,0,1,0,0,0,0,0,0,1.0,0.20833333333333334,95.0,0.6122361517284447,-0.2714285714285714,32.372361517284446,0.0,1,5,1.891,1.2,1.067,0.8,0,8500.0,0,0
Booked by vidhi - ‪+91 97732 21534‬,"2 Apr 2024 at 6:00 PM to 3 Apr 2024 at 6:00 PM
2 Persons
Rent: ₹4000
Deposit: ₹2000

₹2000 received 

Deposit Refund after check out.",2024-04-02 18:00:00,2024-04-03 18:00:00,2024-04-03 18:00:00,2024-04-01,10:06:58,24.0,0,0,0,,,,4000.0,2,24.0,Couple Full Night,1,0.0,0, (Month),False,3000.0,8500.0,0.0,3500.0,4.0,22.0,0.5714285714285714,0.7333333333333333,0.5714285714285714,4,0.8660254037844387,-0.49999999999999983,2024,0,14,92,0,0,Festival,False,Standard,Tier 2,High,1.0,0.0,0.0,,,False,False,Festival,0,7,7,0,0,0,0,0,summer,1,0,12H Night,12.0,1.0,24H,0,0.0,4000.0,1.0,0,1.0,1.0,1,0,0,Clear,0,Last Minute,0.0,26.0,20.0,60.0,4.2,25.0,60.0,75.0,3750.0,3750.0,4000.0,3750.0,3750.0,3750.0,3750.0,0.51,5,0.801,-746.0,3746.0,3470.0,3746.0,3470.0,791.5048957523888,5.0,1.0,3260.0,4000.0,0,0,0,0,0,0,0,0,1,0,0,0,0,0,1.0,0.20833333333333334,95.0,0.7792101536277752,-0.16190476190476188,34.042101536277755,0.0,1,5,1.891,1.2,1.067,0.8,0,8500.0,0,0
Booked by Mansukh,"4 Apr 2024 at 6:00 PM to 5 Apr 2024 at 6:00 PM
10 Persons
Rent: ₹4500
Deposit: ₹2000

₹2000 received

Deposit Refund after check out.",2024-04-04 18:00:00,2024-04-05 18:00:00,2024-04-05 18:00:00,2024-04-01,16:18:26,24.0,0,0,0,,,,4500.0,10,24.0,24H Night,3,0.0,0, (Strict),False,4500.0,4000.0,0.0,5930.0,5.0,23.0,0.7142857142857143,0.7666666666666667,0.7142857142857143,4,0.8660254037844387,-0.49999999999999983,2024,0,14,92,0,0,Festival,False,Standard,Tier 2,High,1.0,0.0,0.0,,,False,False,Festival,0,7,7,0,0,0,0,0,summer,1,0,24H Night,24.0,1.0,24H,0,0.0,4500.0,1.0,0,1.0,1.0,0,1,0,Clear,1,Last Minute,0.0,26.0,20.0,60.0,4.2,25.0,60.0,90.0,6337.777777777777,5208.108108108108,6705.714285714285,6337.777777777777,5947.058823529412,6337.777777777777,4935.0,1.0,1,1.477,2158.33,4520.833333333333,4400.0,4520.833333333333,4400.0,577.8364193577901,24.0,1.0,4275.0,4750.0,0,0,0,0,0,0,0,0,1,0,0,0,0,0,1.0,0.20833333333333334,95.0,0.931664866483108,-0.05238095238095242,35.56664866483108,0.0,1,5,1.891,1.2,1.067,0.8,0,8500.0,0,0
Booked by Badal,"12 Apr 2024 at 7:00 AM to 12 Apr 2024 at 6:00 PM
2 Persons
Rent: ₹4500
Deposit: ₹2000

₹2000 Received 

Deposit Refund after check out.",2024-04-12 07:00:00,2024-04-12 18:00:00,2024-04-12 18:00:00,2024-04-03,16:47:05,11.0000000002328,0,0,0,,,,4500.0,2,12.0,Couple Half Day,8,0.0,0, (Strict),False,3000.0,1700.0,2.0,2477.777777777778,5.0,23.0,0.7142857142857143,0.7666666666666667,0.7142857142857143,4,0.8660254037844387,-0.49999999999999983,2024,2,14,94,0,0,Festival,False,Standard,Tier 2,High,1.0,0.0,0.0,,,False,False,Festival,0,7,7,0,0,0,0,0,summer,1,0,12H Day,12.0,0.5,12H,0,0.0,9000.0,1.0,0,1.0,1.0,1,0,0,Clear,2,Standard,0.0,26.0,20.0,60.0,4.2,25.0,60.0,90.0,3156.25,3156.25,3125.0,3156.25,3500.0,3156.25,3125.0,0.75,3,1.281,860.0,3060.0,3000.0,3060.0,3000.0,620.8289389425813,15.0,1.0,2500.0,3450.0,0,0,0,0,0,0,0,0,0,0,1,0,0,0,1.0,0.20833333333333334,95.0,0.931664866483108,-0.05238095238095242,35.56664866483108,0.0,1,5,1.891,1.2,1.067,0.8,0,8500.0,0,0
Booked by Ankit,"Castillo Farm - 11
8 Apr 2024 at 7:00 AM to 8 Apr 2024 at 6:00 PM
5 Persons allowed
Rent: ₹3500
Deposit: ₹2000


Received: ₹2000
Deposit Refund after check out.",2024-04-08 07:00:00,2024-04-08 18:00:00,2024-04-08 18:00:00,2024-04-05,17:05:08,11.0000000002328,0,0,0,,,,3500.0,5,12.0,12H Day,2,0.0,0, (Strict),False,3000.0,4000.0,2.0,2815.0,5.0,24.0,0.7142857142857143,0.8,0.7142857142857143,4,0.8660254037844387,-0.49999999999999983,2024,4,14,96,0,0,Festival,False,Standard,Tier 2,High,1.0,0.0,0.0,,,False,False,Festival,0,7,7,0,0,0,0,0,summer,1,0,12H Day,12.0,0.5,12H,0,0.0,7000.0,1.0,0,1.0,1.0,0,1,0,Clear,0,Last Minute,0.0,26.0,20.0,60.0,4.2,25.0,60.0,90.0,3218.75,3218.75,3142.8571428571427,3218.75,3107.1428571428573,3218.75,3142.8571428571427,0.9400000000000001,1,1.281,860.0,3060.0,3000.0,3060.0,3000.0,620.8289389425813,15.0,1.0,2500.0,3450.0,0,0,0,0,0,0,0,0,1,0,0,0,0,0,1.0,0.20833333333333334,95.0,0.8928459822823643,-0.08571428571428574,35.17845982282364,0.0,1,5,1.891,1.2,1.067,0.8,0,8500.0,0,0
Booked by Juhil,"Booking Confirmed ✅
20 Apr 2024 at 7:00 AM to 21 Apr 2024 at 6:00 PM
11 Persons allowed
Rent: ₹13500
Deposit: ₹2000

Full payment received, deposit baki

Deposit Refund after check out.",2024-04-20 07:00:00,2024-04-21 18:00:00,2024-04-21 18:00:00,2024-04-05,23:04:58,35.0000000002328,Mahavir Jayanti,0,1,,,,13500.0,11,24.0,Extended Day,14,0.0,3,"MAD, IQR, Percentile (Month)",True,4000.0,8000.0,0.0,8500.0,6.0,25.0,0.8571428571428571,0.8333333333333334,0.8571428571428571,4,0.8660254037844387,-0.49999999999999983,2024,4,14,96,0,1,Festival,True,Standard,Tier 2,High,1.0,0.0,0.0,,,False,False,Festival,0,7,7,0,1,0,0,1,summer,1,0,12H Day,12.0,1.0,24H,0,0.0,13500.0,1.0,0,1.0,1.0,0,1,0,Clear,2,Standard,0.0,26.0,20.0,60.0,4.2,25.0,60.0,90.0,3235.294117647059,3235.294117647059,3235.294117647059,4000.0,4000.0,3235.294117647059,3235.294117647059,0.6,5,1.281,860.0,3060.0,3000.0,3060.0,3000.0,620.8289389425813,15.0,1.0,2500.0,3450.0,0,0,0,0,0,0,0,0,0,0,1,0,0,0,1.0,0.20833333333333334,95.0,1.028559085862398,0.023809523809523725,51.53559085862398,0.5,1,5,1.891,1.2,1.067,0.8,0,8500.0,0,0
Booked by Vadi Deep,"Booking confirmed ✅ 

29 Apr 2024 at 7:00 PM to 30 Apr 2024 at 6:00 PM
10 Persons
Rent: ₹5500
Deposit: ₹2000

₹2000 received

Deposit Refund after check out.",2024-04-29 19:00:00,2024-04-30 18:00:00,2024-04-30 18:00:00,2024-04-07,11:34:22,23.0000000002328,0,0,1,,,,5500.0,10,24.0,24H Night,22,0.0,0, (Strict),False,4500.0,4500.0,2.0,5580.0,7.0,26.0,1.0,0.8666666666666667,1.0,4,0.8660254037844387,-0.49999999999999983,2024,6,14,98,0,0,Festival,False,Standard,Tier 2,High,1.0,0.0,0.0,,,False,False,Festival,0,7,7,0,0,0,0,1,summer,1,0,24H Night,24.0,1.0,24H,0,0.0,5500.0,1.0,0,1.0,1.0,0,1,0,Clear,2,Advance,0.0,26.0,20.0,60.0,4.2,25.0,60.0,95.0,6315.555555555556,5181.081081081081,6677.142857142857,6315.555555555556,9000.0,6315.555555555556,7500.0,0.9,1,1.477,2158.33,4520.833333333333,4400.0,4520.833333333333,4400.0,577.8364193577901,24.0,1.0,4275.0,4750.0,0,0,0,0,1,0,0,0,0,0,0,1,0,0,1.0,0.20833333333333334,95.0,1.1538328403903033,0.1333333333333333,37.78832840390303,0.0,1,5,1.891,1.2,1.067,0.8,0,8500.0,0,0
Booked by Gauranggiri,"10 Apr 2024 at 7:00 PM to 11 Apr 2024 at 6:00 PM
10 Persons
Rent: ₹4500
Deposit: ₹2000

₹2000 received

Deposit Refund after check out.",2024-04-10 19:00:00,2024-04-11 18:00:00,2024-04-11 18:00:00,2024-04-08,19:38:00,23.0000000002328,Eid-ul-Fitr,0,0,,,,4500.0,10,24.0,24H Night,1,0.0,0, (Strict),False,5500.0,4500.0,1.0,4230.0,5.0,26.0,0.7142857142857143,0.8666666666666667,0.7142857142857143,4,0.8660254037844387,-0.49999999999999983,2024,0,15,99,0,1,Festival,True,Standard,Tier 2,High,1.0,0.0,0.0,,,False,False,Festival,0,7,7,0,1,0,0,0,summer,1,0,24H Night,24.0,1.0,24H,0,0.0,4500.0,1.0,0,1.0,1.0,0,1,0,Clear,0,Last Minute,0.0,26.0,20.0,60.0,4.2,25.0,60.0,75.0,6297.826086956522,5189.473684210527,6644.444444444444,7000.0,5905.714285714285,6297.826086956522,5239.285714285715,0.7,4,1.477,2158.33,4520.833333333333,4400.0,4520.833333333333,4400.0,577.8364193577901,24.0,1.0,4275.0,4750.0,0,0,0,0,0,0,0,0,1,0,0,0,0,0,1.0,0.20833333333333334,95.0,0.8241663145645023,-0.1523809523809524,49.49166314564502,0.5,1,5,1.891,1.2,1.067,0.8,0,8500.0,0,0
Booked by Harshal,"Booking confirmed ✅ 

9 Apr 2024 at 7:00 PM to 10 Apr 2024 at 6:00 PM
10 Persons
Rent: ₹4500
Deposit: ₹2000

₹2000 Received

Deposit Refund after check out.",2024-04-09 19:00:00,2024-04-10 18:00:00,2024-04-10 18:00:00,2024-04-09,00:17:32,23.0000000002328,0,0,0,,,,4500.0,10,24.0,24H Night,0,0.0,0, (Strict),False,4500.0,5500.0,1.0,4280.0,6.0,25.0,0.8571428571428571,0.8333333333333334,0.8571428571428571,4,0.8660254037844387,-0.49999999999999983,2024,1,15,100,0,0,Festival,False,Standard,Tier 2,High,1.0,0.0,0.0,,,False,False,Festival,0,7,7,0,0,0,0,0,summer,1,0,24H Night,24.0,1.0,24H,0,0.0,4500.0,1.0,0,1.0,1.0,0,1,0,Clear,0,Same Day,0.0,26.0,20.0,60.0,4.2,25.0,60.0,75.0,6337.777777777777,5208.108108108108,6705.714285714285,6337.777777777777,5947.058823529412,6337.777777777777,4935.0,1.0,1,1.477,2158.33,4520.833333333333,4400.0,4520.833333333333,4400.0,577.8364193577901,24.0,1.0,4275.0,4750.0,0,0,0,0,0,0,0,1,0,0,0,0,0,0,1.0,0.20833333333333334,95.0,1.028559085862398,0.023809523809523725,36.53559085862398,0.0,1,5,1.891,1.2,1.067,0.8,0,8500.0,0,0
Booked by Nirav Shah,"13 Apr 2024 at 7:00 PM to 14 Apr 2024 at 6:00 PM
15 Persons
Rent: ₹9500
Deposit: ₹2000

Deposit Refund after check out.

₹3500 received as advance payment",2024-04-13 19:00:00,2024-04-14 18:00:00,2024-04-14 18:00:00,2024-04-10,00:17:35,23.0000000002328,0,1,0,,,,9500.0,15,24.0,24H Night,3,0.0,0, (Strict),False,4500.0,4500.0,1.0,4880.0,6.0,26.0,0.8571428571428571,0.8666666666666667,0.8571428571428571,4,0.8660254037844387,-0.49999999999999983,2024,2,15,101,1,0,Festival,False,Standard,Tier 2,High,1.0,0.0,0.0,,,False,False,Festival,0,7,7,0,0,0,0,0,summer,1,0,24H Night,24.0,1.0,24H,0,0.0,9500.0,1.0,0,1.0,1.0,0,0,1,Clear,1,Last Minute,0.0,26.0,20.0,60.0,4.2,25.0,100.0,90.0,6226.666666666667,11857.142857142857,6562.857142857143,6226.666666666667,5800.0,6226.666666666667,12125.0,0.91,1,1.477,2158.33,6679.166666666667,5200.0,6679.166666666667,5200.0,3224.90029056062,24.0,1.0,4200.0,10150.0,0,0,0,0,0,0,0,0,1,0,0,0,0,0,1.0,0.20833333333333334,95.0,0.9889995774774027,-0.009523809523809601,56.13999577477403,0.0,1,5,1.891,1.2,1.067,0.8,0,8500.0,0,0
Booked by Kirtan,"12 Apr 2024 at 7:00 PM to 13 Apr 2024 at 6:00 PM
8 Persons
Rent: ₹4500
Deposit: ₹2000

₹2000 received

Deposit Refund after check out.",2024-04-12 19:00:00,2024-04-13 18:00:00,2024-04-13 18:00:00,2024-04-11,10:38:26,23.0000000002328,0,0,0,,,,4500.0,8,24.0,24H Night,1,0.0,0, (Strict),False,9500.0,4500.0,1.0,4950.0,7.0,26.0,1.0,0.8666666666666667,1.0,4,0.8660254037844387,-0.49999999999999983,2024,3,15,102,0,0,Festival,False,Standard,Tier 2,High,1.0,0.0,0.0,,,False,False,Festival,0,7,7,0,0,0,0,0,summer,1,0,24H Night,24.0,1.0,24H,0,0.0,4500.0,1.0,0,1.0,1.0,0,1,0,Clear,0,Last Minute,0.0,26.0,20.0,60.0,4.2,25.0,60.0,75.0,6337.777777777777,5208.108108108108,5111.111111111111,6337.777777777777,5947.058823529412,6337.777777777777,5125.0,0.9500000000000001,1,1.477,2158.33,4520.833333333333,4400.0,4520.833333333333,4400.0,577.8364193577901,24.0,1.0,4275.0,4750.0,0,0,0,0,0,0,0,0,1,0,0,0,0,0,1.0,0.20833333333333334,95.0,1.1538328403903033,0.1333333333333333,37.78832840390303,0.0,1,5,1.891,1.2,1.067,0.8,0,8500.0,0,0
Booked by Agent Yogesh,"27 Apr 2024 at 7:00 PM to 28 Apr 2024 at 6:00 PM
15 Persons
Rent: ₹9500
Deposit: ₹2000

₹3500 received

Deposit Refund after check out.",2024-04-27 19:00:00,2024-04-28 18:00:00,2024-04-28 18:00:00,2024-04-11,21:56:19,23.0000000002328,0,1,1,,,,9500.0,15,24.0,24H Night,15,0.0,0, (Strict),False,4500.0,9500.0,0.0,5450.0,8.0,27.0,1.0,0.9,1.1428571428571428,4,0.8660254037844387,-0.49999999999999983,2024,3,15,102,1,0,Festival,False,Standard,Tier 2,High,1.0,0.0,0.0,,,False,False,Festival,0,7,7,1,0,0,0,1,summer,1,0,24H Night,24.0,1.0,24H,0,0.0,9500.0,1.0,0,1.0,1.0,0,0,1,Clear,2,Advance,0.0,26.0,20.0,60.0,4.2,25.0,100.0,95.0,6226.666666666667,11857.142857142857,6562.857142857143,6226.666666666667,8200.0,6226.666666666667,11857.142857142857,0.74,3,1.477,2158.33,6679.166666666667,5200.0,6679.166666666667,5200.0,3224.90029056062,24.0,1.0,4200.0,10150.0,0,0,0,0,0,0,0,0,0,0,0,1,0,0,1.0,0.20833333333333334,95.0,1.269827160650596,0.09999999999999998,58.94827160650596,0.0,1,5,1.891,1.2,1.067,0.8,0,8500.0,0,0
booked by Agent Vinay,Rent: ₹4000,2024-04-14 19:00:00,2024-04-15 18:00:00,2024-04-15 18:00:00,2024-04-15,00:02:12,23.0000000002328,0,0,0,,,,4000.0,4,24.0,24H Night,0,0.0,1,Percentile (Strict),False,9500.0,4500.0,4.0,5500.0,5.0,25.0,0.7142857142857143,0.8333333333333334,0.7142857142857143,4,0.8660254037844387,-0.49999999999999983,2024,0,16,106,0,0,Festival,False,Standard,Tier 2,High,1.0,0.0,0.0,,,False,False,Festival,0,7,7,0,0,0,0,0,summer,1,0,24H Night,24.0,1.0,24H,0,0.0,4000.0,1.0,0,1.0,1.0,0,1,0,Clear,0,Same Day,0.0,26.0,20.0,60.0,4.2,25.0,60.0,75.0,6348.888888888889,5221.621621621622,5166.666666666667,6348.888888888889,5961.764705882353,6348.888888888889,5187.5,0.9500000000000001,1,1.477,2158.33,4520.833333333333,4400.0,4520.833333333333,4400.0,577.8364193577901,24.0,1.0,4275.0,4750.0,0,0,0,0,0,0,0,1,0,0,0,0,0,0,1.0,0.20833333333333334,95.0,0.8571325715519985,-0.11904761904761907,34.82132571551998,0.0,1,5,1.891,1.2,1.067,0.8,0,8500.0,0,0
Booked by Agent,"22 Apr 2024 at 7:00 PM to 23 Apr 2024 at 6:00 PM
14 Persons
Rent: ₹4500
Deposit: ₹2000

₹2000 received

Deposit Refund after check out.",2024-04-22 19:00:00,2024-04-23 18:00:00,2024-04-23 18:00:00,2024-04-15,00:01:16,23.0000000002328,0,0,1,,,,4500.0,14,24.0,24H Night,7,0.0,0, (Strict),False,4000.0,9500.0,0.0,5550.0,6.0,26.0,0.8571428571428571,0.8666666666666667,0.8571428571428571,4,0.8660254037844387,-0.49999999999999983,2024,0,16,106,0,0,Festival,False,Standard,Tier 2,High,1.0,0.0,0.0,,,False,False,Festival,0,7,7,0,0,0,0,1,summer,1,0,24H Night,24.0,1.0,24H,0,0.0,4500.0,1.0,0,1.0,1.0,0,0,1,Clear,1,Standard,0.0,26.0,20.0,60.0,4.2,25.0,60.0,90.0,6337.777777777777,5208.108108108108,6705.714285714285,6337.777777777777,7000.0,6337.777777777777,5266.666666666667,0.7999999999999999,3,1.477,2158.33,4520.833333333333,4400.0,4520.833333333333,4400.0,577.8364193577901,24.0,1.0,4275.0,4750.0,0,0,0,0,0,0,0,0,0,1,0,0,0,0,1.0,0.20833333333333334,95.0,0.9889995774774027,-0.009523809523809601,36.13999577477403,0.0,1,5,1.891,1.2,1.067,0.8,0,8500.0,0,0
Booked by Raju Bhikadiya,"Farm number: 11

17 Apr 2024 at 7:00 AM to 17 Apr 2024 at 6:00 PM
12 Persons
Rent: ₹4000
Deposit: ₹2000

₹2000 received

Deposit Refund after check out.",2024-04-17 07:00:00,2024-04-17 18:00:00,2024-04-17 18:00:00,2024-04-16,15:30:15,11.0000000002328,Ram Navami,0,1,,,,4000.0,12,12.0,12H Day,0,0.0,0, (Strict),False,3500.0,3000.0,1.0,3045.0,6.0,25.0,0.8571428571428571,0.8333333333333334,0.8571428571428571,4,0.8660254037844387,-0.49999999999999983,2024,1,16,107,0,1,Festival,True,Standard,Tier 2,High,1.0,0.0,0.0,,,False,False,Festival,0,7,7,0,1,0,0,1,summer,1,0,12H Day,12.0,0.5,12H,0,0.0,8000.0,1.0,0,1.0,1.0,0,1,0,Clear,0,Same Day,0.0,26.0,20.0,60.0,4.2,25.0,60.0,75.0,3235.294117647059,3235.294117647059,3235.294117647059,13500.0,3133.3333333333335,3235.294117647059,3235.294117647059,0.6,5,1.281,860.0,3060.0,3000.0,3060.0,3000.0,620.8289389425813,15.0,1.0,2500.0,3450.0,0,0,0,0,0,0,0,1,0,0,0,0,0,0,1.0,0.20833333333333334,95.0,1.028559085862398,0.023809523809523725,51.53559085862398,0.5,1,5,1.891,1.2,1.067,0.8,0,8500.0,0,0
Booked by Agent Surat farm house,"19 Apr 2024 at 7:00 AM to 19 Apr 2024 at 10:30 PM
12 Persons
Rent: ₹4000
Deposit: ₹2000

₹2000 received

Deposit Refund after check out.",2024-04-19 07:00:00,2024-04-19 22:30:00,2024-04-19 22:30:00,2024-04-16,13:46:52,15.5000000002328,0,0,1,,,,4000.0,12,24.0,24H Day,2,0.0,0, (Month),False,3200.0,6000.0,0.0,4400.0,7.0,26.0,1.0,0.8666666666666667,1.0,4,0.8660254037844387,-0.49999999999999983,2024,1,16,107,0,0,Festival,False,Standard,Tier 2,High,1.0,0.0,0.0,,,False,False,Festival,0,7,7,0,0,0,0,1,summer,1,0,24H Day,24.0,1.0,24H,0,0.0,4000.0,1.0,0,1.0,1.0,0,1,0,Clear,0,Last Minute,0.0,26.0,20.0,60.0,4.2,25.0,60.0,90.0,4000.0,4000.0,5000.0,4000.0,3000.0,4000.0,3746.153846153846,0.4,7,0.94,-231.68,3860.992498557415,3860.992498557415,3860.992498557415,3860.992498557415,1217.6272685613935,2.0,0.4,3430.496249278707,4291.4887478361225,0,0,0,0,0,0,0,0,1,0,0,0,0,0,1.0,0.20833333333333334,95.0,1.1538328403903033,0.1333333333333333,37.78832840390303,0.0,1,5,1.891,1.2,1.067,0.8,0,8500.0,0,0
Booked by Jaydeep,"Farm number: 11
Castillo Villa

6 May 2024 at 7:00 PM to 7 May 2024 at 8:00 PM
12 Persons
Rent: ₹12000
Deposit: ₹2000

₹4000 received

Deposit Refund after check out.",2024-05-06 19:00:00,2024-05-07 18:00:00,2024-05-07 18:00:00,2024-04-21,11:50:33,23.0000000002328,0,0,1,,,,12000.0,12,24.0,24H Night,15,0.0,3,"MAD, IQR, Percentile (Strict)",True,4500.0,4000.0,5.0,6300.0,5.0,21.0,0.7142857142857143,0.7,0.7142857142857143,4,0.8660254037844387,-0.49999999999999983,2024,6,16,112,0,0,Festival,False,Standard,Tier 2,High,1.0,0.0,0.0,,,False,False,Festival,0,7,7,0,0,0,0,1,summer,1,0,24H Night,24.0,1.0,24H,0,0.0,12000.0,1.0,0,1.0,1.0,0,1,0,Clear,2,Advance,0.0,26.0,20.0,60.0,4.2,25.0,60.0,95.0,6171.111111111111,5005.405405405405,6491.428571428572,6171.111111111111,7700.0,6171.111111111111,5333.333333333333,0.9,1,1.477,2158.33,4520.833333333333,4400.0,4520.833333333333,4400.0,577.8364193577901,24.0,1.0,4275.0,4750.0,0,0,0,0,1,0,0,0,0,0,0,1,0,0,1.0,0.20833333333333334,95.0,1.0203935862140747,0.014285714285714346,36.453935862140746,0.0,1,5,1.891,1.2,1.067,0.8,0,8500.0,0,0
Booked by Kinal booked by Dhruv,"23 Apr 2024 at 7:00 PM to 24 Apr 2024 at 7:00 AM
12 Persons
Rent: ₹3500
Deposit: ₹2000

₹1000 received

Deposit Refund after check out.",2024-04-23 19:00:00,2024-04-24 07:00:00,2024-04-24 07:00:00,2024-04-22,09:45:46,12.0,0,0,1,,,,3500.0,12,12.0,12H Night,1,0.0,0, (Month),False,2000.0,2200.0,1.0,2900.0,4.0,22.0,0.5714285714285714,0.7333333333333333,0.5714285714285714,4,0.8660254037844387,-0.49999999999999983,2024,0,17,113,0,0,Festival,False,Standard,Tier 2,High,1.0,0.0,0.0,,,False,False,Festival,0,7,7,0,0,0,0,1,summer,1,0,12H Night,12.0,0.5,12H,0,0.0,7000.0,1.0,0,1.0,1.0,0,1,0,Clear,0,Last Minute,0.0,26.0,20.0,60.0,4.2,25.0,60.0,75.0,3875.0,3875.0,3875.0,3875.0,3875.0,3875.0,3875.0,0.51,5,0.801,-746.0,3746.0,3470.0,3746.0,3470.0,791.5048957523888,5.0,1.0,3260.0,4000.0,0,0,0,0,0,0,0,0,1,0,0,0,0,0,1.0,0.20833333333333334,95.0,0.7792101536277752,-0.16190476190476188,34.042101536277755,0.0,1,5,1.891,1.2,1.067,0.8,0,8500.0,0,0
Booked by Kenil,"Booking confirmed ✅ 

24 Apr 2024 at 9:00 AM to 24 Apr 2024 at 6:00 PM
4 Persons
Rent: ₹3000
Deposit: ₹2000

Deposit Refund after check out.",2024-04-24 09:00:00,2024-04-24 18:00:00,2024-04-24 18:00:00,2024-04-23,18:37:15,9.0,0,0,1,,,,3000.0,4,12.0,12H Day,0,0.0,0, (Strict),False,4000.0,3500.0,1.0,3145.0,3.0,23.0,0.42857142857142855,0.7666666666666667,0.42857142857142855,4,0.8660254037844387,-0.49999999999999983,2024,1,17,114,0,0,Festival,False,Standard,Tier 2,High,1.0,0.0,0.0,,,False,False,Festival,0,7,7,0,0,0,0,1,summer,1,0,12H Day,12.0,0.5,12H,0,0.0,6000.0,1.0,0,1.0,1.0,0,1,0,Clear,0,Same Day,0.0,26.0,20.0,60.0,4.2,25.0,60.0,75.0,3250.0,3250.0,3214.285714285714,3250.0,3142.8571428571427,3250.0,3214.285714285714,0.9400000000000001,1,1.281,860.0,3060.0,3000.0,3060.0,3000.0,620.8289389425813,15.0,1.0,2500.0,3450.0,0,0,0,0,0,0,0,1,0,0,0,0,0,0,1.0,0.20833333333333334,95.0,0.5589989198898647,-0.33809523809523817,31.839989198898646,0.0,1,5,1.891,1.2,1.067,0.8,0,8500.0,0,0
Booked by Dharmik,"Booking confirmed ✅ 

25 Apr 2024 at 7:00 PM to 26 Apr 2024 at 6:00 PM
10 Persons
Rent: ₹5000
Deposit: ₹2000

₹2000 received

Deposit Refund after check out.",2024-04-25 19:00:00,2024-04-26 18:00:00,2024-04-26 18:00:00,2024-04-24,12:49:12,23.0000000002328,0,0,1,,,,5000.0,10,24.0,24H Night,1,0.0,0, (Strict),False,12000.0,4500.0,1.0,6350.0,4.0,22.0,0.5714285714285714,0.7333333333333333,0.5714285714285714,4,0.8660254037844387,-0.49999999999999983,2024,2,17,115,0,0,Festival,False,Standard,Tier 2,High,1.0,0.0,0.0,,,False,False,Festival,0,7,7,0,0,0,0,1,summer,1,0,24H Night,24.0,1.0,24H,0,0.0,5000.0,1.0,0,1.0,1.0,0,1,0,Clear,0,Last Minute,0.0,26.0,20.0,60.0,4.2,25.0,60.0,75.0,6326.666666666667,5194.594594594595,6691.428571428572,6326.666666666667,5932.35294117647,6326.666666666667,4910.0,1.0,1,1.477,2158.33,4520.833333333333,4400.0,4520.833333333333,4400.0,577.8364193577901,24.0,1.0,4275.0,4750.0,0,0,0,0,0,0,0,0,1,0,0,0,0,0,1.0,0.20833333333333334,95.0,0.7792101536277752,-0.16190476190476188,34.042101536277755,0.0,1,5,1.891,1.2,1.067,0.8,0,8500.0,0,0
Booked by Shreyansh,"24 Apr 2024 at 7:00 PM to 25 Apr 2024 at 6:00 AM
2 Persons
Rent: ₹3000
Deposit: ₹2000

₹2000 received

Deposit Refund after check out.",2024-04-24 19:00:00,2024-04-25 06:00:00,2024-04-25 06:00:00,2024-04-24,18:13:45,11.0000000002328,0,0,1,,,,3000.0,2,12.0,Couple Half Night,0,0.0,0, (Month),False,8500.0,8500.0,0.0,3000.0,5.0,23.0,0.7142857142857143,0.7666666666666667,0.7142857142857143,4,0.8660254037844387,-0.49999999999999983,2024,2,17,115,0,0,Festival,False,Standard,Tier 2,High,1.0,0.0,0.0,,,False,False,Festival,0,7,7,0,0,0,0,1,summer,1,0,12H Night,12.0,0.5,12H,0,0.0,6000.0,1.0,0,1.0,1.0,1,0,0,Clear,0,Same Day,0.0,26.0,20.0,60.0,4.2,25.0,60.0,75.0,4000.0,4000.0,4500.0,4000.0,4000.0,4000.0,4000.0,0.51,5,0.801,-746.0,3746.0,3470.0,3746.0,3470.0,791.5048957523888,5.0,1.0,3260.0,4000.0,0,0,0,0,0,0,0,1,0,0,0,0,0,0,1.0,0.20833333333333334,95.0,0.931664866483108,-0.05238095238095242,35.56664866483108,0.0,1,5,1.891,1.2,1.067,0.8,0,8500.0,0,0
Booked by Harsh Kothari,"Booking confirmed ✅ 

26 Apr 2024 at 7:00 PM to 27 Apr 2024 at 6:00 PM
10 Persons
Rent: ₹4800
Deposit: ₹2000

₹2000 received

Deposit Refund after check out.",2024-04-26 19:00:00,2024-04-27 18:00:00,2024-04-27 18:00:00,2024-04-25,18:57:20,23.0000000002328,0,0,1,,,,4800.0,10,24.0,24H Night,1,0.0,0, (Strict),False,5000.0,12000.0,1.0,6280.0,6.0,23.0,0.8571428571428571,0.7666666666666667,0.8571428571428571,4,0.8660254037844387,-0.49999999999999983,2024,3,17,116,0,0,Festival,False,Standard,Tier 2,High,1.0,0.0,0.0,,,False,False,Festival,0,7,7,0,0,0,0,1,summer,1,0,24H Night,24.0,1.0,24H,0,0.0,4800.0,1.0,0,1.0,1.0,0,1,0,Clear,0,Last Minute,0.0,26.0,20.0,60.0,4.2,25.0,60.0,75.0,6331.111111111111,5200.0,6697.142857142857,6331.111111111111,5938.235294117647,6331.111111111111,4920.0,1.0,1,1.477,2158.33,4520.833333333333,4400.0,4520.833333333333,4400.0,577.8364193577901,24.0,1.0,4275.0,4750.0,0,0,0,0,0,0,0,0,1,0,0,0,0,0,1.0,0.20833333333333334,95.0,1.1179978397797294,0.09047619047619038,37.42997839779729,0.0,1,5,1.891,1.2,1.067,0.8,0,8500.0,0,0
Booked by Mahesh,"28 Apr 2024 at 7:00 PM to 29 Apr 2024 at 6:00 PM
15 Persons
Rent: ₹4000
Deposit: ₹2000

₹2000 received

Deposit Refund after check out.",2024-04-28 19:00:00,2024-04-29 18:00:00,2024-04-29 18:00:00,2024-04-25,11:46:08,23.0000000002328,0,0,1,,,,4000.0,15,24.0,24H Night,3,0.0,1,Percentile (Strict),False,4800.0,5000.0,0.0,6230.0,7.0,24.0,1.0,0.8,1.0,4,0.8660254037844387,-0.49999999999999983,2024,3,17,116,0,0,Festival,False,Standard,Tier 2,High,1.0,0.0,0.0,,,False,False,Festival,0,7,7,0,0,0,0,1,summer,1,0,24H Night,24.0,1.0,24H,0,0.0,4000.0,1.0,0,1.0,1.0,0,0,1,Clear,1,Last Minute,0.0,26.0,20.0,60.0,4.2,25.0,60.0,90.0,6348.888888888889,5221.621621621622,6720.0,6348.888888888889,5961.764705882353,6348.888888888889,4960.0,1.0,1,1.477,2158.33,4520.833333333333,4400.0,4520.833333333333,4400.0,577.8364193577901,24.0,1.0,4275.0,4750.0,0,0,0,0,0,0,0,0,1,0,0,0,0,0,1.0,0.20833333333333334,95.0,1.2499843751953101,0.19999999999999996,38.7498437519531,0.0,1,5,1.891,1.2,1.067,0.8,0,8500.0,0,0
Booked by Akshay,"Booking confirmed ✅ 

Farm number 11
30 Apr 2024 at 7:00 PM to 1 May 2024 at 6:00 PM
10 Persons
Rent: ₹5000
Deposit: ₹2000

₹2000 received

Deposit Refund after check out.",2024-04-30 19:00:00,2024-05-01 18:00:00,2024-05-01 18:00:00,2024-04-28,18:40:40,23.0000000002328,0,0,1,,,,5000.0,10,24.0,24H Night,2,0.0,0, (Strict),False,4000.0,4800.0,3.0,6280.0,7.0,24.0,1.0,0.8,1.0,4,0.8660254037844387,-0.49999999999999983,2024,6,17,119,0,0,Festival,False,Standard,Tier 2,High,1.0,0.0,0.0,,,False,False,Festival,0,7,7,0,0,0,0,1,summer,1,0,24H Night,24.0,1.0,24H,0,0.0,5000.0,1.0,0,1.0,1.0,0,1,0,Clear,0,Last Minute,0.0,26.0,20.0,60.0,4.2,25.0,60.0,90.0,6326.666666666667,5194.594594594595,6691.428571428572,6326.666666666667,5932.35294117647,6326.666666666667,4910.0,1.0,1,1.477,2158.33,4520.833333333333,4400.0,4520.833333333333,4400.0,577.8364193577901,24.0,1.0,4275.0,4750.0,0,0,0,0,1,0,0,0,1,0,0,0,0,0,1.0,0.20833333333333334,95.0,1.2499843751953101,0.19999999999999996,38.7498437519531,0.0,1,5,1.891,1.2,1.067,0.8,0,8500.0,0,0
Booked by Jatin,"Booking confirmed ✅ 
Castillo 11

3 May 2024 at 7:00 PM to 4 May 2024 at 6:00 PM
10 Persons
Rent: ₹5500
Deposit: ₹2000

₹2000 received

Deposit Refund after check out.",2024-05-03 19:00:00,2024-05-04 18:00:00,2024-05-04 18:00:00,2024-04-29,21:57:14,23.0000000002328,0,0,1,,,,5500.0,10,24.0,24H Night,3,0.0,0, (Strict),False,5000.0,4000.0,1.0,5880.0,7.0,25.0,1.0,0.8333333333333334,1.0,4,0.8660254037844387,-0.49999999999999983,2024,0,18,120,0,0,Festival,False,Standard,Tier 2,High,1.0,0.0,0.0,,,False,False,Festival,0,7,7,0,0,0,0,1,summer,1,0,24H Night,24.0,1.0,24H,0,0.0,5500.0,1.0,0,1.0,1.0,0,1,0,Clear,1,Last Minute,0.0,26.0,20.0,60.0,4.2,25.0,60.0,90.0,6315.555555555556,5181.081081081081,6677.142857142857,6315.555555555556,5917.64705882353,6315.555555555556,4885.0,1.0,1,1.477,2158.33,4520.833333333333,4400.0,4520.833333333333,4400.0,577.8364193577901,24.0,1.0,4275.0,4750.0,0,0,0,0,0,0,0,0,1,0,0,0,0,0,1.0,0.20833333333333334,95.0,1.199985600172798,0.16666666666666663,38.24985600172798,0.0,1,5,1.891,1.2,1.067,0.8,0,8500.0,0,0
Booked by agent sagar,"3 May 2024 at 7:00 AM to 3 May 2024 at 6:00 PM
10 Persons
Rent: ₹4000
Deposit: ₹2000

₹2000 received 

Deposit Refund after check out.",2024-05-03 07:00:00,2024-05-03 18:00:00,2024-05-03 18:00:00,2024-05-01,11:51:09,11.0000000002328,0,0,1,,,,4000.0,10,12.0,12H Day,1,0.0,0, (Strict),False,3000.0,4000.0,2.0,3195.0,5.0,23.0,0.7142857142857143,0.7666666666666667,0.7142857142857143,5,0.49999999999999994,-0.8660254037844387,2024,2,18,122,0,0,Festival,False,Standard,Tier 2,High,1.0,0.0,0.0,,,False,False,Festival,0,7,7,0,0,1,1,1,summer,1,0,12H Day,12.0,0.5,12H,0,0.0,8000.0,1.0,0,1.0,1.0,0,1,0,Clear,0,Last Minute,0.0,26.0,20.0,60.0,4.2,25.0,60.0,75.0,3863.8888888888887,3863.8888888888887,4611.111111111111,3863.8888888888887,3471.875,3863.8888888888887,3928.5714285714284,0.9400000000000001,1,0.931,-228.57,3303.5714285714284,2950.0,3303.5714285714284,2950.0,1902.6766859949096,14.0,1.0,2175.0,3400.0,0,0,0,0,0,0,0,0,1,0,0,0,0,0,1.0,0.25833333333333336,89.0,0.931664866483108,-0.05238095238095242,37.06664866483108,0.0,1,5,1.891,1.2,1.067,0.8,0,8500.0,0,0
Booked by Kautik,"Booking confirmed ✅ 
Farm number 11
Castillo the Villa

4 May 2024 at 7:00 PM to 5 May 2024 at 6:00 PM
15 Persons
Rent: ₹12000
Deposit: ₹2000

Deposit Refund after check out.

₹4000 received",2024-05-04 19:00:00,2024-05-05 18:00:00,2024-05-05 18:00:00,2024-05-01,16:41:43,23.0000000002328,0,1,1,,,,12000.0,15,24.0,24H Night,3,0.0,0, (Strict),False,5500.0,5000.0,0.0,6630.0,6.0,24.0,0.8571428571428571,0.8,0.8571428571428571,5,0.49999999999999994,-0.8660254037844387,2024,2,18,122,1,0,Festival,False,Standard,Tier 2,High,1.0,0.0,0.0,,,False,False,Festival,0,7,7,1,0,1,1,1,summer,1,0,24H Night,24.0,1.0,24H,0,0.0,12000.0,1.0,0,1.0,1.0,0,0,1,Clear,1,Last Minute,0.0,26.0,20.0,60.0,4.2,25.0,100.0,90.0,6638.888888888889,12307.692307692309,6967.391304347826,6638.888888888889,6488.888888888889,6638.888888888889,12166.666666666666,0.93,1,1.534,2564.1,7366.666666666667,5400.0,7366.666666666667,5400.0,3740.2094415509227,33.0,1.0,4400.0,11200.0,0,0,0,0,0,0,0,0,1,0,0,0,0,0,1.0,0.25833333333333336,89.0,1.071415178738837,0.05714285714285705,58.464151787388374,0.0,1,5,1.891,1.2,1.067,0.8,0,8500.0,0,0
Booked bh Rajesh,"6 May 2024 at 7:00 AM to 6 May 2024 at 6:00 PM
15 Persons
Rent: ₹4000
Deposit: ₹2000

₹2000 received

Deposit Refund after check out.",2024-05-06 07:00:00,2024-05-06 18:00:00,2024-05-06 18:00:00,2024-05-01,09:41:22,11.0000000002328,0,0,1,,,,4000.0,15,12.0,12H Day,4,0.0,0, (Strict),False,4000.0,3000.0,0.0,3295.0,7.0,25.0,1.0,0.8333333333333334,1.0,5,0.49999999999999994,-0.8660254037844387,2024,2,18,122,0,0,Festival,False,Standard,Tier 2,High,1.0,0.0,0.0,,,False,False,Festival,0,7,7,0,0,1,1,1,summer,1,0,12H Day,12.0,0.5,12H,0,0.0,8000.0,1.0,0,1.0,1.0,0,0,1,Clear,1,Standard,0.0,26.0,20.0,60.0,4.2,25.0,60.0,90.0,3863.8888888888887,3863.8888888888887,4611.111111111111,3863.8888888888887,10000.0,3863.8888888888887,4611.111111111111,0.76,3,0.931,-228.57,3303.5714285714284,2950.0,3303.5714285714284,2950.0,1902.6766859949096,14.0,1.0,2175.0,3400.0,0,0,0,0,0,0,0,0,0,1,0,0,0,0,1.0,0.25833333333333336,89.0,1.199985600172798,0.16666666666666663,39.74985600172798,0.0,1,5,1.891,1.2,1.067,0.8,0,8500.0,0,0
Booked by Juhil,"Confirmed booking
Farm number 11

10 May 2024 at 7:00 PM to 11 May 2024 at 6:00 PM
14 Persons
Rent: ₹5000
Deposit: ₹2000

₹2000 received

Deposit Refund after check out.",2024-05-10 19:00:00,2024-05-11 18:00:00,2024-05-11 18:00:00,2024-05-04,10:07:42,23.0000000002328,0,0,1,,,,5000.0,14,24.0,24H Night,6,0.0,0, (Strict),False,12000.0,5500.0,3.0,6180.0,6.0,25.0,0.8571428571428571,0.8333333333333334,0.8571428571428571,5,0.49999999999999994,-0.8660254037844387,2024,5,18,125,0,0,Festival,False,Standard,Tier 2,High,1.0,0.0,0.0,,,False,False,Festival,0,7,7,0,0,1,1,1,summer,1,0,24H Night,24.0,1.0,24H,0,0.0,5000.0,1.0,0,1.0,1.0,0,0,1,Clear,1,Standard,0.0,26.0,20.0,60.0,4.2,25.0,60.0,90.0,6736.111111111111,5396.551724137931,7119.565217391304,6736.111111111111,6961.538461538462,6736.111111111111,5750.0,1.0,1,1.534,2564.1,4802.5641025641025,4600.0,4802.5641025641025,4600.0,1331.893622172104,39.0,1.0,4400.0,5300.0,0,0,1,0,0,0,0,0,0,1,0,0,0,0,1.0,0.25833333333333336,89.0,1.028559085862398,0.023809523809523725,38.03559085862398,0.0,1,5,1.891,1.2,1.067,0.8,0,8500.0,0,0
Booked by Harshil,"Castillo Villa - 11 number

8 May 2024 at 7:00 PM to 9 May 2024 at 6:00 PM
10 Persons
Rent: ₹5000
Deposit: ₹2000

₹2000 received 

Deposit Refund after check out.",2024-05-08 19:00:00,2024-05-09 18:00:00,2024-05-09 18:00:00,2024-05-04,13:09:22,23.0000000002328,0,0,1,,,,5000.0,10,24.0,24H Night,4,0.0,0, (Strict),False,5000.0,12000.0,0.0,6280.0,7.0,26.0,1.0,0.8666666666666667,1.0,5,0.49999999999999994,-0.8660254037844387,2024,5,18,125,0,0,Festival,False,Standard,Tier 2,High,1.0,0.0,0.0,,,False,False,Festival,0,7,7,0,0,1,1,1,summer,1,0,24H Night,24.0,1.0,24H,0,0.0,5000.0,1.0,0,1.0,1.0,0,1,0,Clear,1,Standard,0.0,26.0,20.0,60.0,4.2,25.0,60.0,90.0,6736.111111111111,5396.551724137931,7119.565217391304,6736.111111111111,6961.538461538462,6736.111111111111,5750.0,1.0,1,1.534,2564.1,4802.5641025641025,4600.0,4802.5641025641025,4600.0,1331.893622172104,39.0,1.0,4400.0,5300.0,0,0,1,0,0,0,0,0,0,1,0,0,0,0,1.0,0.25833333333333336,89.0,1.1538328403903033,0.1333333333333333,39.28832840390303,0.0,1,5,1.891,1.2,1.067,0.8,0,8500.0,0,0
Booked by Bhumika,"Confirmed booking
Farm number 11

7 May 2024 at 7:00 PM to 8 May 2024 at 6:00 PM
Rent: 3000
6 Persons",2024-05-07 19:00:00,2024-05-08 18:00:00,2024-05-08 18:00:00,2024-05-06,09:30:48,23.0000000002328,0,0,1,,,,3000.0,6,24.0,24H Night,1,0.0,2,"MAD, IQR (Strict)",True,5000.0,5000.0,2.0,6130.0,6.0,25.0,0.8571428571428571,0.8333333333333334,0.8571428571428571,5,0.49999999999999994,-0.8660254037844387,2024,0,19,127,0,0,Festival,False,Standard,Tier 2,High,1.0,0.0,0.0,,,False,False,Festival,0,7,7,0,0,1,1,1,summer,1,0,24H Night,24.0,1.0,24H,0,0.0,3000.0,1.0,0,1.0,1.0,0,1,0,Clear,0,Last Minute,0.0,26.0,20.0,60.0,4.2,25.0,60.0,75.0,6763.888888888889,5431.0344827586205,5576.923076923077,6763.888888888889,6688.888888888889,6763.888888888889,4571.428571428572,0.9400000000000001,1,1.534,2564.1,4802.5641025641025,4600.0,4802.5641025641025,4600.0,1331.893622172104,39.0,1.0,4400.0,5300.0,0,0,0,0,0,0,0,0,1,0,0,0,0,0,1.0,0.25833333333333336,89.0,1.028559085862398,0.023809523809523725,38.03559085862398,0.0,1,5,1.891,1.2,1.067,0.8,0,8500.0,0,0
Booked by Sagar,"Booking Confirmed ✅ 
Castillo Farm number 11

9 May 2024 at 7:00 PM to 10 May 2024 at 6:00 PM
15 Persons
Rent: ₹5500
Deposit: ₹2000

₹500 received 


Deposit Refund after check out.",2024-05-09 19:00:00,2024-05-10 18:00:00,2024-05-10 18:00:00,2024-05-07,20:22:23,23.0000000002328,0,0,1,,,,5500.0,15,24.0,24H Night,1,0.0,0, (Strict),False,3000.0,5000.0,1.0,5480.0,7.0,25.0,1.0,0.8333333333333334,1.0,5,0.49999999999999994,-0.8660254037844387,2024,1,19,128,0,0,Festival,False,Standard,Tier 2,High,1.0,0.0,0.0,,,False,False,Festival,0,7,7,0,0,1,1,1,summer,1,0,24H Night,24.0,1.0,24H,0,0.0,5500.0,1.0,0,1.0,1.0,0,0,1,Clear,0,Last Minute,0.0,26.0,20.0,60.0,4.2,25.0,60.0,75.0,6729.166666666667,5387.931034482759,7108.695652173913,6729.166666666667,6633.333333333333,6729.166666666667,5200.0,1.0,1,1.534,2564.1,4802.5641025641025,4600.0,4802.5641025641025,4600.0,1331.893622172104,39.0,1.0,4400.0,5300.0,0,0,0,0,0,0,0,0,1,0,0,0,0,0,1.0,0.25833333333333336,89.0,1.199985600172798,0.16666666666666663,39.74985600172798,0.0,1,5,1.891,1.2,1.067,0.8,0,8500.0,0,0
Booked by Jayanti,"Booking confirmed ✅ 
Castillo Farm number 11

12 May 2024 at 8:00 PM to 13 May 2024 at 6:00 PM
10 Persons
Rent: ₹5000
Deposit: ₹2000

₹2000 received

Deposit Refund after check out.",2024-05-12 20:00:00,2024-05-13 18:00:00,2024-05-13 18:00:00,2024-05-07,13:43:03,21.9999999997672,0,0,1,,,,5000.0,10,24.0,24H Night,5,0.0,0, (Strict),False,5500.0,3000.0,0.0,5480.0,8.0,26.0,1.0,0.8666666666666667,1.1428571428571428,5,0.49999999999999994,-0.8660254037844387,2024,1,19,128,0,0,Festival,False,Standard,Tier 2,High,1.0,0.0,0.0,,,False,False,Festival,0,7,7,0,0,1,1,1,summer,1,0,24H Night,24.0,1.0,24H,0,0.0,5000.0,1.0,0,1.0,1.0,0,1,0,Clear,1,Standard,0.0,26.0,20.0,60.0,4.2,25.0,60.0,90.0,6736.111111111111,5396.551724137931,7119.565217391304,6736.111111111111,6961.538461538462,6736.111111111111,5750.0,1.0,1,1.534,2564.1,4802.5641025641025,4600.0,4802.5641025641025,4600.0,1331.893622172104,39.0,1.0,4400.0,5300.0,0,0,0,0,0,0,0,0,0,1,0,0,0,0,1.0,0.25833333333333336,89.0,1.3186661033032037,0.1333333333333333,40.93666103303204,0.0,1,5,1.891,1.2,1.067,0.8,0,8500.0,0,0
Booked by Babumama,"13 May 2024 at 7:00 PM to 14 May 2024 at 6:00 PM
15 Persons
Rent: ₹5000
Deposit: ₹2000

Deposit Refund after check out.",2024-05-13 19:00:00,2024-05-14 18:00:00,2024-05-14 18:00:00,2024-05-10,13:21:59,23.0000000002328,0,0,1,,,,5000.0,15,24.0,24H Night,3,0.0,0, (Strict),False,5000.0,5500.0,3.0,5500.0,6.0,24.0,0.8571428571428571,0.8,0.8571428571428571,5,0.49999999999999994,-0.8660254037844387,2024,4,19,131,0,0,Festival,False,Standard,Tier 2,High,1.0,0.0,0.0,,,False,False,Festival,0,7,7,0,0,1,1,1,summer,1,0,24H Night,24.0,1.0,24H,0,0.0,5000.0,1.0,0,1.0,1.0,0,0,1,Clear,1,Last Minute,0.0,26.0,20.0,60.0,4.2,25.0,60.0,90.0,6736.111111111111,5396.551724137931,7119.565217391304,6736.111111111111,6644.444444444444,6736.111111111111,5225.0,1.0,1,1.534,2564.1,4802.5641025641025,4600.0,4802.5641025641025,4600.0,1331.893622172104,39.0,1.0,4400.0,5300.0,1,0,0,0,0,0,0,0,1,0,0,0,0,0,1.0,0.25833333333333336,89.0,1.071415178738837,0.05714285714285705,38.464151787388374,0.0,1,5,1.891,1.2,1.067,0.8,0,8500.0,0,0
Booked by Mohit,"17 May 2024 at 7:00 PM to 18 May 2024 at 6:00 PM
16 Persons
Rent: ₹5000
Deposit: ₹2000

₹2000 received

Deposit Refund after check out.",2024-05-17 19:00:00,2024-05-18 18:00:00,2024-05-18 18:00:00,2024-05-10,22:07:05,23.0000000002328,0,0,1,,,,5000.0,16,24.0,24H Night,6,0.0,0, (Strict),False,5000.0,5000.0,0.0,5600.0,7.0,25.0,1.0,0.8333333333333334,1.0,5,0.49999999999999994,-0.8660254037844387,2024,4,19,131,0,0,Festival,False,Standard,Tier 2,High,1.0,0.0,0.0,,,False,False,Festival,0,7,7,0,0,1,1,1,summer,1,0,24H Night,24.0,1.0,24H,0,0.0,5000.0,1.0,0,1.0,1.0,0,0,1,Clear,1,Standard,0.0,26.0,20.0,60.0,4.2,25.0,60.0,90.0,6736.111111111111,5396.551724137931,7000.0,6736.111111111111,6961.538461538462,6736.111111111111,5833.333333333333,0.76,3,1.534,2564.1,4802.5641025641025,4600.0,4802.5641025641025,4600.0,1331.893622172104,39.0,1.0,4400.0,5300.0,1,0,0,0,0,0,0,0,0,1,0,0,0,0,1.0,0.25833333333333336,89.0,1.199985600172798,0.16666666666666663,39.74985600172798,0.0,1,5,1.891,1.2,1.067,0.8,0,8500.0,0,0
Booked by Agent Shyam,"11 May 2024 at 7:00 PM to 12 May 2024 at 6:00 PM
8 Persons
Rent: ₹10000
Deposit: ₹2000

₹4000 received

Deposit Refund after check out.",2024-05-11 19:00:00,2024-05-12 18:00:00,2024-05-12 18:00:00,2024-05-11,17:25:36,23.0000000002328,0,1,1,,,,10000.0,8,24.0,24H Night,0,0.0,0, (Strict),False,5000.0,5000.0,1.0,6100.0,6.0,24.0,0.8571428571428571,0.8,0.8571428571428571,5,0.49999999999999994,-0.8660254037844387,2024,5,19,132,1,0,Festival,False,Standard,Tier 2,High,1.0,0.0,0.0,,,False,False,Festival,0,7,7,1,0,1,1,1,summer,1,0,24H Night,24.0,1.0,24H,0,0.0,10000.0,1.0,0,1.0,1.0,0,1,0,Clear,0,Same Day,0.0,26.0,20.0,60.0,4.2,25.0,100.0,75.0,6666.666666666667,12461.538461538461,5038.461538461538,6666.666666666667,6533.333333333333,6666.666666666667,12461.538461538461,0.6,5,1.534,2564.1,7366.666666666667,5400.0,7366.666666666667,5400.0,3740.2094415509227,33.0,1.0,4400.0,11200.0,0,0,1,0,0,0,0,1,0,0,0,0,0,0,1.0,0.25833333333333336,89.0,1.071415178738837,0.05714285714285705,58.464151787388374,0.0,1,5,1.891,1.2,1.067,0.8,0,8500.0,0,0
Booked by Jignesh,"Booking Confirmed ✅
Farm number 11

18 May 2024 at 7:00 PM to 19 May 2024 at 6:00 PM
15 Persons
Rent: ₹13000
Deposit: ₹2000

₹5000 received 

Deposit Refund after check out.",2024-05-18 19:00:00,2024-05-19 18:00:00,2024-05-19 18:00:00,2024-05-12,22:52:41,23.0000000002328,0,1,1,,,,13000.0,15,24.0,24H Night,5,0.0,0, (Strict),False,10000.0,5000.0,1.0,6850.0,7.0,25.0,1.0,0.8333333333333334,1.0,5,0.49999999999999994,-0.8660254037844387,2024,6,19,133,1,0,Festival,False,Standard,Tier 2,High,1.0,0.0,0.0,,,False,False,Festival,0,7,7,1,0,1,1,1,summer,1,0,24H Night,24.0,1.0,24H,0,0.0,13000.0,1.0,0,1.0,1.0,0,0,1,Clear,1,Standard,0.0,26.0,20.0,60.0,4.2,25.0,100.0,90.0,6625.0,12230.76923076923,6945.652173913043,6625.0,6653.846153846154,6625.0,13166.666666666666,0.9,1,1.534,2564.1,7366.666666666667,5400.0,7366.666666666667,5400.0,3740.2094415509227,33.0,1.0,4400.0,11200.0,0,0,0,0,1,0,0,0,0,1,0,0,0,0,1.0,0.25833333333333336,89.0,1.199985600172798,0.16666666666666663,59.74985600172798,0.0,1,5,1.891,1.2,1.067,0.8,0,8500.0,0,0
Booked by Arun mama,"Booking confirmed ✅ 
Farm number 11

22 May 2024 at 7:00 PM to 23 May 2024 at 6:00 PM
15 Persons
Rent: ₹3000",2024-05-22 19:00:00,2024-05-23 18:00:00,2024-05-23 18:00:00,2024-05-12,22:59:26,23.0000000002328,Buddha Purnima,0,1,,,,3000.0,15,24.0,24H Night,9,0.0,2,"MAD, IQR (Strict)",True,13000.0,10000.0,0.0,5950.0,8.0,26.0,1.0,0.8666666666666667,1.1428571428571428,5,0.49999999999999994,-0.8660254037844387,2024,6,19,133,0,1,Festival,True,Standard,Tier 2,High,1.0,0.0,0.0,,,False,False,Festival,0,7,7,0,1,1,1,1,summer,1,0,24H Night,24.0,1.0,24H,0,0.0,3000.0,1.0,0,1.0,1.0,0,0,1,Clear,2,Standard,0.0,26.0,20.0,60.0,4.2,25.0,60.0,90.0,6712.328767123287,5389.830508474576,7074.468085106383,6712.328767123287,6888.888888888889,6712.328767123287,5416.666666666667,0.7,4,1.534,2564.1,4802.5641025641025,4600.0,4802.5641025641025,4600.0,1331.893622172104,39.0,1.0,4400.0,5300.0,0,0,0,0,1,0,0,0,0,0,1,0,0,0,1.0,0.25833333333333336,89.0,1.3186661033032037,0.1333333333333333,55.93666103303204,0.5,1,5,1.891,1.2,1.067,0.8,0,8500.0,0,0
Booked by Neha,"17 May 2024 at 8:00 AM to 17 May 2024 at 6:00 PM
12 Persons
Rent: ₹4500
Deposit: ₹2000

₹2000 received

Deposit Refund after check out.",2024-05-17 08:00:00,2024-05-17 18:00:00,2024-05-17 18:00:00,2024-05-13,16:20:52,9.99999999976717,0,0,1,,,,4500.0,12,12.0,12H Day,3,0.0,0, (Strict),False,4000.0,4000.0,1.0,3445.0,8.0,27.0,1.0,0.9,1.1428571428571428,5,0.49999999999999994,-0.8660254037844387,2024,0,20,134,0,0,Festival,False,Standard,Tier 2,High,1.0,0.0,0.0,,,False,False,Festival,0,7,7,0,0,1,1,1,summer,1,0,12H Day,12.0,0.5,12H,0,0.0,9000.0,1.0,0,1.0,1.0,0,1,0,Clear,1,Last Minute,0.0,26.0,20.0,60.0,4.2,25.0,60.0,90.0,3836.1111111111113,3836.1111111111113,4555.555555555556,3836.1111111111113,3440.625,3836.1111111111113,3857.1428571428573,0.9400000000000001,1,0.931,-228.57,3303.5714285714284,2950.0,3303.5714285714284,2950.0,1902.6766859949096,14.0,1.0,2175.0,3400.0,0,0,0,0,0,0,0,0,1,0,0,0,0,0,1.0,0.25833333333333336,89.0,1.269827160650596,0.09999999999999998,40.44827160650596,0.0,1,5,1.891,1.2,1.067,0.8,0,8500.0,0,0
Booked by Tejas,"Booking confirmed ✅ 

14 May 2024 at 7:00 PM to 15 May 2024 at 6:00 PM
8 Persons
Rent: ₹5000
Deposit: ₹2000

₹2000 received 

Deposit Refund after check out.",2024-05-14 19:00:00,2024-05-15 18:00:00,2024-05-15 18:00:00,2024-05-14,18:36:15,23.0000000002328,0,0,1,,,,5000.0,8,24.0,24H Night,0,0.0,0, (Strict),False,3000.0,13000.0,1.0,5950.0,7.0,28.0,1.0,0.9333333333333333,1.0,5,0.49999999999999994,-0.8660254037844387,2024,1,20,135,0,0,Festival,False,Standard,Tier 2,High,1.0,0.0,0.0,,,False,False,Festival,0,7,7,0,0,1,1,1,summer,1,0,24H Night,24.0,1.0,24H,0,0.0,5000.0,1.0,0,1.0,1.0,0,1,0,Clear,0,Same Day,0.0,26.0,20.0,60.0,4.2,25.0,60.0,75.0,6736.111111111111,5396.551724137931,5423.076923076923,6736.111111111111,6644.444444444444,6736.111111111111,4285.714285714285,0.9400000000000001,1,1.534,2564.1,4802.5641025641025,4600.0,4802.5641025641025,4600.0,1331.893622172104,39.0,1.0,4400.0,5300.0,0,0,0,0,0,0,0,1,0,0,0,0,0,0,1.0,0.25833333333333336,89.0,1.071417091959729,0.06666666666666665,38.464170919597294,0.0,1,5,1.891,1.2,1.067,0.8,0,8500.0,0,0
Booked by Dilip,"Booking confirmed ✅ 

15 May 2024 at 7:00 PM to 16 May 2024 at 6:00 PM
13 Persons
Rent: ₹5500
Deposit: ₹2000

₹2000 received

Deposit Refund after check out.",2024-05-15 19:00:00,2024-05-16 18:00:00,2024-05-16 18:00:00,2024-05-14,15:48:45,23.0000000002328,0,0,1,,,,5500.0,13,24.0,24H Night,1,0.0,0, (Strict),False,5000.0,3000.0,0.0,6000.0,8.0,29.0,1.0,0.9666666666666667,1.1428571428571428,5,0.49999999999999994,-0.8660254037844387,2024,1,20,135,0,0,Festival,False,Standard,Tier 2,High,1.0,0.0,0.0,,,False,False,Festival,0,7,7,0,0,1,1,1,summer,1,0,24H Night,24.0,1.0,24H,0,0.0,5500.0,1.0,0,1.0,1.0,0,0,1,Clear,0,Last Minute,0.0,26.0,20.0,60.0,4.2,25.0,60.0,75.0,6729.166666666667,5387.931034482759,7108.695652173913,6729.166666666667,6633.333333333333,6729.166666666667,5200.0,1.0,1,1.534,2564.1,4802.5641025641025,4600.0,4802.5641025641025,4600.0,1331.893622172104,39.0,1.0,4400.0,5300.0,0,0,0,0,0,0,0,0,1,0,0,0,0,0,1.0,0.25833333333333336,89.0,1.182253779640703,0.033333333333333326,39.57253779640703,0.0,1,5,1.891,1.2,1.067,0.8,0,8500.0,0,0
Booked by Viral,"21 May 2024 at 7:00 PM to 22 May 2024 at 6:00 PM
14 Persons
Rent: ₹5000
Deposit: ₹2000

₹2000 received 

Deposit Refund after check out.",2024-05-21 19:00:00,2024-05-22 18:00:00,2024-05-22 18:00:00,2024-05-16,15:33:20,23.0000000002328,0,0,1,,,,5000.0,14,24.0,24H Night,5,0.0,0, (Strict),False,5500.0,5000.0,2.0,6200.0,9.0,26.0,1.0,0.8666666666666667,1.2857142857142858,5,0.49999999999999994,-0.8660254037844387,2024,3,20,137,0,0,Festival,False,Standard,Tier 2,High,1.0,0.0,0.0,,,False,False,Festival,0,7,7,0,0,1,1,1,summer,1,0,24H Night,24.0,1.0,24H,0,0.0,5000.0,1.0,0,1.0,1.0,0,0,1,Clear,1,Standard,0.0,26.0,20.0,60.0,4.2,25.0,60.0,90.0,6736.111111111111,5396.551724137931,7119.565217391304,6736.111111111111,6961.538461538462,6736.111111111111,5750.0,1.0,1,1.534,2564.1,4802.5641025641025,4600.0,4802.5641025641025,4600.0,1331.893622172104,39.0,1.0,4400.0,5300.0,0,0,0,0,0,0,0,0,0,1,0,0,0,0,1.0,0.25833333333333336,89.0,1.4834993662161042,0.1333333333333333,42.58499366216104,0.0,1,5,1.891,1.2,1.067,0.8,0,8500.0,0,0
Booked by Saurav,"Booiking confirmed ✅ 

19 May 2024 at 7:00 PM to 20 May 2024 at 6:00 PM
15 Persons
Rent: ₹6000
Deposit: ₹2000

₹2000 received

Deposit Refund after check out.",2024-05-19 19:00:00,2024-05-20 18:00:00,2024-05-20 18:00:00,2024-05-17,17:11:17,23.0000000002328,0,0,1,,,,6000.0,15,24.0,24H Night,2,0.0,0, (Strict),False,5000.0,5500.0,1.0,6250.0,8.0,27.0,1.0,0.9,1.1428571428571428,5,0.49999999999999994,-0.8660254037844387,2024,4,20,138,0,0,Festival,False,Standard,Tier 2,High,1.0,0.0,0.0,,,False,False,Festival,0,7,7,0,0,1,1,1,summer,1,0,24H Night,24.0,1.0,24H,0,0.0,6000.0,1.0,0,1.0,1.0,0,0,1,Clear,0,Last Minute,0.0,26.0,20.0,60.0,4.2,25.0,60.0,90.0,6722.222222222223,5379.310344827586,7097.826086956522,6722.222222222223,6622.222222222223,6722.222222222223,5175.0,1.0,1,1.534,2564.1,4802.5641025641025,4600.0,4802.5641025641025,4600.0,1331.893622172104,39.0,1.0,4400.0,5300.0,1,0,0,0,0,0,0,0,1,0,0,0,0,0,1.0,0.25833333333333336,89.0,1.269827160650596,0.09999999999999998,40.44827160650596,0.0,1,5,1.891,1.2,1.067,0.8,0,8500.0,0,0
Booked by Dhaval,"Booking confirmed ✅ 

23 May 2024 at 7:00 PM to 24 May 2024 at 6:00 PM
15 Persons
Rent: ₹6000
Deposit: ₹2000

₹2000 received

Deposit Refund after check out.",2024-05-23 19:00:00,2024-05-24 18:00:00,2024-05-24 18:00:00,2024-05-17,11:46:39,23.0000000002328,0,0,1,,,,6000.0,15,24.0,24H Night,6,0.0,0, (Strict),False,6000.0,5000.0,0.0,6350.0,9.0,28.0,1.0,0.9333333333333333,1.2857142857142858,5,0.49999999999999994,-0.8660254037844387,2024,4,20,138,0,0,Festival,False,Standard,Tier 2,High,1.0,0.0,0.0,,,False,False,Festival,0,7,7,0,0,1,1,1,summer,1,0,24H Night,24.0,1.0,24H,0,0.0,6000.0,1.0,0,1.0,1.0,0,0,1,Clear,1,Standard,0.0,26.0,20.0,60.0,4.2,25.0,60.0,90.0,6722.222222222223,5379.310344827586,7097.826086956522,6722.222222222223,6923.076923076923,6722.222222222223,5678.571428571428,1.0,1,1.534,2564.1,4802.5641025641025,4600.0,4802.5641025641025,4600.0,1331.893622172104,39.0,1.0,4400.0,5300.0,1,0,0,0,0,0,0,0,0,1,0,0,0,0,1.0,0.25833333333333336,89.0,1.3775362610910802,0.06666666666666665,41.525362610910804,0.0,1,5,1.891,1.2,1.067,0.8,0,8500.0,0,0
Booked by Hitesh,"20 May 2024 at 7:00 PM to 21 May 2024 at 7:00 AM
10 Persons
Rent: ₹4000
Deposit: ₹2000

₹2000 received 

Deposit Refund after check out.",2024-05-20 19:00:00,2024-05-21 07:00:00,2024-05-21 07:00:00,2024-05-18,13:33:44,12.0,0,0,1,,,,4000.0,10,12.0,12H Night,2,0.0,0, (Month),False,3500.0,2000.0,1.0,3022.222222222222,9.0,29.0,1.0,0.9666666666666667,1.2857142857142858,5,0.49999999999999994,-0.8660254037844387,2024,5,20,139,0,0,Festival,False,Standard,Tier 2,High,1.0,0.0,0.0,,,False,False,Festival,0,7,7,0,0,1,1,1,summer,1,0,12H Night,12.0,0.5,12H,0,0.0,8000.0,1.0,0,1.0,1.0,0,1,0,Clear,0,Last Minute,0.0,26.0,20.0,60.0,4.2,25.0,60.0,90.0,3166.6666666666665,3166.6666666666665,3250.0,3166.6666666666665,3166.6666666666665,3166.6666666666665,3250.0,0.91,1,1.627,1529.17,2437.5,2130.0,2437.5,2130.0,952.7635243507874,4.0,0.8,1917.5,2650.0,0,0,1,0,0,0,0,0,1,0,0,0,0,0,1.0,0.25833333333333336,89.0,1.3300355020957912,0.033333333333333326,41.05035502095791,0.0,1,5,1.891,1.2,1.067,0.8,0,8500.0,0,0
Booked by Hiten Jani,"21 May 2024 at 8:30 AM to 21 May 2024 at 6:00 PM
10 Persons
Rent: ₹3500
Deposit: ₹2000

Deposit Refund after check out.",2024-05-21 08:30:00,2024-05-21 18:00:00,2024-05-21 18:00:00,2024-05-21,00:01:28,9.50000000023283,0,0,1,,,,3500.0,10,12.0,12H Day,0,0.0,0, (Strict),False,4500.0,4000.0,3.0,3570.0,5.0,29.0,0.7142857142857143,0.9666666666666667,0.7142857142857143,5,0.49999999999999994,-0.8660254037844387,2024,1,21,142,0,0,Festival,False,Standard,Tier 2,High,1.0,0.0,0.0,,,False,False,Festival,0,7,7,0,0,1,1,1,summer,1,0,12H Day,12.0,0.5,12H,0,0.0,7000.0,1.0,0,1.0,1.0,0,1,0,Clear,0,Same Day,0.0,26.0,20.0,60.0,4.2,25.0,60.0,75.0,3891.6666666666665,3891.6666666666665,4666.666666666667,3891.6666666666665,3503.125,3891.6666666666665,4000.0,0.9400000000000001,1,0.931,-228.57,3303.5714285714284,2950.0,3303.5714285714284,2950.0,1902.6766859949096,14.0,1.0,2175.0,3400.0,0,0,0,0,0,0,0,1,0,0,0,0,0,0,1.0,0.25833333333333336,89.0,0.7389086122754396,-0.2523809523809524,35.13908612275439,0.0,1,5,1.891,1.2,1.067,0.8,0,8500.0,0,0
Booked by Vishal,"24 May 2024 at 7:00 PM to 25 May 2024 at 6:00 PM
12 Persons
Rent: ₹6000
Deposit: ₹2000

₹2000 received 

Deposit Refund after check out.",2024-05-24 19:00:00,2024-05-25 18:00:00,2024-05-25 18:00:00,2024-05-22,15:40:46,23.0000000002328,0,0,1,,,,6000.0,12,24.0,24H Night,2,0.0,0, (Strict),False,6000.0,6000.0,1.0,6450.0,6.0,29.0,0.8571428571428571,0.9666666666666667,0.8571428571428571,5,0.49999999999999994,-0.8660254037844387,2024,2,21,143,0,0,Festival,False,Standard,Tier 2,High,1.0,0.0,0.0,,,False,False,Festival,0,7,7,0,0,1,1,1,summer,1,0,24H Night,24.0,1.0,24H,0,0.0,6000.0,1.0,0,1.0,1.0,0,1,0,Clear,0,Last Minute,0.0,26.0,20.0,60.0,4.2,25.0,60.0,90.0,6722.222222222223,5379.310344827586,7097.826086956522,6722.222222222223,6622.222222222223,6722.222222222223,5175.0,1.0,1,1.534,2564.1,4802.5641025641025,4600.0,4802.5641025641025,4600.0,1331.893622172104,39.0,1.0,4400.0,5300.0,0,0,0,0,0,0,0,0,1,0,0,0,0,0,1.0,0.25833333333333336,89.0,0.8866903347305274,-0.10952380952380958,36.616903347305275,0.0,1,5,1.891,1.2,1.067,0.8,0,8500.0,0,0
Booked by Brindesh,"26 May 2024 at 8:00 PM to 27 May 2024 at 7:30 AM
8 Persons
Rent: ₹4000
Deposit: ₹2000

₹4000 received 

Deposit Refund after check out.",2024-05-26 20:00:00,2024-05-27 07:30:00,2024-05-27 07:30:00,2024-05-23,20:27:15,11.4999999997672,0,0,1,,,,4000.0,8,12.0,12H Night,2,0.0,0, (Month),False,4000.0,3500.0,1.0,3120.0,6.0,29.0,0.8571428571428571,0.9666666666666667,0.8571428571428571,5,0.49999999999999994,-0.8660254037844387,2024,3,21,144,0,0,Festival,False,Standard,Tier 2,High,1.0,0.0,0.0,,,False,False,Festival,0,7,7,0,0,1,1,1,summer,1,0,12H Night,12.0,0.5,12H,0,0.0,8000.0,1.0,0,1.0,1.0,0,1,0,Clear,0,Last Minute,0.0,26.0,20.0,60.0,4.2,25.0,60.0,90.0,3166.6666666666665,3166.6666666666665,2000.0,3166.6666666666665,3166.6666666666665,3166.6666666666665,3166.6666666666665,0.53,5,1.627,1529.17,2437.5,2130.0,2437.5,2130.0,952.7635243507874,4.0,0.8,1917.5,2650.0,0,0,0,0,0,0,0,0,1,0,0,0,0,0,1.0,0.25833333333333336,89.0,0.8866903347305274,-0.10952380952380958,36.616903347305275,0.0,1,5,1.891,1.2,1.067,0.8,0,8500.0,0,0
Booked by Drupal,"29 May 2024 at 7:00 PM to 30 May 2024 at 6:00 PM
4 Persons
Rent: ₹6000
Deposit: ₹2000

₹2000 received

Deposit Refund after check out.",2024-05-29 19:00:00,2024-05-30 18:00:00,2024-05-30 18:00:00,2024-05-23,13:12:53,23.0000000002328,0,0,1,,,,6000.0,4,24.0,24H Night,6,0.0,0, (Strict),False,6000.0,6000.0,0.0,6550.0,7.0,30.0,1.0,1.0,1.0,5,0.49999999999999994,-0.8660254037844387,2024,3,21,144,0,0,Festival,False,Standard,Tier 2,High,1.0,0.0,0.0,,,False,False,Festival,0,7,7,0,0,1,1,1,summer,1,0,24H Night,24.0,1.0,24H,0,0.0,6000.0,1.0,0,1.0,1.0,0,1,0,Clear,1,Standard,0.0,26.0,20.0,60.0,4.2,25.0,60.0,90.0,6722.222222222223,5379.310344827586,5346.153846153846,6722.222222222223,6923.076923076923,6722.222222222223,6125.0,0.91,1,1.534,2564.1,4802.5641025641025,4600.0,4802.5641025641025,4600.0,1331.893622172104,39.0,1.0,4400.0,5300.0,0,0,0,0,0,0,0,0,0,1,0,0,0,0,1.0,0.25833333333333336,89.0,0.9999900000999989,0.0,37.749900000999986,0.0,1,5,1.891,1.2,1.067,0.8,0,8500.0,0,0
Booked by Dhaval,"25 May 2024 at 7:00 PM to 26 May 2024 at 6:00 PM
15 Persons
Rent: ₹13000
Deposit: ₹2000

₹5000 received 

Deposit Refund after check out.",2024-05-25 19:00:00,2024-05-26 18:00:00,2024-05-26 18:00:00,2024-05-24,14:07:10,23.0000000002328,0,1,1,,,,13000.0,15,24.0,24H Night,1,0.0,0, (Strict),False,6000.0,6000.0,1.0,6850.0,6.0,29.0,0.8571428571428571,0.9666666666666667,0.8571428571428571,5,0.49999999999999994,-0.8660254037844387,2024,4,21,145,1,0,Festival,False,Standard,Tier 2,High,1.0,0.0,0.0,,,False,False,Festival,0,7,7,1,0,1,1,1,summer,1,0,24H Night,24.0,1.0,24H,0,0.0,13000.0,1.0,0,1.0,1.0,0,0,1,Clear,0,Last Minute,0.0,26.0,20.0,60.0,4.2,25.0,100.0,75.0,6625.0,12230.76923076923,6945.652173913043,6625.0,6466.666666666667,6625.0,12000.0,0.93,1,1.534,2564.1,7366.666666666667,5400.0,7366.666666666667,5400.0,3740.2094415509227,33.0,1.0,4400.0,11200.0,1,0,0,0,0,0,0,0,1,0,0,0,0,0,1.0,0.25833333333333336,89.0,0.8866903347305274,-0.10952380952380958,56.616903347305275,0.0,1,5,1.891,1.2,1.067,0.8,0,8500.0,0,0
Booked by Shiv,"30 May 2024 at 7:00 PM to 31 May 2024 at 6:00 PM
18 Persons
Rent: ₹6000
Deposit: ₹2000

₹2000 received

Deposit Refund after check out.",2024-05-30 19:00:00,2024-05-31 18:00:00,2024-05-31 18:00:00,2024-05-27,18:59:41,23.0000000002328,0,0,1,,,,6000.0,18,24.0,24H Night,3,0.0,0, (Strict),False,13000.0,6000.0,3.0,6150.0,6.0,28.0,0.8571428571428571,0.9333333333333333,0.8571428571428571,5,0.49999999999999994,-0.8660254037844387,2024,0,22,148,0,0,Festival,False,Standard,Tier 2,High,1.0,0.0,0.0,,,False,False,Festival,0,7,7,0,0,1,1,1,summer,1,0,24H Night,24.0,1.0,24H,0,0.0,6000.0,1.0,0,1.0,1.0,0,0,1,Clear,1,Last Minute,0.0,26.0,20.0,60.0,4.2,25.0,60.0,90.0,6722.222222222223,5379.310344827586,6909.090909090909,6722.222222222223,6622.222222222223,6722.222222222223,5666.666666666667,0.93,1,1.534,2564.1,4802.5641025641025,4600.0,4802.5641025641025,4600.0,1331.893622172104,39.0,1.0,4400.0,5300.0,0,0,0,0,0,0,0,0,1,0,0,0,0,0,1.0,0.25833333333333336,89.0,0.9183575073940534,-0.07619047619047625,36.93357507394053,0.0,1,5,1.891,1.2,1.067,0.8,0,8500.0,0,0
Booked by Piyush,"28 May 2024 at 7:00 PM to 29 May 2024 at 6:00 PM
10 Persons max
Rent: ₹5000
Deposit: ₹2000

₹2000 received 

Deposit Refund after check out.",2024-05-28 19:00:00,2024-05-29 18:00:00,2024-05-29 18:00:00,2024-05-27,11:08:31,23.0000000002328,0,0,1,,,,5000.0,10,24.0,24H Night,1,0.0,0, (Strict),False,6000.0,13000.0,0.0,6350.0,7.0,29.0,1.0,0.9666666666666667,1.0,5,0.49999999999999994,-0.8660254037844387,2024,0,22,148,0,0,Festival,False,Standard,Tier 2,High,1.0,0.0,0.0,,,False,False,Festival,0,7,7,0,0,1,1,1,summer,1,0,24H Night,24.0,1.0,24H,0,0.0,5000.0,1.0,0,1.0,1.0,0,1,0,Clear,0,Last Minute,0.0,26.0,20.0,60.0,4.2,25.0,60.0,75.0,6736.111111111111,5396.551724137931,7119.565217391304,6736.111111111111,6644.444444444444,6736.111111111111,5225.0,1.0,1,1.534,2564.1,4802.5641025641025,4600.0,4802.5641025641025,4600.0,1331.893622172104,39.0,1.0,4400.0,5300.0,0,0,0,0,0,0,0,0,1,0,0,0,0,0,1.0,0.25833333333333336,89.0,1.0344720571856154,0.033333333333333326,38.09472057185616,0.0,1,5,1.891,1.2,1.067,0.8,0,8500.0,0,0
Masi na reference ma apyu,Rent: ₹3000,2024-05-27 09:00:00,2024-05-27 18:00:00,2024-05-27 18:00:00,2024-05-27,11:22:37,9.0,0,0,1,,,,3000.0,4,12.0,12H Day,0,0.0,0, (Strict),False,3500.0,4500.0,0.0,3650.0,8.0,30.0,1.0,1.0,1.1428571428571428,5,0.49999999999999994,-0.8660254037844387,2024,0,22,148,0,0,Festival,False,Standard,Tier 2,High,1.0,0.0,0.0,,,False,False,Festival,0,7,7,0,0,1,1,1,summer,1,0,12H Day,12.0,0.5,12H,0,0.0,6000.0,1.0,0,1.0,1.0,0,1,0,Clear,0,Same Day,0.0,26.0,20.0,60.0,4.2,25.0,60.0,75.0,3919.4444444444443,3919.4444444444443,3166.6666666666665,3919.4444444444443,3534.375,3919.4444444444443,3166.6666666666665,0.9,1,0.931,-228.57,3303.5714285714284,2950.0,3303.5714285714284,2950.0,1902.6766859949096,14.0,1.0,2175.0,3400.0,0,0,0,0,0,0,0,1,0,0,0,0,0,0,1.0,0.25833333333333336,89.0,1.1428457143999988,0.0,39.178457143999985,0.0,1,5,1.891,1.2,1.067,0.8,0,8500.0,0,0
Booked by Kishan,"27 May 2024 at 7:00 PM to 28 May 2024 at 6:00 PM
15 Persons
Rent: ₹5500
Deposit: ₹2000

₹2000 received 

Deposit Refund after check out.",2024-05-27 19:00:00,2024-05-28 18:00:00,2024-05-28 18:00:00,2024-05-27,11:10:03,23.0000000002328,0,0,1,,,,5500.0,15,24.0,24H Night,0,0.0,0, (Strict),False,5000.0,6000.0,0.0,6400.0,9.0,31.0,1.0,1.0,1.2857142857142858,5,0.49999999999999994,-0.8660254037844387,2024,0,22,148,0,0,Festival,False,Standard,Tier 2,High,1.0,0.0,0.0,,,False,False,Festival,0,7,7,0,0,1,1,1,summer,1,0,24H Night,24.0,1.0,24H,0,0.0,5500.0,1.0,0,1.0,1.0,0,0,1,Clear,0,Same Day,0.0,26.0,20.0,60.0,4.2,25.0,60.0,75.0,6729.166666666667,5387.931034482759,7108.695652173913,6729.166666666667,6633.333333333333,6729.166666666667,5200.0,1.0,1,1.534,2564.1,4802.5641025641025,4600.0,4802.5641025641025,4600.0,1331.893622172104,39.0,1.0,4400.0,5300.0,0,0,0,0,0,0,0,1,0,0,0,0,0,0,1.0,0.25833333333333336,89.0,1.24422759042424,0.0,40.1922759042424,0.0,1,5,1.891,1.2,1.067,0.8,0,8500.0,0,0
Booked by Jagdish,"31 May 2024 at 7:00 PM to 1 Jun 2024 at 6:00 PM
15 Persons
Rent: ₹6000
Deposit: ₹2000

₹2000 received

Deposit Refund after check out.",2024-05-31 19:00:00,2024-06-01 18:00:00,2024-06-01 18:00:00,2024-05-30,18:27:09,23.0000000002328,0,0,1,,,,6000.0,15,24.0,24H Night,1,0.0,0, (Strict),False,5500.0,5000.0,3.0,6450.0,6.0,30.0,0.8571428571428571,1.0,0.8571428571428571,5,0.49999999999999994,-0.8660254037844387,2024,3,22,151,0,0,Festival,False,Standard,Tier 2,High,1.0,0.0,0.0,,,False,False,Festival,0,7,7,0,0,1,1,1,summer,1,0,24H Night,24.0,1.0,24H,0,0.0,6000.0,1.0,0,1.0,1.0,0,0,1,Clear,0,Last Minute,0.0,26.0,20.0,60.0,4.2,25.0,60.0,75.0,6722.222222222223,5379.310344827586,7097.826086956522,6722.222222222223,6622.222222222223,6722.222222222223,5175.0,1.0,1,1.534,2564.1,4802.5641025641025,4600.0,4802.5641025641025,4600.0,1331.893622172104,39.0,1.0,4400.0,5300.0,0,0,0,0,0,0,0,0,1,0,0,0,0,0,1.0,0.25833333333333336,89.0,0.8571342857999991,-0.1428571428571429,36.321342857999994,0.0,1,5,1.891,1.2,1.067,0.8,0,8500.0,0,0
Booked by Agent Shyam,"1 Jun 2024 at 7:00 PM to 2 Jun 2024 at 6:00 PM
12 Persons
Rent: ₹12000
Deposit: ₹2000

Deposit Refund after check out.",2024-06-01 19:00:00,2024-06-02 18:00:00,2024-06-02 18:00:00,2024-05-31,12:56:49,23.0000000002328,0,1,1,,,,12000.0,12,24.0,24H Night,1,0.0,0, (Strict),False,6000.0,5500.0,1.0,7150.0,6.0,28.0,0.8571428571428571,0.9333333333333333,0.8571428571428571,5,0.49999999999999994,-0.8660254037844387,2024,4,22,152,1,0,Festival,False,Standard,Tier 2,High,1.0,0.0,0.0,,,False,False,Festival,0,7,7,1,0,1,1,1,summer,1,0,24H Night,24.0,1.0,24H,0,0.0,12000.0,1.0,0,1.0,1.0,0,1,0,Clear,0,Last Minute,0.0,26.0,20.0,60.0,4.2,25.0,100.0,75.0,6638.888888888889,12307.692307692309,6967.391304347826,6638.888888888889,6488.888888888889,6638.888888888889,12166.666666666666,0.93,1,1.534,2564.1,7366.666666666667,5400.0,7366.666666666667,5400.0,3740.2094415509227,33.0,1.0,4400.0,11200.0,1,0,0,0,0,0,0,0,1,0,0,0,0,0,1.0,0.25833333333333336,89.0,0.9183575073940534,-0.07619047619047625,56.93357507394053,0.0,1,5,1.891,1.2,1.067,0.8,0,8500.0,0,0
Booked by Jenil,"Booking confirmed ✅ 
Farm number 11

2 Jun 2024 at 7:00 PM to 3 Jun 2024 at 6:00 PM
12 Persons
Rent: ₹5500
Deposit: ₹2000

₹2000 received 

Deposit Refund after check out.",2024-06-02 19:00:00,2024-06-03 18:00:00,2024-06-03 18:00:00,2024-06-01,18:20:11,23.0000000002328,0,0,1,,,,5500.0,12,24.0,24H Night,1,0.0,0, (Strict),False,12000.0,6000.0,1.0,7100.0,7.0,29.0,1.0,0.9666666666666667,1.0,6,1.2246467991473532e-16,-1.0,2024,5,22,153,0,0,Festival,False,Standard,Tier 2,High,1.0,0.0,0.0,,,False,False,Festival,0,7,7,0,0,0,0,1,monsoon,1,0,24H Night,24.0,1.0,24H,0,0.0,5500.0,1.0,0,1.0,1.0,0,1,0,Clear,0,Last Minute,0.0,26.0,20.0,60.0,4.2,25.0,60.0,75.0,5604.347826086957,4765.714285714285,5557.142857142857,5604.347826086957,5720.51282051282,5604.347826086957,4741.666666666667,1.0,1,1.221,990.28,4487.5,4500.0,4487.5,4500.0,917.6115025244711,24.0,1.0,4150.0,5125.0,0,0,1,0,0,0,0,0,1,0,0,0,0,0,1.0,0.225,93.0,1.0344720571856154,0.033333333333333326,37.09472057185616,0.0,1,5,1.891,1.2,1.067,0.8,0,8500.0,0,0
Booked by Raj,"Booking confirmed ✅ 
Farm number 11

4 Jun 2024 at 7:00 PM to 5 Jun 2024 at 6:00 PM
15 Persons
Rent: ₹6000
Deposit: ₹2000

₹2000 received 

Deposit Refund after check out.",2024-06-04 19:00:00,2024-06-05 18:00:00,2024-06-05 18:00:00,2024-06-01,15:45:45,23.0000000002328,0,0,1,,,,6000.0,15,24.0,24H Night,3,0.0,0, (Strict),False,5500.0,12000.0,0.0,7100.0,8.0,30.0,1.0,1.0,1.1428571428571428,6,1.2246467991473532e-16,-1.0,2024,5,22,153,0,0,Festival,False,Standard,Tier 2,High,1.0,0.0,0.0,,,False,False,Festival,0,7,7,0,0,0,0,1,monsoon,1,0,24H Night,24.0,1.0,24H,0,0.0,6000.0,1.0,0,1.0,1.0,0,0,1,Clear,1,Last Minute,0.0,26.0,20.0,60.0,4.2,25.0,60.0,90.0,5593.478260869565,4751.428571428572,5542.857142857143,5593.478260869565,5707.692307692308,5593.478260869565,4720.833333333333,1.0,1,1.221,990.28,4487.5,4500.0,4487.5,4500.0,917.6115025244711,24.0,1.0,4150.0,5125.0,0,0,1,0,0,0,0,0,1,0,0,0,0,0,1.0,0.225,93.0,1.1428457143999988,0.0,38.178457143999985,0.0,1,5,1.891,1.2,1.067,0.8,0,8500.0,0,0
Bragaining Booked by Dhruv,"Booking confirmed ✅ 
Farm number 11

5 Jun 2024 at 7:00 PM to 6 Jun 2024 at 6:00 PM
13 Persons
Rent: ₹6000
Deposit: ₹2000

₹2000 received 

Deposit Refund after check out.",2024-06-05 19:00:00,2024-06-06 18:00:00,2024-06-06 18:00:00,2024-06-02,19:33:09,23.0000000002328,0,0,1,,,,6000.0,13,24.0,24H Night,2,0.0,0, (Strict),False,6000.0,5500.0,1.0,7100.0,9.0,31.0,1.0,1.0,1.2857142857142858,6,1.2246467991473532e-16,-1.0,2024,6,22,154,0,0,Festival,False,Standard,Tier 2,High,1.0,0.0,0.0,,,False,False,Festival,0,7,7,0,0,0,0,1,monsoon,1,0,24H Night,24.0,1.0,24H,0,0.0,6000.0,1.0,0,1.0,1.0,0,0,1,Clear,0,Last Minute,0.0,26.0,20.0,60.0,4.2,25.0,60.0,90.0,5593.478260869565,4751.428571428572,5542.857142857143,5593.478260869565,5707.692307692308,5593.478260869565,4720.833333333333,1.0,1,1.221,990.28,4487.5,4500.0,4487.5,4500.0,917.6115025244711,24.0,1.0,4150.0,5125.0,0,0,0,0,1,0,0,0,1,0,0,0,0,0,1.0,0.225,93.0,1.24422759042424,0.0,39.1922759042424,0.0,1,5,1.891,1.2,1.067,0.8,0,8500.0,0,0
Booked by Rakesh,"3 Jun 2024 at 7:00 PM to 4 Jun 2024 at 6:00 PM
12 Persons
Rent: ₹6000
Deposit: ₹2000

₹2000 received

Deposit Refund after check out.",2024-06-03 19:00:00,2024-06-04 18:00:00,2024-06-04 18:00:00,2024-06-03,07:55:57,23.0000000002328,0,0,1,,,,6000.0,12,24.0,24H Night,0,0.0,0, (Strict),False,6000.0,6000.0,1.0,7100.0,6.0,30.0,0.8571428571428571,1.0,0.8571428571428571,6,1.2246467991473532e-16,-1.0,2024,0,23,155,0,0,Festival,False,Standard,Tier 2,High,1.0,0.0,0.0,,,False,False,Festival,0,7,7,0,0,0,0,1,monsoon,1,0,24H Night,24.0,1.0,24H,0,0.0,6000.0,1.0,0,1.0,1.0,0,1,0,Clear,0,Same Day,0.0,26.0,20.0,60.0,4.2,25.0,60.0,75.0,5593.478260869565,4751.428571428572,5542.857142857143,5593.478260869565,5707.692307692308,5593.478260869565,4720.833333333333,1.0,1,1.221,990.28,4487.5,4500.0,4487.5,4500.0,917.6115025244711,24.0,1.0,4150.0,5125.0,0,0,0,0,0,0,0,1,0,0,0,0,0,0,1.0,0.225,93.0,0.8571342857999991,-0.1428571428571429,35.321342857999994,0.0,1,5,1.891,1.2,1.067,0.8,0,8500.0,0,0
Booked by Mayur,"Booking confirmed ✅ 
Farm number 11

6 Jun 2024 at 7:00 PM to 7 Jun 2024 at 6:00 PM
15 Persons
Rent: ₹5500
Deposit: ₹2000

₹2000 received

Deposit Refund after check out.",2024-06-06 19:00:00,2024-06-07 18:00:00,2024-06-07 18:00:00,2024-06-06,16:55:00,23.0000000002328,0,0,1,,,,5500.0,15,24.0,24H Night,0,0.0,0, (Strict),False,6000.0,6000.0,3.0,6350.0,6.0,28.0,0.8571428571428571,0.9333333333333333,0.8571428571428571,6,1.2246467991473532e-16,-1.0,2024,3,23,158,0,0,Festival,False,Standard,Tier 2,High,1.0,0.0,0.0,,,False,False,Festival,0,7,7,0,0,0,0,1,monsoon,1,0,24H Night,24.0,1.0,24H,0,0.0,5500.0,1.0,0,1.0,1.0,0,0,1,Clear,0,Same Day,0.0,26.0,20.0,60.0,4.2,25.0,60.0,75.0,5604.347826086957,4765.714285714285,5557.142857142857,5604.347826086957,5720.51282051282,5604.347826086957,4741.666666666667,1.0,1,1.221,990.28,4487.5,4500.0,4487.5,4500.0,917.6115025244711,24.0,1.0,4150.0,5125.0,0,0,0,0,0,0,0,1,0,0,0,0,0,0,1.0,0.225,93.0,0.9183575073940534,-0.07619047619047625,35.93357507394053,0.0,1,5,1.891,1.2,1.067,0.8,0,8500.0,0,0
Booked by Prakash,"Booking confirmed ✅ 
Farm number - 11

16 Jun 2024 at 7:00 PM to 17 Jun 2024 at 6:00 PM
14 Persons
Rent: ₹5500
Deposit: ₹2000

₹2000 received

Deposit Refund after check out.",2024-06-16 19:00:00,2024-06-17 18:00:00,2024-06-17 18:00:00,2024-06-06,09:29:09,23.0000000002328,Bakrid,0,0,,,,5500.0,14,24.0,24H Night,10,0.0,0, (Strict),False,5500.0,6000.0,0.0,6300.0,7.0,29.0,1.0,0.9666666666666667,1.0,6,1.2246467991473532e-16,-1.0,2024,3,23,158,0,1,Festival,True,Standard,Tier 2,High,1.0,0.0,0.0,,,False,False,Festival,0,7,7,0,1,0,0,0,monsoon,1,0,24H Night,24.0,1.0,24H,0,0.0,5500.0,1.0,0,1.0,1.0,0,0,1,Clear,2,Standard,0.0,26.0,20.0,60.0,4.2,25.0,60.0,90.0,5602.127659574468,4786.111111111111,5555.555555555556,5602.127659574468,4957.142857142857,5602.127659574468,4785.714285714285,0.7,4,1.221,990.28,4487.5,4500.0,4487.5,4500.0,917.6115025244711,24.0,1.0,4150.0,5125.0,0,0,0,0,0,0,0,0,0,0,1,0,0,0,1.0,0.225,93.0,1.0344720571856154,0.033333333333333326,52.09472057185616,0.5,1,5,1.891,1.2,1.067,0.8,0,8500.0,0,0
Booked by Yash,"Booking confirmed ✅ 
Farm number 11

11 Jun 2024 at 7:00 PM to 12 Jun 2024 at 6:00 PM
7 Persons
Rent: ₹5500
Deposit: ₹2000

₹2000 received

Deposit Refund after check out.",2024-06-11 19:00:00,2024-06-12 18:00:00,2024-06-12 18:00:00,2024-06-06,21:02:30,23.0000000002328,0,0,0,,,,5500.0,7,24.0,24H Night,4,0.0,0, (Strict),False,5500.0,5500.0,0.0,6350.0,8.0,30.0,1.0,1.0,1.1428571428571428,6,1.2246467991473532e-16,-1.0,2024,3,23,158,0,0,Festival,False,Standard,Tier 2,High,1.0,0.0,0.0,,,False,False,Festival,0,7,7,0,0,0,0,0,monsoon,0,0,24H Night,24.0,1.0,24H,0,0.0,5500.0,1.0,0,1.0,1.0,0,1,0,Clear,1,Standard,0.0,26.0,20.0,60.0,4.2,25.0,60.0,90.0,5604.347826086957,4765.714285714285,4850.0,5604.347826086957,4866.666666666667,5604.347826086957,4685.714285714285,0.74,3,1.221,990.28,4487.5,4500.0,4487.5,4500.0,917.6115025244711,24.0,1.0,4150.0,5125.0,0,0,0,0,0,0,0,0,0,1,0,0,0,0,1.0,0.225,93.0,1.1428457143999988,0.0,38.178457143999985,0.0,1,5,1.891,1.2,1.067,0.8,0,8500.0,0,0
Booked by farm 14,"7 Jun 2024 at 7:00 PM to 8 Jun 2024 at 6:00 PM
15 Persons
Rent: ₹5000
Deposit: ₹2000

₹2000 received

Deposit Refund after check out.",2024-06-07 19:00:00,2024-06-08 18:00:00,2024-06-08 18:00:00,2024-06-07,13:14:09,23.0000000002328,0,0,1,,,,5000.0,15,24.0,24H Night,0,0.0,0, (Strict),False,5500.0,5500.0,1.0,6300.0,8.0,31.0,1.0,1.0,1.1428571428571428,6,1.2246467991473532e-16,-1.0,2024,4,23,159,0,0,Festival,False,Standard,Tier 2,High,1.0,0.0,0.0,,,False,False,Festival,0,7,7,0,0,0,0,1,monsoon,1,0,24H Night,24.0,1.0,24H,0,0.0,5000.0,1.0,0,1.0,1.0,0,0,1,Clear,0,Same Day,0.0,26.0,20.0,60.0,4.2,25.0,60.0,75.0,5615.217391304348,4780.0,5571.428571428572,5615.217391304348,5733.333333333333,5615.217391304348,4762.5,1.0,1,1.221,990.28,4487.5,4500.0,4487.5,4500.0,917.6115025244711,24.0,1.0,4150.0,5125.0,1,0,0,0,0,0,0,1,0,0,0,0,0,0,1.0,0.225,93.0,1.105980080377102,0.0,37.80980080377102,0.0,1,5,1.891,1.2,1.067,0.8,0,8500.0,0,0
Booked by Surjit,"Booking confirmed ✅ 
Farm number 11

8 Jun 2024 at 7:00 PM to 9 Jun 2024 at 6:00 PM
10 Persons
Rent: ₹13000
Deposit: ₹2000

₹5000 received

Deposit Refund after check out.",2024-06-08 19:00:00,2024-06-09 18:00:00,2024-06-09 18:00:00,2024-06-07,22:01:20,23.0000000002328,0,1,1,,,,13000.0,10,24.0,24H Night,0,0.0,0, (Strict),False,5000.0,5500.0,0.0,7000.0,9.0,32.0,1.0,1.0,1.2857142857142858,6,1.2246467991473532e-16,-1.0,2024,4,23,159,1,0,Festival,False,Standard,Tier 2,High,1.0,0.0,0.0,,,False,False,Festival,0,7,7,1,0,0,0,1,monsoon,1,0,24H Night,24.0,1.0,24H,0,0.0,13000.0,1.0,0,1.0,1.0,0,1,0,Clear,0,Same Day,0.0,26.0,20.0,60.0,4.2,25.0,100.0,75.0,5441.304347826087,7800.0,5342.857142857143,5441.304347826087,5528.205128205128,5441.304347826087,8600.0,0.92,1,1.221,990.28,5477.777777777777,4200.0,5477.777777777777,4200.0,3125.8639831294067,27.0,1.0,3650.0,6200.0,1,0,0,0,0,0,0,1,0,0,0,0,0,0,1.0,0.225,93.0,1.2053458427398671,0.0,58.803458427398674,0.0,1,5,1.891,1.2,1.067,0.8,0,8500.0,0,0
Booked by Renish,"Booking confirmed ✅ 
Farm number 11

9 Jun 2024 at 7:30 PM to 10 Jun 2024 at 6:00 PM
7 Persons
Rent: ₹5500
Deposit: ₹2000

₹2000 received 

Deposit Refund after check out.",2024-06-09 19:30:00,2024-06-10 18:00:00,2024-06-10 18:00:00,2024-06-08,19:15:01,22.5,0,0,1,,,,5500.0,7,24.0,24H Night,1,0.0,0, (Strict),False,13000.0,5000.0,1.0,6350.0,8.0,33.0,1.0,1.0,1.1428571428571428,6,1.2246467991473532e-16,-1.0,2024,5,23,160,0,0,Festival,False,Standard,Tier 2,High,1.0,0.0,0.0,,,False,False,Festival,0,7,7,0,0,0,0,1,monsoon,1,0,24H Night,24.0,1.0,24H,0,0.0,5500.0,1.0,0,1.0,1.0,0,1,0,Clear,0,Last Minute,0.0,26.0,20.0,60.0,4.2,25.0,60.0,75.0,5604.347826086957,4765.714285714285,4850.0,5604.347826086957,5720.51282051282,5604.347826086957,4560.0,0.92,1,1.221,990.28,4487.5,4500.0,4487.5,4500.0,917.6115025244711,24.0,1.0,4150.0,5125.0,0,0,1,0,0,0,0,0,1,0,0,0,0,0,1.0,0.225,93.0,1.0389515939465483,0.0,37.13951593946548,0.0,1,5,1.891,1.2,1.067,0.8,0,8500.0,0,0
Booked by Harshil,"12 Jun 2024 at 7:00 PM to 13 Jun 2024 at 6:00 PM
7 Persons
Rent: ₹5000
Deposit: ₹2000

₹2000 received 

Deposit Refund after check out.",2024-06-12 19:00:00,2024-06-13 18:00:00,2024-06-13 18:00:00,2024-06-11,10:25:28,23.0000000002328,0,0,0,,,,5000.0,7,24.0,24H Night,1,0.0,0, (Strict),False,5500.0,13000.0,3.0,6300.0,7.0,29.0,1.0,0.9666666666666667,1.0,6,1.2246467991473532e-16,-1.0,2024,1,24,163,0,0,Festival,False,Standard,Tier 2,High,1.0,0.0,0.0,,,False,False,Festival,0,7,7,0,0,0,0,0,monsoon,0,0,24H Night,24.0,1.0,24H,0,0.0,5000.0,1.0,0,1.0,1.0,0,1,0,Clear,0,Last Minute,0.0,26.0,20.0,60.0,4.2,25.0,60.0,75.0,5615.217391304348,4780.0,4912.5,5615.217391304348,5733.333333333333,5615.217391304348,4660.0,0.92,1,1.221,990.28,4487.5,4500.0,4487.5,4500.0,917.6115025244711,24.0,1.0,4150.0,5125.0,0,0,0,0,0,0,0,0,1,0,0,0,0,0,1.0,0.225,93.0,1.0344720571856154,0.033333333333333326,37.09472057185616,0.0,1,5,1.891,1.2,1.067,0.8,0,8500.0,0,0
Booked by Sanjay,"Booking confirmed ✅ 
Farm number 11

13 Jun 2024 at 7:00 PM to 14 Jun 2024 at 6:00 PM
10 Persons
Rent: ₹5500
Deposit: ₹2000

₹2000 received 

Deposit Refund after check out.",2024-06-13 19:00:00,2024-06-14 18:00:00,2024-06-14 18:00:00,2024-06-11,14:24:42,23.0000000002328,0,0,0,,,,5500.0,10,24.0,24H Night,2,0.0,0, (Strict),False,5000.0,5500.0,0.0,6250.0,8.0,30.0,1.0,1.0,1.1428571428571428,6,1.2246467991473532e-16,-1.0,2024,1,24,163,0,0,Festival,False,Standard,Tier 2,High,1.0,0.0,0.0,,,False,False,Festival,0,7,7,0,0,0,0,0,monsoon,0,0,24H Night,24.0,1.0,24H,0,0.0,5500.0,1.0,0,1.0,1.0,0,1,0,Clear,0,Last Minute,0.0,26.0,20.0,60.0,4.2,25.0,60.0,90.0,5604.347826086957,4765.714285714285,5557.142857142857,5604.347826086957,5720.51282051282,5604.347826086957,4741.666666666667,1.0,1,1.221,990.28,4487.5,4500.0,4487.5,4500.0,917.6115025244711,24.0,1.0,4150.0,5125.0,0,0,0,0,0,0,0,0,1,0,0,0,0,0,1.0,0.225,93.0,1.1428457143999988,0.0,38.178457143999985,0.0,1,5,1.891,1.2,1.067,0.8,0,8500.0,0,0
Booked by Farm number 12,Rent: 3000 rent,2024-06-11 13:00:00,2024-06-11 18:00:00,2024-06-11 18:00:00,2024-06-11,14:27:34,5.00000000023283,0,0,0,,,,3000.0,4,12.0,12H Day,0,0.0,0, (Strict),False,3000.0,3500.0,0.0,3550.0,9.0,31.0,1.0,1.0,1.2857142857142858,6,1.2246467991473532e-16,-1.0,2024,1,24,163,0,0,Festival,False,Standard,Tier 2,High,1.0,0.0,0.0,,,False,False,Festival,0,7,7,0,0,0,0,0,monsoon,0,0,12H Day,12.0,0.5,12H,0,0.0,6000.0,1.0,0,1.0,1.0,0,1,0,Clear,0,Same Day,0.0,26.0,20.0,60.0,4.2,25.0,60.0,75.0,3290.909090909091,3290.909090909091,3018.181818181818,3290.909090909091,3336.842105263158,3290.909090909091,3018.181818181818,0.98,1,1.278,754.17,2712.5,2550.0,2712.5,2550.0,725.9230577094833,8.0,1.0,2400.0,3100.0,0,0,0,0,0,0,0,1,0,0,0,0,0,0,1.0,0.225,93.0,1.24422759042424,0.0,39.1922759042424,0.0,1,5,1.891,1.2,1.067,0.8,0,8500.0,0,0
Booked by Sunil,"Booking confirmed ✅ 
Farm number 11

14 Jun 2024 at 7:00 PM to 15 Jun 2024 at 6:00 PM
10 Persons
Rent: ₹6000
Deposit: ₹2000

₹2000 received

Deposit Refund after check out.",2024-06-14 19:00:00,2024-06-15 18:00:00,2024-06-15 18:00:00,2024-06-12,14:03:46,23.0000000002328,0,0,0,,,,6000.0,10,24.0,24H Night,2,0.0,0, (Strict),False,5500.0,5000.0,1.0,6250.0,10.0,31.0,1.0,1.0,1.4285714285714286,6,1.2246467991473532e-16,-1.0,2024,2,24,164,0,0,Festival,False,Standard,Tier 2,High,1.0,0.0,0.0,,,False,False,Festival,0,7,7,0,0,0,0,0,monsoon,0,0,24H Night,24.0,1.0,24H,0,0.0,6000.0,1.0,0,1.0,1.0,0,1,0,Clear,0,Last Minute,0.0,26.0,20.0,60.0,4.2,25.0,60.0,90.0,5593.478260869565,4751.428571428572,5542.857142857143,5593.478260869565,5707.692307692308,5593.478260869565,4720.833333333333,1.0,1,1.221,990.28,4487.5,4500.0,4487.5,4500.0,917.6115025244711,24.0,1.0,4150.0,5125.0,0,0,0,0,0,0,0,0,1,0,0,0,0,0,1.0,0.225,93.0,1.3824751004713778,0.0,40.574751004713775,0.0,1,5,1.891,1.2,1.067,0.8,0,8500.0,0,0
Booked by farm 16,"15 Jun 2024 at 7:00 PM to 16 Jun 2024 at 7:00 AM
10 Persons
Rent: ₹3000
Deposit: ₹2000

Deposit Refund after check out.",2024-06-15 19:00:00,2024-06-16 07:00:00,2024-06-16 07:00:00,2024-06-15,15:11:42,12.0,0,1,0,,,,3000.0,10,12.0,12H Night,0,0.0,0, (Month),False,4000.0,4000.0,3.0,3170.0,5.0,29.0,0.7142857142857143,0.9666666666666667,0.7142857142857143,6,1.2246467991473532e-16,-1.0,2024,5,24,167,1,0,Festival,False,Standard,Tier 2,High,1.0,0.0,0.0,,,False,False,Festival,0,7,7,0,0,0,0,0,monsoon,1,0,12H Night,12.0,0.5,12H,0,0.0,6000.0,1.0,0,1.0,1.0,0,1,0,Clear,0,Same Day,0.0,26.0,20.0,60.0,4.2,25.0,100.0,75.0,2650.0,3000.0,2833.3333333333335,2650.0,2437.5,2650.0,2650.0,0.47000000000000003,6,0.865,-375.33,2398.0,2670.0,2398.0,2670.0,877.3938682256675,5.0,1.0,1500.0,2820.0,0,0,1,0,0,0,0,1,0,0,0,0,0,0,1.0,0.225,93.0,0.7389086122754396,-0.2523809523809524,54.13908612275439,0.0,1,5,1.891,1.2,1.067,0.8,0,8500.0,0,0
Booked by Rahul,"Booking confirmed ✅ 
Farm number 11

16 Jun 2024 at 8:30 AM to 16 Jun 2024 at 8:30 PM
20 Persons
Rent: ₹10000
Deposit: ₹2000

₹3000 received

Deposit Refund after check out.",2024-06-16 08:30:00,2024-06-16 20:30:00,2024-06-16 20:30:00,2024-06-15,12:53:16,12.0,0,0,0,,,,10000.0,20,12.0,12H Day,0,0.0,2,"MAD, IQR (Strict)",True,3000.0,3000.0,0.0,4250.0,6.0,30.0,0.8571428571428571,1.0,0.8571428571428571,6,1.2246467991473532e-16,-1.0,2024,5,24,167,0,0,Festival,False,Standard,Tier 2,High,1.0,0.0,0.0,,,False,False,Festival,0,7,7,0,0,0,0,0,monsoon,0,0,12H Day,12.0,0.5,12H,0,0.0,20000.0,1.0,0,1.0,1.0,0,0,1,Clear,0,Same Day,0.0,26.0,20.0,60.0,4.2,25.0,60.0,75.0,2972.7272727272725,2972.7272727272725,2972.7272727272725,2972.7272727272725,2968.4210526315787,2972.7272727272725,2972.7272727272725,0.6,5,1.278,754.17,2712.5,2550.0,2712.5,2550.0,725.9230577094833,8.0,1.0,2400.0,3100.0,0,1,0,0,0,0,0,1,0,0,0,0,0,0,1.0,0.225,93.0,0.8571342857999991,-0.1428571428571429,35.321342857999994,0.0,1,5,1.891,1.2,1.067,0.8,0,8500.0,0,0
Booked by Pankaj,"Booking confirmed ✅ 
Farm number 11

24 Jun 2024 at 8:00 PM to 25 Jun 2024 at 8:00 AM
10 Persons
Rent: ₹3000
Deposit: ₹2000

₹2000 received

Deposit Refund after check out.",2024-06-24 20:00:00,2024-06-25 08:00:00,2024-06-25 08:00:00,2024-06-17,10:53:45,12.0,0,0,0,,,,3000.0,10,12.0,12H Night,7,0.0,0, (Month),False,3000.0,4000.0,2.0,3220.0,7.0,28.0,1.0,0.9333333333333333,1.0,6,1.2246467991473532e-16,-1.0,2024,0,25,169,0,0,Festival,False,Standard,Tier 2,High,1.0,0.0,0.0,,,False,False,Festival,0,7,7,0,0,0,0,0,monsoon,0,0,12H Night,12.0,0.5,12H,0,0.0,6000.0,1.0,0,1.0,1.0,0,1,0,Clear,1,Standard,0.0,26.0,20.0,60.0,4.2,25.0,60.0,90.0,2650.0,2562.5,2833.3333333333335,2650.0,4000.0,2650.0,2562.5,0.55,5,0.865,-375.33,2773.3333333333335,2660.0,2773.3333333333335,2660.0,698.0735395835217,6.0,1.0,2365.0,2955.0,0,0,0,0,0,0,0,0,0,1,0,0,0,0,1.0,0.225,93.0,1.071417091959729,0.06666666666666665,37.464170919597294,0.0,1,5,1.891,1.2,1.067,0.8,0,8500.0,0,0
Booked by Mahendra,"Booking confirmed ✅ 
Farm number 11

1 Jul 2024 at 10:00 AM to 1 Jul 2024 at 6:00 PM
2 Persons
Rent: ₹2500
Deposit: ₹1000

₹1000 received 

Deposit Refund after check out.",2024-07-01 10:00:00,2024-07-01 21:00:00,2024-07-01 21:00:00,2024-06-17,13:29:43,11.0000000002328,0,0,0,,,,2500.0,2,12.0,Couple Half Day,13,0.0,0, (Strict),False,4500.0,3000.0,0.0,2480.0,8.0,29.0,1.0,0.9666666666666667,1.1428571428571428,6,1.2246467991473532e-16,-1.0,2024,0,25,169,0,0,Festival,False,Standard,Tier 2,High,1.0,0.0,0.0,,,False,False,Festival,0,7,7,0,0,0,0,0,monsoon,0,0,12H Day,12.0,0.5,12H,0,0.0,5000.0,1.0,0,1.0,1.0,1,0,0,Clear,2,Standard,0.0,26.0,20.0,60.0,4.2,25.0,50.0,90.0,3313.6363636363635,3313.6363636363635,2340.0,3313.6363636363635,3250.0,3313.6363636363635,2340.0,0.72,3,1.278,754.17,2712.5,2550.0,2712.5,2550.0,725.9230577094833,8.0,1.0,2400.0,3100.0,0,0,0,0,0,0,0,0,0,0,1,0,0,0,1.0,0.225,93.0,1.182253779640703,0.033333333333333326,38.57253779640703,0.0,1,5,1.891,1.2,1.067,0.8,0,8500.0,0,0
Booked by Nishant,"Booking confirmed ✅ 
Farm number 11

21 Jun 2024 at 7:00 AM to 21 Jun 2024 at 6:00 PM
12 Persons
Rent: ₹4000
Deposit: ₹2000

₹2000 received
Payment name: Sushil pandey

Deposit Refund after check out.",2024-06-21 07:00:00,2024-06-21 18:00:00,2024-06-21 18:00:00,2024-06-20,19:46:18,11.0000000002328,0,0,0,,,,4000.0,12,12.0,12H Day,0,0.0,0, (Strict),False,10000.0,3000.0,3.0,4300.0,5.0,29.0,0.7142857142857143,0.9666666666666667,0.7142857142857143,6,1.2246467991473532e-16,-1.0,2024,3,25,172,0,0,Festival,False,Standard,Tier 2,High,1.0,0.0,0.0,,,False,False,Festival,0,7,7,0,0,0,0,0,monsoon,0,0,12H Day,12.0,0.5,12H,0,0.0,8000.0,1.0,0,1.0,1.0,0,1,0,Clear,0,Same Day,0.0,26.0,20.0,60.0,4.2,25.0,60.0,75.0,3245.4545454545455,3245.4545454545455,3666.6666666666665,3245.4545454545455,3284.2105263157896,3245.4545454545455,3666.6666666666665,0.7,3,1.278,754.17,2712.5,2550.0,2712.5,2550.0,725.9230577094833,8.0,1.0,2400.0,3100.0,0,0,0,0,0,0,0,1,0,0,0,0,0,0,1.0,0.225,93.0,0.7389086122754396,-0.2523809523809524,34.13908612275439,0.0,1,5,1.891,1.2,1.067,0.8,0,8500.0,0,0
Booked by Krupesh,"Booking confirmed ✅ 
Farm number 11

22 Jun 2024 at 7:00 AM to 22 Jun 2024 at 6:00 PM
4 Persons
Rent: ₹3200
Deposit: ₹1000

₹2000 received 

Deposit Refund after check out.",2024-06-22 07:00:00,2024-06-22 18:00:00,2024-06-22 18:00:00,2024-06-21,17:46:50,11.0000000002328,0,0,0,,,,3200.0,4,12.0,12H Day,0,0.0,0, (Strict),False,4000.0,10000.0,1.0,4220.0,6.0,29.0,0.8571428571428571,0.9666666666666667,0.8571428571428571,6,1.2246467991473532e-16,-1.0,2024,4,25,173,0,0,Festival,False,Standard,Tier 2,High,1.0,0.0,0.0,,,False,False,Festival,0,7,7,0,0,0,0,0,monsoon,0,0,12H Day,12.0,0.5,12H,0,0.0,6400.0,1.0,0,1.0,1.0,0,1,0,Clear,0,Same Day,0.0,26.0,20.0,60.0,4.2,25.0,60.0,75.0,3281.818181818182,3281.818181818182,3000.0,3281.818181818182,3326.315789473684,3281.818181818182,3000.0,0.98,1,1.278,754.17,2712.5,2550.0,2712.5,2550.0,725.9230577094833,8.0,1.0,2400.0,3100.0,0,0,0,0,0,0,0,1,0,0,0,0,0,0,1.0,0.225,93.0,0.8866903347305274,-0.10952380952380958,35.616903347305275,0.0,1,5,1.891,1.2,1.067,0.8,0,8500.0,0,0
Booked by farm number 12 couple,Rent: ₹2000,2024-06-20 00:00:00,2024-06-20 01:00:00,2024-06-20 01:00:00,2024-06-21,00:10:51,0.999999999767169,0,0,0,,,,2000.0,4,12.0,12H Night,0,0.0,0, (Month),False,3000.0,3000.0,0.0,3120.0,7.0,30.0,1.0,1.0,1.0,6,1.2246467991473532e-16,-1.0,2024,4,25,173,0,0,Festival,False,Standard,Tier 2,High,1.0,0.0,0.0,,,False,False,Festival,0,7,7,0,0,0,0,0,monsoon,0,0,12H Night,12.0,0.5,12H,0,0.0,4000.0,1.0,0,1.0,1.0,0,1,0,Clear,0,Same Day,0.0,26.0,20.0,60.0,4.2,25.0,60.0,75.0,2750.0,2687.5,2500.0,2750.0,2562.5,2750.0,2687.5,0.55,5,0.865,-375.33,2773.3333333333335,2660.0,2773.3333333333335,2660.0,698.0735395835217,6.0,1.0,2365.0,2955.0,1,0,0,0,0,0,0,1,0,0,0,0,0,0,1.0,0.225,93.0,0.9999900000999989,0.0,36.749900000999986,0.0,1,5,1.891,1.2,1.067,0.8,0,8500.0,0,0
Booked by Jinash,"Booking confirmed ✅
Farm number 11

22 Jun 2024 at 7:00 PM to 23 Jun 2024 at 6:00 PM
10 Persons
Rent: ₹7000
Deposit: ₹2000

₹3000 received 

Deposit Refund after check out.",2024-06-22 19:00:00,2024-06-23 18:00:00,2024-06-23 18:00:00,2024-06-21,12:28:22,23.0000000002328,0,1,0,,,,7000.0,10,24.0,24H Night,1,0.0,0, (Strict),False,6000.0,5500.0,0.0,6350.0,8.0,31.0,1.0,1.0,1.1428571428571428,6,1.2246467991473532e-16,-1.0,2024,4,25,173,1,0,Festival,False,Standard,Tier 2,High,1.0,0.0,0.0,,,False,False,Festival,0,7,7,0,0,0,0,0,monsoon,1,0,24H Night,24.0,1.0,24H,0,0.0,7000.0,1.0,0,1.0,1.0,0,1,0,Clear,0,Last Minute,0.0,26.0,20.0,60.0,4.2,25.0,100.0,75.0,5571.739130434783,8400.0,5514.285714285715,5571.739130434783,5682.051282051282,5571.739130434783,9800.0,0.92,1,1.221,990.28,5477.777777777777,4200.0,5477.777777777777,4200.0,3125.8639831294067,27.0,1.0,3650.0,6200.0,1,0,0,0,0,0,0,0,1,0,0,0,0,0,1.0,0.225,93.0,1.105980080377102,0.0,57.80980080377102,0.0,1,5,1.891,1.2,1.067,0.8,0,8500.0,0,0
Booked by Tushar,"Booking confirmed ✅ 
Farm number 11

23 Jun 2024 at 7:30 PM to 24 Jun 2024 at 7:30 PM
9 Persons
Rent: ₹3300
Deposit: ₹2000

₹1000 received

Deposit Refund after check out.",2024-06-23 19:30:00,2024-06-24 19:30:00,2024-06-24 19:30:00,2024-06-22,13:14:43,24.0,0,0,0,,,,3300.0,9,24.0,24H Night,1,0.0,1,MAD (Strict),False,7000.0,6000.0,1.0,6130.0,7.0,30.0,1.0,1.0,1.0,6,1.2246467991473532e-16,-1.0,2024,5,25,174,0,0,Festival,False,Standard,Tier 2,High,1.0,0.0,0.0,,,False,False,Festival,0,7,7,0,0,0,0,0,monsoon,0,0,24H Night,24.0,1.0,24H,0,0.0,3300.0,1.0,0,1.0,1.0,0,1,0,Clear,0,Last Minute,0.0,26.0,20.0,60.0,4.2,25.0,60.0,75.0,5652.173913043478,4828.571428571428,5620.0,5652.173913043478,5776.923076923077,5652.173913043478,4833.333333333333,1.0,1,1.221,990.28,4487.5,4500.0,4487.5,4500.0,917.6115025244711,24.0,1.0,4150.0,5125.0,0,0,1,0,0,0,0,0,1,0,0,0,0,0,1.0,0.225,93.0,0.9999900000999989,0.0,36.749900000999986,0.0,1,5,1.891,1.2,1.067,0.8,0,8500.0,0,0
Booked by Rensi,"Booking confirmed ✅ 

5 Jul 2024 at 8:00 AM to 5 Jul 2024 at 5:00 PM
2 Persons
Rent: ₹2500
Deposit: ₹1000

₹1000 received

Deposit Refund after check out.",2024-07-05 08:00:00,2024-07-05 17:00:00,2024-07-05 17:00:00,2024-06-24,11:36:01,9.0,0,0,0,,,,2500.0,2,12.0,Couple Half Day,10,0.0,0, (Strict),False,2500.0,4500.0,2.0,2530.0,6.0,30.0,0.8571428571428571,1.0,0.8571428571428571,6,1.2246467991473532e-16,-1.0,2024,0,26,176,0,0,Festival,False,Standard,Tier 2,High,1.0,0.0,0.0,,,False,False,Festival,0,7,7,0,0,0,0,0,monsoon,0,0,12H Day,12.0,0.5,12H,0,0.0,5000.0,1.0,0,1.0,1.0,1,0,0,Clear,2,Standard,0.0,26.0,20.0,60.0,4.2,25.0,50.0,90.0,3313.6363636363635,3313.6363636363635,2340.0,3313.6363636363635,3250.0,3313.6363636363635,2340.0,0.72,3,1.278,754.17,2712.5,2550.0,2712.5,2550.0,725.9230577094833,8.0,1.0,2400.0,3100.0,0,0,0,0,0,0,0,0,0,0,1,0,0,0,1.0,0.225,93.0,0.8571342857999991,-0.1428571428571429,35.321342857999994,0.0,1,5,1.891,1.2,1.067,0.8,0,8500.0,0,0
Booked by Jagdish,"Booking confirmed ✅ 
Farm number 11

29 Jun 2024 at 9:00 AM to 29 Jun 2024 at 6:00 PM
4 Persons
Rent: ₹3000
Deposit: ₹1000

₹500 received

Deposit Refund after check out.",2024-06-29 09:00:00,2024-06-29 18:00:00,2024-06-29 18:00:00,2024-06-28,09:57:36,9.0,0,0,0,,,,3000.0,4,12.0,12H Day,0,0.0,0, (Strict),False,3200.0,4000.0,4.0,4220.0,3.0,27.0,0.42857142857142855,0.9,0.42857142857142855,6,1.2246467991473532e-16,-1.0,2024,4,26,180,0,0,Festival,False,Standard,Tier 2,High,1.0,0.0,0.0,,,False,False,Festival,0,7,7,0,0,0,0,0,monsoon,0,0,12H Day,12.0,0.5,12H,0,0.0,6000.0,1.0,0,1.0,1.0,0,1,0,Clear,0,Same Day,0.0,26.0,20.0,60.0,4.2,25.0,60.0,75.0,3290.909090909091,3290.909090909091,3018.181818181818,3290.909090909091,3336.842105263158,3290.909090909091,3018.181818181818,0.98,1,1.278,754.17,2712.5,2550.0,2712.5,2550.0,725.9230577094833,8.0,1.0,2400.0,3100.0,0,0,0,0,0,0,0,1,0,0,0,0,0,0,1.0,0.225,93.0,0.47618518524397346,-0.4714285714285715,31.511851852439733,0.0,1,5,1.891,1.2,1.067,0.8,0,8500.0,0,0
Booked by Parth,"Booking confirmed ✅ 
Farm number 11

2 Jul 2024 at 8:00 AM to 2 Jul 2024 at 6:00 PM
6 Persons
Rent: ₹3000
Deposit: ₹2000

₹1000 received

Deposit Refund after check out.",2024-07-02 08:00:00,2024-07-02 18:00:00,2024-07-02 18:00:00,2024-06-29,17:55:41,9.99999999976717,0,0,0,,,,3000.0,6,12.0,12H Day,2,0.0,0, (Strict),False,3000.0,3200.0,1.0,4120.0,3.0,27.0,0.42857142857142855,0.9,0.42857142857142855,6,1.2246467991473532e-16,-1.0,2024,5,26,181,0,0,Festival,False,Standard,Tier 2,High,1.0,0.0,0.0,,,False,False,Festival,0,7,7,0,0,0,0,0,monsoon,0,0,12H Day,12.0,0.5,12H,0,0.0,6000.0,1.0,0,1.0,1.0,0,1,0,Clear,0,Last Minute,0.0,26.0,20.0,60.0,4.2,25.0,50.0,90.0,3290.909090909091,3290.909090909091,3018.181818181818,3290.909090909091,3336.842105263158,3290.909090909091,3018.181818181818,0.98,1,1.278,754.17,2712.5,2550.0,2712.5,2550.0,725.9230577094833,8.0,1.0,2400.0,3100.0,0,1,0,0,0,0,0,0,1,0,0,0,0,0,1.0,0.225,93.0,0.47618518524397346,-0.4714285714285715,31.511851852439733,0.0,1,5,1.891,1.2,1.067,0.8,0,8500.0,0,0
booked by farm number 12,Rent: ₹6000,2024-06-29 18:00:00,2024-06-30 18:00:00,2024-06-30 18:00:00,2024-06-30,00:27:26,24.0,0,1,0,,,,6000.0,4,24.0,24H Night,0,0.0,0, (Strict),False,3300.0,7000.0,1.0,6180.0,4.0,27.0,0.5714285714285714,0.9,0.5714285714285714,6,1.2246467991473532e-16,-1.0,2024,6,26,182,1,0,Festival,False,Standard,Tier 2,High,1.0,0.0,0.0,,,False,False,Festival,0,7,7,0,0,0,0,0,monsoon,1,0,24H Night,24.0,1.0,24H,0,0.0,6000.0,1.0,0,1.0,1.0,0,1,0,Clear,0,Same Day,0.0,26.0,20.0,60.0,4.2,25.0,100.0,75.0,5593.478260869565,8500.0,4787.5,5593.478260869565,5707.692307692308,5593.478260869565,8500.0,0.57,5,1.221,990.28,5477.777777777777,4200.0,5477.777777777777,4200.0,3125.8639831294067,27.0,1.0,3650.0,6200.0,0,0,0,0,1,0,0,1,0,0,0,0,0,0,1.0,0.225,93.0,0.634913580325298,-0.3285714285714286,53.09913580325298,0.0,1,5,1.891,1.2,1.067,0.8,0,8500.0,0,0
Booked by Neel,"Booking confirmed ✅ 
Farm number 11

3 Jul 2024 at 7:00 PM to 4 Jul 2024 at 8:00 AM
10 Persons
Rent: ₹3000
Deposit: ₹1000

Whole payment received 

Deposit Refund after check out.",2024-07-03 19:00:00,2024-07-04 18:00:00,2024-07-04 18:00:00,2024-07-02,18:19:19,23.0000000002328,0,0,0,,,,3000.0,10,24.0,24H Night,1,0.0,0, (Month+Slot),False,6000.0,3300.0,2.0,5930.0,4.0,25.0,0.5714285714285714,0.8333333333333334,0.5714285714285714,7,-0.4999999999999998,-0.8660254037844388,2024,1,27,184,0,0,Festival,False,Standard,Tier 2,High,1.0,0.0,0.0,,,False,False,Festival,0,7,7,0,0,0,0,0,monsoon,0,0,24H Night,24.0,1.0,24H,0,0.0,3000.0,1.0,0,1.0,1.0,0,1,0,Clear,0,Last Minute,0.0,26.0,20.0,60.0,4.2,25.0,50.0,75.0,4250.0,3416.6666666666665,4750.0,4250.0,4153.846153846154,4250.0,3416.6666666666665,0.53,5,1.493,1351.67,2740.0,2700.0,2740.0,2700.0,350.7135583350036,5.0,1.0,2400.0,3100.0,0,0,0,0,0,0,0,0,1,0,0,0,0,0,1.0,0.14166666666666666,103.0,0.6857060572415988,-0.261904761904762,31.10706057241599,0.0,1,5,1.891,1.2,1.067,0.8,0,8500.0,0,0
Booked by Rishi,"Booking confirmed
Farm number 11

6 Jul 2024 at 7:00 PM to 7 Jul 2024 at 6:00 PM
10 Persons
Rent: ₹5500
Deposit: ₹2000

₹2500 received

Deposit Refund after check out.",2024-07-06 19:00:00,2024-07-07 18:00:00,2024-07-07 18:00:00,2024-07-04,19:05:39,23.0000000002328,0,1,0,,,,5500.0,10,24.0,24H Night,1,0.0,0, (Strict),False,3000.0,6000.0,2.0,5980.0,5.0,25.0,0.7142857142857143,0.8333333333333334,0.7142857142857143,7,-0.4999999999999998,-0.8660254037844388,2024,3,27,186,1,0,Festival,False,Standard,Tier 2,High,1.0,0.0,0.0,,,False,False,Festival,0,7,7,0,0,0,0,0,monsoon,1,0,24H Night,24.0,1.0,24H,0,0.0,5500.0,1.0,0,1.0,1.0,0,1,0,Clear,0,Last Minute,0.0,26.0,20.0,60.0,4.2,25.0,94.55,75.0,4093.75,4666.666666666667,4437.5,4093.75,3961.5384615384614,4093.75,4875.0,0.91,1,1.493,1351.67,4091.6666666666665,4150.0,4091.6666666666665,4150.0,845.8006785755068,12.0,1.0,3500.0,4900.0,0,0,0,0,0,0,0,0,1,0,0,0,0,0,1.0,0.14166666666666666,103.0,0.8571325715519985,-0.11904761904761907,52.82132571551998,0.0,1,5,1.891,1.2,1.067,0.8,0,8500.0,0,0
Booked by Krushit,"Booking confirmed ✅ 
Farm number 11

11 Jul 2024 at 7:00 AM to 11 Jul 2024 at 6:00 PM
2 Persons - With swimming pool
Rent: ₹2500
Deposit: ₹1000

₹1000 received

Deposit Refund after check out.",2024-07-11 07:00:00,2024-07-11 18:00:00,2024-07-11 18:00:00,2024-07-09,19:02:48,11.0000000002328,0,0,0,,,,2500.0,2,12.0,Couple Half Day,1,0.0,0, (Strict),False,2500.0,2500.0,5.0,2560.0,2.0,20.0,0.2857142857142857,0.6666666666666666,0.2857142857142857,7,-0.4999999999999998,-0.8660254037844388,2024,1,28,191,0,0,Festival,False,Standard,Tier 2,High,1.0,0.0,0.0,,,False,False,Festival,0,7,7,0,0,0,0,0,monsoon,0,0,12H Day,12.0,0.5,12H,0,0.0,5000.0,1.0,0,1.0,1.0,1,0,0,Clear,0,Last Minute,0.0,26.0,20.0,60.0,4.2,25.0,50.0,75.0,2979.4117647058824,2979.4117647058824,2173.684210526316,2979.4117647058824,2180.9523809523807,2979.4117647058824,1986.6666666666667,1.0,1,0.895,-273.85,2620.0,2300.0,2620.0,2300.0,1295.1732255611703,20.0,1.0,2000.0,2550.0,0,0,0,0,0,0,0,0,1,0,0,0,0,0,1.0,0.14166666666666666,103.0,0.4285650000964272,-0.38095238095238093,28.53565000096427,0.0,1,5,1.891,1.2,1.067,0.8,0,8500.0,0,0
Booked by Brijesh,"Booking confirmed ✅ 
Farm number 11

10 Jul 2024 at 7:00 AM to 10 Jul 2024 at 6:00 PM
2 Persons
Rent: ₹2500
Deposit: ₹1000

₹1000 received 

Deposit Refund after check out.",2024-07-10 07:00:00,2024-07-10 18:00:00,2024-07-10 18:00:00,2024-07-09,12:39:10,11.0000000002328,0,0,0,,,,2500.0,2,12.0,Couple Half Day,0,0.0,0, (Strict),False,2500.0,2500.0,0.0,2590.0,3.0,21.0,0.42857142857142855,0.7,0.42857142857142855,7,-0.4999999999999998,-0.8660254037844388,2024,1,28,191,0,0,Festival,False,Standard,Tier 2,High,1.0,0.0,0.0,,,False,False,Festival,0,7,7,0,0,0,0,0,monsoon,0,0,12H Day,12.0,0.5,12H,0,0.0,5000.0,1.0,0,1.0,1.0,1,0,0,Clear,0,Same Day,0.0,26.0,20.0,60.0,4.2,25.0,50.0,75.0,2979.4117647058824,2979.4117647058824,2173.684210526316,2979.4117647058824,2180.9523809523807,2979.4117647058824,1986.6666666666667,1.0,1,0.895,-273.85,2620.0,2300.0,2620.0,2300.0,1295.1732255611703,20.0,1.0,2000.0,2550.0,0,0,0,0,0,0,0,1,0,0,0,0,0,0,1.0,0.14166666666666666,103.0,0.6122361517284447,-0.2714285714285714,30.372361517284446,0.0,1,5,1.891,1.2,1.067,0.8,0,8500.0,0,0
Booked by Neha farm 12,"13 Jul 2024 at 7:00 PM to 14 Jul 2024 at 6:00 PM
10 Persons
Rent: ₹4500",2024-07-13 19:00:00,2024-07-14 18:00:00,2024-07-14 18:00:00,2024-07-12,12:45:09,23.0000000002328,0,1,0,,,,4500.0,10,24.0,24H Night,1,0.0,0, (Strict),False,5500.0,3000.0,3.0,5130.0,3.0,18.0,0.42857142857142855,0.6,0.42857142857142855,7,-0.4999999999999998,-0.8660254037844388,2024,4,28,194,1,0,Festival,False,Standard,Tier 2,High,1.0,0.0,0.0,,,False,False,Festival,0,7,7,0,0,0,0,0,monsoon,1,0,24H Night,24.0,1.0,24H,0,0.0,4500.0,1.0,0,1.0,1.0,0,1,0,Clear,0,Last Minute,0.0,26.0,20.0,60.0,4.2,25.0,94.55,75.0,4156.25,4777.777777777777,4562.5,4156.25,4038.4615384615386,4156.25,5125.0,0.91,1,1.493,1351.67,4091.6666666666665,4150.0,4091.6666666666665,4150.0,845.8006785755068,12.0,1.0,3500.0,4900.0,1,0,0,0,0,0,0,0,1,0,0,0,0,0,1.0,0.14166666666666666,103.0,0.714273809722219,-0.17142857142857143,51.39273809722219,0.0,1,5,1.891,1.2,1.067,0.8,0,8500.0,0,0
booked by farm number 12,Rent: ₹2000,2024-07-11 23:00:00,2024-07-12 11:00:00,2024-07-12 11:00:00,2024-07-16,16:14:26,12.0,0,0,0,,,,2000.0,4,12.0,12H Night,0,0.0,0, (Strict),False,2000.0,3000.0,4.0,2870.0,2.0,17.0,0.2857142857142857,0.5666666666666667,0.2857142857142857,7,-0.4999999999999998,-0.8660254037844388,2024,1,29,198,0,0,Festival,False,Standard,Tier 2,High,1.0,0.0,0.0,,,False,False,Festival,0,7,7,0,0,0,0,0,monsoon,0,0,12H Night,12.0,0.5,12H,0,0.0,4000.0,1.0,0,1.0,1.0,0,1,0,Clear,0,Same Day,0.0,26.0,20.0,60.0,4.2,25.0,50.0,75.0,2625.0,2571.4285714285716,2125.0,2625.0,2500.0,2625.0,2125.0,0.91,1,1.137,321.67,2351.6666666666665,2000.0,2351.6666666666665,2000.0,641.1370108382971,6.0,1.0,2000.0,2547.5,0,0,0,0,0,0,0,1,0,0,0,0,0,0,1.0,0.14166666666666666,103.0,0.5041927831525662,-0.28095238095238095,29.291927831525662,0.0,1,5,1.891,1.2,1.067,0.8,0,8500.0,0,0
Booked by Bhautik,"Booking confirmed ✅ 
Farm number 11

17 Jul 2024 at 9:00 AM to 17 Jul 2024 at 6:00 PM
4 Persons
Rent: ₹3000
Deposit: ₹1000

₹1000 received 

Deposit Refund after check out.",2024-07-17 09:00:00,2024-07-17 18:00:00,2024-07-17 18:00:00,2024-07-16,20:32:06,9.0,Muharram,0,0,,,,3000.0,4,12.0,12H Day,0,0.0,0, (Strict),False,3000.0,3000.0,0.0,4020.0,3.0,18.0,0.42857142857142855,0.6,0.42857142857142855,7,-0.4999999999999998,-0.8660254037844388,2024,1,29,198,0,1,Festival,True,Standard,Tier 2,High,1.0,0.0,0.0,,,False,False,Festival,0,7,7,0,1,0,0,0,monsoon,1,0,12H Day,12.0,0.5,12H,0,0.0,6000.0,1.0,0,1.0,1.0,0,1,0,Clear,0,Same Day,0.0,26.0,20.0,60.0,4.2,25.0,50.0,75.0,2965.714285714286,2965.714285714286,2700.0,2965.714285714286,2195.4545454545455,2965.714285714286,2700.0,0.6699999999999999,4,0.895,-273.85,2620.0,2300.0,2620.0,2300.0,1295.1732255611703,20.0,1.0,2000.0,2550.0,0,0,0,0,0,0,0,1,0,0,0,0,0,0,1.0,0.14166666666666666,103.0,0.714273809722219,-0.17142857142857143,46.39273809722219,0.5,1,5,1.891,1.2,1.067,0.8,0,8500.0,0,0
Booked by Nirmal,"Booking confirmed ✅ 
Farm number 11

18 Jul 2024 at 9:00 AM to 18 Jul 2024 at 6:00 PM
2 Persons
Rent: ₹2000
Deposit: ₹1000

Received ₹1000

Deposit Refund after check out.",2024-07-18 09:00:00,2024-07-18 18:00:00,2024-07-18 18:00:00,2024-07-16,13:57:33,9.0,0,0,0,,,,2000.0,2,12.0,Couple Half Day,1,0.0,0, (Strict),False,2500.0,2500.0,0.0,2590.0,4.0,19.0,0.5714285714285714,0.6333333333333333,0.5714285714285714,7,-0.4999999999999998,-0.8660254037844388,2024,1,29,198,0,0,Festival,False,Standard,Tier 2,High,1.0,0.0,0.0,,,False,False,Festival,0,7,7,0,0,0,0,0,monsoon,0,0,12H Day,12.0,0.5,12H,0,0.0,4000.0,1.0,0,1.0,1.0,1,0,0,Clear,0,Last Minute,0.0,26.0,20.0,60.0,4.2,25.0,50.0,75.0,2994.1176470588234,2994.1176470588234,2200.0,2994.1176470588234,2204.7619047619046,2994.1176470588234,2020.0,1.0,1,0.895,-273.85,2620.0,2300.0,2620.0,2300.0,1295.1732255611703,20.0,1.0,2000.0,2550.0,0,0,0,0,0,0,0,0,1,0,0,0,0,0,1.0,0.14166666666666666,103.0,0.9022413931810099,-0.06190476190476191,33.2724139318101,0.0,1,5,1.891,1.2,1.067,0.8,0,8500.0,0,0
Booked by Rushabh,"Booking confirmed ✅ 
Farm number 11

19 Jul 2024 at 8:00 AM to 19 Jul 2024 at 6:00 PM
7 Persons
Rent: ₹3000
Deposit: ₹1000

Received: ₹1000

Deposit Refund after check out.",2024-07-19 08:00:00,2024-07-19 18:00:00,2024-07-19 18:00:00,2024-07-16,14:23:48,9.99999999976717,0,0,0,,,,3000.0,7,12.0,12H Day,2,0.0,0, (Strict),False,3000.0,3000.0,0.0,3870.0,5.0,20.0,0.7142857142857143,0.6666666666666666,0.7142857142857143,7,-0.4999999999999998,-0.8660254037844388,2024,1,29,198,0,0,Festival,False,Standard,Tier 2,High,1.0,0.0,0.0,,,False,False,Festival,0,7,7,0,0,0,0,0,monsoon,0,0,12H Day,12.0,0.5,12H,0,0.0,6000.0,1.0,0,1.0,1.0,0,1,0,Clear,0,Last Minute,0.0,26.0,20.0,60.0,4.2,25.0,50.0,90.0,2964.705882352941,2964.705882352941,2666.6666666666665,2964.705882352941,2157.1428571428573,2964.705882352941,2500.0,0.91,1,0.895,-273.85,2620.0,2300.0,2620.0,2300.0,1295.1732255611703,20.0,1.0,2000.0,2550.0,0,0,0,0,0,0,0,0,1,0,0,0,0,0,1.0,0.14166666666666666,103.0,1.071412500241068,0.04761904761904767,34.96412500241068,0.0,1,5,1.891,1.2,1.067,0.8,0,8500.0,0,0
Booked by Sneha,"Booking confirmed ✅ 
Farm number 11

26 Jul 2024 at 10:00 AM to 26 Jul 2024 at 10:00 PM
22 Persons
Rent: ₹3500
Deposit: ₹1000

₹1000 received

Deposit Refund after check out.",2024-07-26 10:00:00,2024-07-26 22:00:00,2024-07-26 22:00:00,2024-07-21,22:30:28,12.0,0,0,0,,,,3500.0,22,12.0,12H Day,4,0.0,0, (Strict),False,3000.0,3000.0,5.0,3870.0,5.0,15.0,0.7142857142857143,0.5,0.7142857142857143,7,-0.4999999999999998,-0.8660254037844388,2024,6,29,203,0,0,Festival,False,Standard,Tier 2,High,1.0,0.0,0.0,,,False,False,Festival,0,7,7,0,0,0,0,0,monsoon,0,0,12H Day,12.0,0.5,12H,0,0.0,7000.0,1.0,0,1.0,1.0,0,0,1,Clear,1,Standard,0.0,26.0,20.0,60.0,4.2,25.0,50.0,90.0,2950.0,2950.0,14500.0,2950.0,3611.1111111111113,2950.0,2950.0,0.6,5,0.895,-273.85,2620.0,2300.0,2620.0,2300.0,1295.1732255611703,20.0,1.0,2000.0,2550.0,0,0,0,1,0,0,0,0,0,1,0,0,0,0,1.0,0.14166666666666666,103.0,1.4285428577142745,0.2142857142857143,38.535428577142746,0.0,1,5,1.891,1.2,1.067,0.8,0,8500.0,0,0
Booked by Harshal,"Booking confirmed ✅ 
Farm number 11

27 Jul 2024 at 7:00 PM to 28 Jul 2024 at 6:00 PM
4 Persons
Rent: ₹5000
Deposit: ₹2000

₹2000 received

Deposit Refund after check out.",2024-07-27 19:00:00,2024-07-28 18:00:00,2024-07-28 18:00:00,2024-07-21,22:27:21,23.0000000002328,0,1,0,,,,5000.0,4,24.0,24H Night,5,0.0,0, (Strict),False,4500.0,5500.0,0.0,5080.0,6.0,16.0,0.8571428571428571,0.5333333333333333,0.8571428571428571,7,-0.4999999999999998,-0.8660254037844388,2024,6,29,203,1,0,Festival,False,Standard,Tier 2,High,1.0,0.0,0.0,,,False,False,Festival,0,7,7,0,0,0,0,0,monsoon,1,0,24H Night,24.0,1.0,24H,0,0.0,5000.0,1.0,0,1.0,1.0,0,1,0,Clear,1,Standard,0.0,26.0,20.0,60.0,4.2,25.0,94.55,90.0,4125.0,4722.222222222223,3571.4285714285716,4125.0,3000.0,4125.0,3833.3333333333335,0.7,3,1.493,1351.67,4091.6666666666665,4150.0,4091.6666666666665,4150.0,845.8006785755068,12.0,1.0,3500.0,4900.0,0,0,0,0,1,0,0,0,0,1,0,0,0,0,1.0,0.14166666666666666,103.0,1.6071127237792864,0.32380952380952377,60.321127237792865,0.0,1,5,1.891,1.2,1.067,0.8,0,8500.0,0,0
Booked by bhautik,"Booking confirmed ✅ 
Farm number 11

24 Jul 2024 at 9:00 AM to 24 Jul 2024 at 6:00 PM
2 Persons
Rent: ₹2000
Deposit: ₹1000

₹1000 received 

Deposit Refund after check out.",2024-07-24 09:00:00,2024-07-24 18:00:00,2024-07-24 18:00:00,2024-07-22,08:37:18,9.0,0,0,0,,,,2000.0,2,12.0,Couple Half Day,2,0.0,0, (Strict),False,2000.0,2500.0,1.0,2520.0,7.0,16.0,1.0,0.5333333333333333,1.0,7,-0.4999999999999998,-0.8660254037844388,2024,0,30,204,0,0,Festival,False,Standard,Tier 2,High,1.0,0.0,0.0,,,False,False,Festival,0,7,7,0,0,0,0,0,monsoon,0,0,12H Day,12.0,0.5,12H,0,0.0,4000.0,1.0,0,1.0,1.0,1,0,0,Clear,0,Last Minute,0.0,26.0,20.0,60.0,4.2,25.0,50.0,90.0,2994.1176470588234,2994.1176470588234,2200.0,2994.1176470588234,2204.7619047619046,2994.1176470588234,2020.0,1.0,1,0.895,-273.85,2620.0,2300.0,2620.0,2300.0,1295.1732255611703,20.0,1.0,2000.0,2550.0,0,0,0,0,0,0,0,0,1,0,0,0,0,0,1.0,0.14166666666666666,103.0,1.8749648444091676,0.4666666666666667,42.999648444091676,0.0,1,5,1.891,1.2,1.067,0.8,0,8500.0,0,0
Booking by Meet,"Booking confirmed ✅ 
Farm number 11

27 Jul 2024 at 9:00 AM to 27 Jul 2024 at 6:00 PM
4 Persons
Rent: ₹2500
Deposit: ₹1000

Without Pool

₹1000 received 

Deposit Refund after check out.",2024-07-27 09:00:00,2024-07-27 18:00:00,2024-07-27 18:00:00,2024-07-22,16:11:04,9.0,0,0,0,,,,2500.0,4,12.0,12H Day,4,0.0,0, (Strict),False,3500.0,3000.0,0.0,3820.0,8.0,17.0,1.0,0.5666666666666667,1.1428571428571428,7,-0.4999999999999998,-0.8660254037844388,2024,0,30,204,0,0,Festival,False,Standard,Tier 2,High,1.0,0.0,0.0,,,False,False,Festival,0,7,7,0,0,0,0,0,monsoon,0,0,12H Day,12.0,0.5,12H,0,0.0,5000.0,1.0,0,1.0,1.0,0,1,0,Clear,1,Standard,0.0,26.0,20.0,60.0,4.2,25.0,50.0,90.0,2979.4117647058824,2979.4117647058824,2722.222222222222,2979.4117647058824,3722.222222222222,2979.4117647058824,2666.6666666666665,0.9,1,0.895,-273.85,2620.0,2300.0,2620.0,2300.0,1295.1732255611703,20.0,1.0,2000.0,2550.0,0,0,0,0,0,0,0,0,0,1,0,0,0,0,1.0,0.14166666666666666,103.0,2.016771132610265,0.43333333333333335,44.41771132610265,0.0,1,5,1.891,1.2,1.067,0.8,0,8500.0,0,0
Booked by Aniket,"Booking Confirmed ✅
Farm number 11

3 Aug 2024 at 7:00 PM to 4 Aug 2024 at 6:00 PM
7 Persons
Rent: ₹3000
Deposit: ₹2000

₹2000 received



Deposit Refund after check out.",2024-08-03 19:00:00,2024-08-04 18:00:00,2024-08-04 18:00:00,2024-07-25,09:39:01,23.0000000002328,0,1,0,,,,3000.0,7,24.0,24H Night,9,0.0,0, (Strict),False,5000.0,4500.0,3.0,4880.0,5.0,17.0,0.7142857142857143,0.5666666666666667,0.7142857142857143,7,-0.4999999999999998,-0.8660254037844388,2024,3,30,207,1,0,Festival,False,Standard,Tier 2,High,1.0,0.0,0.0,,,False,False,Festival,0,7,7,0,0,0,0,0,monsoon,1,0,24H Night,24.0,1.0,24H,0,0.0,3000.0,1.0,0,1.0,1.0,0,1,0,Clear,2,Standard,0.0,26.0,20.0,60.0,4.2,25.0,94.55,90.0,4250.0,4944.444444444444,3857.1428571428573,4250.0,5000.0,4250.0,4500.0,0.7,3,1.493,1351.67,4091.6666666666665,4150.0,4091.6666666666665,4150.0,845.8006785755068,12.0,1.0,3500.0,4900.0,0,0,0,0,0,0,0,0,0,0,1,0,0,0,1.0,0.14166666666666666,103.0,1.2604819578814157,0.14761904761904765,56.85481957881416,0.0,1,5,1.891,1.2,1.067,0.8,0,8500.0,0,0
Booked by Mahendra,"Farm number 11
Booking confirmed ✅ 

1 Aug 2024 at 8:00 AM to 1 Aug 2024 at 6:00 PM
2 Persons
Rent: ₹2500
Deposit: ₹1000

₹1000 received

Deposit Refund after check out.",2024-08-01 08:00:00,2024-08-01 18:00:00,2024-08-01 18:00:00,2024-07-27,14:50:39,9.99999999976717,0,0,0,,,,2500.0,2,12.0,Couple Half Day,4,0.0,0, (Month),False,2000.0,2000.0,2.0,2570.0,6.0,18.0,0.8571428571428571,0.6,0.8571428571428571,7,-0.4999999999999998,-0.8660254037844388,2024,5,30,209,0,0,Festival,False,Standard,Tier 2,High,1.0,0.0,0.0,,,False,False,Festival,0,7,7,0,0,0,0,0,monsoon,0,0,12H Day,12.0,0.5,12H,0,0.0,5000.0,1.0,0,1.0,1.0,1,0,0,Clear,1,Standard,0.0,26.0,20.0,60.0,4.2,25.0,50.0,90.0,2979.4117647058824,2979.4117647058824,2173.684210526316,2979.4117647058824,3722.222222222222,2979.4117647058824,2173.684210526316,0.7999999999999999,3,0.895,-273.85,2620.0,2300.0,2620.0,2300.0,1295.1732255611703,20.0,1.0,2000.0,2550.0,0,1,0,0,0,0,0,0,0,1,0,0,0,0,1.0,0.14166666666666666,103.0,1.428547619444438,0.2571428571428571,38.53547619444438,0.0,1,5,1.891,1.2,1.067,0.8,0,8500.0,0,0
Booked by Vivek,"30 Jul 2024 at 8:00 AM to 30 Jul 2024 at 6:00 PM
2 Persons
Rent: ₹1500
Deposit: ₹1000

Deposit Refund after check out.",2024-07-30 08:00:00,2024-07-30 18:00:00,2024-07-30 18:00:00,2024-07-30,15:08:46,9.99999999976717,0,0,0,,,,1500.0,2,12.0,Couple Half Day,0,0.0,0, (Strict),False,2500.0,2000.0,3.0,2550.0,3.0,16.0,0.42857142857142855,0.5333333333333333,0.42857142857142855,7,-0.4999999999999998,-0.8660254037844388,2024,1,31,212,0,0,Festival,False,Standard,Tier 2,High,1.0,0.0,0.0,,,False,False,Festival,0,7,7,0,0,0,0,0,monsoon,0,0,12H Day,12.0,0.5,12H,0,0.0,3000.0,1.0,0,1.0,1.0,1,0,0,Clear,0,Same Day,0.0,26.0,20.0,60.0,4.2,25.0,50.0,75.0,3008.823529411765,3008.823529411765,2226.315789473684,3008.823529411765,2228.5714285714284,3008.823529411765,2053.3333333333335,1.0,1,0.895,-273.85,2620.0,2300.0,2620.0,2300.0,1295.1732255611703,20.0,1.0,2000.0,2550.0,0,0,0,0,0,0,0,1,0,0,0,0,0,0,1.0,0.14166666666666666,103.0,0.8035563618896432,-0.10476190476190478,32.28556361889643,0.0,1,5,1.891,1.2,1.067,0.8,0,8500.0,0,0
Booked by Parth,"Booking confirmed ✅ 
Farm number 11

31 Jul 2024 at 7:00 PM to 1 Aug 2024 at 6:00 AM
3 Persons - Without pool
Rent: ₹2000
Deposit: ₹1000

₹500 received 

Deposit Refund after check out.",2024-07-31 19:00:00,2024-08-01 06:00:00,2024-08-01 06:00:00,2024-07-31,19:47:45,11.0000000002328,0,0,0,,,,2000.0,3,12.0,12H Night,0,0.0,0, (Strict),False,2000.0,2000.0,1.0,2770.0,4.0,17.0,0.5714285714285714,0.5666666666666667,0.5714285714285714,7,-0.4999999999999998,-0.8660254037844388,2024,2,31,213,0,0,Festival,False,Standard,Tier 2,High,1.0,0.0,0.0,,,False,False,Festival,0,7,7,0,0,0,0,0,monsoon,0,0,12H Night,12.0,0.5,12H,0,0.0,4000.0,1.0,0,1.0,1.0,0,1,0,Clear,0,Same Day,0.0,26.0,20.0,60.0,4.2,25.0,50.0,75.0,2625.0,2571.4285714285716,2125.0,2625.0,2500.0,2625.0,2125.0,0.91,1,1.137,321.67,2351.6666666666665,2000.0,2351.6666666666665,2000.0,641.1370108382971,6.0,1.0,2000.0,2547.5,0,0,0,0,0,0,0,1,0,0,0,0,0,0,1.0,0.14166666666666666,103.0,1.0083855663051324,0.004761904761904745,34.333855663051324,0.0,1,5,1.891,1.2,1.067,0.8,0,8500.0,0,0
Booked by Parth,"Booking confirmed ✅ 
Farm number 11

6 Aug 2024 at 8:00 AM to 6 Aug 2024 at 6:00 PM
6 Persons
Rent: ₹3000
Deposit: ₹2000

₹1000 received

Deposit Refund after check out.",2024-08-03 08:00:00,2024-08-03 18:00:00,2024-08-03 18:00:00,2024-08-01,15:48:36,9.99999999976717,0,0,0,,,,3000.0,6,12.0,12H Day,1,0.0,0, (Strict),False,2500.0,3500.0,1.0,3820.0,4.0,17.0,0.5714285714285714,0.5666666666666667,0.5714285714285714,8,-0.8660254037844384,-0.5000000000000004,2024,3,31,214,0,0,Festival,False,Standard,Tier 2,High,1.0,0.0,0.0,,,False,False,Festival,0,7,7,0,0,0,0,0,monsoon,0,0,12H Day,12.0,0.5,12H,0,0.0,6000.0,1.0,0,1.0,1.0,0,1,0,Clear,0,Last Minute,0.0,26.0,20.0,60.0,4.2,25.0,50.0,75.0,2853.846153846154,2966.6666666666665,3100.0,2853.846153846154,2490.0,2853.846153846154,2616.6666666666665,0.93,1,0.794,-592.22,2870.0,2500.0,2870.0,2500.0,1360.596274514311,10.0,1.0,2425.0,2975.0,0,0,0,0,0,0,0,0,1,0,0,0,0,0,1.0,0.125,105.0,1.0083855663051324,0.004761904761904745,33.833855663051324,0.0,1,5,1.891,1.2,1.067,0.8,0,8500.0,0,0
Booked by Farm number 12,Rent: 1500 rent,2024-08-01 19:00:00,2024-08-02 07:00:00,2024-08-02 07:00:00,2024-08-01,21:19:43,12.0,0,0,0,,,,1500.0,4,12.0,12H Night,0,0.0,0, (Month),False,2000.0,2000.0,0.0,2700.0,5.0,18.0,0.7142857142857143,0.6,0.7142857142857143,8,-0.8660254037844384,-0.5000000000000004,2024,3,31,214,0,0,Festival,False,Standard,Tier 2,High,1.0,0.0,0.0,,,False,False,Festival,0,7,7,0,0,0,0,0,monsoon,0,0,12H Night,12.0,0.5,12H,0,0.0,3000.0,1.0,0,1.0,1.0,0,1,0,Clear,0,Same Day,0.0,26.0,20.0,60.0,4.2,25.0,50.0,75.0,2666.6666666666665,2666.6666666666665,2500.0,2666.6666666666665,2666.6666666666665,2666.6666666666665,2666.6666666666665,0.5,5,1.698,1046.67,1500.0,1500.0,1500.0,1500.0,0.0,1.0,0.2,1500.0,1500.0,0,0,0,0,0,0,0,1,0,0,0,0,0,0,1.0,0.125,105.0,1.1904563495370317,0.11428571428571432,35.65456349537032,0.0,1,5,1.891,1.2,1.067,0.8,0,8500.0,0,0
Booked by agent vinay,Rent: ₹3000,2024-08-06 11:00:00,2024-08-07 11:00:00,2024-08-07 11:00:00,2024-08-06,13:39:18,24.0,0,0,0,,,,3000.0,4,24.0,24H Day,0,0.0,0, (Month),False,4000.0,3200.0,5.0,4050.0,4.0,18.0,0.5714285714285714,0.6,0.5714285714285714,8,-0.8660254037844384,-0.5000000000000004,2024,1,32,219,0,0,Festival,False,Standard,Tier 2,High,1.0,0.0,0.0,,,False,False,Festival,0,7,7,0,0,0,0,0,monsoon,0,0,24H Day,24.0,1.0,24H,0,0.0,3000.0,1.0,0,1.0,1.0,0,1,0,Clear,0,Same Day,0.0,26.0,20.0,60.0,4.2,25.0,50.0,75.0,3750.0,3750.0,4000.0,3750.0,3750.0,3750.0,3823.076923076923,0.4,7,1.25,0.0,3407.3283323716096,3221.9849971148296,3407.3283323716096,3221.9849971148296,525.1324727562373,3.0,0.6,3110.992498557415,3610.992498557415,0,0,0,0,0,0,0,1,0,0,0,0,0,0,1.0,0.125,105.0,0.9523650796296252,-0.02857142857142858,33.27365079629625,0.0,1,5,1.891,1.2,1.067,0.8,0,8500.0,0,0
Booked by Ram,"Booking confirmed ✅ 
Farm number 11

7 Aug 2024 at 12:00 PM to 8 Aug 2024 at 11:00 AM
10 Persons
Rent: ₹3500
Deposit: ₹1000

₹500 received

Deposit Refund after check out.",2024-08-07 12:00:00,2024-08-08 11:00:00,2024-08-08 11:00:00,2024-08-07,08:17:24,23.0000000002328,0,0,0,,,,3500.0,10,24.0,24H Day,0,0.0,0, (Month),False,3000.0,4000.0,1.0,3940.0,4.0,19.0,0.5714285714285714,0.6333333333333333,0.5714285714285714,8,-0.8660254037844384,-0.5000000000000004,2024,2,32,220,0,0,Festival,False,Standard,Tier 2,High,1.0,0.0,0.0,,,False,False,Festival,0,7,7,0,0,0,0,0,monsoon,0,0,24H Day,24.0,1.0,24H,0,0.0,3500.0,1.0,0,1.0,1.0,0,1,0,Clear,0,Same Day,0.0,26.0,20.0,60.0,4.2,25.0,50.0,75.0,3500.0,3500.0,3500.0,3500.0,3500.0,3500.0,3784.6153846153848,0.4,7,1.25,0.0,3407.3283323716096,3221.9849971148296,3407.3283323716096,3221.9849971148296,525.1324727562373,3.0,0.6,3110.992498557415,3610.992498557415,0,0,0,0,0,0,0,1,0,0,0,0,0,0,1.0,0.125,105.0,0.9022413931810099,-0.06190476190476191,32.7724139318101,0.0,1,5,1.891,1.2,1.067,0.8,0,8500.0,0,0
Booked by Sunita,"Booking confirmed ✅ 
Farm number 11

11 Aug 2024 at 8:00 PM to 12 Aug 2024 at 10:00 AM
12 Persons
Rent: ₹3000
Deposit: ₹2000

Deposit Refund after check out.

₹2000 received",2024-08-11 22:00:00,2024-08-12 10:00:00,2024-08-12 10:00:00,2024-08-11,23:10:07,12.0,0,0,0,,,,3000.0,12,12.0,12H Night,0,0.0,0, (Month),False,1500.0,2000.0,4.0,2800.0,3.0,17.0,0.42857142857142855,0.5666666666666667,0.42857142857142855,8,-0.8660254037844384,-0.5000000000000004,2024,6,32,224,0,0,Festival,False,Standard,Tier 2,High,1.0,0.0,0.0,,,False,False,Festival,0,7,7,0,0,0,0,0,monsoon,0,0,12H Night,12.0,0.5,12H,0,0.0,6000.0,1.0,0,1.0,1.0,0,1,0,Clear,0,Same Day,0.0,26.0,20.0,60.0,4.2,25.0,50.0,75.0,2166.6666666666665,2166.6666666666665,2166.6666666666665,2166.6666666666665,2166.6666666666665,2166.6666666666665,2166.6666666666665,0.5,5,1.698,1046.67,1500.0,1500.0,1500.0,1500.0,0.0,1.0,0.2,1500.0,1500.0,0,0,0,0,1,0,0,1,0,0,0,0,0,0,1.0,0.125,105.0,0.7562891747288494,-0.1380952380952381,31.312891747288493,0.0,1,5,1.891,1.2,1.067,0.8,0,8500.0,0,0
Booked by Aman singh,"Booking confirmed ✅ 
Farm number 11

20 Aug 2024 at 7:00 PM to 22 Aug 2024 at 6:00 PM
4 Persons
Rent: ₹6500
Deposit: ₹2000

₹1000 received 

Deposit Refund after check out.",2024-08-20 19:00:00,2024-08-22 18:00:00,2024-08-22 18:00:00,2024-08-12,18:48:49,47.0000000002328,0,0,0,,,,6500.0,4,24.0,Extended Day,8,0.0,2,"MAD, Percentile (Month)",True,13500.0,4000.0,1.0,8214.285714285714,4.0,18.0,0.5714285714285714,0.6,0.5714285714285714,8,-0.8660254037844384,-0.5000000000000004,2024,0,33,225,0,0,Festival,False,Standard,Tier 2,High,1.0,0.0,0.0,,,False,False,Festival,0,7,7,0,0,0,0,0,monsoon,0,0,12H Day,12.0,1.0,24H,0,0.0,6500.0,1.0,0,1.0,1.0,0,1,0,Clear,2,Standard,0.0,26.0,20.0,60.0,4.2,25.0,50.0,90.0,2584.6153846153848,2675.0,2711.1111111111113,2584.6153846153848,2850.0,2584.6153846153848,2711.1111111111113,0.76,3,0.794,-592.22,2870.0,2500.0,2870.0,2500.0,1360.596274514311,10.0,1.0,2425.0,2975.0,0,0,0,0,0,0,0,0,0,0,1,0,0,0,1.0,0.125,105.0,0.9523650796296252,-0.02857142857142858,33.27365079629625,0.0,1,5,1.891,1.2,1.067,0.8,0,8500.0,0,0
Booked by Ram,"Booking confirmed ✅ 
Farm number 11

14 Aug 2024 at 8:00 AM to 14 Aug 2024 at 6:45 PM
15 Persons
Rent: ₹3000
Deposit: ₹1000

Deposit Refund after check out.

₹1000 received",2024-08-14 08:00:00,2024-08-14 18:45:00,2024-08-14 18:45:00,2024-08-12,14:06:48,10.7499999997672,0,0,0,,,,3000.0,15,12.0,12H Day,1,0.0,0, (Strict),False,3000.0,2500.0,0.0,3120.0,5.0,19.0,0.7142857142857143,0.6333333333333333,0.7142857142857143,8,-0.8660254037844384,-0.5000000000000004,2024,0,33,225,0,0,Festival,False,Standard,Tier 2,High,1.0,0.0,0.0,,,False,False,Festival,0,7,7,0,0,0,0,0,monsoon,0,0,12H Day,12.0,0.5,12H,0,0.0,6000.0,1.0,0,1.0,1.0,0,0,1,Clear,0,Last Minute,0.0,26.0,20.0,60.0,4.2,25.0,50.0,75.0,2853.846153846154,2966.6666666666665,2853.846153846154,2853.846153846154,2490.0,2853.846153846154,2966.6666666666665,0.59,5,0.794,-592.22,2870.0,2500.0,2870.0,2500.0,1360.596274514311,10.0,1.0,2425.0,2975.0,0,0,0,0,0,0,0,0,1,0,0,0,0,0,1.0,0.125,105.0,1.1278017414762627,0.080952380952381,35.02801741476263,0.0,1,5,1.891,1.2,1.067,0.8,0,8500.0,0,0
Booked by Yash,"17 Aug 2024 at 12:00 PM to 17 Aug 2024 at 6:00 PM
2 Persons
Rent: ₹1200
Deposit: ₹1000

₹1000 received

Deposit Refund after check out.",2024-08-17 12:00:00,2024-08-17 18:00:00,2024-08-17 18:00:00,2024-08-17,06:37:35,6.0,0,0,0,,,,1200.0,2,12.0,Couple Half Day,0,0.0,2,Business_Floor (Month),True,1500.0,2500.0,5.0,2370.0,4.0,16.0,0.5714285714285714,0.5333333333333333,0.5714285714285714,8,-0.8660254037844384,-0.5000000000000004,2024,5,33,230,0,0,Festival,False,Standard,Tier 2,High,1.0,0.0,0.0,,,False,False,Festival,0,7,7,0,0,0,0,0,monsoon,0,0,12H Day,12.0,0.5,12H,0,0.0,2400.0,1.0,0,1.0,1.0,1,0,0,Clear,0,Same Day,0.0,26.0,20.0,60.0,4.2,25.0,50.0,75.0,2992.3076923076924,3116.6666666666665,2500.0,2992.3076923076924,2670.0,2992.3076923076924,3116.6666666666665,0.59,5,0.794,-592.22,2870.0,2500.0,2870.0,2500.0,1360.596274514311,10.0,1.0,2425.0,2975.0,0,1,0,0,0,0,0,1,0,0,0,0,0,0,1.0,0.125,105.0,1.0714084825195243,0.03809523809523807,34.46408482519524,0.0,1,5,1.891,1.2,1.067,0.8,0,8500.0,0,0
Booked by Jaysukh,"Booking confirmed ✅ 
Farm numbr 11

18 Aug 2024 at 7:00 PM to 19 Aug 2024 at 6:00 PM
15 Persons
Rent: ₹4500
Deposit: ₹1000

₹1000 received

Deposit Refund after check out.",2024-08-18 19:00:00,2024-08-19 18:00:00,2024-08-19 18:00:00,2024-08-17,18:22:34,23.0000000002328,Raksha Bandhan,0,0,,,,4500.0,15,24.0,24H Night,1,0.0,0, (Month+Slot),False,3000.0,5000.0,0.0,4780.0,5.0,17.0,0.7142857142857143,0.5666666666666667,0.7142857142857143,8,-0.8660254037844384,-0.5000000000000004,2024,5,33,230,1,0,Festival,False,Standard,Tier 2,High,1.0,0.0,0.0,,,False,False,Festival,0,7,7,0,0,0,0,0,monsoon,1,0,24H Night,24.0,1.0,24H,0,0.0,4500.0,1.0,0,1.0,1.0,0,0,1,Clear,0,Last Minute,0.0,26.0,20.0,60.0,4.2,25.0,94.55,75.0,4183.333333333333,4100.0,4375.0,4183.333333333333,4020.0,4183.333333333333,4250.0,0.91,1,1.136,450.0,3750.0,3550.0,3750.0,3550.0,1007.6976458514456,12.0,1.0,2900.0,4250.0,0,0,1,0,0,0,0,0,1,0,0,0,0,0,1.0,0.125,105.0,1.2604819578814157,0.14761904761904765,56.35481957881416,0.0,1,5,1.891,1.2,1.067,0.8,0,8500.0,0,0
Booked by Uttam,"24 Aug 2024 at 7:00 PM to 25 Aug 2024 at 7:00 PM
15 Persons
Rent: ₹4000
Deposit: ₹1000

Deposit Refund after check out.",2024-08-24 19:00:00,2024-08-25 19:00:00,2024-08-25 19:00:00,2024-08-22,15:03:24,24.0,0,1,0,,,,4000.0,15,24.0,24H Night,2,0.0,0, (Strict),False,4500.0,3000.0,5.0,4580.0,3.0,14.0,0.42857142857142855,0.4666666666666667,0.42857142857142855,8,-0.8660254037844384,-0.5000000000000004,2024,3,34,235,1,0,Festival,False,Standard,Tier 2,High,1.0,0.0,0.0,,,False,False,Festival,0,7,7,0,0,0,0,0,monsoon,1,0,24H Night,24.0,1.0,24H,0,0.0,4000.0,1.0,0,1.0,1.0,0,0,1,Clear,0,Last Minute,0.0,26.0,20.0,60.0,4.2,25.0,94.55,90.0,4225.0,4171.428571428572,4437.5,4225.0,4070.0,4225.0,4375.0,0.91,1,1.136,450.0,3750.0,3550.0,3750.0,3550.0,1007.6976458514456,12.0,1.0,2900.0,4250.0,0,0,0,0,0,0,0,0,1,0,0,0,0,0,1.0,0.125,105.0,0.9183476680601741,-0.038095238095238126,52.93347668060174,0.0,1,5,1.891,1.2,1.067,0.8,0,8500.0,0,0
Booked by Hemant,"Booking confirmed ✅ 
Farm number 11

23 Aug 2024 at 9:00 PM to 24 Aug 2024 at 9:00 AM
7 Persons
Rent: ₹2500
Deposit: ₹1000

₹1000 received

Deposit Refund after check out.",2024-08-23 21:00:00,2024-08-24 09:00:00,2024-08-24 09:00:00,2024-08-23,18:00:26,12.0,0,0,0,,,,2500.0,7,12.0,12H Night,0,0.0,0, (Month),False,3000.0,1500.0,1.0,2700.0,4.0,15.0,0.5714285714285714,0.5,0.5714285714285714,8,-0.8660254037844384,-0.5000000000000004,2024,4,34,236,0,0,Festival,False,Standard,Tier 2,High,1.0,0.0,0.0,,,False,False,Festival,0,7,7,0,0,0,0,0,monsoon,0,0,12H Night,12.0,0.5,12H,0,0.0,5000.0,1.0,0,1.0,1.0,0,1,0,Clear,0,Same Day,0.0,26.0,20.0,60.0,4.2,25.0,50.0,75.0,2333.3333333333335,2333.3333333333335,2000.0,2333.3333333333335,2333.3333333333335,2333.3333333333335,2333.3333333333335,0.5,5,1.698,1046.67,1500.0,1500.0,1500.0,1500.0,0.0,1.0,0.2,1500.0,1500.0,1,0,0,0,0,0,0,1,0,0,0,0,0,0,1.0,0.125,105.0,1.1428342861714196,0.0714285714285714,35.1783428617142,0.0,1,5,1.891,1.2,1.067,0.8,0,8500.0,0,0
Booked by Parth,"Booking confirmed ✅ 

27 Aug 2024 at 8:00 AM to 27 Aug 2024 at 6:00 PM
4 Persons without pool
Rent: ₹2500
Deposit: ₹1000

₹500 received

Deposit Refund after check out.",2024-08-27 08:00:00,2024-08-27 18:00:00,2024-08-27 18:00:00,2024-08-24,13:50:20,9.99999999976717,0,0,0,,,,2500.0,4,12.0,12H Day,2,0.0,0, (Strict),False,3000.0,3000.0,1.0,2970.0,3.0,15.0,0.42857142857142855,0.5,0.42857142857142855,8,-0.8660254037844384,-0.5000000000000004,2024,5,34,237,0,0,Festival,False,Standard,Tier 2,High,1.0,0.0,0.0,,,False,False,Festival,0,7,7,0,0,0,0,0,monsoon,0,0,12H Day,12.0,0.5,12H,0,0.0,5000.0,1.0,0,1.0,1.0,0,1,0,Clear,0,Last Minute,0.0,26.0,20.0,60.0,4.2,25.0,50.0,90.0,2892.3076923076924,3008.3333333333335,3155.5555555555557,2892.3076923076924,2540.0,2892.3076923076924,2700.0,0.93,1,0.794,-592.22,2870.0,2500.0,2870.0,2500.0,1360.596274514311,10.0,1.0,2425.0,2975.0,0,1,0,0,0,0,0,0,1,0,0,0,0,0,1.0,0.125,105.0,0.8571257146285646,-0.07142857142857145,32.321257146285646,0.0,1,5,1.891,1.2,1.067,0.8,0,8500.0,0,0
Booked by Jignesh,"Booking confirmed ✅ 
Farm number 11

31 Aug 2024 at 9:00 AM to 31 Aug 2024 at 6:00 PM
4 Persons
Rent: ₹3000
Deposit: ₹1000

₹1000 received

Deposit Refund after check out.",2024-08-31 09:00:00,2024-08-31 18:00:00,2024-08-31 18:00:00,2024-08-27,18:08:46,9.0,0,0,0,,,,3000.0,4,12.0,12H Day,3,0.0,0, (Strict),False,2500.0,3000.0,3.0,2950.0,4.0,15.0,0.5714285714285714,0.5,0.5714285714285714,8,-0.8660254037844384,-0.5000000000000004,2024,1,35,240,0,0,Festival,False,Standard,Tier 2,High,1.0,0.0,0.0,,,False,False,Festival,0,7,7,0,0,0,0,0,monsoon,0,0,12H Day,12.0,0.5,12H,0,0.0,6000.0,1.0,0,1.0,1.0,0,1,0,Clear,1,Last Minute,0.0,26.0,20.0,60.0,4.2,25.0,50.0,90.0,2853.846153846154,2966.6666666666665,3100.0,2853.846153846154,2490.0,2853.846153846154,2616.6666666666665,0.93,1,0.794,-592.22,2870.0,2500.0,2870.0,2500.0,1360.596274514311,10.0,1.0,2425.0,2975.0,0,0,0,0,0,0,0,0,1,0,0,0,0,0,1.0,0.125,105.0,1.1428342861714196,0.0714285714285714,35.1783428617142,0.0,1,5,1.891,1.2,1.067,0.8,0,8500.0,0,0
Booked by Mahek,"Booking confirmed ✅ 
Farm number 11

30 Aug 2024 at 9:00 AM to 30 Aug 2024 at 6:00 PM
4 Persons
Rent: ₹2500 with swimming pool
Deposit: ₹1000

₹3500 received

Deposit Refund after check out.",2024-08-30 09:00:00,2024-08-30 18:00:00,2024-08-30 18:00:00,2024-08-29,17:46:22,9.0,0,0,0,,,,2500.0,4,12.0,12H Day,0,0.0,0, (Strict),False,3000.0,2500.0,2.0,2900.0,4.0,15.0,0.5714285714285714,0.5,0.5714285714285714,8,-0.8660254037844384,-0.5000000000000004,2024,3,35,242,0,0,Festival,False,Standard,Tier 2,High,1.0,0.0,0.0,,,False,False,Festival,0,7,7,0,0,0,0,0,monsoon,0,0,12H Day,12.0,0.5,12H,0,0.0,5000.0,1.0,0,1.0,1.0,0,1,0,Clear,0,Same Day,0.0,26.0,20.0,60.0,4.2,25.0,50.0,75.0,2892.3076923076924,3008.3333333333335,3155.5555555555557,2892.3076923076924,2540.0,2892.3076923076924,2700.0,0.93,1,0.794,-592.22,2870.0,2500.0,2870.0,2500.0,1360.596274514311,10.0,1.0,2425.0,2975.0,0,0,0,0,0,0,0,1,0,0,0,0,0,0,1.0,0.125,105.0,1.1428342861714196,0.0714285714285714,35.1783428617142,0.0,1,5,1.891,1.2,1.067,0.8,0,8500.0,0,0
Booked by Agent Neha,Rent: ₹2700,2024-08-31 19:00:00,2024-09-01 08:00:00,2024-09-01 08:00:00,2024-08-31,19:02:30,13.0000000004657,0,1,0,,,,2700.0,4,12.0,24H Night,0,0.0,0, (Strict),False,4000.0,4500.0,2.0,4150.0,3.0,13.0,0.42857142857142855,0.43333333333333335,0.42857142857142855,8,-0.8660254037844384,-0.5000000000000004,2024,5,35,244,1,0,Festival,False,Standard,Tier 2,High,1.0,0.0,0.0,,,False,False,Festival,0,7,7,0,0,0,0,0,monsoon,1,0,24H Night,24.0,0.5,12H,0,0.0,5400.0,1.0,0,0.5,0.95,0,1,0,Clear,0,Same Day,0.0,26.0,20.0,60.0,4.2,25.0,94.55,75.0,4333.333333333333,4357.142857142857,4166.666666666667,4333.333333333333,4200.0,4333.333333333333,4357.142857142857,0.54,5,1.136,450.0,3750.0,3550.0,3750.0,3550.0,1007.6976458514456,12.0,1.0,2900.0,4250.0,0,0,1,0,0,0,0,1,0,0,0,0,0,0,1.0,0.125,105.0,0.9889881662071534,-0.0047619047619048005,53.63988166207153,0.0,1,5,1.891,1.2,1.067,0.8,0,8500.0,0,0
Booked by Atul,"Booking confirmed ✅ 
Farm number 11

3 Sep 2024 at 10:00 AM to 3 Sep 2024 at 5:00 PM
15 Persons
Rent: ₹2500
Deposit: ₹2000

Deposit Refund after check out.
₹2000 received",2024-09-03 10:00:00,2024-09-03 17:00:00,2024-09-03 17:00:00,2024-09-01,16:57:37,7.00000000046566,0,0,0,,,,2500.0,15,12.0,12H Day,1,0.0,0, (Strict),False,2500.0,3000.0,1.0,2850.0,4.0,14.0,0.5714285714285714,0.4666666666666667,0.5714285714285714,9,-1.0,-1.8369701987210297e-16,2024,6,35,245,0,0,Festival,False,Standard,Tier 2,High,1.0,0.0,0.0,,,False,False,Festival,0,7,7,0,0,0,0,0,monsoon,0,0,12H Day,12.0,0.5,12H,0,0.0,5000.0,1.0,0,1.0,1.0,0,0,1,Clear,0,Last Minute,0.0,26.0,20.0,60.0,4.2,25.0,50.0,75.0,1868.1818181818182,1868.1818181818182,2250.0,1868.1818181818182,1794.7368421052631,1868.1818181818182,1868.1818181818182,0.6,5,0.764,-584.44,2473.3333333333335,1500.0,2473.3333333333335,1500.0,3024.062231659987,15.0,1.0,1500.0,2100.0,0,0,0,1,0,0,0,0,1,0,0,0,0,0,1.0,0.15833333333333333,101.0,1.2244635574135656,0.10476190476190472,36.99463557413566,0.0,1,5,1.891,1.2,1.067,0.8,0,8500.0,0,0
Booked by santosh,"Booking confirmed ✅ 
Farm number 11

6 Sep 2024 at 9:00 AM to 6 Sep 2024 at 6:00 PM
2 Persons
Rent: ₹2000
Deposit: ₹1000

₹1000 received

Deposit Refund after check out.",2024-09-06 09:00:00,2024-09-06 18:00:00,2024-09-06 18:00:00,2024-09-06,09:53:33,9.0,0,0,0,,,,2000.0,2,12.0,Couple Half Day,0,0.0,0, (Strict),False,1200.0,1500.0,5.0,2120.0,3.0,13.0,0.42857142857142855,0.43333333333333335,0.42857142857142855,9,-1.0,-1.8369701987210297e-16,2024,4,36,250,0,0,Festival,False,Standard,Tier 2,High,1.0,0.0,0.0,,,False,False,Festival,0,7,7,0,0,0,0,0,monsoon,0,0,12H Day,12.0,0.5,12H,0,0.0,4000.0,1.0,0,1.0,1.0,1,0,0,Clear,0,Same Day,0.0,26.0,20.0,60.0,4.2,25.0,50.0,75.0,1890.909090909091,1890.909090909091,1592.3076923076924,1890.909090909091,1821.0526315789473,1890.909090909091,1600.0,0.99,1,0.764,-584.44,2473.3333333333335,1500.0,2473.3333333333335,1500.0,3024.062231659987,15.0,1.0,1500.0,2100.0,0,0,0,0,0,0,0,1,0,0,0,0,0,0,1.0,0.15833333333333333,101.0,0.9889881662071534,-0.0047619047619048005,34.63988166207153,0.0,1,5,1.891,1.2,1.067,0.8,0,8500.0,0,0
Booked by Hitesh and Shakti sinh,"Booking confirmed ✅ 
Farm number 11

7 Sep 2024 at 8:00 PM to 8 Sep 2024 at 8:00 AM
8 Persons
Rent: ₹2500
Deposit: ₹1000 cash gate

₹1000 received

Deposit Refund after check out.",2024-09-07 20:00:00,2024-09-08 05:00:00,2024-09-08 05:00:00,2024-09-07,23:04:55,9.0,0,1,0,,,,2500.0,8,12.0,12H Night,0,0.0,0, (Month+Slot),False,2500.0,3000.0,1.0,2550.0,3.0,14.0,0.42857142857142855,0.4666666666666667,0.42857142857142855,9,-1.0,-1.8369701987210297e-16,2024,5,36,251,1,0,Festival,False,Standard,Tier 2,High,1.0,0.0,0.0,,,False,False,Festival,0,7,7,0,0,0,0,0,monsoon,1,0,12H Night,12.0,0.5,12H,0,0.0,5000.0,1.0,0,1.0,1.0,0,1,0,Clear,0,Same Day,0.0,26.0,20.0,60.0,4.2,25.0,94.55,75.0,2633.3333333333335,2900.0,2571.4285714285716,2633.3333333333335,2633.3333333333335,2633.3333333333335,2633.3333333333335,0.46,6,1.117,278.0,2648.0,2680.0,2648.0,2680.0,221.51749366585022,5.0,1.0,2470.0,2800.0,0,0,1,0,0,0,0,1,0,0,0,0,0,0,1.0,0.15833333333333333,101.0,0.9183476680601741,-0.038095238095238126,53.93347668060174,0.0,1,5,1.891,1.2,1.067,0.8,0,8500.0,0,0
Booked by Parth,"7 Sep 2024 at 12:00 PM to 7 Sep 2024 at 6:00 PM
2 Persons
Rent: ₹1500
Deposit: ₹1000

Deposit Refund after check out.",2024-09-07 12:00:00,2024-09-07 18:00:00,2024-09-07 18:00:00,2024-09-07,11:25:19,6.0,Ganesh Chaturthi,0,0,,,,1500.0,2,12.0,Couple Half Day,0,0.0,0, (Strict),False,2000.0,1200.0,0.0,2020.0,4.0,15.0,0.5714285714285714,0.5,0.5714285714285714,9,-1.0,-1.8369701987210297e-16,2024,5,36,251,0,1,Festival,True,Standard,Tier 2,High,1.0,0.0,0.0,,,False,False,Festival,0,7,7,0,1,0,0,0,monsoon,1,0,12H Day,12.0,0.5,12H,0,0.0,3000.0,1.0,0,1.0,1.0,1,0,0,Clear,0,Same Day,0.0,26.0,20.0,60.0,4.2,25.0,50.0,75.0,1895.6521739130435,1895.6521739130435,1621.4285714285713,1895.6521739130435,1830.0,1895.6521739130435,1621.4285714285713,0.7,4,0.764,-584.44,2473.3333333333335,1500.0,2473.3333333333335,1500.0,3024.062231659987,15.0,1.0,1500.0,2100.0,0,1,0,0,0,0,0,1,0,0,0,0,0,0,1.0,0.15833333333333333,101.0,1.1428342861714196,0.0714285714285714,51.1783428617142,0.5,1,5,1.891,1.2,1.067,0.8,0,8500.0,0,0
Booked by Arjun,"Booking confirmed ✅ 
Farm number 11

9 Sep 2024 at 9:00 AM to 9 Sep 2024 at 6:00 PM
2 Persons
Rent: ₹2000
Deposit: ₹1000

₹2000 received, ₹1000 pending

Deposit Refund after check out.",2024-09-09 09:00:00,2024-09-09 18:00:00,2024-09-09 18:00:00,2024-09-08,16:09:31,9.0,0,0,0,,,,2000.0,2,12.0,Couple Half Day,0,0.0,0, (Strict),False,1500.0,2000.0,1.0,1970.0,4.0,16.0,0.5714285714285714,0.5333333333333333,0.5714285714285714,9,-1.0,-1.8369701987210297e-16,2024,6,36,252,0,0,Festival,False,Standard,Tier 2,High,1.0,0.0,0.0,,,False,False,Festival,0,7,7,0,0,0,0,0,monsoon,0,0,12H Day,12.0,0.5,12H,0,0.0,4000.0,1.0,0,1.0,1.0,1,0,0,Clear,0,Same Day,0.0,26.0,20.0,60.0,4.2,25.0,50.0,75.0,1890.909090909091,1890.909090909091,1592.3076923076924,1890.909090909091,1821.0526315789473,1890.909090909091,1600.0,0.99,1,0.764,-584.44,2473.3333333333335,1500.0,2473.3333333333335,1500.0,3024.062231659987,15.0,1.0,1500.0,2100.0,0,0,0,1,0,0,0,1,0,0,0,0,0,0,1.0,0.15833333333333333,101.0,1.0714084825195243,0.03809523809523807,35.46408482519524,0.0,1,5,1.891,1.2,1.067,0.8,0,8500.0,0,0
Booked by Dinkey,"Booking confirmed ✅ 
Farm number 11

22 Sep 2024 at 10:00 AM to 22 Sep 2024 at 9:00 PM
8 Persons
Rent: ₹3500
Deposit: ₹1000

₹1000 received

Deposit Refund after check out.",2024-09-22 10:00:00,2024-09-22 21:00:00,2024-09-22 21:00:00,2024-09-08,13:55:12,11.0000000002328,0,0,0,,,,3500.0,8,12.0,12H Day,13,0.0,2,"MAD, IQR (Strict)",True,2500.0,2500.0,0.0,2900.0,5.0,17.0,0.7142857142857143,0.5666666666666667,0.7142857142857143,9,-1.0,-1.8369701987210297e-16,2024,6,36,252,0,0,Festival,False,Standard,Tier 2,High,1.0,0.0,0.0,,,False,False,Festival,0,7,7,0,0,0,0,0,monsoon,0,0,12H Day,12.0,0.5,12H,0,0.0,7000.0,1.0,0,1.0,1.0,0,1,0,Clear,2,Standard,0.0,26.0,20.0,60.0,4.2,25.0,50.0,90.0,1822.7272727272727,1822.7272727272727,2080.0,1822.7272727272727,1750.0,1822.7272727272727,2080.0,0.72,3,0.764,-584.44,2473.3333333333335,1500.0,2473.3333333333335,1500.0,3024.062231659987,15.0,1.0,1500.0,2100.0,0,0,0,1,0,0,0,0,0,0,1,0,0,0,1.0,0.15833333333333333,101.0,1.2604819578814157,0.14761904761904765,37.35481957881416,0.0,1,5,1.891,1.2,1.067,0.8,0,8500.0,0,0
Booked by Keyur,"Booking confirmed ✅ 
Farm number 11

12 Sep 2024 at 6:00 AM to 12 Sep 2024 at 3:00 PM
3 Persons
Rent: ₹1500
Deposit: ₹1000

- No Swimming pool
- ⁠No Wall Decorations
- ⁠Self Cleaning for Decoration

Deposit Refund after check out.
Whole payment+deposit pending",2024-09-12 06:00:00,2024-09-12 15:00:00,2024-09-12 15:00:00,2024-09-11,16:14:14,9.0,0,0,0,,,,1500.0,3,12.0,12H Day,0,0.0,0, (Strict),False,3500.0,2500.0,3.0,2750.0,6.0,15.0,0.8571428571428571,0.5,0.8571428571428571,9,-1.0,-1.8369701987210297e-16,2024,2,37,255,0,0,Festival,False,Standard,Tier 2,High,1.0,0.0,0.0,,,False,False,Festival,0,7,7,0,0,0,0,0,monsoon,0,0,12H Day,12.0,0.5,12H,0,0.0,3000.0,1.0,0,1.0,1.0,0,1,0,Clear,0,Same Day,0.0,26.0,20.0,60.0,4.2,25.0,50.0,75.0,1913.6363636363637,1913.6363636363637,2480.0,1913.6363636363637,1847.3684210526317,1913.6363636363637,2300.0,0.9,1,0.764,-584.44,2473.3333333333335,1500.0,2473.3333333333335,1500.0,3024.062231659987,15.0,1.0,1500.0,2100.0,0,0,0,0,0,0,0,1,0,0,0,0,0,0,1.0,0.15833333333333333,101.0,1.7142514292571291,0.3571428571428571,41.89251429257129,0.0,1,5,1.891,1.2,1.067,0.8,0,8500.0,0,0
Booked by Dhaval,"Booking confirmed ✅
Farm number 11

13 Sep 2024 at 8:00 PM to 14 Sep 2024 at 8:00 AM
5 Persons
Rent: ₹2500
Deposit: ₹1000

₹1000 received

Deposit Refund after check out.",2024-09-13 20:00:00,2024-09-14 08:00:00,2024-09-14 08:00:00,2024-09-11,14:54:13,12.0,0,0,0,,,,2500.0,5,12.0,12H Night,2,0.0,0, (Strict),False,2500.0,2500.0,0.0,2400.0,7.0,16.0,1.0,0.5333333333333333,1.0,9,-1.0,-1.8369701987210297e-16,2024,2,37,255,0,0,Festival,False,Standard,Tier 2,High,1.0,0.0,0.0,,,False,False,Festival,0,7,7,0,0,0,0,0,monsoon,0,0,12H Night,12.0,0.5,12H,0,0.0,5000.0,1.0,0,1.0,1.0,0,1,0,Clear,0,Last Minute,0.0,26.0,20.0,60.0,4.2,25.0,50.0,90.0,2633.3333333333335,2566.6666666666665,2571.4285714285716,2633.3333333333335,2633.3333333333335,2633.3333333333335,2425.0,0.91,1,1.117,278.0,2370.0,2350.0,2370.0,2350.0,282.5774230188959,5.0,1.0,2140.0,2440.0,0,0,0,0,0,0,0,0,1,0,0,0,0,0,1.0,0.15833333333333333,101.0,1.8749648444091676,0.4666666666666667,43.499648444091676,0.0,1,5,1.891,1.2,1.067,0.8,0,8500.0,0,0
Booked by Sonu,"Booking confirmed ✅
Farm number 11

13 Sep 2024 at 11:00 AM to 13 Sep 2024 at 5:00 PM
2 Persons
Rent: ₹1500
Deposit: ₹1000

₹500 received 

Deposit Refund after check out.",2024-09-13 11:00:00,2024-09-13 17:00:00,2024-09-13 17:00:00,2024-09-13,09:48:17,6.0,0,0,0,,,,1500.0,2,12.0,Couple Half Day,0,0.0,0, (Strict),False,2000.0,1500.0,2.0,1870.0,7.0,17.0,1.0,0.5666666666666667,1.0,9,-1.0,-1.8369701987210297e-16,2024,4,37,257,0,0,Festival,False,Standard,Tier 2,High,1.0,0.0,0.0,,,False,False,Festival,0,7,7,0,0,0,0,0,monsoon,0,0,12H Day,12.0,0.5,12H,0,0.0,3000.0,1.0,0,1.0,1.0,1,0,0,Clear,0,Same Day,0.0,26.0,20.0,60.0,4.2,25.0,50.0,75.0,1913.6363636363637,1913.6363636363637,1630.7692307692307,1913.6363636363637,1847.3684210526317,1913.6363636363637,1641.6666666666667,0.99,1,0.764,-584.44,2473.3333333333335,1500.0,2473.3333333333335,1500.0,3024.062231659987,15.0,1.0,1500.0,2100.0,0,0,0,0,0,0,0,1,0,0,0,0,0,0,1.0,0.15833333333333333,101.0,1.764674741033982,0.43333333333333335,42.39674741033982,0.0,1,5,1.891,1.2,1.067,0.8,0,8500.0,0,0
Booked by Ravi,"Booking confirmed ✅ 
Farm number 11

14 Sep 2024 at 8:00 PM to 15 Sep 2024 at 8:00 AM
8 Persons
Rent: ₹2800
Deposit: ₹1000

Deposit Refund after check out.

₹2800 received",2024-09-14 20:00:00,2024-09-15 08:00:00,2024-09-15 08:00:00,2024-09-13,11:10:16,12.0,0,1,0,,,,2800.0,8,12.0,12H Night,1,0.0,0, (Month+Slot),False,2500.0,2500.0,0.0,2380.0,8.0,18.0,1.0,0.6,1.1428571428571428,9,-1.0,-1.8369701987210297e-16,2024,4,37,257,1,0,Festival,False,Standard,Tier 2,High,1.0,0.0,0.0,,,False,False,Festival,0,7,7,0,0,0,0,0,monsoon,1,0,12H Night,12.0,0.5,12H,0,0.0,5600.0,1.0,0,1.0,1.0,0,1,0,Clear,0,Last Minute,0.0,26.0,20.0,60.0,4.2,25.0,94.55,75.0,2600.0,2750.0,2528.5714285714284,2600.0,2600.0,2600.0,2600.0,0.46,6,1.117,278.0,2648.0,2680.0,2648.0,2680.0,221.51749366585022,5.0,1.0,2470.0,2800.0,1,0,0,0,0,0,0,0,1,0,0,0,0,0,1.0,0.15833333333333333,101.0,1.9047301592592505,0.4,63.797301592592504,0.0,1,5,1.891,1.2,1.067,0.8,0,8500.0,0,0
Booked by Bhavik,"Booking confirmed ✅ 
Farm number 11

17 Sep 2024 at 9:00 AM to 17 Sep 2024 at 6:00 PM
4 Persons
Rent: ₹2200
Deposit: ₹1000

₹1000 received

Deposit Refund after check out.",2024-09-17 09:00:00,2024-09-17 18:00:00,2024-09-17 18:00:00,2024-09-16,09:18:56,9.0,0,0,0,,,,2200.0,4,12.0,12H Day,0,0.0,0, (Strict),False,1500.0,3500.0,3.0,2620.0,5.0,17.0,0.7142857142857143,0.5666666666666667,0.7142857142857143,9,-1.0,-1.8369701987210297e-16,2024,0,38,260,0,0,Festival,False,Standard,Tier 2,High,1.0,0.0,0.0,,,False,False,Festival,0,7,7,0,0,0,0,0,monsoon,0,0,12H Day,12.0,0.5,12H,0,0.0,4400.0,1.0,0,1.0,1.0,0,1,0,Clear,0,Same Day,0.0,26.0,20.0,60.0,4.2,25.0,50.0,75.0,1881.8181818181818,1881.8181818181818,2340.0,1881.8181818181818,1810.5263157894738,1881.8181818181818,2066.6666666666665,0.9,1,0.764,-584.44,2473.3333333333335,1500.0,2473.3333333333335,1500.0,3024.062231659987,15.0,1.0,1500.0,2100.0,0,0,0,0,0,0,0,1,0,0,0,0,0,0,1.0,0.15833333333333333,101.0,1.2604819578814157,0.14761904761904765,37.35481957881416,0.0,1,5,1.891,1.2,1.067,0.8,0,8500.0,0,0
Booked by Pruthvi,"Booking confirmed ✅ 
Farm number 11

19 Sep 2024 at 9:00 AM to 19 Sep 2024 at 6:00 PM
5 Persons
Rent: ₹2500
Deposit: ₹1000

₹1000 received

Deposit Refund after check out.",2024-09-19 09:00:00,2024-09-19 18:00:00,2024-09-19 18:00:00,2024-09-17,16:08:28,9.0,0,0,0,,,,2500.0,5,12.0,12H Day,1,0.0,0, (Strict),False,2200.0,1500.0,1.0,2620.0,6.0,18.0,0.8571428571428571,0.6,0.8571428571428571,9,-1.0,-1.8369701987210297e-16,2024,1,38,261,0,0,Festival,False,Standard,Tier 2,High,1.0,0.0,0.0,,,False,False,Festival,0,7,7,0,0,0,0,0,monsoon,0,0,12H Day,12.0,0.5,12H,0,0.0,5000.0,1.0,0,1.0,1.0,0,1,0,Clear,0,Last Minute,0.0,26.0,20.0,60.0,4.2,25.0,50.0,75.0,1868.1818181818182,1868.1818181818182,2280.0,1868.1818181818182,1794.7368421052631,1868.1818181818182,1966.6666666666667,0.9,1,0.764,-584.44,2473.3333333333335,1500.0,2473.3333333333335,1500.0,3024.062231659987,15.0,1.0,1500.0,2100.0,0,0,0,0,0,0,0,0,1,0,0,0,0,0,1.0,0.15833333333333333,101.0,1.428547619444438,0.2571428571428571,39.03547619444438,0.0,1,5,1.891,1.2,1.067,0.8,0,8500.0,0,0
Booked by Nikunj,"Booking confirmed ✅
Farm number 11

21 Sep 2024 at 9:00 AM to 21 Sep 2024 at 6:00 PM
2 Persons
Rent: ₹1500 without pool
Deposit: ₹1000

₹500 received

Deposit Refund after check out.",2024-09-21 09:00:00,2024-09-21 18:00:00,2024-09-21 18:00:00,2024-09-18,10:30:09,9.0,0,0,0,,,,1500.0,2,12.0,Couple Half Day,2,0.0,0, (Strict),False,1500.0,2000.0,1.0,1770.0,5.0,19.0,0.7142857142857143,0.6333333333333333,0.7142857142857143,9,-1.0,-1.8369701987210297e-16,2024,2,38,262,0,0,Festival,False,Standard,Tier 2,High,1.0,0.0,0.0,,,False,False,Festival,0,7,7,0,0,0,0,0,monsoon,0,0,12H Day,12.0,0.5,12H,0,0.0,3000.0,1.0,0,1.0,1.0,1,0,0,Clear,0,Last Minute,0.0,26.0,20.0,60.0,4.2,25.0,50.0,90.0,1913.6363636363637,1913.6363636363637,1630.7692307692307,1913.6363636363637,1847.3684210526317,1913.6363636363637,1641.6666666666667,0.99,1,0.764,-584.44,2473.3333333333335,1500.0,2473.3333333333335,1500.0,3024.062231659987,15.0,1.0,1500.0,2100.0,0,0,0,0,0,0,0,0,1,0,0,0,0,0,1.0,0.15833333333333333,101.0,1.1278017414762627,0.080952380952381,36.02801741476263,0.0,1,5,1.891,1.2,1.067,0.8,0,8500.0,0,0
Booked by Anshuma,"Booking confirmed ✅ 
Farm number 11

20 Sep 2024 at 9:00 AM to 20 Sep 2024 at 6:00 PM
2 Persons without pool
Rent: ₹1500
Deposit: ₹1000

₹1000 received

Deposit Refund after check out.",2024-09-20 09:00:00,2024-09-20 18:00:00,2024-09-20 18:00:00,2024-09-18,19:45:43,9.0,0,0,0,,,,1500.0,2,12.0,Couple Half Day,1,0.0,0, (Strict),False,1500.0,1500.0,0.0,1720.0,6.0,20.0,0.8571428571428571,0.6666666666666666,0.8571428571428571,9,-1.0,-1.8369701987210297e-16,2024,2,38,262,0,0,Festival,False,Standard,Tier 2,High,1.0,0.0,0.0,,,False,False,Festival,0,7,7,0,0,0,0,0,monsoon,0,0,12H Day,12.0,0.5,12H,0,0.0,3000.0,1.0,0,1.0,1.0,1,0,0,Clear,0,Last Minute,0.0,26.0,20.0,60.0,4.2,25.0,50.0,75.0,1913.6363636363637,1913.6363636363637,1630.7692307692307,1913.6363636363637,1847.3684210526317,1913.6363636363637,1641.6666666666667,0.99,1,0.764,-584.44,2473.3333333333335,1500.0,2473.3333333333335,1500.0,3024.062231659987,15.0,1.0,1500.0,2100.0,0,0,0,0,0,0,0,0,1,0,0,0,0,0,1.0,0.15833333333333333,101.0,1.2856950002892815,0.19047619047619047,37.606950002892816,0.0,1,5,1.891,1.2,1.067,0.8,0,8500.0,0,0
Booked by Jemin,"Booking confirmed ✅ 
Farm number 11

24 Sep 2024 at 9:00 AM to 24 Sep 2024 at 6:00 PM
4 Persons
Rent: ₹2000
Deposit: ₹1000

₹1000 received

Deposit Refund after check out.",2024-09-24 09:00:00,2024-09-24 18:00:00,2024-09-24 18:00:00,2024-09-18,20:50:48,9.0,0,0,0,,,,2000.0,4,12.0,12H Day,5,0.0,0, (Strict),False,2500.0,2200.0,0.0,2520.0,7.0,21.0,1.0,0.7,1.0,9,-1.0,-1.8369701987210297e-16,2024,2,38,262,0,0,Festival,False,Standard,Tier 2,High,1.0,0.0,0.0,,,False,False,Festival,0,7,7,0,0,0,0,0,monsoon,0,0,12H Day,12.0,0.5,12H,0,0.0,4000.0,1.0,0,1.0,1.0,0,1,0,Clear,1,Standard,0.0,26.0,20.0,60.0,4.2,25.0,50.0,90.0,1890.909090909091,1890.909090909091,2380.0,1890.909090909091,2500.0,1890.909090909091,2380.0,0.72,3,0.764,-584.44,2473.3333333333335,1500.0,2473.3333333333335,1500.0,3024.062231659987,15.0,1.0,1500.0,2100.0,0,0,0,0,0,0,0,0,0,1,0,0,0,0,1.0,0.15833333333333333,101.0,1.4285510206997045,0.30000000000000004,39.035510206997046,0.0,1,5,1.891,1.2,1.067,0.8,0,8500.0,0,0
Booked by Rahul,"Booking confirmed ✅ 
Farm number 11

25 Sep 2024 at 8:00 PM to 26 Sep 2024 at 8:00 AM
9 Persons
Rent: ₹2500
Deposit: ₹1000

₹500 received

Deposit Refund after check out.",2024-09-25 20:00:00,2024-09-26 08:00:00,2024-09-26 08:00:00,2024-09-25,11:10:15,12.0,0,0,0,,,,2500.0,9,12.0,12H Night,0,0.0,0, (Strict),False,2800.0,2500.0,7.0,2330.0,1.0,19.0,0.14285714285714285,0.6333333333333333,0.14285714285714285,9,-1.0,-1.8369701987210297e-16,2024,2,39,269,0,0,Festival,False,Standard,Tier 2,High,1.0,0.0,0.0,,,False,False,Festival,0,7,7,0,0,0,0,0,monsoon,0,0,12H Night,12.0,0.5,12H,0,0.0,5000.0,1.0,0,1.0,1.0,0,1,0,Clear,0,Same Day,0.0,26.0,20.0,60.0,4.2,25.0,50.0,75.0,2633.3333333333335,2566.6666666666665,2633.3333333333335,2633.3333333333335,2633.3333333333335,2633.3333333333335,2566.6666666666665,0.53,5,1.117,278.0,2370.0,2350.0,2370.0,2350.0,282.5774230188959,5.0,1.0,2140.0,2440.0,0,0,0,0,0,0,0,1,0,0,0,0,0,0,1.0,0.15833333333333333,101.0,0.22556034829525248,-0.49047619047619045,27.005603482952523,0.0,1,5,1.891,1.2,1.067,0.8,0,8500.0,0,0
Booked by Rohit,"Booking confirmed ✅ 
Farm number 11

28 Sep 2024 at 7:00 PM to 29 Sep 2024 at 7:00 PM
15 Persons
Rent: ₹4500
Deposit: ₹2000

₹1000 received

Deposit Refund after check out.",2024-09-28 19:00:00,2024-09-29 19:00:00,2024-09-29 19:00:00,2024-09-26,17:44:50,24.0,0,1,0,,,,4500.0,15,24.0,24H Night,2,0.0,3,"MAD, IQR, Percentile (Month)",True,2700.0,4000.0,1.0,4270.0,2.0,19.0,0.2857142857142857,0.6333333333333333,0.2857142857142857,9,-1.0,-1.8369701987210297e-16,2024,3,39,270,1,0,Festival,False,Standard,Tier 2,High,1.0,0.0,0.0,,,False,False,Festival,0,7,7,0,0,0,0,0,monsoon,1,0,24H Night,24.0,1.0,24H,0,0.0,4500.0,1.0,0,1.0,1.0,0,0,1,Clear,0,Last Minute,0.0,26.0,20.0,60.0,4.2,25.0,94.55,90.0,4250.0,4250.0,4250.0,4250.0,4000.0,4250.0,5434.567901234568,0.4,7,1.25,0.0,3400.0,3400.0,3400.0,3400.0,0.0,2.0,0.4,3400.0,3400.0,0,0,0,0,0,0,0,0,1,0,0,0,0,0,1.0,0.15833333333333333,101.0,0.45112069659050497,-0.3476190476190476,49.261206965905046,0.0,1,5,1.891,1.2,1.067,0.8,0,8500.0,0,0
Booked by Drupad,"Booking confirmed ✅ 
Farm number 11

5 Oct 2024 at 7:00 PM to 6 Oct 2024 at 7:00 PM
10 Persons
Rent: ₹4500
Deposit: ₹2000

₹2000 received 

Deposit Refund after check out.",2024-10-05 19:00:00,2024-10-06 19:00:00,2024-10-06 19:00:00,2024-09-30,14:17:44,24.0,0,1,0,,,,4500.0,10,24.0,24H Night,5,0.0,0, (Month+Slot),False,4500.0,2700.0,4.0,4120.0,3.0,18.0,0.42857142857142855,0.6,0.42857142857142855,9,-1.0,-1.8369701987210297e-16,2024,0,40,274,1,0,Festival,False,Standard,Tier 2,High,1.0,0.0,0.0,,,False,False,Festival,0,7,7,0,0,0,0,0,monsoon,1,0,24H Night,24.0,1.0,24H,0,0.0,4500.0,1.0,0,1.0,1.0,0,1,0,Clear,1,Standard,0.0,26.0,20.0,60.0,4.2,25.0,94.55,90.0,4250.0,4250.0,4250.0,4250.0,4250.0,4250.0,5434.567901234568,0.4,7,1.25,0.0,3400.0,3400.0,3400.0,3400.0,0.0,2.0,0.4,3400.0,3400.0,0,0,0,0,0,0,0,0,0,1,0,0,0,0,1.0,0.15833333333333333,101.0,0.714273809722219,-0.17142857142857143,51.89273809722219,0.0,1,5,1.891,1.2,1.067,0.8,0,8500.0,0,0
Booked by Paras,"Booking confirmed ✅ 
Farm number 11

30 Sep 2024 at 11:00 PM to 30 Sep 2024 at 4:00 PM
2 Persons without pool
Rent: ₹1200
Deposit: ₹1000

₹500 received

Deposit Refund after check out.",2024-09-30 11:00:00,2024-09-30 16:00:00,2024-09-30 16:00:00,2024-09-30,11:04:25,4.99999999953434,0,0,0,,,,1200.0,2,12.0,Couple Half Day,0,0.0,2,Business_Floor (Strict),True,1500.0,1500.0,0.0,1640.0,4.0,19.0,0.5714285714285714,0.6333333333333333,0.5714285714285714,9,-1.0,-1.8369701987210297e-16,2024,0,40,274,0,0,Festival,False,Standard,Tier 2,High,1.0,0.0,0.0,,,False,False,Festival,0,7,7,0,0,0,0,0,monsoon,0,0,12H Day,12.0,0.5,12H,0,0.0,2400.0,1.0,0,1.0,1.0,1,0,0,Clear,0,Same Day,0.0,26.0,20.0,60.0,4.2,25.0,50.0,75.0,1927.2727272727273,1927.2727272727273,1653.8461538461538,1927.2727272727273,1863.157894736842,1927.2727272727273,1666.6666666666667,0.99,1,0.764,-584.44,2473.3333333333335,1500.0,2473.3333333333335,1500.0,3024.062231659987,15.0,1.0,1500.0,2100.0,0,0,0,0,0,0,0,1,0,0,0,0,0,0,1.0,0.15833333333333333,101.0,0.9022413931810099,-0.06190476190476191,33.7724139318101,0.0,1,5,1.891,1.2,1.067,0.8,0,8500.0,0,0
Booked by Deep,"3 Oct 2024 at 4:30 PM to 4 Oct 2024 at 8:00 AM
2 Persons without swimming pool
Rent: ₹2200
Deposit: ₹1000

₹1000 deposit received
Deposit Refund after check out.",2024-10-03 16:30:00,2024-10-04 08:00:00,2024-10-04 08:00:00,2024-10-03,13:55:26,15.5000000002328,0,0,0,,,,2200.0,2,24.0,Couple Full Day,0,0.0,0, (Month),False,8500.0,8500.0,3.0,2200.0,3.0,19.0,0.42857142857142855,0.6333333333333333,0.42857142857142855,10,-0.8660254037844386,0.5000000000000001,2024,3,40,277,0,0,Festival,False,Standard,Tier 2,High,1.0,0.0,0.0,,,False,False,Festival,0,7,7,0,0,1,1,0,monsoon,0,0,12H Day,12.0,1.0,24H,0,0.0,2200.0,1.0,0,1.0,1.0,1,0,0,Clear,0,Same Day,0.0,26.0,20.0,60.0,4.2,25.0,50.0,75.0,2724.0,2724.0,1816.6666666666667,2724.0,2390.909090909091,2724.0,1845.4545454545455,0.98,1,1.638,1193.94,1872.7272727272727,2000.0,1872.7272727272727,2000.0,346.6724941235145,11.0,1.0,1500.0,2100.0,0,0,0,0,0,0,0,1,0,0,0,0,0,0,1.0,0.20833333333333334,95.0,0.6766810448857575,-0.20476190476190476,33.016810448857576,0.0,1,5,1.891,1.2,1.067,0.8,0,8500.0,0,0
Booked by Parth,"Booking confirmed ✅ 

5 Oct 2024 at 9:00 AM to 5 October 2024 at 6:00 PM
2 Persons without pool
Rent: ₹2000
Deposit: ₹1000

₹300 received

Deposit Refund after check out.",2024-10-05 09:00:00,2024-10-05 18:00:00,2024-10-05 18:00:00,2024-10-04,19:29:38,9.0,0,0,0,,,,2000.0,2,12.0,Couple Half Day,0,0.0,0, (Strict),False,1200.0,1500.0,1.0,1590.0,4.0,20.0,0.5714285714285714,0.6666666666666666,0.5714285714285714,10,-0.8660254037844386,0.5000000000000001,2024,4,40,278,0,0,Festival,False,Standard,Tier 2,High,1.0,0.0,0.0,,,False,False,Festival,0,7,7,0,0,1,1,0,monsoon,0,0,12H Day,12.0,0.5,12H,0,0.0,4000.0,1.0,0,1.0,1.0,1,0,0,Clear,0,Same Day,0.0,26.0,20.0,60.0,4.2,25.0,50.0,75.0,2732.0,2732.0,1833.3333333333333,2732.0,2400.0,2732.0,1863.6363636363637,0.98,1,1.638,1193.94,1872.7272727272727,2000.0,1872.7272727272727,2000.0,346.6724941235145,11.0,1.0,1500.0,2100.0,0,0,0,0,0,0,0,1,0,0,0,0,0,0,1.0,0.20833333333333334,95.0,0.8571300001928543,-0.09523809523809523,34.82130000192854,0.0,1,5,1.891,1.2,1.067,0.8,0,8500.0,0,0
Booked by Rutvik,"Booking confirmed ✅ 
Farm number 11

11 Oct 2024 at 9:00 AM to 11 Oct 2024 at 6:00 PM
2 Persons
Rent: ₹2000
Deposit: ₹1000

₹1000 received 

Deposit Refund after check out.",2024-10-11 09:00:00,2024-10-11 18:00:00,2024-10-11 18:00:00,2024-10-08,18:55:28,9.0,0,0,0,,,,2000.0,2,12.0,Couple Half Day,2,0.0,0, (Strict),False,2000.0,1200.0,4.0,1640.0,3.0,16.0,0.42857142857142855,0.5333333333333333,0.42857142857142855,10,-0.8660254037844386,0.5000000000000001,2024,1,41,282,0,0,Festival,False,Standard,Tier 2,High,1.0,0.0,0.0,,,False,False,Festival,0,7,7,0,0,1,1,0,monsoon,0,0,12H Day,12.0,0.5,12H,0,0.0,4000.0,1.0,0,1.0,1.0,1,0,0,Clear,0,Last Minute,0.0,26.0,20.0,60.0,4.2,25.0,50.0,90.0,2732.0,2732.0,1833.3333333333333,2732.0,2400.0,2732.0,1863.6363636363637,0.98,1,1.638,1193.94,1872.7272727272727,2000.0,1872.7272727272727,2000.0,346.6724941235145,11.0,1.0,1500.0,2100.0,0,0,0,0,0,0,0,0,1,0,0,0,0,0,1.0,0.20833333333333334,95.0,0.8035563618896432,-0.10476190476190478,34.28556361889643,0.0,1,5,1.891,1.2,1.067,0.8,0,8500.0,0,0
Booked by Badal,"Booking confirmed ✅ 
Farm number 11

19 Oct 2024 at 9:00 AM to 19 Oct 2024 at 5:00 PM
2 Persons
Rent: ₹1500 without pool
Deposit: ₹1000

₹1000 received

Deposit Refund after check out.",2024-10-19 09:00:00,2024-10-19 17:00:00,2024-10-19 17:00:00,2024-10-10,20:10:01,8.00000000023283,0,0,0,,,,1500.0,2,12.0,Couple Half Day,8,0.0,1,MAD (Strict),False,2000.0,2000.0,2.0,1670.0,3.0,17.0,0.42857142857142855,0.5666666666666667,0.42857142857142855,10,-0.8660254037844386,0.5000000000000001,2024,3,41,284,0,0,Festival,False,Standard,Tier 2,High,1.0,0.0,0.0,,,False,False,Festival,0,7,7,0,0,1,1,0,monsoon,0,0,12H Day,12.0,0.5,12H,0,0.0,3000.0,1.0,0,1.0,1.0,1,0,0,Clear,2,Standard,0.0,26.0,20.0,60.0,4.2,25.0,50.0,90.0,2752.0,2752.0,1875.0,2752.0,3500.0,2752.0,1875.0,0.7899999999999999,3,1.638,1193.94,1872.7272727272727,2000.0,1872.7272727272727,2000.0,346.6724941235145,11.0,1.0,1500.0,2100.0,0,0,0,0,0,0,0,0,0,0,1,0,0,0,1.0,0.20833333333333334,95.0,0.7562891747288494,-0.1380952380952381,33.812891747288496,0.0,1,5,1.891,1.2,1.067,0.8,0,8500.0,0,0
Booked by Ketan/Sailesh,"Booking confirmed ✅ 
Farm number 11

10 Oct 2024 at 10:00 PM to 11 Oct 2024 at 5:00 AM
2 Persons
Rent: ₹2000
Deposit: ₹1000

₹1000 received

Deposit Refund after check out.",2024-10-10 22:00:00,2024-10-11 05:00:00,2024-10-11 05:00:00,2024-10-10,12:06:57,7.00000000046566,0,0,0,,,,2000.0,2,12.0,Couple Half Night,0,0.0,0, (Month),False,3000.0,8500.0,0.0,2500.0,4.0,18.0,0.5714285714285714,0.6,0.5714285714285714,10,-0.8660254037844386,0.5000000000000001,2024,3,41,284,0,0,Festival,False,Standard,Tier 2,High,1.0,0.0,0.0,,,False,False,Festival,0,7,7,0,0,1,1,0,monsoon,0,0,12H Night,12.0,0.5,12H,0,0.0,4000.0,1.0,0,1.0,1.0,1,0,0,Clear,0,Same Day,0.0,26.0,20.0,60.0,4.2,25.0,50.0,75.0,2640.0,2750.0,2200.0,2640.0,2640.0,2640.0,2750.0,0.51,5,1.202,440.0,2175.0,2175.0,2175.0,2175.0,247.48737341529164,2.0,0.4,2087.5,2262.5,0,0,0,0,0,0,0,1,0,0,0,0,0,0,1.0,0.20833333333333334,95.0,0.9523650796296252,-0.02857142857142858,35.77365079629625,0.0,1,5,1.891,1.2,1.067,0.8,0,8500.0,0,0
Booked by Nirmal,"Booking confirmed ✅ 
Farm number 11

12 Oct 2024 at 1:00 PM to 13 Oct 2024 at 12:00 PM
5 Persons
Rent: ₹4300
Deposit: ₹1000

₹1000 received

Deposit Refund after check out.",2024-10-12 13:00:00,2024-10-13 12:00:00,2024-10-13 12:00:00,2024-10-11,23:58:15,23.0000000002328,Dussehra,0,0,,,,4300.0,5,24.0,24H Day,0,0.0,1,MAD (Month),False,3500.0,3000.0,1.0,4000.0,4.0,17.0,0.5714285714285714,0.5666666666666667,0.5714285714285714,10,-0.8660254037844386,0.5000000000000001,2024,4,41,285,0,1,Festival,True,Standard,Tier 2,High,1.0,0.0,0.0,,,False,False,Festival,0,7,7,0,1,1,1,0,monsoon,1,0,24H Day,24.0,1.0,24H,0,0.0,4300.0,1.0,0,1.0,1.0,0,1,0,Clear,0,Same Day,0.0,26.0,20.0,60.0,4.2,25.0,50.0,75.0,3750.0,3750.0,3750.0,4500.0,3500.0,3750.0,3764.285714285714,0.4,7,1.25,0.0,3129.3133294864397,3129.3133294864397,3129.3133294864397,3129.3133294864397,0.0,1.0,0.2,3129.3133294864397,3129.3133294864397,0,0,0,0,0,0,0,1,0,0,0,0,0,0,1.0,0.20833333333333334,95.0,1.0083855663051324,0.004761904761904745,51.333855663051324,0.5,1,5,1.891,1.2,1.067,0.8,0,8500.0,0,0
Booked by Vaibhavi,"Booking confirmed ✅ 
Farm number 11

18 Oct 2024 at 9:00 AM to 18 Oct 2024 at 3:00 PM
4 Persons
Rent: ₹2000
Deposit: ₹1000

₹1000 received

Deposit Refund after check out.",2024-10-18 09:00:00,2024-10-18 15:00:00,2024-10-18 15:00:00,2024-10-15,14:08:29,6.0,0,0,0,,,,2000.0,4,12.0,12H Day,2,0.0,0, (Strict),False,2000.0,2500.0,4.0,2420.0,4.0,16.0,0.5714285714285714,0.5333333333333333,0.5714285714285714,10,-0.8660254037844386,0.5000000000000001,2024,1,42,289,0,0,Festival,False,Standard,Tier 2,High,1.0,0.0,0.0,,,False,False,Festival,0,7,7,0,0,1,1,0,monsoon,0,0,12H Day,12.0,0.5,12H,0,0.0,4000.0,1.0,0,1.0,1.0,0,1,0,Clear,0,Last Minute,0.0,26.0,20.0,60.0,4.2,25.0,50.0,90.0,2732.0,2732.0,2971.4285714285716,2732.0,2400.0,2732.0,2971.4285714285716,0.9400000000000001,1,1.638,1193.94,1872.7272727272727,2000.0,1872.7272727272727,2000.0,346.6724941235145,11.0,1.0,1500.0,2100.0,0,0,0,0,0,0,0,0,1,0,0,0,0,0,1.0,0.20833333333333334,95.0,1.0714084825195243,0.03809523809523807,36.96408482519524,0.0,1,5,1.891,1.2,1.067,0.8,0,8500.0,0,0
Booked by Jay,"Booking confirmed ✅ 
Farm number 11

₹1000 received

17 Oct 2024 at 9:00 AM to 17 Oct 2024 at 5:00 PM
4 Persons
Rent: ₹1500
Deposit: ₹1000

Deposit Refund after check out.",2024-10-17 09:00:00,2024-10-17 17:00:00,2024-10-17 17:00:00,2024-10-16,17:58:15,8.00000000023283,0,0,0,,,,1500.0,4,12.0,12H Day,0,0.0,0, (Strict),False,2000.0,2000.0,1.0,2320.0,5.0,16.0,0.7142857142857143,0.5333333333333333,0.7142857142857143,10,-0.8660254037844386,0.5000000000000001,2024,2,42,290,0,0,Festival,False,Standard,Tier 2,High,1.0,0.0,0.0,,,False,False,Festival,0,7,7,0,0,1,1,0,monsoon,0,0,12H Day,12.0,0.5,12H,0,0.0,3000.0,1.0,0,1.0,1.0,0,1,0,Clear,0,Same Day,0.0,26.0,20.0,60.0,4.2,25.0,50.0,75.0,2752.0,2752.0,3042.8571428571427,2752.0,2422.7272727272725,2752.0,3042.8571428571427,0.9400000000000001,1,1.638,1193.94,1872.7272727272727,2000.0,1872.7272727272727,2000.0,346.6724941235145,11.0,1.0,1500.0,2100.0,0,0,0,0,0,0,0,1,0,0,0,0,0,0,1.0,0.20833333333333334,95.0,1.3392606031494054,0.18095238095238098,39.642606031494054,0.0,1,5,1.891,1.2,1.067,0.8,0,8500.0,0,0
Booked by Dhaval,"Booking confirmed ✅ 
Farm number 11

17 Oct 2024 at 8:00 PM to 18 Oct 2024 at 8:00 AM
9 Persons
Rent: ₹2500
Deposit: ₹1000

₹1000 received 

Deposit Refund after check out.",2024-10-17 20:00:00,2024-10-18 08:00:00,2024-10-18 08:00:00,2024-10-16,13:26:01,12.0,0,0,0,,,,2500.0,9,12.0,12H Night,1,0.0,0, (Month),False,2500.0,2800.0,0.0,2380.0,6.0,17.0,0.8571428571428571,0.5666666666666667,0.8571428571428571,10,-0.8660254037844386,0.5000000000000001,2024,2,42,290,0,0,Festival,False,Standard,Tier 2,High,1.0,0.0,0.0,,,False,False,Festival,0,7,7,0,0,1,1,0,monsoon,0,0,12H Night,12.0,0.5,12H,0,0.0,5000.0,1.0,0,1.0,1.0,0,1,0,Clear,0,Last Minute,0.0,26.0,20.0,60.0,4.2,25.0,50.0,75.0,2540.0,2625.0,2540.0,2540.0,2540.0,2540.0,2625.0,0.51,5,1.202,440.0,2175.0,2175.0,2175.0,2175.0,247.48737341529164,2.0,0.4,2087.5,2262.5,0,0,0,0,0,0,0,0,1,0,0,0,0,0,1.0,0.20833333333333334,95.0,1.5125783494576988,0.29047619047619044,41.375783494576986,0.0,1,5,1.891,1.2,1.067,0.8,0,8500.0,0,0
Booked by Chirag Chatrani,"Booking confirmed ✅ 
Farm number 11

₹1000 received

9 Nov 2024 at 7:00 PM to 10 Nov 2024 at 6:00 PM
15 Persons
Rent: ₹5000
Deposit: ₹2000

Deposit Refund after check out.",2024-11-09 19:00:00,2024-11-10 18:00:00,2024-11-10 18:00:00,2024-10-17,10:45:24,23.0000000002328,0,1,0,,,,5000.0,15,24.0,24H Night,23,0.0,0, (Strict),False,4500.0,4500.0,1.0,4320.0,5.0,17.0,0.7142857142857143,0.5666666666666667,0.7142857142857143,10,-0.8660254037844386,0.5000000000000001,2024,3,42,291,1,0,Festival,False,Standard,Tier 2,High,1.0,0.0,0.0,,,False,False,Festival,0,7,7,0,0,1,1,0,monsoon,1,0,24H Night,24.0,1.0,24H,0,0.0,5000.0,1.0,0,1.0,1.0,0,0,1,Clear,2,Advance,0.0,26.0,20.0,60.0,4.2,25.0,100.0,95.0,3911.764705882353,4750.0,4045.4545454545455,3911.764705882353,3911.764705882353,3911.764705882353,5333.333333333333,0.7,3,0.964,-114.29,3071.4285714285716,3000.0,3071.4285714285716,3000.0,838.0817098475258,7.0,1.0,2450.0,3900.0,0,0,0,0,0,0,0,0,0,0,0,1,0,0,1.0,0.20833333333333334,95.0,1.2604819578814157,0.14761904761904765,58.85481957881416,0.0,1,5,1.891,1.2,1.067,0.8,0,8500.0,0,0
Booked by Chintan,"Booking confirmed ✅ 
Farm number 11

₹1000 received

19 Oct 2024 at 7:00 PM to 20 Oct 2024 at 6:00 PM
10 Persons
Rent: ₹4500
Deposit: ₹1000

Deposit Refund after check out.",2024-10-19 19:00:00,2024-10-20 18:00:00,2024-10-20 18:00:00,2024-10-18,14:42:25,23.0000000002328,0,1,0,,,,4500.0,10,24.0,24H Night,1,0.0,0, (Month+Slot),False,5000.0,4500.0,1.0,4220.0,5.0,15.0,0.7142857142857143,0.5,0.7142857142857143,10,-0.8660254037844386,0.5000000000000001,2024,4,42,292,1,0,Festival,False,Standard,Tier 2,High,1.0,0.0,0.0,,,False,False,Festival,0,7,7,0,0,1,1,0,monsoon,1,0,24H Night,24.0,1.0,24H,0,0.0,4500.0,1.0,0,1.0,1.0,0,1,0,Clear,0,Last Minute,0.0,26.0,20.0,60.0,4.2,25.0,94.55,75.0,3941.176470588235,4875.0,4090.909090909091,3941.176470588235,3458.3333333333335,3941.176470588235,5500.0,0.7,3,0.964,-114.29,3071.4285714285716,3000.0,3071.4285714285716,3000.0,838.0817098475258,7.0,1.0,2450.0,3900.0,1,0,0,0,0,0,0,0,1,0,0,0,0,0,1.0,0.20833333333333334,95.0,1.4285428577142745,0.2142857142857143,60.535428577142746,0.0,1,5,1.891,1.2,1.067,0.8,0,8500.0,0,0
Booked by Bhargav,"Booking confirmed ✅ 
Farm number 11
₹1000 advance received

21 Oct 2024 at 5:00 PM to 22 Oct 2024 at 5:00 PM
12 Persons
Rent: ₹3500
Deposit: ₹1000

Deposit Refund after check out.",2024-10-21 17:00:00,2024-10-22 17:00:00,2024-10-22 17:00:00,2024-10-20,20:19:26,24.0,0,0,0,,,,3500.0,12,24.0,24H Day,0,0.0,0, (Month),False,4300.0,3500.0,2.0,3928.5714285714284,6.0,16.0,0.8571428571428571,0.5333333333333333,0.8571428571428571,10,-0.8660254037844386,0.5000000000000001,2024,6,42,294,0,0,Festival,False,Standard,Tier 2,High,1.0,0.0,0.0,,,False,False,Festival,0,7,7,0,0,1,1,0,monsoon,0,0,24H Day,24.0,1.0,24H,0,0.0,3500.0,1.0,0,1.0,1.0,0,1,0,Clear,0,Same Day,0.0,26.0,20.0,60.0,4.2,25.0,50.0,75.0,4000.0,4000.0,4000.0,4000.0,4000.0,4000.0,3784.6153846153848,0.4,7,1.25,0.0,3129.3133294864397,3129.3133294864397,3129.3133294864397,3129.3133294864397,0.0,1.0,0.2,3129.3133294864397,3129.3133294864397,0,0,0,1,0,0,0,1,0,0,0,0,0,0,1.0,0.20833333333333334,95.0,1.6071127237792864,0.32380952380952377,42.321127237792865,0.0,1,5,1.891,1.2,1.067,0.8,0,8500.0,0,0
Booked by Pritesh,"Booking confirmed ✅ 
Farm number 11

₹800 advance received

23 Oct 2024 at 8:00 AM to 23 Oct 2024 at 6:00 PM
10 Persons
Rent: ₹3000
Deposit: ₹1000

Deposit Refund after check out.",2024-10-23 08:00:00,2024-10-23 18:00:00,2024-10-23 18:00:00,2024-10-21,23:00:09,9.99999999976717,0,0,0,,,,3000.0,10,12.0,12H Day,1,0.0,0, (Strict),False,1500.0,2000.0,1.0,2320.0,7.0,17.0,1.0,0.5666666666666667,1.0,10,-0.8660254037844386,0.5000000000000001,2024,0,43,295,0,0,Festival,False,Standard,Tier 2,High,1.0,0.0,0.0,,,False,False,Festival,0,7,7,0,0,1,1,0,monsoon,0,0,12H Day,12.0,0.5,12H,0,0.0,6000.0,1.0,0,1.0,1.0,0,1,0,Clear,0,Last Minute,0.0,26.0,20.0,60.0,4.2,25.0,50.0,75.0,2692.0,2692.0,5125.0,2692.0,2354.5454545454545,2692.0,5125.0,0.71,3,1.638,1193.94,1872.7272727272727,2000.0,1872.7272727272727,2000.0,346.6724941235145,11.0,1.0,1500.0,2100.0,0,0,0,0,0,0,0,0,1,0,0,0,0,0,1.0,0.20833333333333334,95.0,1.764674741033982,0.43333333333333335,43.89674741033982,0.0,1,5,1.891,1.2,1.067,0.8,0,8500.0,0,0
Booked by Jayesh,"Booking confirmed ✅ 
Farm number - 11

₹1000 advance received

25 Oct 2024 at 7:00 PM to 26 Oct 2024 at 6:00 PM
10 Persons
Rent: ₹4500
Deposit: ₹2000

Deposit Refund after check out.",2024-10-25 19:00:00,2024-10-26 18:00:00,2024-10-26 18:00:00,2024-10-21,16:19:05,23.0000000002328,0,0,0,,,,4500.0,10,24.0,24H Night,4,0.0,0, (Strict),False,4500.0,5000.0,0.0,4220.0,8.0,18.0,1.0,0.6,1.1428571428571428,10,-0.8660254037844386,0.5000000000000001,2024,0,43,295,0,0,Festival,False,Standard,Tier 2,High,1.0,0.0,0.0,,,False,False,Festival,0,7,7,0,0,1,1,0,monsoon,0,0,24H Night,24.0,1.0,24H,0,0.0,4500.0,1.0,0,1.0,1.0,0,1,0,Clear,1,Standard,0.0,26.0,20.0,60.0,4.2,25.0,50.0,90.0,3941.176470588235,3583.3333333333335,4090.909090909091,3941.176470588235,5333.333333333333,3941.176470588235,3428.5714285714284,0.74,3,0.964,-114.29,3185.714285714286,3100.0,3185.714285714286,3100.0,1266.79197375177,7.0,1.0,2450.0,3300.0,0,0,0,0,0,0,0,0,0,1,0,0,0,0,1.0,0.20833333333333334,95.0,1.9047301592592505,0.4,45.297301592592504,0.0,1,5,1.891,1.2,1.067,0.8,0,8500.0,0,0
Booked by Henil Patel,"Booking confirmed ✅ 
Farm number 11

₹500 advance received
₹4000 to get paid while check-in

23 Oct 2024 at 7:00 PM to 24 Oct 2024 at 6:00 PM
8 Persons
Rent: ₹3500
Deposit: ₹1000

Deposit Refund after check out.",2024-10-23 19:00:00,2024-10-24 18:00:00,2024-10-24 18:00:00,2024-10-22,21:44:39,23.0000000002328,0,0,0,,,,3500.0,8,24.0,24H Night,0,0.0,0, (Strict),False,4500.0,4500.0,1.0,4070.0,8.0,19.0,1.0,0.6333333333333333,1.1428571428571428,10,-0.8660254037844386,0.5000000000000001,2024,1,43,296,0,0,Festival,False,Standard,Tier 2,High,1.0,0.0,0.0,,,False,False,Festival,0,7,7,0,0,1,1,0,monsoon,0,0,24H Night,24.0,1.0,24H,0,0.0,3500.0,1.0,0,1.0,1.0,0,1,0,Clear,0,Same Day,0.0,26.0,20.0,60.0,4.2,25.0,50.0,75.0,4000.0,3666.6666666666665,3500.0,4000.0,3541.6666666666665,4000.0,3666.6666666666665,0.9,1,0.964,-114.29,3185.714285714286,3100.0,3185.714285714286,3100.0,1266.79197375177,7.0,1.0,2450.0,3300.0,0,0,0,0,0,0,0,1,0,0,0,0,0,0,1.0,0.20833333333333334,95.0,1.8044827863620199,0.3666666666666667,44.2948278636202,0.0,1,5,1.891,1.2,1.067,0.8,0,8500.0,0,0
Booked by Sujal,"Booking confirmed ✅ 
Farm number 11

₹1000 advance received

26 Oct 2024 at 8:00 AM to 27 Oct 2024 at 9:00 AM
4 Persons
Rent: ₹5500
Deposit: ₹1000

Deposit Refund after check out.",2024-10-26 08:00:00,2024-10-27 09:00:00,2024-10-27 09:00:00,2024-10-23,12:09:20,24.9999999997672,0,0,0,,,,5500.0,4,24.0,Extended Day,2,0.0,2,"MAD, Percentile (Month)",True,6500.0,13500.0,1.0,7875.0,7.0,20.0,1.0,0.6666666666666666,1.0,10,-0.8660254037844386,0.5000000000000001,2024,2,43,297,0,0,Festival,False,Standard,Tier 2,High,1.0,0.0,0.0,,,False,False,Festival,0,7,7,0,0,1,1,0,monsoon,0,0,12H Day,12.0,1.0,24H,0,0.0,5500.0,1.0,0,1.0,1.0,0,1,0,Clear,0,Last Minute,0.0,26.0,20.0,60.0,4.2,25.0,50.0,90.0,2592.0,2592.0,2471.4285714285716,2592.0,2240.909090909091,2592.0,2471.4285714285716,0.9400000000000001,1,1.638,1193.94,1872.7272727272727,2000.0,1872.7272727272727,2000.0,346.6724941235145,11.0,1.0,1500.0,2100.0,0,0,0,0,0,0,0,0,1,0,0,0,0,0,1.0,0.20833333333333334,95.0,1.499977500337495,0.33333333333333337,41.24977500337495,0.0,1,5,1.891,1.2,1.067,0.8,0,8500.0,0,0
Booked by Lalit,"Booking confirmed ✅ 
Farm number 11
₹1000 advance received

27 Oct 2024 at 12:00 PM to 27 Oct 2024 at 11:00 PM
10 Persons
Rent: ₹4000
Deposit: ₹2000

Deposit Refund after check out.",2024-10-27 12:00:00,2024-10-27 23:00:00,2024-10-27 23:00:00,2024-10-23,19:38:37,11.0000000002328,0,0,0,,,,4000.0,10,12.0,12H Day,3,0.0,0, (Strict),False,3000.0,1500.0,0.0,2470.0,8.0,21.0,1.0,0.7,1.1428571428571428,10,-0.8660254037844386,0.5000000000000001,2024,2,43,297,0,0,Festival,False,Standard,Tier 2,High,1.0,0.0,0.0,,,False,False,Festival,0,7,7,0,0,1,1,0,monsoon,0,0,12H Day,12.0,0.5,12H,0,0.0,8000.0,1.0,0,1.0,1.0,0,1,0,Clear,1,Last Minute,0.0,26.0,20.0,60.0,4.2,25.0,50.0,90.0,2652.0,2652.0,4875.0,2652.0,2309.090909090909,2652.0,4875.0,0.71,3,1.638,1193.94,1872.7272727272727,2000.0,1872.7272727272727,2000.0,346.6724941235145,11.0,1.0,1500.0,2100.0,0,0,0,0,0,0,0,0,1,0,0,0,0,0,1.0,0.20833333333333334,95.0,1.6326297379425192,0.30000000000000004,42.57629737942519,0.0,1,5,1.891,1.2,1.067,0.8,0,8500.0,0,0
Booked by Nilesh,"Booking confirmed ✅ 
Farm number 11
₹1000 advance received

24 Oct 2024 at 7:00 PM to 25 Oct 2024 at 6:00 PM
12 Persons
Rent: ₹4000
Deposit: ₹2000

Deposit Refund after check out.",2024-10-24 19:00:00,2024-10-25 18:00:00,2024-10-25 18:00:00,2024-10-24,11:46:57,23.0000000002328,0,0,0,,,,4000.0,12,24.0,24H Night,0,0.0,0, (Strict),False,3500.0,4500.0,1.0,4170.0,8.0,22.0,1.0,0.7333333333333333,1.1428571428571428,10,-0.8660254037844386,0.5000000000000001,2024,3,43,298,0,0,Festival,False,Standard,Tier 2,High,1.0,0.0,0.0,,,False,False,Festival,0,7,7,0,0,1,1,0,monsoon,0,0,24H Night,24.0,1.0,24H,0,0.0,4000.0,1.0,0,1.0,1.0,0,1,0,Clear,0,Same Day,0.0,26.0,20.0,60.0,4.2,25.0,50.0,75.0,3970.5882352941176,3625.0,4136.363636363636,3970.5882352941176,3500.0,3970.5882352941176,3100.0,0.92,1,0.964,-114.29,3185.714285714286,3100.0,3185.714285714286,3100.0,1266.79197375177,7.0,1.0,2450.0,3300.0,0,0,0,0,0,0,0,1,0,0,0,0,0,0,1.0,0.20833333333333334,95.0,1.5584203072555505,0.2666666666666667,41.8342030725555,0.0,1,5,1.891,1.2,1.067,0.8,0,8500.0,0,0
Booked by Ritik,"Booking confirmed ✅ 
Farm number 11
₹1500 advance received

2 Nov 2024 at 7:00 PM to 3 Nov 2024 at 6:00 PM
8 Persons
Rent: ₹6500
Deposit: ₹2000

Deposit Refund after check out.",2024-11-02 19:00:00,2024-11-03 18:00:00,2024-11-03 18:00:00,2024-10-26,11:43:41,23.0000000002328,Bhai Beej,1,0,,,,6500.0,8,24.0,24H Night,7,0.0,0, (Strict),False,4000.0,3500.0,2.0,4370.0,8.0,21.0,1.0,0.7,1.1428571428571428,10,-0.8660254037844386,0.5000000000000001,2024,5,43,300,1,1,Festival,True,Standard,Tier 2,High,1.0,0.0,0.0,,,False,False,Festival,0,7,7,1,1,1,1,0,monsoon,1,0,24H Night,24.0,1.0,24H,0,0.0,6500.0,1.0,0,1.0,1.0,0,1,0,Clear,1,Standard,0.0,26.0,20.0,60.0,4.2,25.0,100.0,90.0,3972.222222222222,4800.0,3500.0,4000.0,5125.0,3972.222222222222,4800.0,0.52,5,0.964,-114.29,3071.4285714285716,3000.0,3071.4285714285716,3000.0,838.0817098475258,7.0,1.0,2450.0,3900.0,0,0,1,0,0,0,0,0,0,1,0,0,0,0,1.0,0.20833333333333334,95.0,1.6326297379425192,0.30000000000000004,77.5762973794252,0.5,1,5,1.891,1.2,1.067,0.8,0,8500.0,0,0
Booked by Ashish,"Booking confirmed ✅ 
Farm number 11
₹1000 advance received

6 Nov 2024 at 7:00 PM to 7 Nov 2024 at 6:00 PM
12 Persons
Rent: ₹4500
Deposit: ₹2000

Deposit Refund after check out.",2024-11-06 19:00:00,2024-11-07 18:00:00,2024-11-07 18:00:00,2024-10-26,22:48:48,23.0000000002328,0,0,0,,,,4500.0,12,24.0,24H Night,10,0.0,0, (Strict),False,6500.0,4000.0,0.0,4420.0,9.0,22.0,1.0,0.7333333333333333,1.2857142857142858,10,-0.8660254037844386,0.5000000000000001,2024,5,43,300,0,0,Festival,False,Standard,Tier 2,High,1.0,0.0,0.0,,,False,False,Festival,0,7,7,0,0,1,1,0,monsoon,0,0,24H Night,24.0,1.0,24H,0,0.0,4500.0,1.0,0,1.0,1.0,0,1,0,Clear,2,Standard,0.0,26.0,20.0,60.0,4.2,25.0,53.349999999999994,90.0,3941.176470588235,3583.3333333333335,4090.909090909091,3941.176470588235,5333.333333333333,3941.176470588235,3428.5714285714284,0.74,3,0.964,-114.29,3185.714285714286,3100.0,3185.714285714286,3100.0,1266.79197375177,7.0,1.0,2450.0,3300.0,0,0,1,0,0,0,0,0,0,0,1,0,0,0,1.0,0.20833333333333334,95.0,1.7532228456624945,0.2666666666666667,43.78222845662495,0.0,1,5,1.891,1.2,1.067,0.8,0,8500.0,0,0
Booked by Kalpesh,"Booking confirmed ✅ 
Farm number 11

27 Oct 2024 at 11:00 PM to 28 Oct 2024 at 9:00 AM
4 Persons
Rent: ₹2000
Deposit: ₹1000

Deposit Refund after check out.",2024-10-27 23:00:00,2024-10-28 09:00:00,2024-10-28 09:00:00,2024-10-27,21:53:44,9.99999999976717,0,0,0,,,,2000.0,4,12.0,12H Night,0,0.0,0, (Month),False,2500.0,2500.0,1.0,2380.0,9.0,23.0,1.0,0.7666666666666667,1.2857142857142858,10,-0.8660254037844386,0.5000000000000001,2024,6,43,301,0,0,Festival,False,Standard,Tier 2,High,1.0,0.0,0.0,,,False,False,Festival,0,7,7,0,0,1,1,0,monsoon,0,0,12H Night,12.0,0.5,12H,0,0.0,4000.0,1.0,0,1.0,1.0,0,1,0,Clear,0,Same Day,0.0,26.0,20.0,60.0,4.2,25.0,50.0,75.0,2640.0,2750.0,3250.0,2640.0,2640.0,2640.0,2750.0,0.51,5,1.202,440.0,2175.0,2175.0,2175.0,2175.0,247.48737341529164,2.0,0.4,2087.5,2262.5,0,0,0,0,1,0,0,1,0,0,0,0,0,0,1.0,0.20833333333333334,95.0,1.6769967596695945,0.23333333333333328,43.01996759669595,0.0,1,5,1.891,1.2,1.067,0.8,0,8500.0,0,0
Booked by Krish,"[Updated] Booking confirmed ✅ 
Farm number 11
₹1000 advance received

28 Oct 2024 at 7:00 PM to 29 Oct 2024 at 6:00 PM
14 Persons
Rent: ₹4000
Deposit: ₹2000

Deposit Refund after check out.",2024-10-28 19:00:00,2024-10-29 18:00:00,2024-10-29 18:00:00,2024-10-27,11:47:30,23.0000000002328,Dhanteras,0,0,,,,4000.0,14,24.0,24H Night,1,0.0,0, (Strict),False,4500.0,6500.0,0.0,4550.0,10.0,24.0,1.0,0.8,1.4285714285714286,10,-0.8660254037844386,0.5000000000000001,2024,6,43,301,0,1,Festival,True,Standard,Tier 2,High,1.0,0.0,0.0,,,False,False,Festival,0,7,7,0,1,1,1,0,monsoon,1,0,24H Night,24.0,1.0,24H,0,0.0,4000.0,1.0,0,1.0,1.0,0,0,1,Clear,0,Last Minute,0.0,26.0,20.0,60.0,4.2,25.0,50.0,75.0,3972.222222222222,3653.846153846154,4125.0,6500.0,3538.4615384615386,3972.222222222222,3562.5,0.65,4,0.964,-114.29,3185.714285714286,3100.0,3185.714285714286,3100.0,1266.79197375177,7.0,1.0,2450.0,3300.0,0,0,0,0,1,0,0,0,1,0,0,0,0,0,1.0,0.20833333333333334,95.0,1.7856919645647287,0.19999999999999996,59.10691964564729,0.5,1,5,1.891,1.2,1.067,0.8,0,8500.0,0,0
Booked by Nishant,"Booking confirmed ✅ 
Farm number 11
₹1000 advance received

29 Oct 2024 at 7:00 PM to 30 Oct 2024 at 7:00 PM
10 Persons
Rent: ₹4000
Deposit: ₹2000

Deposit Refund after check out.",2024-10-29 19:00:00,2024-10-30 19:00:00,2024-10-30 19:00:00,2024-10-28,22:00:25,24.0,0,0,0,,,,4000.0,10,24.0,24H Night,0,0.0,0, (Strict),False,4000.0,4500.0,1.0,4500.0,9.0,25.0,1.0,0.8333333333333334,1.2857142857142858,10,-0.8660254037844386,0.5000000000000001,2024,0,44,302,0,0,Festival,False,Standard,Tier 2,High,1.0,0.0,0.0,,,False,False,Festival,0,7,7,0,0,1,1,0,monsoon,0,0,24H Night,24.0,1.0,24H,0,0.0,4000.0,1.0,0,1.0,1.0,0,1,0,Clear,0,Same Day,0.0,26.0,20.0,60.0,4.2,25.0,50.0,75.0,3970.5882352941176,3625.0,4136.363636363636,3970.5882352941176,3500.0,3970.5882352941176,3100.0,0.92,1,0.964,-114.29,3185.714285714286,3100.0,3185.714285714286,3100.0,1266.79197375177,7.0,1.0,2450.0,3300.0,0,0,0,0,0,0,0,1,0,0,0,0,0,0,1.0,0.20833333333333334,95.0,1.5428386287935976,0.16666666666666663,41.67838628793598,0.0,1,5,1.891,1.2,1.067,0.8,0,8500.0,0,0
Booked by Jaydeep,"Booking confirmed ✅ 
Farm number 11
₹500 advance token received

1 Nov 2024 at 12:00 PM to 2 Nov 2024 at 12:00 PM
12 Persons
Rent: ₹4500
Deposit: ₹2000

Deposit Refund after check out.",2024-11-01 12:00:00,2024-11-02 12:00:00,2024-11-02 12:00:00,2024-10-31,22:44:40,24.0,Diwali,0,0,,,,4500.0,12,24.0,24H Day,0,0.0,0, (Month),False,3500.0,4300.0,3.0,4000.0,6.0,24.0,0.8571428571428571,0.8,0.8571428571428571,10,-0.8660254037844386,0.5000000000000001,2024,3,44,305,0,1,Festival,True,Standard,Tier 2,High,1.0,0.0,0.0,,,False,False,Festival,0,7,7,0,1,1,1,0,monsoon,1,0,24H Day,24.0,1.0,24H,0,0.0,4500.0,1.0,0,1.0,1.0,0,1,0,Clear,0,Same Day,0.0,26.0,20.0,60.0,4.2,25.0,53.349999999999994,75.0,3750.0,3750.0,3750.0,4300.0,3500.0,3750.0,3764.285714285714,0.4,7,1.25,0.0,3129.3133294864397,3129.3133294864397,3129.3133294864397,3129.3133294864397,0.0,1.0,0.2,3129.3133294864397,3129.3133294864397,0,0,0,0,0,0,0,1,0,0,0,0,0,0,1.0,0.20833333333333334,95.0,1.071415178738837,0.05714285714285705,51.964151787388374,0.5,1,5,1.891,1.2,1.067,0.8,0,8500.0,0,0
Booked by Sweta,"Booking confirmed ✅ 
Farm number 11
₹6500 received

4 Nov 2024 at 7:00 PM to 5 Nov 2024 at 6:00 PM
17 Persons
Rent: ₹4500
Deposit: ₹2000

Deposit Refund after check out.",2024-11-04 19:00:00,2024-11-05 18:00:00,2024-11-05 18:00:00,2024-10-31,22:46:24,23.0000000002328,0,0,0,,,,4500.0,17,24.0,24H Night,3,0.0,0, (Strict),False,4000.0,4000.0,0.0,4500.0,7.0,25.0,1.0,0.8333333333333334,1.0,10,-0.8660254037844386,0.5000000000000001,2024,3,44,305,0,0,Festival,False,Standard,Tier 2,High,1.0,0.0,0.0,,,False,False,Festival,0,7,7,0,0,1,1,0,monsoon,0,0,24H Night,24.0,1.0,24H,0,0.0,4500.0,1.0,0,1.0,1.0,0,0,1,Clear,1,Last Minute,0.0,26.0,20.0,60.0,4.2,25.0,53.349999999999994,90.0,3941.176470588235,3583.3333333333335,3941.176470588235,3941.176470588235,3458.3333333333335,3941.176470588235,3583.3333333333335,0.59,5,0.964,-114.29,3185.714285714286,3100.0,3185.714285714286,3100.0,1266.79197375177,7.0,1.0,2450.0,3300.0,0,0,0,0,0,0,0,0,1,0,0,0,0,0,1.0,0.20833333333333334,95.0,1.199985600172798,0.16666666666666663,38.24985600172798,0.0,1,5,1.891,1.2,1.067,0.8,0,8500.0,0,0
Booked by Prince,"Booking confirmed ✅ 
Farm number 11
₹1000 advance received

3 Nov 2024 at 7:00 PM to 4 Nov 2024 at 6:00 PM
15 Persons
Rent: ₹4000
Deposit: ₹2000

Deposit Refund after check out.",2024-11-03 19:00:00,2024-11-04 18:00:00,2024-11-04 18:00:00,2024-11-01,09:09:40,23.0000000002328,0,0,0,,,,4000.0,15,24.0,24H Night,2,0.0,0, (Strict),False,4500.0,4000.0,1.0,4400.0,8.0,26.0,1.0,0.8666666666666667,1.1428571428571428,11,-0.5000000000000004,0.8660254037844384,2024,4,44,306,0,0,Festival,False,Standard,Tier 2,High,1.0,0.0,0.0,,,False,False,Festival,0,7,7,0,0,0,0,0,winter,0,1,24H Night,24.0,1.0,24H,0,0.0,4000.0,1.0,0,1.0,1.0,0,0,1,Clear,0,Last Minute,0.0,26.0,20.0,60.0,4.2,25.0,53.349999999999994,90.0,3916.6666666666665,3587.5,3866.6666666666665,3916.6666666666665,3744.4444444444443,3916.6666666666665,4175.0,0.91,1,1.036,120.0,3380.0,3600.0,3380.0,3600.0,432.43496620879307,5.0,1.0,3200.0,3700.0,1,0,0,0,0,0,1,0,1,0,0,0,0,0,1.0,0.20833333333333334,95.0,1.3186661033032037,0.1333333333333333,49.43666103303204,0.0,1,5,1.891,1.2,1.067,0.8,0,8500.0,0,0
Booked by Hitesh,"5 Nov 2024 at 7:00 PM to 6 Nov 2024 at 6:00 PM
10 Persons
Rent: ₹4200
Deposit: ₹2000

Deposit Refund after check out.",2024-11-05 19:00:00,2024-11-06 18:00:00,2024-11-06 18:00:00,2024-11-04,15:21:58,23.0000000002328,0,0,0,,,,4200.0,10,24.0,24H Night,1,0.0,0, (Strict),False,4000.0,4500.0,3.0,4370.0,4.0,25.0,0.5714285714285714,0.8333333333333334,0.5714285714285714,11,-0.5000000000000004,0.8660254037844384,2024,0,45,309,0,0,Festival,False,Standard,Tier 2,High,1.0,0.0,0.0,,,False,False,Festival,0,7,7,0,0,0,0,0,winter,0,1,24H Night,24.0,1.0,24H,0,0.0,4200.0,1.0,0,1.0,1.0,0,1,0,Clear,0,Last Minute,0.0,26.0,20.0,60.0,4.2,25.0,53.349999999999994,75.0,3900.0,3562.5,3833.3333333333335,3900.0,3722.222222222222,3900.0,4125.0,0.91,1,1.036,120.0,3380.0,3600.0,3380.0,3600.0,432.43496620879307,5.0,1.0,3200.0,3700.0,0,0,0,0,0,0,1,0,1,0,0,0,0,0,1.0,0.20833333333333334,95.0,0.6857060572415988,-0.261904761904762,43.10706057241599,0.0,1,5,1.891,1.2,1.067,0.8,0,8500.0,0,0
Booked by Chirag,"Booking confirmed ✅ 
Farm number 11
₹2000 advance received

8 Nov 2024 at 8:00 AM to 8 Nov 2024 at 6:00 PM
15 Persons
Rent: ₹4000
Deposit: ₹2000

Deposit Refund after check out.",2024-11-08 08:00:00,2024-11-08 18:00:00,2024-11-08 18:00:00,2024-11-07,23:32:18,9.99999999976717,0,0,0,,,,4000.0,15,12.0,12H Day,0,0.0,0, (Strict),False,4000.0,3000.0,3.0,2620.0,3.0,25.0,0.42857142857142855,0.8333333333333334,0.42857142857142855,11,-0.5000000000000004,0.8660254037844384,2024,3,45,312,0,0,Festival,False,Standard,Tier 2,High,1.0,0.0,0.0,,,False,False,Festival,0,7,7,0,0,0,0,0,winter,0,1,12H Day,12.0,0.5,12H,0,0.0,8000.0,1.0,0,1.0,1.0,0,0,1,Clear,0,Same Day,0.0,26.0,20.0,60.0,4.2,25.0,53.349999999999994,75.0,2519.0476190476193,2519.0476190476193,3666.6666666666665,2519.0476190476193,2056.25,2519.0476190476193,3666.6666666666665,0.7,3,1.077,158.33,2058.3333333333335,2000.0,2058.3333333333335,2000.0,514.2661732699294,12.0,1.0,1500.0,2425.0,0,0,0,0,0,0,1,1,0,0,0,0,0,0,1.0,0.20833333333333334,95.0,0.514279542931199,-0.4047619047619048,41.39279542931199,0.0,1,5,1.891,1.2,1.067,0.8,0,8500.0,0,0
Booked by Surjit,"Booking confirmed ✅ 
Farm number 11
₹1000 advance received

8 Nov 2024 at 7:30 PM to 9 Nov 2024 at 6:00 PM
8 Persons
Rent: ₹4000
Deposit: ₹2000

Deposit Refund after check out.",2024-11-08 19:00:00,2024-11-09 18:00:00,2024-11-09 18:00:00,2024-11-09,19:57:07,23.0000000002328,0,0,0,,,,4000.0,8,24.0,24H Night,0,0.0,0, (Strict),False,4200.0,4000.0,2.0,4320.0,3.0,24.0,0.42857142857142855,0.8,0.42857142857142855,11,-0.5000000000000004,0.8660254037844384,2024,5,45,314,0,0,Festival,False,Standard,Tier 2,High,1.0,0.0,0.0,,,False,False,Festival,0,7,7,0,0,0,0,0,winter,0,1,24H Night,24.0,1.0,24H,0,0.0,4000.0,1.0,0,1.0,1.0,0,1,0,Clear,0,Same Day,0.0,26.0,20.0,60.0,4.2,25.0,53.349999999999994,75.0,3916.6666666666665,3587.5,3575.0,3916.6666666666665,3744.4444444444443,3916.6666666666665,3587.5,0.55,5,1.036,120.0,3380.0,3600.0,3380.0,3600.0,432.43496620879307,5.0,1.0,3200.0,3700.0,0,0,1,0,0,0,1,1,0,0,0,0,0,0,1.0,0.20833333333333334,95.0,0.5357075893694185,-0.3714285714285715,41.60707589369419,0.0,1,5,1.891,1.2,1.067,0.8,0,8500.0,0,0
Booked by Harsh,"Booking confirmed ✅ 
Farm number 11
₹1000 advance received

10 Nov 2024 at 7:00 PM to 11 Nov 2024 at 6:00 PM
10 Persons
Rent: ₹4500
Deposit: ₹2000

Deposit Refund after check out.",2024-11-10 19:00:00,2024-11-11 18:00:00,2024-11-11 18:00:00,2024-11-09,12:14:22,23.0000000002328,0,0,0,,,,4500.0,10,24.0,24H Night,1,0.0,0, (Strict),False,4000.0,4200.0,0.0,4420.0,4.0,25.0,0.5714285714285714,0.8333333333333334,0.5714285714285714,11,-0.5000000000000004,0.8660254037844384,2024,5,45,314,0,0,Festival,False,Standard,Tier 2,High,1.0,0.0,0.0,,,False,False,Festival,0,7,7,0,0,0,0,0,winter,0,1,24H Night,24.0,1.0,24H,0,0.0,4500.0,1.0,0,1.0,1.0,0,1,0,Clear,0,Last Minute,0.0,26.0,20.0,60.0,4.2,25.0,53.349999999999994,75.0,3875.0,3525.0,3783.3333333333335,3875.0,3688.8888888888887,3875.0,4050.0,0.91,1,1.036,120.0,3380.0,3600.0,3380.0,3600.0,432.43496620879307,5.0,1.0,3200.0,3700.0,0,0,1,0,0,0,1,0,1,0,0,0,0,0,1.0,0.20833333333333334,95.0,0.6857060572415988,-0.261904761904762,43.10706057241599,0.0,1,5,1.891,1.2,1.067,0.8,0,8500.0,0,0
Booked by Dhaval,"Booking confirmed ✅ 
Farm number 11
₹1000 advance received

11 Nov 2024 at 8:00 PM to 12 Nov 2024 at 8:00 AM
3 Persons, Without pool
Rent: ₹2000
Deposit: ₹1000

Deposit Refund after check out.",2024-11-11 20:00:00,2024-11-12 08:00:00,2024-11-12 08:00:00,2024-11-10,13:53:15,12.0,0,0,0,,,,2000.0,3,12.0,12H Night,1,0.0,0, (Month),False,2000.0,2500.0,1.0,2380.0,5.0,25.0,0.7142857142857143,0.8333333333333334,0.7142857142857143,11,-0.5000000000000004,0.8660254037844384,2024,6,45,315,0,0,Festival,False,Standard,Tier 2,High,1.0,0.0,0.0,,,False,False,Festival,0,7,7,0,0,0,0,0,winter,0,1,12H Night,12.0,0.5,12H,0,0.0,4000.0,1.0,0,1.0,1.0,0,1,0,Clear,0,Last Minute,0.0,26.0,20.0,60.0,4.2,25.0,53.349999999999994,75.0,2266.6666666666665,2266.6666666666665,2500.0,2266.6666666666665,2150.0,2266.6666666666665,2266.6666666666665,0.5,5,1.073,146.67,2000.0,2000.0,2000.0,2000.0,0.0,1.0,0.2,2000.0,2000.0,0,0,0,0,1,0,1,0,1,0,0,0,0,0,1.0,0.20833333333333334,95.0,0.8571325715519985,-0.11904761904761907,44.82132571551998,0.0,1,5,1.891,1.2,1.067,0.8,0,8500.0,0,0
Booked by Juhil,"Booking confirmed ✅
Farm number 11

₹4500 received

16 Nov 2024 at 8:00 AM to 17 Nov 2024 at 8:00 AM
8 Persons
Rent: ₹4500
Deposit: ₹2000

Deposit Refund after check out.",2024-11-16 08:00:00,2024-11-17 08:00:00,2024-11-17 08:00:00,2024-11-12,13:49:23,24.0,0,0,0,,,,4500.0,8,24.0,24H Day,3,0.0,0, (Month),False,4500.0,3500.0,2.0,4055.5555555555557,5.0,26.0,0.7142857142857143,0.8666666666666667,0.7142857142857143,11,-0.5000000000000004,0.8660254037844384,2024,1,46,317,0,0,Festival,False,Standard,Tier 2,High,1.0,0.0,0.0,,,False,False,Festival,0,7,7,0,0,0,0,0,winter,0,1,24H Day,24.0,1.0,24H,0,0.0,4500.0,1.0,0,1.0,1.0,0,1,0,Clear,1,Last Minute,0.0,26.0,20.0,60.0,4.2,25.0,53.349999999999994,90.0,3500.0,3500.0,3500.0,3500.0,3500.0,3500.0,3707.6923076923076,0.4,7,1.236,824.35,3490.3058280438545,3490.3058280438545,3490.3058280438545,3490.3058280438545,0.0,1.0,0.2,3490.3058280438545,3490.3058280438545,0,0,0,0,0,0,1,0,1,0,0,0,0,0,1.0,0.20833333333333334,95.0,0.8241663145645023,-0.1523809523809524,44.49166314564502,0.0,1,5,1.891,1.2,1.067,0.8,0,8500.0,0,0
Booked by Hiren,"Booking confirmed ✅ 
Farm number 11
₹1000 advance received

13 Nov 2024 at 8:00 AM to 13 Nov 2024 at 6:00 PM
2 Persons
Rent: ₹2000
Deposit: ₹1000

Deposit Refund after check out.",2024-11-13 08:00:00,2024-11-13 18:00:00,2024-11-13 18:00:00,2024-11-12,18:18:42,9.99999999976717,0,0,0,,,,2000.0,2,12.0,Couple Half Day,0,0.0,0, (Strict),False,1500.0,2000.0,0.0,1670.0,6.0,27.0,0.8571428571428571,0.9,0.8571428571428571,11,-0.5000000000000004,0.8660254037844384,2024,1,46,317,0,0,Festival,False,Standard,Tier 2,High,1.0,0.0,0.0,,,False,False,Festival,0,7,7,0,0,0,0,0,winter,0,1,12H Day,12.0,0.5,12H,0,0.0,4000.0,1.0,0,1.0,1.0,1,0,0,Clear,0,Same Day,0.0,26.0,20.0,60.0,4.2,25.0,53.349999999999994,75.0,2614.285714285714,2614.285714285714,1700.0,2614.285714285714,2181.25,2614.285714285714,1718.1818181818182,0.98,1,1.077,158.33,2058.3333333333335,2000.0,2058.3333333333335,2000.0,514.2661732699294,12.0,1.0,1500.0,2425.0,0,0,0,0,0,0,1,1,0,0,0,0,0,0,1.0,0.20833333333333334,95.0,0.9523703704879469,-0.04285714285714293,45.773703704879466,0.0,1,5,1.891,1.2,1.067,0.8,0,8500.0,0,0
Booked by Janki,"Booking confirmed ✅ 
Farm number 11

₹500 advance received

13 Nov 2024 at 7:00 PM to 14 Nov 2024 at 6:00 PM
12 Persons
Rent: ₹4500
Deposit: ₹2000

Deposit Refund after check out.",2024-11-14 19:00:00,2024-11-15 18:00:00,2024-11-15 18:00:00,2024-11-13,15:53:45,23.0000000002328,0,0,0,,,,4500.0,12,24.0,24H Night,1,0.0,0, (Strict),False,4500.0,4000.0,1.0,4470.0,7.0,28.0,1.0,0.9333333333333333,1.0,11,-0.5000000000000004,0.8660254037844384,2024,2,46,318,0,0,Festival,False,Standard,Tier 2,High,1.0,0.0,0.0,,,False,False,Festival,0,7,7,0,0,0,0,0,winter,0,1,24H Night,24.0,1.0,24H,0,0.0,4500.0,1.0,0,1.0,1.0,0,1,0,Clear,0,Last Minute,0.0,26.0,20.0,60.0,4.2,25.0,53.349999999999994,75.0,3875.0,3525.0,3783.3333333333335,3875.0,3688.8888888888887,3875.0,4050.0,0.91,1,1.036,120.0,3380.0,3600.0,3380.0,3600.0,432.43496620879307,5.0,1.0,3200.0,3700.0,0,0,0,0,0,0,1,0,1,0,0,0,0,0,1.0,0.20833333333333334,95.0,1.071417091959729,0.06666666666666665,46.964170919597294,0.0,1,5,1.891,1.2,1.067,0.8,0,8500.0,0,0
Booked by Kaushik,"Booking confirmed ✅ 
₹1000 advance received online

14 Nov 2024 at 9:00 AM to 14 Nov 2024 at 6:00 PM
2 Persons without pool
Rent: ₹1500
Deposit: ₹1000

Deposit Refund after check out.",2024-11-14 09:00:00,2024-11-14 18:00:00,2024-11-14 18:00:00,2024-11-13,15:14:35,9.0,0,0,0,,,,1500.0,2,12.0,Couple Half Day,0,0.0,0, (Strict),False,2000.0,1500.0,0.0,1670.0,8.0,29.0,1.0,0.9666666666666667,1.1428571428571428,11,-0.5000000000000004,0.8660254037844384,2024,2,46,318,0,0,Festival,False,Standard,Tier 2,High,1.0,0.0,0.0,,,False,False,Festival,0,7,7,0,0,0,0,0,winter,0,1,12H Day,12.0,0.5,12H,0,0.0,3000.0,1.0,0,1.0,1.0,1,0,0,Clear,0,Same Day,0.0,26.0,20.0,60.0,4.2,25.0,53.349999999999994,75.0,2638.095238095238,2638.095238095238,1741.6666666666667,2638.095238095238,2212.5,2638.095238095238,1763.6363636363637,0.98,1,1.077,158.33,2058.3333333333335,2000.0,2058.3333333333335,2000.0,514.2661732699294,12.0,1.0,1500.0,2425.0,0,0,0,0,0,0,1,1,0,0,0,0,0,0,1.0,0.20833333333333334,95.0,1.182253779640703,0.033333333333333326,48.07253779640703,0.0,1,5,1.891,1.2,1.067,0.8,0,8500.0,0,0
Booked by Dhaval,"Booking confirmed ✅ 
Farm number 11
₹1000 advance received 

17 Nov 2024 at 9:00 AM to 17 Nov 2024 at 7:00 PM
10 Persons
Rent: ₹3500
Deposit: ₹1000

Deposit Refund after check out.",2024-11-17 09:00:00,2024-11-17 19:00:00,2024-11-17 19:00:00,2024-11-15,21:50:04,9.99999999976717,0,0,0,,,,3500.0,10,12.0,12H Day,1,0.0,0, (Strict),False,4000.0,4000.0,2.0,2620.0,8.0,27.0,1.0,0.9,1.1428571428571428,11,-0.5000000000000004,0.8660254037844384,2024,4,46,320,0,0,Festival,False,Standard,Tier 2,High,1.0,0.0,0.0,,,False,False,Festival,0,7,7,0,0,0,0,0,winter,0,1,12H Day,12.0,0.5,12H,0,0.0,7000.0,1.0,0,1.0,1.0,0,1,0,Clear,0,Last Minute,0.0,26.0,20.0,60.0,4.2,25.0,53.349999999999994,75.0,2542.8571428571427,2542.8571428571427,3833.3333333333335,2542.8571428571427,2087.5,2542.8571428571427,3833.3333333333335,0.7,3,1.077,158.33,2058.3333333333335,2000.0,2058.3333333333335,2000.0,514.2661732699294,12.0,1.0,1500.0,2425.0,0,0,0,0,0,0,1,0,1,0,0,0,0,0,1.0,0.20833333333333334,95.0,1.269827160650596,0.09999999999999998,48.94827160650596,0.0,1,5,1.891,1.2,1.067,0.8,0,8500.0,0,0
Booked by Anil,"Booking confirmed ✅ 
Farm number 11
₹1000 advance received

19 Nov 2024 at 8:00 AM to 19 Nov 2024 at 6:00 PM
7 Persons
Rent: ₹3000
Deposit: ₹1000

Deposit Refund after check out.",2024-11-19 08:00:00,2024-11-19 18:00:00,2024-11-19 18:00:00,2024-11-18,13:51:55,9.99999999976717,0,0,0,,,,3000.0,7,12.0,12H Day,0,0.0,0, (Strict),False,3500.0,4000.0,3.0,2770.0,6.0,26.0,0.8571428571428571,0.8666666666666667,0.8571428571428571,11,-0.5000000000000004,0.8660254037844384,2024,0,47,323,0,0,Festival,False,Standard,Tier 2,High,1.0,0.0,0.0,,,False,False,Festival,0,7,7,0,0,0,0,0,winter,0,1,12H Day,12.0,0.5,12H,0,0.0,6000.0,1.0,0,1.0,1.0,0,1,0,Clear,0,Same Day,0.0,26.0,20.0,60.0,4.2,25.0,53.349999999999994,75.0,2566.6666666666665,2566.6666666666665,4125.0,2566.6666666666665,2118.75,2566.6666666666665,4125.0,0.71,3,1.077,158.33,2058.3333333333335,2000.0,2058.3333333333335,2000.0,514.2661732699294,12.0,1.0,1500.0,2425.0,0,0,0,0,0,0,1,1,0,0,0,0,0,0,1.0,0.20833333333333334,95.0,0.9889995774774027,-0.009523809523809601,46.13999577477403,0.0,1,5,1.891,1.2,1.067,0.8,0,8500.0,0,0
Booked by Yashna,"Booking confirmed ✅ 
Farm number 11
₹1000 advance received

23 Nov 2024 at 7:00 PM to 24 Nov 2024 at 6:00 PM
6 Persons
Rent: ₹5000
Deposit: ₹1000

Deposit Refund after check out.",2024-11-23 19:00:00,2024-11-24 18:00:00,2024-11-24 18:00:00,2024-11-18,13:56:47,23.0000000002328,0,1,0,,,,5000.0,6,24.0,24H Night,5,0.0,0, (Strict),False,4500.0,4500.0,0.0,4320.0,7.0,27.0,1.0,0.9,1.0,11,-0.5000000000000004,0.8660254037844384,2024,0,47,323,1,0,Festival,False,Standard,Tier 2,High,1.0,0.0,0.0,,,False,False,Festival,0,7,7,0,0,0,0,0,winter,1,0,24H Night,24.0,1.0,24H,0,0.0,5000.0,1.0,0,1.0,1.0,0,1,0,Clear,1,Standard,0.0,26.0,20.0,60.0,4.2,25.0,100.0,90.0,3833.3333333333335,4433.333333333333,3325.0,3833.3333333333335,4150.0,3833.3333333333335,4433.333333333333,0.5,5,1.036,120.0,3500.0,3750.0,3500.0,3750.0,1076.1885607001304,12.0,1.0,2725.0,4175.0,0,0,0,0,0,0,1,0,0,1,0,0,0,0,1.0,0.20833333333333334,95.0,1.1110987655692715,0.09999999999999998,67.36098765569271,0.0,1,5,1.891,1.2,1.067,0.8,0,8500.0,0,0
Booked by Vishal,"Booking confirmed ✅ 
Farm number 11
₹1000 advance received

25 Nov 2024 at 9:00 AM to 25 Nov 2024 at 6:00 PM
5 Persons
Rent: ₹2500
Deposit: ₹1000

Deposit Refund after check out.",2024-11-25 09:00:00,2024-11-25 18:00:00,2024-11-25 18:00:00,2024-11-20,20:22:52,9.0,0,0,0,,,,2500.0,5,12.0,12H Day,7,0.0,0, (Strict),False,3000.0,3500.0,2.0,2800.0,4.0,25.0,0.5714285714285714,0.8333333333333334,0.5714285714285714,11,-0.5000000000000004,0.8660254037844384,2024,2,47,325,0,0,Festival,False,Standard,Tier 2,High,1.0,0.0,0.0,,,False,False,Festival,0,7,7,0,0,0,0,0,winter,0,1,12H Day,12.0,0.5,12H,0,0.0,5000.0,1.0,0,1.0,1.0,0,1,0,Clear,1,Standard,0.0,26.0,20.0,60.0,4.2,25.0,53.349999999999994,90.0,2590.4761904761904,2590.4761904761904,4250.0,2590.4761904761904,3000.0,2590.4761904761904,4250.0,0.71,3,1.077,158.33,2058.3333333333335,2000.0,2058.3333333333335,2000.0,514.2661732699294,12.0,1.0,1500.0,2425.0,0,0,0,0,0,0,1,0,0,1,0,0,0,0,1.0,0.20833333333333334,95.0,0.6857060572415988,-0.261904761904762,43.10706057241599,0.0,1,5,1.891,1.2,1.067,0.8,0,8500.0,0,0
Booked by Agent Shyam,"Rent: ₹2000
2 person + 4 kid
Agent Shyam",2024-11-21 08:00:00,2024-11-21 18:00:00,2024-11-21 18:00:00,2024-11-20,20:52:29,9.99999999976717,0,0,0,,,,2000.0,2,12.0,Couple Half Day,0,0.0,0, (Strict),False,1500.0,2000.0,0.0,1670.0,5.0,26.0,0.7142857142857143,0.8666666666666667,0.7142857142857143,11,-0.5000000000000004,0.8660254037844384,2024,2,47,325,0,0,Festival,False,Standard,Tier 2,High,1.0,0.0,0.0,,,False,False,Festival,0,7,7,0,0,0,0,0,winter,0,1,12H Day,12.0,0.5,12H,0,0.0,4000.0,1.0,0,1.0,1.0,1,0,0,Clear,0,Same Day,0.0,26.0,20.0,60.0,4.2,25.0,53.349999999999994,75.0,2614.285714285714,2614.285714285714,1700.0,2614.285714285714,2181.25,2614.285714285714,1718.1818181818182,0.98,1,1.077,158.33,2058.3333333333335,2000.0,2058.3333333333335,2000.0,514.2661732699294,12.0,1.0,1500.0,2425.0,0,0,0,0,0,0,1,1,0,0,0,0,0,0,1.0,0.20833333333333334,95.0,0.8241663145645023,-0.1523809523809524,44.49166314564502,0.0,1,5,1.891,1.2,1.067,0.8,0,8500.0,0,0
Booked by Akash,"Booking confirmed ✅ 
Farm number 11
₹2000 advance received

29 Nov 2024 at 8:00 PM to 30 Nov 2024 at 8:00 AM
5 Persons
Rent: ₹2500
Deposit: ₹1000

Deposit Refund after check out.",2024-11-29 20:00:00,2024-11-30 08:00:00,2024-11-30 08:00:00,2024-11-21,22:45:58,12.0,0,0,0,,,,2500.0,5,12.0,12H Night,7,0.0,0, (Month),False,2000.0,2000.0,1.0,2480.0,6.0,26.0,0.8571428571428571,0.8666666666666667,0.8571428571428571,11,-0.5000000000000004,0.8660254037844384,2024,3,47,326,0,0,Festival,False,Standard,Tier 2,High,1.0,0.0,0.0,,,False,False,Festival,0,7,7,0,0,0,0,0,winter,0,1,12H Night,12.0,0.5,12H,0,0.0,5000.0,1.0,0,1.0,1.0,0,1,0,Clear,1,Standard,0.0,26.0,20.0,60.0,4.2,25.0,53.349999999999994,90.0,2100.0,2100.0,2000.0,2100.0,2100.0,2100.0,2100.0,0.5,5,1.073,146.67,2000.0,2000.0,2000.0,2000.0,0.0,1.0,0.2,2000.0,2000.0,0,0,0,0,0,0,1,0,0,1,0,0,0,0,1.0,0.20833333333333334,95.0,0.9889995774774027,-0.009523809523809601,46.13999577477403,0.0,1,5,1.891,1.2,1.067,0.8,0,8500.0,0,0
Booked by Manish,"Booking confirmed ✅ 
Farm number 11
₹300 advance received

23 Nov 2024 at 9:00 AM to 23 Nov 2024 at 5:00 PM
2 Persons
Rent: ₹1500
Deposit: ₹1000

Deposit Refund after check out.",2024-11-23 09:00:00,2024-11-23 17:00:00,2024-11-23 17:00:00,2024-11-22,23:04:05,8.00000000023283,0,0,0,,,,1500.0,2,12.0,Couple Half Day,0,0.0,0, (Strict),False,2000.0,1500.0,1.0,1670.0,6.0,25.0,0.8571428571428571,0.8333333333333334,0.8571428571428571,11,-0.5000000000000004,0.8660254037844384,2024,4,47,327,0,0,Festival,False,Standard,Tier 2,High,1.0,0.0,0.0,,,False,False,Festival,0,7,7,0,0,0,0,0,winter,0,1,12H Day,12.0,0.5,12H,0,0.0,3000.0,1.0,0,1.0,1.0,1,0,0,Clear,0,Same Day,0.0,26.0,20.0,60.0,4.2,25.0,53.349999999999994,75.0,2638.095238095238,2638.095238095238,1741.6666666666667,2638.095238095238,2212.5,2638.095238095238,1763.6363636363637,0.98,1,1.077,158.33,2058.3333333333335,2000.0,2058.3333333333335,2000.0,514.2661732699294,12.0,1.0,1500.0,2425.0,0,0,0,0,0,0,1,1,0,0,0,0,0,0,1.0,0.20833333333333334,95.0,1.028559085862398,0.023809523809523725,46.53559085862398,0.0,1,5,1.891,1.2,1.067,0.8,0,8500.0,0,0
Booked by Atul,"Booking confirmed ✅ 
Farm number 11
₹2000 advance received

22 Nov 2024 at 8:00 PM to 23 Nov 2024 at 8:00 AM
15 Persons
Rent: ₹2300
Deposit: ₹2000

Deposit Refund after check out.",2024-11-22 20:00:00,2024-11-23 08:00:00,2024-11-23 08:00:00,2024-11-22,13:56:40,12.0,0,0,0,,,,2300.0,15,12.0,12H Night,0,0.0,0, (Month),False,2500.0,2000.0,0.0,2410.0,7.0,26.0,1.0,0.8666666666666667,1.0,11,-0.5000000000000004,0.8660254037844384,2024,4,47,327,0,0,Festival,False,Standard,Tier 2,High,1.0,0.0,0.0,,,False,False,Festival,0,7,7,0,0,0,0,0,winter,0,1,12H Night,12.0,0.5,12H,0,0.0,4600.0,1.0,0,1.0,1.0,0,0,1,Clear,0,Same Day,0.0,26.0,20.0,60.0,4.2,25.0,53.349999999999994,75.0,2166.6666666666665,2166.6666666666665,2166.6666666666665,2166.6666666666665,2000.0,2166.6666666666665,2166.6666666666665,0.5,5,1.073,146.67,2000.0,2000.0,2000.0,2000.0,0.0,1.0,0.2,2000.0,2000.0,1,0,0,0,0,0,1,1,0,0,0,0,0,0,1.0,0.20833333333333334,95.0,1.1538328403903033,0.1333333333333333,47.78832840390303,0.0,1,5,1.891,1.2,1.067,0.8,0,8500.0,0,0
Booked by Jenish,"Booking confirmed ✅
Farm number 11
₹1000 advance received

27 Nov 2024 at 9:00 AM to 27 Nov 2024 at 6:00 PM
2 Persons with pool
Rent: ₹1900
Deposit: ₹1000

Deposit Refund after check out.",2024-11-27 09:00:00,2024-11-27 18:00:00,2024-11-27 18:00:00,2024-11-23,21:47:40,9.0,0,0,0,,,,1900.0,2,12.0,Couple Half Day,3,0.0,0, (Strict),False,1500.0,2000.0,1.0,1710.0,8.0,26.0,1.0,0.8666666666666667,1.1428571428571428,11,-0.5000000000000004,0.8660254037844384,2024,5,47,328,0,0,Festival,False,Standard,Tier 2,High,1.0,0.0,0.0,,,False,False,Festival,0,7,7,0,0,0,0,0,winter,0,1,12H Day,12.0,0.5,12H,0,0.0,3800.0,1.0,0,1.0,1.0,1,0,0,Clear,1,Last Minute,0.0,26.0,20.0,60.0,4.2,25.0,53.349999999999994,90.0,2619.0476190476193,2619.0476190476193,1708.3333333333333,2619.0476190476193,2187.5,2619.0476190476193,1727.2727272727273,0.98,1,1.077,158.33,2058.3333333333335,2000.0,2058.3333333333335,2000.0,514.2661732699294,12.0,1.0,1500.0,2425.0,0,1,0,0,0,0,1,0,1,0,0,0,0,0,1.0,0.20833333333333334,95.0,1.3186661033032037,0.1333333333333333,49.43666103303204,0.0,1,5,1.891,1.2,1.067,0.8,0,8500.0,0,0
Booked by Mit,"Booking confirmed ✅
Farm number 11
₹1000 advance received

28 Nov 2024 at 9:00 AM to 28 Nov 2024 at 6:00 PM
4 Persons
Rent: ₹3000
Deposit: ₹1000

Deposit Refund after check out.",2024-11-28 09:00:00,2024-11-28 18:00:00,2024-11-28 18:00:00,2024-11-25,22:31:49,9.0,0,0,0,,,,3000.0,4,12.0,12H Day,2,0.0,0, (Strict),False,2500.0,3000.0,2.0,2850.0,7.0,25.0,1.0,0.8333333333333334,1.0,11,-0.5000000000000004,0.8660254037844384,2024,0,48,330,0,0,Festival,False,Standard,Tier 2,High,1.0,0.0,0.0,,,False,False,Festival,0,7,7,0,0,0,0,0,winter,0,1,12H Day,12.0,0.5,12H,0,0.0,6000.0,1.0,0,1.0,1.0,0,1,0,Clear,0,Last Minute,0.0,26.0,20.0,60.0,4.2,25.0,53.349999999999994,90.0,2566.6666666666665,2566.6666666666665,4125.0,2566.6666666666665,2118.75,2566.6666666666665,4125.0,0.71,3,1.077,158.33,2058.3333333333335,2000.0,2058.3333333333335,2000.0,514.2661732699294,12.0,1.0,1500.0,2425.0,0,0,0,0,0,0,1,0,1,0,0,0,0,0,1.0,0.20833333333333334,95.0,1.199985600172798,0.16666666666666663,48.24985600172798,0.0,1,5,1.891,1.2,1.067,0.8,0,8500.0,0,0
Booked by Pritesh,"Booking confirmed ✅ 
Farm number 11
₹500 advance received

24 Nov 2024 at 7:00 PM to 25 Nov 2024 at 8:00 AM
5 Persons
Rent: ₹2000
Deposit: ₹1000

Deposit Refund after check out.",2024-11-24 19:00:00,2024-11-25 08:00:00,2024-11-25 08:00:00,2024-11-26,18:31:27,13.0000000004657,0,0,0,,,,2000.0,5,12.0,24H Night,0,0.0,1,MAD (Strict),False,5000.0,4500.0,1.0,4070.0,8.0,24.0,1.0,0.8,1.1428571428571428,11,-0.5000000000000004,0.8660254037844384,2024,1,48,331,0,0,Festival,False,Standard,Tier 2,High,1.0,0.0,0.0,,,False,False,Festival,0,7,7,0,0,0,0,0,winter,0,1,24H Night,24.0,0.5,12H,0,0.0,4000.0,1.0,0,0.5,0.95,0,1,0,Clear,0,Same Day,0.0,26.0,20.0,60.0,4.2,25.0,53.349999999999994,75.0,4083.3333333333335,3837.5,4075.0,4083.3333333333335,3966.6666666666665,4083.3333333333335,3837.5,0.55,5,1.036,120.0,3380.0,3600.0,3380.0,3600.0,432.43496620879307,5.0,1.0,3200.0,3700.0,0,0,0,0,0,0,1,1,0,0,0,0,0,0,1.0,0.20833333333333334,95.0,1.4285535716517828,0.19999999999999996,50.53553571651783,0.0,1,5,1.891,1.2,1.067,0.8,0,8500.0,0,0
Booked by Parth,"Booking confirmed ✅ 
Farm number 11
₹500 advance received

29 November 2024 at 9:00 AM to 29 November 2024 at 6:00 PM
2 Persons without pool
Rent: ₹2000
Deposit: ₹1000

Deposit Refund after check out.",2024-11-29 09:00:00,2024-11-29 18:00:00,2024-11-29 18:00:00,2024-11-26,11:02:37,9.0,0,0,0,,,,2000.0,2,12.0,Couple Half Day,2,0.0,0, (Strict),False,1900.0,1500.0,0.0,1760.0,9.0,25.0,1.0,0.8333333333333334,1.2857142857142858,11,-0.5000000000000004,0.8660254037844384,2024,1,48,331,0,0,Festival,False,Standard,Tier 2,High,1.0,0.0,0.0,,,False,False,Festival,0,7,7,0,0,0,0,0,winter,0,1,12H Day,12.0,0.5,12H,0,0.0,4000.0,1.0,0,1.0,1.0,1,0,0,Clear,0,Last Minute,0.0,26.0,20.0,60.0,4.2,25.0,53.349999999999994,90.0,2614.285714285714,2614.285714285714,1700.0,2614.285714285714,2181.25,2614.285714285714,1718.1818181818182,0.98,1,1.077,158.33,2058.3333333333335,2000.0,2058.3333333333335,2000.0,514.2661732699294,12.0,1.0,1500.0,2425.0,0,0,0,0,0,0,1,0,1,0,0,0,0,0,1.0,0.20833333333333334,95.0,1.5428386287935976,0.16666666666666663,51.67838628793598,0.0,1,5,1.891,1.2,1.067,0.8,0,8500.0,0,0
Booked by Akash,"Booking confirmed ✅ 
Farm number 11
₹1500 advance received

4 Dec 2024 at 9:00 AM to 4 Dec 2024 at 6:00 PM
2 Persons without pool
Rent: ₹1500
Deposit: ₹1000

Deposit Refund after check out.",2024-12-04 09:00:00,2024-12-04 18:00:00,2024-12-04 18:00:00,2024-11-27,09:52:04,9.0,0,0,0,,,,1500.0,2,12.0,Couple Half Day,6,0.0,0, (Strict),False,2000.0,1900.0,1.0,1790.0,8.0,25.0,1.0,0.8333333333333334,1.1428571428571428,11,-0.5000000000000004,0.8660254037844384,2024,2,48,332,0,0,Festival,False,Standard,Tier 2,High,1.0,0.0,0.0,,,False,False,Festival,0,7,7,0,0,0,0,0,winter,0,1,12H Day,12.0,0.5,12H,0,0.0,3000.0,1.0,0,1.0,1.0,1,0,0,Clear,1,Standard,0.0,26.0,20.0,60.0,4.2,25.0,53.349999999999994,90.0,2638.095238095238,2638.095238095238,1741.6666666666667,2638.095238095238,3333.3333333333335,2638.095238095238,1741.6666666666667,0.7899999999999999,3,1.077,158.33,2058.3333333333335,2000.0,2058.3333333333335,2000.0,514.2661732699294,12.0,1.0,1500.0,2425.0,0,0,0,0,0,0,1,0,0,1,0,0,0,0,1.0,0.20833333333333334,95.0,1.3714121144831977,0.16666666666666663,49.96412114483198,0.0,1,5,1.891,1.2,1.067,0.8,0,8500.0,0,0
Booked by Sagar,"Booking confirmed ✅ 
Farm number 11
₹1000 advance received
cancelled due to accident - no refund

1 Dec 2024 at 7:00 AM to 1 Dec 2024 at 8:00 PM
8 Persons
Rent: ₹3500
Deposit: ₹1000

Deposit Refund after check out.",2024-12-01 07:00:00,2024-12-01 20:00:00,2024-12-01 20:00:00,2024-11-30,17:31:22,13.0000000004657,0,0,0,,,,3500.0,8,12.0,24H Day,0,0.0,0, (Month),False,4500.0,4500.0,3.0,4000.0,5.0,24.0,0.7142857142857143,0.8,0.7142857142857143,11,-0.5000000000000004,0.8660254037844384,2024,5,48,335,0,0,Festival,False,Standard,Tier 2,High,1.0,0.0,0.0,,,False,False,Festival,0,7,7,0,0,0,0,0,winter,0,1,24H Day,24.0,0.5,12H,0,0.0,7000.0,1.0,0,0.5,0.95,0,1,0,Clear,0,Same Day,0.0,26.0,20.0,60.0,4.2,25.0,53.349999999999994,75.0,4500.0,4500.0,4500.0,4500.0,4500.0,4500.0,3784.6153846153848,0.4,7,1.236,824.35,3490.3058280438545,3490.3058280438545,3490.3058280438545,3490.3058280438545,0.0,1.0,0.2,3490.3058280438545,3490.3058280438545,0,1,0,0,0,0,1,1,0,0,0,0,0,0,1.0,0.20833333333333334,95.0,0.8928459822823643,-0.08571428571428574,45.17845982282364,0.0,1,5,1.891,1.2,1.067,0.8,0,8500.0,0,0
Booked by Pooja,"Booking confirmed ✅ 
Farm number 11
₹1000 advance received

3 Dec 2024 at 12:00 PM to 3 Dec 2024 at 5:00 PM
2 Persons
Rent: ₹1500
Deposit: ₹1000

Deposit Refund after check out.",2024-12-03 12:00:00,2024-12-03 17:00:00,2024-12-03 17:00:00,2024-11-30,17:31:35,5.00000000023283,0,0,0,,,,1500.0,2,12.0,Couple Half Day,2,0.0,0, (Strict),False,1500.0,2000.0,0.0,1740.0,6.0,25.0,0.8571428571428571,0.8333333333333334,0.8571428571428571,11,-0.5000000000000004,0.8660254037844384,2024,5,48,335,0,0,Festival,False,Standard,Tier 2,High,1.0,0.0,0.0,,,False,False,Festival,0,7,7,0,0,0,0,0,winter,0,1,12H Day,12.0,0.5,12H,0,0.0,3000.0,1.0,0,1.0,1.0,1,0,0,Clear,0,Last Minute,0.0,26.0,20.0,60.0,4.2,25.0,53.349999999999994,90.0,2638.095238095238,2638.095238095238,1741.6666666666667,2638.095238095238,2212.5,2638.095238095238,1763.6363636363637,0.98,1,1.077,158.33,2058.3333333333335,2000.0,2058.3333333333335,2000.0,514.2661732699294,12.0,1.0,1500.0,2425.0,0,1,0,0,0,0,1,0,1,0,0,0,0,0,1.0,0.20833333333333334,95.0,1.028559085862398,0.023809523809523725,46.53559085862398,0.0,1,5,1.891,1.2,1.067,0.8,0,8500.0,0,0
Booked by Rutvik,"Booking confirmed ✅ 
Farm number 11
₹1000 advance received

5 Dec 2024 at 7:00 PM to 6 Dec 2024 at 6:00 PM
8 Persons
Rent: ₹4000
Deposit: ₹1000

Deposit Refund after check out.",2024-12-05 19:00:00,2024-12-06 18:00:00,2024-12-06 18:00:00,2024-12-04,22:27:27,23.0000000002328,0,0,0,,,,4000.0,8,24.0,24H Night,0,0.0,0, (Month+Slot),False,2000.0,5000.0,4.0,4070.0,3.0,24.0,0.42857142857142855,0.8,0.42857142857142855,12,-2.4492935982947064e-16,1.0,2024,2,49,339,0,0,Festival,False,Standard,Tier 2,High,1.0,0.0,0.0,,,False,False,Festival,0,7,7,0,0,1,1,0,winter,0,1,24H Night,24.0,1.0,24H,0,0.0,4000.0,1.0,0,1.0,1.0,0,1,0,Clear,0,Same Day,0.0,26.0,20.0,60.0,4.2,25.0,53.349999999999994,75.0,3941.6666666666665,3050.0,4037.5,3941.6666666666665,3725.0,3941.6666666666665,3266.6666666666665,0.9,1,1.563,1500.0,2666.6666666666665,3000.0,2666.6666666666665,3000.0,1137.2481406154654,3.0,0.6,2200.0,3300.0,0,0,0,0,0,0,1,1,0,0,0,0,0,0,1.0,0.15833333333333333,101.0,0.5357075893694185,-0.3714285714285715,40.10707589369419,0.0,1,5,1.891,1.2,1.067,0.8,0,8500.0,0,0
Booked by Nirmal,"Booking confirmed ✅ 
Farm number 11

₹1000 advance received

6 Dec 2024 at 7:00 PM to 7 Dec 2024 at 6:00 PM
5 Persons
Rent: ₹3800
Deposit: ₹2000

Deposit Refund after check out.",2024-12-06 19:00:00,2024-12-07 18:00:00,2024-12-07 18:00:00,2024-12-06,14:24:56,23.0000000002328,0,0,0,,,,3800.0,5,24.0,24H Night,0,0.0,0, (Month+Slot),False,4000.0,2000.0,2.0,4050.0,4.0,25.0,0.5714285714285714,0.8333333333333334,0.5714285714285714,12,-2.4492935982947064e-16,1.0,2024,4,49,341,0,0,Festival,False,Standard,Tier 2,High,1.0,0.0,0.0,,,False,False,Festival,0,7,7,0,0,1,1,0,winter,0,1,24H Night,24.0,1.0,24H,0,0.0,3800.0,1.0,0,1.0,1.0,0,1,0,Clear,0,Same Day,0.0,26.0,20.0,60.0,4.2,25.0,53.349999999999994,75.0,3958.3333333333335,3083.3333333333335,4062.5,3958.3333333333335,3750.0,3958.3333333333335,3333.3333333333335,0.9,1,1.563,1500.0,2666.6666666666665,3000.0,2666.6666666666665,3000.0,1137.2481406154654,3.0,0.6,2200.0,3300.0,1,0,0,0,0,0,1,1,0,0,0,0,0,0,1.0,0.15833333333333333,101.0,0.6857060572415988,-0.261904761904762,41.60706057241599,0.0,1,5,1.891,1.2,1.067,0.8,0,8500.0,0,0
Booked by Akash,"Booking confirmed ✅ 
Farm number 11
₹1000 advance received

9 Dec 2024 at 8:00 AM to 9 Dec 2024 at 6:00 PM
7 Persons
Rent: ₹2700
Deposit: ₹1000

Deposit Refund after check out.",2024-12-09 08:00:00,2024-12-09 18:00:00,2024-12-09 18:00:00,2024-12-06,17:07:09,9.99999999976717,0,0,0,,,,2700.0,7,12.0,12H Day,2,0.0,0, (Strict),False,3000.0,2500.0,0.0,2920.0,5.0,26.0,0.7142857142857143,0.8666666666666667,0.7142857142857143,12,-2.4492935982947064e-16,1.0,2024,4,49,341,0,0,Festival,False,Standard,Tier 2,High,1.0,0.0,0.0,,,False,False,Festival,0,7,7,0,0,1,1,0,winter,0,1,12H Day,12.0,0.5,12H,0,0.0,5400.0,1.0,0,1.0,1.0,0,1,0,Clear,0,Last Minute,0.0,26.0,20.0,60.0,4.2,25.0,53.349999999999994,90.0,2100.0,2100.0,2235.714285714286,2100.0,2083.3333333333335,2100.0,2227.2727272727275,0.98,1,1.212,413.64,1950.0,1750.0,1950.0,1750.0,571.1186134142671,18.0,1.0,1500.0,2300.0,0,0,0,0,0,0,1,0,1,0,0,0,0,0,1.0,0.15833333333333333,101.0,0.8241663145645023,-0.1523809523809524,42.99166314564502,0.0,1,5,1.891,1.2,1.067,0.8,0,8500.0,0,0
Booked by Jemin,"Booking confirmed ✅ 
Farm number 11
₹1000 advance received

Dec 11, 2024 at 9:00 AM to Dec 11, 2024 at 6:00 PM
2 Persons
Rent: ₹1500
Deposit: ₹1000

Deposit Refund after check out.",2024-12-11 09:00:00,2024-12-11 18:00:00,2024-12-11 18:00:00,2024-12-09,16:31:18,9.0,0,0,0,,,,1500.0,2,12.0,Couple Half Day,1,0.0,0, (Strict),False,1500.0,1500.0,3.0,1690.0,4.0,24.0,0.5714285714285714,0.8,0.5714285714285714,12,-2.4492935982947064e-16,1.0,2024,0,50,344,0,0,Festival,False,Standard,Tier 2,High,1.0,0.0,0.0,,,False,False,Festival,0,7,7,0,0,1,1,0,winter,0,1,12H Day,12.0,0.5,12H,0,0.0,3000.0,1.0,0,1.0,1.0,1,0,0,Clear,0,Last Minute,0.0,26.0,20.0,60.0,4.2,25.0,53.349999999999994,75.0,2142.8571428571427,2142.8571428571427,1958.3333333333333,2142.8571428571427,2133.3333333333335,2142.8571428571427,1954.5454545454545,0.98,1,1.212,413.64,1950.0,1750.0,1950.0,1750.0,571.1186134142671,18.0,1.0,1500.0,2300.0,0,0,0,0,0,0,1,0,1,0,0,0,0,0,1.0,0.15833333333333333,101.0,0.7142767858258914,-0.22857142857142865,41.892767858258914,0.0,1,5,1.891,1.2,1.067,0.8,0,8500.0,0,0
booked by Akash,Rent: 2000 - only night with some muslim girl,2024-12-09 00:00:00,2024-12-09 07:45:00,2024-12-09 07:45:00,2024-12-09,16:31:58,7.74999999976717,0,0,0,,,,2000.0,4,12.0,12H Night,0,0.0,0, (Month),False,2300.0,2500.0,0.0,2360.0,5.0,25.0,0.7142857142857143,0.8333333333333334,0.7142857142857143,12,-2.4492935982947064e-16,1.0,2024,0,50,344,0,0,Festival,False,Standard,Tier 2,High,1.0,0.0,0.0,,,False,False,Festival,0,7,7,0,0,1,1,0,winter,0,1,12H Night,12.0,0.5,12H,0,0.0,4000.0,1.0,0,1.0,1.0,0,1,0,Clear,0,Same Day,0.0,26.0,20.0,60.0,4.2,25.0,53.349999999999994,75.0,2333.3333333333335,2333.3333333333335,2500.0,2333.3333333333335,2250.0,2333.3333333333335,2333.3333333333335,0.5,5,1.25,0.0,2250.0,2250.0,2250.0,2250.0,288.67513459481296,4.0,0.8,2000.0,2500.0,0,0,0,0,0,0,1,1,0,0,0,0,0,0,1.0,0.15833333333333333,101.0,0.8571325715519985,-0.11904761904761907,43.32132571551998,0.0,1,5,1.891,1.2,1.067,0.8,0,8500.0,0,0
Booked by Bhoomi,"Bookings confirmed ✅ 
Farm number 11
₹1000 advance received

11 Dec 2024 at 7:00 PM to 12 Dec 2024 at 8:00 AM
2 Persons
Rent: ₹2000
Deposit: ₹1000

Deposit Refund after check out.",2024-12-11 19:00:00,2024-12-12 08:00:00,2024-12-12 08:00:00,2024-12-11,18:28:45,13.0000000004657,0,0,0,,,,2000.0,2,12.0,Couple Full Night,0,0.0,0, (Month),False,4000.0,3000.0,2.0,3000.0,5.0,25.0,0.7142857142857143,0.8333333333333334,0.7142857142857143,12,-2.4492935982947064e-16,1.0,2024,2,50,346,0,0,Festival,False,Standard,Tier 2,High,1.0,0.0,0.0,,,False,False,Festival,0,7,7,0,0,1,1,0,winter,0,1,12H Night,12.0,0.5,12H,0,0.0,4000.0,1.0,0,1.0,1.0,1,0,0,Clear,0,Same Day,0.0,26.0,20.0,60.0,4.2,25.0,53.349999999999994,75.0,2333.3333333333335,2333.3333333333335,2333.3333333333335,2333.3333333333335,2250.0,2333.3333333333335,2333.3333333333335,0.5,5,1.25,0.0,2250.0,2250.0,2250.0,2250.0,288.67513459481296,4.0,0.8,2000.0,2500.0,0,0,0,0,0,0,1,1,0,0,0,0,0,0,1.0,0.15833333333333333,101.0,0.8571325715519985,-0.11904761904761907,43.32132571551998,0.0,1,5,1.891,1.2,1.067,0.8,0,8500.0,0,0
Booked by farm 14,"13 Dec 2024 at 3:00 PM to 14 Dec 2024 at 2:00 PM
10 Persons
Rent: ₹3000
Deposit: ₹2000

Deposit Refund after check out.",2024-12-13 15:00:00,2024-12-14 14:00:00,2024-12-14 14:00:00,2024-12-12,21:09:23,23.0000000002328,0,0,0,,,,3000.0,10,24.0,24H Day,0,0.0,0, (Month),False,3500.0,4500.0,1.0,3700.0,6.0,24.0,0.8571428571428571,0.8,0.8571428571428571,12,-2.4492935982947064e-16,1.0,2024,3,50,347,0,0,Festival,False,Standard,Tier 2,High,1.0,0.0,0.0,,,False,False,Festival,0,7,7,0,0,1,1,0,winter,0,1,24H Day,24.0,1.0,24H,0,0.0,3000.0,1.0,0,1.0,1.0,0,1,0,Clear,0,Same Day,0.0,26.0,20.0,60.0,4.2,25.0,53.349999999999994,75.0,2500.0,2500.0,2500.0,2500.0,2500.0,2500.0,3823.076923076923,0.4,7,1.25,0.0,8500.0,8500.0,8500.0,8500.0,0.0,0.0,0.5,7225.0,9775.0,0,0,0,0,0,0,1,1,0,0,0,0,0,0,1.0,0.15833333333333333,101.0,1.071415178738837,0.05714285714285705,45.464151787388374,0.0,1,5,1.891,1.2,1.067,0.8,0,8500.0,0,0
Booked by Prashant,"Booking confirmed ✅ 
Farm number 11
₹1000 advance received

14 Dec 2024 at 5:00 PM to 15 Dec 2024 at 7:00 AM
8 Persons
Rent: ₹2500
Deposit: ₹1000

Deposit Refund after check out.",2024-12-14 17:00:00,2024-12-15 07:00:00,2024-12-15 07:00:00,2024-12-13,22:09:28,13.9999999995343,0,0,0,,,,2500.0,8,12.0,24H Day,0,0.0,0, (Month),False,3000.0,3500.0,1.0,3630.0,5.0,23.0,0.7142857142857143,0.7666666666666667,0.7142857142857143,12,-2.4492935982947064e-16,1.0,2024,4,50,348,0,0,Festival,False,Standard,Tier 2,High,1.0,0.0,0.0,,,False,False,Festival,0,7,7,0,0,1,1,0,winter,0,1,24H Day,24.0,0.5,12H,0,0.0,5000.0,1.0,0,0.5,0.95,0,1,0,Clear,0,Same Day,0.0,26.0,20.0,60.0,4.2,25.0,53.349999999999994,75.0,3000.0,3000.0,3000.0,3000.0,3000.0,3000.0,3861.5384615384614,0.4,7,1.25,0.0,8500.0,8500.0,8500.0,8500.0,0.0,0.0,0.5,7225.0,9775.0,0,0,0,0,0,0,1,1,0,0,0,0,0,0,1.0,0.15833333333333333,101.0,0.931664866483108,-0.05238095238095242,44.06664866483108,0.0,1,5,1.891,1.2,1.067,0.8,0,8500.0,0,0
Booked by agent vithani darshan,Rent: 2500,2024-12-15 20:00:00,2024-12-16 12:00:00,2024-12-16 12:00:00,2024-12-15,22:18:29,15.9999999997672,0,0,0,,,,2500.0,4,24.0,24H Night,0,0.0,0, (Month+Slot),False,3800.0,4000.0,2.0,3850.0,6.0,23.0,0.8571428571428571,0.7666666666666667,0.8571428571428571,12,-2.4492935982947064e-16,1.0,2024,6,50,350,0,0,Festival,False,Standard,Tier 2,High,1.0,0.0,0.0,,,False,False,Festival,0,7,7,0,0,1,1,0,winter,0,1,24H Night,24.0,1.0,24H,0,0.0,2500.0,1.0,0,1.0,1.0,0,1,0,Clear,0,Same Day,0.0,26.0,20.0,60.0,4.2,25.0,53.349999999999994,75.0,4066.6666666666665,3300.0,4225.0,4066.6666666666665,3912.5,4066.6666666666665,3766.6666666666665,0.9,1,1.563,1500.0,2666.6666666666665,3000.0,2666.6666666666665,3000.0,1137.2481406154654,3.0,0.6,2200.0,3300.0,0,0,0,0,1,0,1,1,0,0,0,0,0,0,1.0,0.15833333333333333,101.0,1.1179978397797294,0.09047619047619038,45.92997839779729,0.0,1,5,1.891,1.2,1.067,0.8,0,8500.0,0,0
Booked by Atul,"Booking confirmed ✅ 
Farm number 11
₹2000 advance received

19 Dec 2024 at 8:00 AM to 19 Dec 2024 at 6:00 PM
15 Persons
Rent: ₹2500
Deposit: ₹2000

Deposit Refund after check out.",2024-12-19 08:00:00,2024-12-19 18:00:00,2024-12-19 18:00:00,2024-12-15,18:11:41,9.99999999976717,0,0,0,,,,2500.0,15,12.0,12H Day,3,0.0,0, (Strict),False,2700.0,3000.0,0.0,2970.0,7.0,24.0,1.0,0.8,1.0,12,-2.4492935982947064e-16,1.0,2024,6,50,350,0,0,Festival,False,Standard,Tier 2,High,1.0,0.0,0.0,,,False,False,Festival,0,7,7,0,0,1,1,0,winter,0,1,12H Day,12.0,0.5,12H,0,0.0,5000.0,1.0,0,1.0,1.0,0,0,1,Clear,1,Last Minute,0.0,26.0,20.0,60.0,4.2,25.0,53.349999999999994,90.0,2107.1428571428573,2107.1428571428573,2107.1428571428573,2107.1428571428573,2091.6666666666665,2107.1428571428573,2107.1428571428573,0.6,5,1.212,413.64,1950.0,1750.0,1950.0,1750.0,571.1186134142671,18.0,1.0,1500.0,2300.0,0,0,0,1,0,0,1,0,1,0,0,0,0,0,1.0,0.15833333333333333,101.0,1.2499843751953101,0.19999999999999996,47.2498437519531,0.0,1,5,1.891,1.2,1.067,0.8,0,8500.0,0,0
Booked by Badal,"Booking confirmed ✅ 
Farm number 11

₹1000 advance received

18 Dec 2024 at 9:00 AM to 18 December 2024 at 5:00 PM
2 Persons
Rent: ₹1500 without pool
Deposit: ₹1000

Deposit Refund after check out.",2024-12-18 09:00:00,2024-12-18 17:00:00,2024-12-18 17:00:00,2024-12-16,12:15:50,8.00000000023283,0,0,0,,,,1500.0,2,12.0,Couple Half Day,1,0.0,0, (Strict),False,1500.0,1500.0,1.0,1690.0,6.0,25.0,0.8571428571428571,0.8333333333333334,0.8571428571428571,12,-2.4492935982947064e-16,1.0,2024,0,51,351,0,0,Festival,False,Standard,Tier 2,High,1.0,0.0,0.0,,,False,False,Festival,0,7,7,0,0,1,1,0,winter,0,1,12H Day,12.0,0.5,12H,0,0.0,3000.0,1.0,0,1.0,1.0,1,0,0,Clear,0,Last Minute,0.0,26.0,20.0,60.0,4.2,25.0,53.349999999999994,75.0,2142.8571428571427,2142.8571428571427,1958.3333333333333,2142.8571428571427,2133.3333333333335,2142.8571428571427,1954.5454545454545,0.98,1,1.212,413.64,1950.0,1750.0,1950.0,1750.0,571.1186134142671,18.0,1.0,1500.0,2300.0,0,0,0,0,0,0,1,0,1,0,0,0,0,0,1.0,0.15833333333333333,101.0,1.028559085862398,0.023809523809523725,45.03559085862398,0.0,1,5,1.891,1.2,1.067,0.8,0,8500.0,0,0
Booked by Pariketh,"Booking confirmed ✅ 
Farm number 11
₹1000 advance received 

21 Dec 2024 at 7:00 PM to 22 Dec 2024 at 7:00 PM
8 Persons
Rent: ₹5000
Deposit: ₹2000

Deposit Refund after check out.",2024-12-21 19:00:00,2024-12-22 19:00:00,2024-12-22 19:00:00,2024-12-19,22:14:53,24.0,0,1,0,,,,5000.0,8,24.0,24H Night,1,0.0,0, (Month+Slot),False,2500.0,3800.0,3.0,3950.0,5.0,24.0,0.7142857142857143,0.8,0.7142857142857143,12,-2.4492935982947064e-16,1.0,2024,3,51,354,1,0,Festival,False,Standard,Tier 2,High,1.0,0.0,0.0,,,False,False,Festival,0,7,7,0,0,1,1,0,winter,1,0,24H Night,24.0,1.0,24H,0,0.0,5000.0,1.0,0,1.0,1.0,0,1,0,Clear,0,Last Minute,0.0,26.0,20.0,60.0,4.2,25.0,100.0,75.0,3858.3333333333335,4800.0,3912.5,3858.3333333333335,3600.0,3858.3333333333335,4833.333333333333,0.7,3,1.563,1500.0,4166.666666666667,4500.0,4166.666666666667,4500.0,836.6600265340755,9.0,1.0,3700.0,4800.0,0,0,0,0,0,0,1,0,1,0,0,0,0,0,1.0,0.15833333333333333,101.0,0.8928459822823643,-0.08571428571428574,63.67845982282364,0.0,1,5,1.891,1.2,1.067,0.8,0,8500.0,0,0
Booked by Mitul patel,"Booking confirmed ✅ 
Farm number 11
₹5000 advance received

28 Dec 2024 at 7:00 PM to 29 Dec 2024 at 7:00 PM
4 Persons
Rent: ₹5000
Deposit: ₹2000

Deposit Refund after check out.",2024-12-28 19:00:00,2024-12-29 19:00:00,2024-12-29 19:00:00,2024-12-22,22:28:21,24.0,0,1,1,,,,5000.0,4,24.0,24H Night,5,0.0,0, (Month+Slot),False,5000.0,2500.0,3.0,4030.0,3.0,20.0,0.42857142857142855,0.6666666666666666,0.42857142857142855,12,-2.4492935982947064e-16,1.0,2024,6,51,357,1,0,Festival,False,Standard,Tier 2,High,1.0,0.0,0.0,,,False,False,Festival,0,7,7,1,0,1,1,1,winter,1,0,24H Night,24.0,1.0,24H,0,0.0,5000.0,1.0,0,1.0,1.0,0,1,0,Clear,1,Standard,0.0,26.0,20.0,60.0,4.2,25.0,100.0,90.0,3858.3333333333335,4800.0,3912.5,3858.3333333333335,4750.0,3858.3333333333335,4833.333333333333,0.7,3,1.563,1500.0,4166.666666666667,4500.0,4166.666666666667,4500.0,836.6600265340755,9.0,1.0,3700.0,4800.0,0,0,0,0,1,0,1,0,0,1,0,0,0,0,1.0,0.15833333333333333,101.0,0.6428475001446408,-0.23809523809523808,61.17847500144641,0.0,1,5,1.891,1.2,1.067,0.8,0,8500.0,0,0
Booked by Saurabh,"Booking confirmed ✅ 
Farm number 11
₹2000 advance received

25 Dec 2024 at 1:00 PM to 25 Dec 2024 at 6:00 PM
2 Persons
Rent: ₹1500
Deposit: ₹500

Deposit Refund after check out.",2024-12-25 13:00:00,2024-12-25 18:00:00,2024-12-25 18:00:00,2024-12-25,13:32:24,5.00000000023283,Christmas,0,0,,,,1500.0,2,12.0,Couple Half Day,0,0.0,0, (Strict),False,1500.0,1500.0,3.0,1640.0,3.0,19.0,0.42857142857142855,0.6333333333333333,0.42857142857142855,12,-2.4492935982947064e-16,1.0,2024,2,52,360,0,1,Festival,True,Standard,Tier 2,High,1.0,0.0,0.0,,,False,False,Festival,0,7,7,0,1,1,1,0,winter,1,0,12H Day,12.0,0.5,12H,0,0.0,3000.0,1.0,0,1.0,1.0,1,0,0,Clear,0,Same Day,0.0,26.0,20.0,60.0,4.2,25.0,53.349999999999994,75.0,2120.689655172414,2120.689655172414,1923.076923076923,13100.0,2108.0,2120.689655172414,1923.076923076923,0.7,4,1.212,413.64,1950.0,1750.0,1950.0,1750.0,571.1186134142671,18.0,1.0,1500.0,2300.0,0,0,0,0,0,0,1,1,0,0,0,0,0,0,1.0,0.15833333333333333,101.0,0.6766810448857575,-0.20476190476190476,56.516810448857576,0.5,1,5,1.891,1.2,1.067,0.8,0,8500.0,0,0
Booked by Nilesh,"Booking confirmed ✅ 
Farm number 11
₹1500 advance received

27 Dec 2024 at 10:00 AM to 28 Dec 2024 at 6:00 PM
2 Persons
Rent: ₹4500
Deposit: ₹2000

Deposit Refund after check out.",2024-12-27 10:00:00,2024-12-28 18:00:00,2024-12-28 18:00:00,2024-12-25,11:07:47,32.0000000002328,0,0,1,,,,4500.0,2,24.0,Couple Extended Day,1,0.0,0, (Month),False,8500.0,8500.0,0.0,4500.0,4.0,20.0,0.5714285714285714,0.6666666666666666,0.5714285714285714,12,-2.4492935982947064e-16,1.0,2024,2,52,360,0,0,Festival,False,Standard,Tier 2,High,1.0,0.0,0.0,,,False,False,Festival,0,7,7,0,0,1,1,1,winter,1,1,12H Day,12.0,1.0,24H,0,0.0,4500.0,1.0,0,1.0,1.0,1,0,0,Clear,0,Last Minute,0.0,26.0,20.0,60.0,4.2,25.0,53.349999999999994,75.0,2035.7142857142858,2035.7142857142858,1708.3333333333333,2035.7142857142858,2008.3333333333333,2035.7142857142858,1681.8181818181818,0.98,1,1.212,413.64,1950.0,1750.0,1950.0,1750.0,571.1186134142671,18.0,1.0,1500.0,2300.0,0,0,0,0,0,0,1,0,1,0,0,0,0,0,1.0,0.15833333333333333,101.0,0.8571300001928543,-0.09523809523809523,43.32130000192854,0.0,1,5,1.891,1.2,1.067,0.8,0,8500.0,0,0
Booked by Hardik,"Booking confirmed ✅ 
Farm number 11

₹3700 advance received

31 Dec 2024 at 12:00 PM to 31 Dec 2024 at 6:00 PM
3 Persons
Rent: ₹2700
Deposit: ₹1000

Deposit Refund after check out.",2024-12-31 12:00:00,2024-12-31 18:00:00,2024-12-31 18:00:00,2024-12-27,17:31:50,6.0,New Year's Eve,0,1,,,,2700.0,3,12.0,12H Day,3,0.0,0, (Strict),False,2500.0,2700.0,2.0,3090.0,4.0,18.0,0.5714285714285714,0.6,0.5714285714285714,12,-2.4492935982947064e-16,1.0,2024,4,52,362,0,1,Festival,True,Standard,Tier 2,High,1.0,0.0,0.0,,,False,False,Festival,0,7,7,0,1,1,1,1,winter,1,0,12H Day,12.0,0.5,12H,0,0.0,5400.0,1.0,0,1.0,1.0,0,1,0,Clear,1,Last Minute,0.0,26.0,20.0,60.0,4.2,25.0,53.349999999999994,90.0,2120.689655172414,2120.689655172414,2266.6666666666665,12500.0,2108.0,2120.689655172414,2266.6666666666665,0.7,4,1.212,413.64,1950.0,1750.0,1950.0,1750.0,571.1186134142671,18.0,1.0,1500.0,2300.0,0,0,0,0,0,0,1,0,1,0,0,0,0,0,1.0,0.15833333333333333,101.0,0.9523650796296252,-0.02857142857142858,59.27365079629625,0.5,1,5,1.891,1.2,1.067,0.8,0,8500.0,0,0
Booked by Vivek | Rutish’s frd,"Booking confirmed ✅ 
Farm number 11

4 Jan 2025 at 7:00 PM to 5 Jan 2025 at 6:00 PM
15 Persons
Rent: ₹5000",2025-01-04 19:00:00,2025-01-05 18:00:00,2025-01-05 18:00:00,2024-12-28,21:18:34,23.0000000002328,0,1,0,,,,5000.0,15,24.0,24H Night,6,0.0,0, (Strict),False,5000.0,5000.0,1.0,4130.0,5.0,19.0,0.7142857142857143,0.6333333333333333,0.7142857142857143,12,-2.4492935982947064e-16,1.0,2024,5,52,363,1,0,Festival,False,Standard,Tier 2,High,1.0,0.0,0.0,,,False,False,Festival,0,7,7,0,0,1,1,0,winter,1,0,24H Night,24.0,1.0,24H,0,0.0,5000.0,1.0,0,1.0,1.0,0,0,1,Clear,1,Standard,0.0,26.0,20.0,60.0,4.2,25.0,100.0,90.0,3858.3333333333335,4800.0,3333.3333333333335,3858.3333333333335,4750.0,3858.3333333333335,4800.0,0.52,5,1.563,1500.0,4166.666666666667,4500.0,4166.666666666667,4500.0,836.6600265340755,9.0,1.0,3700.0,4800.0,0,0,1,0,0,0,1,0,0,1,0,0,0,0,1.0,0.15833333333333333,101.0,1.1278017414762627,0.080952380952381,66.02801741476263,0.0,1,5,1.891,1.2,1.067,0.8,0,8500.0,0,0
Booked by Viram,"Booking confirmed ✅ 
Farm number 11
₹1000 advance received

2 Jan 2025 at 9:00 AM to 2 Jan 2025 at 5:00 PM
2 Persons
Rent: ₹2000
Deposit: ₹1000

Deposit Refund after check out.",2025-01-02 09:00:00,2025-01-02 17:00:00,2025-01-02 17:00:00,2024-12-30,13:52:06,8.00000000023283,0,0,0,,,,2000.0,2,12.0,Couple Half Day,2,0.0,0, (Strict),False,1500.0,1500.0,2.0,1690.0,5.0,18.0,0.7142857142857143,0.6,0.7142857142857143,12,-2.4492935982947064e-16,1.0,2024,0,1,365,0,0,Festival,False,Standard,Tier 2,High,1.0,0.0,0.0,,,False,False,Festival,0,7,7,0,0,1,1,0,winter,0,1,12H Day,12.0,0.5,12H,0,0.0,4000.0,1.0,0,1.0,1.0,1,0,0,Clear,0,Last Minute,0.0,26.0,20.0,60.0,4.2,25.0,53.349999999999994,90.0,2125.0,2125.0,1916.6666666666667,2125.0,2112.5,2125.0,1909.090909090909,0.98,1,1.212,413.64,1950.0,1750.0,1950.0,1750.0,571.1186134142671,18.0,1.0,1500.0,2300.0,0,0,0,0,0,0,1,0,1,0,0,0,0,0,1.0,0.15833333333333333,101.0,1.1904563495370317,0.11428571428571432,46.65456349537032,0.0,1,5,1.891,1.2,1.067,0.8,0,8500.0,0,0
Booked by Sibu,"Booking confirmed ✅ 
Farm number 11

₹2000 advance received

31 Dec 2024 at 7:00 PM to 1 Jan 2025 at 8:00 AM
8 Persons
Rent: ₹4000
Deposit: ₹2000

Deposit Refund after check out.",2024-12-31 19:00:00,2025-01-01 08:00:00,2025-01-01 08:00:00,2024-12-31,11:11:42,13.0000000004657,New Year,0,1,,,,4000.0,8,12.0,24H Night,0,0.0,0, (Month+Slot),False,5000.0,5000.0,1.0,4080.0,6.0,19.0,0.8571428571428571,0.6333333333333333,0.8571428571428571,12,-2.4492935982947064e-16,1.0,2024,1,1,366,0,1,Festival,True,Standard,Tier 2,High,1.0,0.0,0.0,,,False,False,Festival,0,7,7,0,1,1,1,1,winter,1,0,24H Night,24.0,0.5,12H,0,0.0,8000.0,1.0,0,0.5,0.95,0,1,0,Clear,0,Same Day,0.0,26.0,20.0,60.0,4.2,25.0,53.349999999999994,75.0,3946.153846153846,3185.714285714286,4033.3333333333335,3946.153846153846,3755.5555555555557,3946.153846153846,3360.0,0.62,4,1.563,1500.0,2666.6666666666665,3000.0,2666.6666666666665,3000.0,1137.2481406154654,3.0,0.6,2200.0,3300.0,0,0,0,0,0,0,1,1,0,0,0,0,0,0,1.0,0.15833333333333333,101.0,1.353362089771515,0.2238095238095238,63.28362089771515,0.5,1,5,1.891,1.2,1.067,0.8,0,8500.0,0,0
Booked by Anshu,"Booking confirmed ✅ 
Farm number 11

₹1000 advance received

6 Jan 2025 at 9:00 AM to 6 Jan 2025 at 6:00 PM
5 Persons
Rent: ₹2500
Deposit: ₹1000

Deposit Refund after check out.",2025-01-06 09:00:00,2025-01-06 18:00:00,2025-01-06 18:00:00,2025-01-05,18:59:50,9.0,0,0,0,,,,2500.0,5,12.0,12H Day,0,0.0,0, (Strict),False,2700.0,2500.0,5.0,3040.0,3.0,17.0,0.42857142857142855,0.5666666666666667,0.42857142857142855,1,0.49999999999999994,0.8660254037844387,2025,6,1,5,0,0,Festival,False,Standard,Tier 2,High,1.0,0.0,0.0,,,False,False,Festival,0,7,7,0,0,0,1,0,winter,0,1,12H Day,12.0,0.5,12H,0,0.0,5000.0,1.0,0,1.0,1.0,0,1,0,Clear,0,Same Day,0.0,26.0,20.0,60.0,4.2,25.0,53.349999999999994,75.0,2704.0,2704.0,3083.3333333333335,2704.0,2550.0,2704.0,2750.0,0.97,1,0.796,-580.39,2847.0588235294117,2200.0,2847.0588235294117,2200.0,2064.617896566706,17.0,1.0,2000.0,2500.0,0,0,0,1,0,0,1,1,0,0,0,0,0,0,1.0,0.18333333333333332,98.0,0.7562891747288494,-0.1380952380952381,43.062891747288496,0.0,1,5,1.891,1.2,1.067,0.8,0,8500.0,0,0
Booked by Anshul,"Booking confirmed ✅ 
₹1000 advance received 

4 Jan 2025 at 8:00 AM to 4 Jan 2025 at 5:00 PM
5 Persons
Rent: ₹3000
Deposit: ₹1000

Deposit Refund after check out.",2025-01-04 08:00:00,2025-01-04 18:00:00,2025-01-04 18:00:00,2025-01-05,00:54:01,9.99999999976717,0,0,0,,,,3000.0,5,12.0,12H Day,0,0.0,0, (Strict),False,2500.0,2700.0,0.0,2940.0,4.0,18.0,0.5714285714285714,0.6,0.5714285714285714,1,0.49999999999999994,0.8660254037844387,2025,6,1,5,0,0,Festival,False,Standard,Tier 2,High,1.0,0.0,0.0,,,False,False,Festival,0,7,7,0,0,0,1,0,winter,0,1,12H Day,12.0,0.5,12H,0,0.0,6000.0,1.0,0,1.0,1.0,0,1,0,Clear,0,Same Day,0.0,26.0,20.0,60.0,4.2,25.0,53.349999999999994,75.0,2684.0,2684.0,3041.6666666666665,2684.0,2527.2727272727275,2684.0,2700.0,0.97,1,0.796,-580.39,2847.0588235294117,2200.0,2847.0588235294117,2200.0,2064.617896566706,17.0,1.0,2000.0,2500.0,0,0,0,1,0,0,1,1,0,0,0,0,0,0,1.0,0.18333333333333332,98.0,0.9523650796296252,-0.02857142857142858,45.02365079629625,0.0,1,5,1.891,1.2,1.067,0.8,0,8500.0,0,0
Booked by Rensi,"Booking confirmed ✅ 
Farm number 11
₹1000 advance received

8 Jan 2025 at 9:00 AM to 8 Jan 2025 at 6:00 PM
4 Persons
Rent: ₹2500
Deposit: ₹1000

Deposit Refund after check out.",2025-01-08 09:00:00,2025-01-08 18:00:00,2025-01-08 18:00:00,2025-01-06,14:14:16,9.0,0,0,0,,,,2500.0,4,12.0,12H Day,1,0.0,0, (Strict),False,3000.0,2500.0,1.0,2790.0,4.0,19.0,0.5714285714285714,0.6333333333333333,0.5714285714285714,1,0.49999999999999994,0.8660254037844387,2025,0,2,6,0,0,Festival,False,Standard,Tier 2,High,1.0,0.0,0.0,,,False,False,Festival,0,7,7,0,0,0,1,0,winter,0,1,12H Day,12.0,0.5,12H,0,0.0,5000.0,1.0,0,1.0,1.0,0,1,0,Clear,0,Last Minute,0.0,26.0,20.0,60.0,4.2,25.0,53.349999999999994,75.0,2704.0,2704.0,3083.3333333333335,2704.0,2550.0,2704.0,2750.0,0.97,1,0.796,-580.39,2847.0588235294117,2200.0,2847.0588235294117,2200.0,2064.617896566706,17.0,1.0,2000.0,2500.0,0,0,0,0,0,0,1,0,1,0,0,0,0,0,1.0,0.18333333333333332,98.0,0.9022413931810099,-0.06190476190476191,44.5224139318101,0.0,1,5,1.891,1.2,1.067,0.8,0,8500.0,0,0
Booked by Agent Akash,"Booking confirmed ✅ 
Farm number 11
₹2000 advance received

15 Jan 2025 at 8:00 PM to 16 Jan 2025 at 6:00 PM
8 Persons
Rent: ₹4000
Deposit: ₹1000

Deposit Refund after check out.",2025-01-15 20:00:00,2025-01-16 18:00:00,2025-01-16 18:00:00,2025-01-06,20:33:22,21.9999999997672,0,0,0,,,,4000.0,8,24.0,24H Night,8,0.0,0, (Strict),False,4000.0,5000.0,0.0,4030.0,5.0,20.0,0.7142857142857143,0.6666666666666666,0.7142857142857143,1,0.49999999999999994,0.8660254037844387,2025,0,2,6,0,0,Festival,False,Standard,Tier 2,High,1.0,0.0,0.0,,,False,False,Festival,0,7,7,0,0,0,1,0,winter,0,1,24H Night,24.0,1.0,24H,0,0.0,4000.0,1.0,0,1.0,1.0,0,1,0,Clear,2,Standard,0.0,26.0,20.0,60.0,4.2,25.0,53.349999999999994,90.0,4125.0,3450.0,4000.0,4125.0,4060.0,4125.0,3166.6666666666665,0.7,3,1.032,111.54,3450.0,3600.0,3450.0,3600.0,519.6152422706632,4.0,0.8,3375.0,3675.0,0,0,0,0,0,0,1,0,0,0,1,0,0,0,1.0,0.18333333333333332,98.0,1.071412500241068,0.04761904761904767,46.21412500241068,0.0,1,5,1.891,1.2,1.067,0.8,0,8500.0,0,0
Booked by Parth,"Booking confirmed ✅ 
Farm number 11
₹500 advance received

11 Jan 2025 at 9:00 AM to 11 Jan 2025 at 6:00 PM
2 Persons without pool
Rent: ₹2000
Deposit: ₹1000

Deposit Refund after check out.",2025-01-11 09:00:00,2025-01-11 18:00:00,2025-01-11 18:00:00,2025-01-07,09:54:22,9.0,0,0,0,,,,2000.0,2,12.0,Couple Half Day,3,0.0,0, (Strict),False,2000.0,1500.0,1.0,1690.0,5.0,21.0,0.7142857142857143,0.7,0.7142857142857143,1,0.49999999999999994,0.8660254037844387,2025,1,2,7,0,0,Festival,False,Standard,Tier 2,High,1.0,0.0,0.0,,,False,False,Festival,0,7,7,0,0,0,1,0,winter,0,1,12H Day,12.0,0.5,12H,0,0.0,4000.0,1.0,0,1.0,1.0,1,0,0,Clear,1,Last Minute,0.0,26.0,20.0,60.0,4.2,25.0,53.349999999999994,90.0,2724.0,2724.0,2040.0,2724.0,2572.7272727272725,2724.0,2044.4444444444443,0.96,1,0.796,-580.39,2847.0588235294117,2200.0,2847.0588235294117,2200.0,2064.617896566706,17.0,1.0,2000.0,2500.0,0,0,0,0,0,0,1,0,1,0,0,0,0,0,1.0,0.18333333333333332,98.0,1.0203935862140747,0.014285714285714346,45.703935862140746,0.0,1,5,1.891,1.2,1.067,0.8,0,8500.0,0,0
Booked by Monesh,"Booking confirmed ✅ 
Farm number 11
₹1000 advance received

8 Jan 2025 at 7:00 PM to 9 Jan 2025 at 6:00 PM
10 Persons
Rent: ₹4200
Deposit: ₹2000

Deposit Refund after check out.",2025-01-08 19:00:00,2025-01-09 18:00:00,2025-01-09 18:00:00,2025-01-07,13:46:02,23.0000000002328,0,0,0,,,,4200.0,10,24.0,24H Night,1,0.0,0, (Strict),False,4000.0,4000.0,0.0,3950.0,6.0,22.0,0.8571428571428571,0.7333333333333333,0.8571428571428571,1,0.49999999999999994,0.8660254037844387,2025,1,2,7,0,0,Festival,False,Standard,Tier 2,High,1.0,0.0,0.0,,,False,False,Festival,0,7,7,0,0,0,1,0,winter,0,1,24H Night,24.0,1.0,24H,0,0.0,4200.0,1.0,0,1.0,1.0,0,1,0,Clear,0,Last Minute,0.0,26.0,20.0,60.0,4.2,25.0,53.349999999999994,75.0,4112.5,3430.0,3977.777777777778,4112.5,3944.4444444444443,4112.5,3500.0,0.9,1,1.032,111.54,3450.0,3600.0,3450.0,3600.0,519.6152422706632,4.0,0.8,3375.0,3675.0,0,0,0,0,0,0,1,0,1,0,0,0,0,0,1.0,0.18333333333333332,98.0,1.1688152304416628,0.12380952380952381,47.188152304416626,0.0,1,5,1.891,1.2,1.067,0.8,0,8500.0,0,0
Booked by Rutvik,"Booking confirmed ✅ 
Farm number 11
₹1000 advance received

10 Jan 2025 at 9:00 AM to 10 Jan 2025 at 6:00 PM
2 Persons
Rent: ₹2000
Deposit: ₹1000

Deposit Refund after check out.",2025-01-10 09:00:00,2025-01-10 18:00:00,2025-01-10 18:00:00,2025-01-07,14:29:47,9.0,0,0,0,,,,2000.0,2,12.0,Couple Half Day,2,0.0,0, (Strict),False,2000.0,2000.0,0.0,1740.0,7.0,23.0,1.0,0.7666666666666667,1.0,1,0.49999999999999994,0.8660254037844387,2025,1,2,7,0,0,Festival,False,Standard,Tier 2,High,1.0,0.0,0.0,,,False,False,Festival,0,7,7,0,0,0,1,0,winter,0,1,12H Day,12.0,0.5,12H,0,0.0,4000.0,1.0,0,1.0,1.0,1,0,0,Clear,0,Last Minute,0.0,26.0,20.0,60.0,4.2,25.0,53.349999999999994,90.0,2724.0,2724.0,2040.0,2724.0,2572.7272727272725,2724.0,2044.4444444444443,0.96,1,0.796,-580.39,2847.0588235294117,2200.0,2847.0588235294117,2200.0,2064.617896566706,17.0,1.0,2000.0,2500.0,0,0,0,0,0,0,1,0,1,0,0,0,0,0,1.0,0.18333333333333332,98.0,1.3043308130763511,0.23333333333333328,48.54330813076351,0.0,1,5,1.891,1.2,1.067,0.8,0,8500.0,0,0
Booked by Renish,"Booking confirmed ✅ 
Farm number 11

₹2000 advance received

13 Jan 2025 at 7:00 PM to 14 Jan 2025 at 6:00 PM
10 Persons
Rent: ₹8000
Deposit: ₹2000

Deposit Refund after check out.",2025-01-13 19:00:00,2025-01-14 18:00:00,2025-01-14 18:00:00,2025-01-08,22:21:32,23.0000000002328,Makar Sankranti,0,0,,,,8000.0,10,24.0,24H Night,4,0.0,2,"MAD, IQR (Strict)",True,4200.0,4000.0,1.0,4550.0,8.0,22.0,1.0,0.7333333333333333,1.1428571428571428,1,0.49999999999999994,0.8660254037844387,2025,2,2,8,0,1,Festival,True,Standard,Tier 2,High,1.0,0.0,0.0,,,False,False,Festival,0,7,7,0,1,0,1,0,winter,1,0,24H Night,24.0,1.0,24H,0,0.0,8000.0,1.0,0,1.0,1.0,0,1,0,Clear,1,Standard,0.0,26.0,20.0,60.0,4.2,25.0,53.349999999999994,90.0,4117.64705882353,3500.0,4000.0,4000.0,4050.0,4117.64705882353,3571.4285714285716,0.64,4,1.032,111.54,3450.0,3600.0,3450.0,3600.0,519.6152422706632,4.0,0.8,3375.0,3675.0,0,0,0,0,0,0,1,0,0,1,0,0,0,0,1.0,0.18333333333333332,98.0,1.5584203072555505,0.2666666666666667,66.08420307255551,0.5,1,5,1.891,1.2,1.067,0.8,0,8500.0,0,0
Booked by Ravi,"Booking confirmed ✅ 
Farm number 11
₹500 advance received

12 Jan 2025 at 7:00 PM to 13 Jan 2025 at 6:00 PM
10 Persons
Rent: ₹4000
Deposit: ₹1000

Deposit Refund after check out.",2025-01-12 19:00:00,2025-01-13 18:00:00,2025-01-13 18:00:00,2025-01-11,18:47:06,23.0000000002328,0,0,0,,,,4000.0,10,24.0,24H Night,1,0.0,0, (Strict),False,8000.0,4200.0,3.0,4550.0,9.0,21.0,1.0,0.7,1.2857142857142858,1,0.49999999999999994,0.8660254037844387,2025,5,2,11,0,0,Festival,False,Standard,Tier 2,High,1.0,0.0,0.0,,,False,False,Festival,0,7,7,0,0,0,1,0,winter,0,1,24H Night,24.0,1.0,24H,0,0.0,4000.0,1.0,0,1.0,1.0,0,1,0,Clear,0,Last Minute,0.0,26.0,20.0,60.0,4.2,25.0,53.349999999999994,75.0,4125.0,3450.0,4000.0,4125.0,3966.6666666666665,4125.0,3566.6666666666665,0.9,1,1.032,111.54,3450.0,3600.0,3450.0,3600.0,519.6152422706632,4.0,0.8,3375.0,3675.0,0,0,1,0,0,0,1,0,1,0,0,0,0,0,1.0,0.18333333333333332,98.0,1.8367084551853345,0.30000000000000004,53.867084551853345,0.0,1,5,1.891,1.2,1.067,0.8,0,8500.0,0,0
Booked by Nirmal,"Booking confirmed ✅ 
Farm number 11
₹1000 advance received

11 Jan 2025 at 7:00 PM to 12 Jan 2025 at 6:00 PM
2 Persons
Rent: ₹5000 - 250 for booking transfer
Deposit: ₹2000

Deposit Refund after check out.",2025-01-11 19:00:00,2025-01-12 18:00:00,2025-01-12 18:00:00,2025-01-11,13:20:40,23.0000000002328,0,1,0,,,,5000.0,2,24.0,Couple Full Night,0,0.0,0, (Month),False,2000.0,4000.0,0.0,3500.0,10.0,22.0,1.0,0.7333333333333333,1.4285714285714286,1,0.49999999999999994,0.8660254037844387,2025,5,2,11,1,0,Festival,False,Standard,Tier 2,High,1.0,0.0,0.0,,,False,False,Festival,0,7,7,0,0,0,1,0,winter,1,0,12H Night,12.0,1.0,24H,0,0.0,5000.0,1.0,0,1.0,1.0,1,0,0,Clear,0,Same Day,0.0,26.0,20.0,60.0,4.2,25.0,100.0,75.0,2500.0,3000.0,2500.0,2500.0,2250.0,2500.0,2500.0,0.4,6,1.972,1710.0,3470.0,3000.0,3470.0,3000.0,1357.460864997588,3.0,0.6,2705.0,4000.0,0,0,1,0,0,0,1,1,0,0,0,0,0,0,1.0,0.18333333333333332,98.0,1.9480253840694384,0.2666666666666667,74.98025384069439,0.0,1,5,1.891,1.2,1.067,0.8,0,8500.0,0,0
Booked by Bharat,"Booking confirmed ✅ 
Farm number 11

₹500 advance received

18 Jan 2025 at 7:00 PM to 19 Jan 2025 at 6:00 PM
10 Persons
Rent: ₹5000
Deposit: ₹2000

Deposit Refund after check out.",2025-01-18 19:00:00,2025-01-19 18:00:00,2025-01-19 18:00:00,2025-01-14,11:44:42,23.0000000002328,0,1,0,,,,5000.0,10,24.0,24H Night,4,0.0,0, (Strict),False,4000.0,8000.0,3.0,4670.0,4.0,20.0,0.5714285714285714,0.6666666666666666,0.5714285714285714,1,0.49999999999999994,0.8660254037844387,2025,1,3,14,1,0,Festival,False,Standard,Tier 2,High,1.0,0.0,0.0,,,False,False,Festival,0,7,7,0,0,0,1,0,winter,1,0,24H Night,24.0,1.0,24H,0,0.0,5000.0,1.0,0,1.0,1.0,0,1,0,Clear,1,Standard,0.0,26.0,20.0,60.0,4.2,25.0,100.0,90.0,4062.5,5300.0,3888.8888888888887,4062.5,3860.0,4062.5,5300.0,0.52,5,1.032,111.54,3561.5384615384614,3400.0,3561.5384615384614,3400.0,893.9970745090665,13.0,1.0,2900.0,4400.0,0,0,0,0,0,0,1,0,0,1,0,0,0,0,1.0,0.18333333333333332,98.0,0.8571300001928543,-0.09523809523809523,64.07130000192855,0.0,1,5,1.891,1.2,1.067,0.8,0,8500.0,0,0
Booked by Agent Shyam,Rent: ₹1500 - 2 couple,2025-01-17 09:00:00,2025-01-17 18:00:00,2025-01-17 18:00:00,2025-01-17,10:31:59,9.0,0,0,0,,,,1500.0,4,12.0,12H Day,0,0.0,0, (Strict),False,2500.0,3000.0,3.0,2590.0,4.0,20.0,0.5714285714285714,0.6666666666666666,0.5714285714285714,1,0.49999999999999994,0.8660254037844387,2025,4,3,17,0,0,Festival,False,Standard,Tier 2,High,1.0,0.0,0.0,,,False,False,Festival,0,7,7,0,0,0,1,0,winter,0,1,12H Day,12.0,0.5,12H,0,0.0,3000.0,1.0,0,1.0,1.0,0,1,0,Clear,0,Same Day,0.0,26.0,20.0,60.0,4.2,25.0,53.349999999999994,75.0,2744.0,2744.0,3166.6666666666665,2744.0,2595.4545454545455,2744.0,2850.0,0.97,1,0.796,-580.39,2847.0588235294117,2200.0,2847.0588235294117,2200.0,2064.617896566706,17.0,1.0,2000.0,2500.0,0,0,0,0,0,0,1,1,0,0,0,0,0,0,1.0,0.18333333333333332,98.0,0.8571300001928543,-0.09523809523809523,44.07130000192854,0.0,1,5,1.891,1.2,1.067,0.8,0,8500.0,0,0
Booked by Dhruv,"Booking confirmed ✅ 
Farm number 11

₹1000 advance received

28 Jan 2025 at 9:00 AM to 28 Jan 2025 at 6:00 PM
2 Persons without pool
Rent: ₹2000
Deposit: ₹1000

Deposit Refund after check out.",2025-01-28 09:00:00,2025-01-28 18:00:00,2025-01-28 18:00:00,2025-01-18,22:03:14,9.0,0,0,0,,,,2000.0,2,12.0,Couple Half Day,9,0.0,0, (Strict),False,2000.0,2000.0,1.0,1750.0,3.0,20.0,0.42857142857142855,0.6666666666666666,0.42857142857142855,1,0.49999999999999994,0.8660254037844387,2025,5,3,18,0,0,Festival,False,Standard,Tier 2,High,1.0,0.0,0.0,,,False,False,Festival,0,7,7,0,0,0,1,0,winter,0,1,12H Day,12.0,0.5,12H,0,0.0,4000.0,1.0,0,1.0,1.0,1,0,0,Clear,2,Standard,0.0,26.0,20.0,60.0,4.2,25.0,53.349999999999994,90.0,2724.0,2724.0,2040.0,2724.0,2500.0,2724.0,2040.0,0.7699999999999999,3,0.796,-580.39,2847.0588235294117,2200.0,2847.0588235294117,2200.0,2064.617896566706,17.0,1.0,2000.0,2500.0,0,1,0,0,0,0,1,0,0,0,1,0,0,0,1.0,0.18333333333333332,98.0,0.6428475001446408,-0.23809523809523808,41.92847500144641,0.0,1,5,1.891,1.2,1.067,0.8,0,8500.0,0,0
Booked by Saurav,"Booking confirmed ✅ 
Farm number 11

₹1000 advance received 

24 Jan 2025 at 10:00 PM to 25 Jan 2025 at 10:00 AM
7 Persons
Rent: ₹2500
Deposit: ₹1000

Deposit Refund after check out.",2025-01-24 22:00:00,2025-01-25 10:00:00,2025-01-25 10:00:00,2025-01-23,21:23:37,12.0,0,0,0,,,,2500.0,7,12.0,12H Night,1,0.0,0, (Month),False,2000.0,2300.0,5.0,2360.0,3.0,20.0,0.42857142857142855,0.6666666666666666,0.42857142857142855,1,0.49999999999999994,0.8660254037844387,2025,3,4,23,0,0,Festival,False,Standard,Tier 2,High,1.0,0.0,0.0,,,False,False,Festival,0,7,7,0,0,0,1,0,winter,0,1,12H Night,12.0,0.5,12H,0,0.0,5000.0,1.0,0,1.0,1.0,0,1,0,Clear,0,Last Minute,0.0,26.0,20.0,60.0,4.2,25.0,53.349999999999994,75.0,3333.3333333333335,2000.0,3000.0,3333.3333333333335,3500.0,3333.3333333333335,3333.3333333333335,0.4,6,1.972,1710.0,1760.0,1760.0,1760.0,1760.0,0.0,1.0,0.2,1760.0,1760.0,0,0,0,0,0,0,1,0,1,0,0,0,0,0,1.0,0.18333333333333332,98.0,0.6428475001446408,-0.23809523809523808,41.92847500144641,0.0,1,5,1.891,1.2,1.067,0.8,0,8500.0,0,0
Booked by Riyal,"Booking confirmed ✅ 
Farm number 11

₹1000 advance received

25 Jan 2025 at 7:00 PM to 26 Jan 2025 at 6:00 PM
6 Persons
Rent: ₹4000
Deposit: ₹2000

Deposit Refund after check out.",2025-01-25 19:00:00,2025-01-26 18:00:00,2025-01-26 18:00:00,2025-01-24,17:51:59,23.0000000002328,Republic Day,1,0,,,,4000.0,6,24.0,24H Night,1,0.0,1,IQR (Strict),False,5000.0,4000.0,1.0,4820.0,3.0,19.0,0.42857142857142855,0.6333333333333333,0.42857142857142855,1,0.49999999999999994,0.8660254037844387,2025,4,4,24,1,1,Festival,True,Standard,Tier 2,High,1.0,0.0,0.0,,,False,False,Festival,0,7,7,1,1,0,1,0,winter,1,0,24H Night,24.0,1.0,24H,0,0.0,4000.0,1.0,0,1.0,1.0,0,1,0,Clear,0,Last Minute,0.0,26.0,20.0,60.0,4.2,25.0,100.0,75.0,4117.64705882353,5250.0,4000.0,6000.0,3970.0,4117.64705882353,5250.0,0.53,5,1.032,111.54,3561.5384615384614,3400.0,3561.5384615384614,3400.0,893.9970745090665,13.0,1.0,2900.0,4400.0,1,0,0,0,0,0,1,0,1,0,0,0,0,0,1.0,0.18333333333333332,98.0,0.6766810448857575,-0.20476190476190476,77.26681044885757,0.5,1,5,1.891,1.2,1.067,0.8,0,8500.0,0,0
Booked by Devendra,"Booking confirmed ✅ 
Farm number 11
₹1000 advance received

31 Jan 2025 at 7:00 PM to 1 Feb 2025 at 6:00 PM
10 Persons
Rent: ₹3800
Deposit: ₹1000

Deposit Refund after check out.",2025-01-31 19:00:00,2025-02-01 18:00:00,2025-02-01 18:00:00,2025-01-24,22:52:11,23.0000000002328,0,0,0,,,,3800.0,10,24.0,24H Night,6,0.0,0, (Strict),False,4000.0,5000.0,0.0,4700.0,4.0,20.0,0.5714285714285714,0.6666666666666666,0.5714285714285714,1,0.49999999999999994,0.8660254037844387,2025,4,4,24,0,0,Festival,False,Standard,Tier 2,High,1.0,0.0,0.0,,,False,False,Festival,0,7,7,0,0,0,1,0,winter,0,1,24H Night,24.0,1.0,24H,0,0.0,3800.0,1.0,0,1.0,1.0,0,1,0,Clear,1,Standard,0.0,26.0,20.0,60.0,4.2,25.0,53.349999999999994,90.0,4137.5,3470.0,4022.222222222222,4137.5,4100.0,4137.5,3533.3333333333335,0.73,3,1.032,111.54,3450.0,3600.0,3450.0,3600.0,519.6152422706632,4.0,0.8,3375.0,3675.0,1,0,0,0,0,0,1,0,0,1,0,0,0,0,1.0,0.18333333333333332,98.0,0.8571300001928543,-0.09523809523809523,44.07130000192854,0.0,1,5,1.891,1.2,1.067,0.8,0,8500.0,0,0
Booked by Abhishek,"24 Jan 2025 at 3:00 PM to 24 Jan 2025 at 8:00 PM
4 Persons without pool
Rent: ₹1500
Deposit: ₹1000

Deposit Refund after check out.",2025-01-24 15:00:00,2025-01-24 19:00:00,2025-01-24 19:00:00,2025-01-24,15:47:06,3.99999999976717,0,0,0,,,,1500.0,4,12.0,12H Day,0,0.0,0, (Strict),False,1500.0,2500.0,0.0,2440.0,5.0,21.0,0.7142857142857143,0.7,0.7142857142857143,1,0.49999999999999994,0.8660254037844387,2025,4,4,24,0,0,Festival,False,Standard,Tier 2,High,1.0,0.0,0.0,,,False,False,Festival,0,7,7,0,0,0,1,0,winter,0,1,12H Day,12.0,0.5,12H,0,0.0,3000.0,1.0,0,1.0,1.0,0,1,0,Clear,0,Same Day,0.0,26.0,20.0,60.0,4.2,25.0,53.349999999999994,75.0,2744.0,2744.0,3166.6666666666665,2744.0,2595.4545454545455,2744.0,2850.0,0.97,1,0.796,-580.39,2847.0588235294117,2200.0,2847.0588235294117,2200.0,2064.617896566706,17.0,1.0,2000.0,2500.0,0,0,0,0,0,0,1,1,0,0,0,0,0,0,1.0,0.18333333333333332,98.0,1.0203935862140747,0.014285714285714346,45.703935862140746,0.0,1,5,1.891,1.2,1.067,0.8,0,8500.0,0,0
Booked by Chirag,"Booking confirmed ✅ 
Farm number 11
₹1000 advance received

25 Jan 2025 at 10:30 AM to 25 Jan 2025 at 6:00 PM
2 Persons with Pool
Rent: ₹2000
Deposit: ₹1000

Deposit Refund after check out.",2025-01-25 10:30:00,2025-01-25 18:00:00,2025-01-25 18:00:00,2025-01-25,09:49:58,7.5,0,0,0,,,,2000.0,2,12.0,Couple Half Day,0,0.0,0, (Strict),False,2000.0,2000.0,1.0,1750.0,5.0,22.0,0.7142857142857143,0.7333333333333333,0.7142857142857143,1,0.49999999999999994,0.8660254037844387,2025,5,4,25,0,0,Festival,False,Standard,Tier 2,High,1.0,0.0,0.0,,,False,False,Festival,0,7,7,0,0,0,1,0,winter,0,1,12H Day,12.0,0.5,12H,0,0.0,4000.0,1.0,0,1.0,1.0,1,0,0,Clear,0,Same Day,0.0,26.0,20.0,60.0,4.2,25.0,53.349999999999994,75.0,2724.0,2724.0,2040.0,2724.0,2572.7272727272725,2724.0,2044.4444444444443,0.96,1,0.796,-580.39,2847.0588235294117,2200.0,2847.0588235294117,2200.0,2064.617896566706,17.0,1.0,2000.0,2500.0,0,1,0,0,0,0,1,1,0,0,0,0,0,0,1.0,0.18333333333333332,98.0,0.9740126920347192,-0.01904761904761898,45.240126920347194,0.0,1,5,1.891,1.2,1.067,0.8,0,8500.0,0,0
Booked by Gaurav,"27 Jan 2025 at 7:00 PM to 28 Jan 2025 at 8:30 AM
12 Persons
Rent: ₹2000
Deposit: ₹1000

Deposit Refund after check out.",2025-01-27 21:00:00,2025-01-28 08:30:00,2025-01-28 08:30:00,2025-01-27,21:48:16,11.4999999997672,0,0,0,,,,2000.0,12,12.0,12H Night,0,0.0,0, (Month),False,2500.0,2000.0,2.0,2310.0,6.0,21.0,0.8571428571428571,0.7,0.8571428571428571,1,0.49999999999999994,0.8660254037844387,2025,0,5,27,0,0,Festival,False,Standard,Tier 2,High,1.0,0.0,0.0,,,False,False,Festival,0,7,7,0,0,0,1,0,winter,0,1,12H Night,12.0,0.5,12H,0,0.0,4000.0,1.0,0,1.0,1.0,0,1,0,Clear,0,Same Day,0.0,26.0,20.0,60.0,4.2,25.0,53.349999999999994,75.0,3500.0,2500.0,3500.0,3500.0,3750.0,3500.0,3500.0,0.4,6,1.972,1710.0,1760.0,1760.0,1760.0,1760.0,0.0,1.0,0.2,1760.0,1760.0,0,0,0,0,0,0,1,1,0,0,0,0,0,0,1.0,0.18333333333333332,98.0,1.2244723034568894,0.15714285714285714,47.74472303456889,0.0,1,5,1.891,1.2,1.067,0.8,0,8500.0,0,0
Booked by Mit,"Booking confirmed ✅ 
Farm number 11
₹1000 advance received

28 Jan 2025 at 7:00 PM to 29 Jan 2025 at 6:00 PM
7 Persons
Rent: ₹3000
Deposit: ₹1000

Deposit Refund after check out.",2025-01-28 19:00:00,2025-01-29 18:00:00,2025-01-29 18:00:00,2025-01-28,13:03:29,23.0000000002328,0,0,0,,,,3000.0,7,24.0,24H Night,0,0.0,0, (Strict),False,3800.0,4000.0,1.0,4500.0,7.0,22.0,1.0,0.7333333333333333,1.0,1,0.49999999999999994,0.8660254037844387,2025,1,5,28,0,0,Festival,False,Standard,Tier 2,High,1.0,0.0,0.0,,,False,False,Festival,0,7,7,0,0,0,1,0,winter,0,1,24H Night,24.0,1.0,24H,0,0.0,3000.0,1.0,0,1.0,1.0,0,1,0,Clear,0,Same Day,0.0,26.0,20.0,60.0,4.2,25.0,53.349999999999994,75.0,4187.5,3550.0,4200.0,4187.5,4077.777777777778,4187.5,3500.0,0.7,3,1.032,111.54,3450.0,3600.0,3450.0,3600.0,519.6152422706632,4.0,0.8,3375.0,3675.0,0,0,0,0,0,0,1,1,0,0,0,0,0,0,1.0,0.18333333333333332,98.0,1.3636177688486069,0.2666666666666667,49.13617768848607,0.0,1,5,1.891,1.2,1.067,0.8,0,8500.0,0,0
Booked by Nimesh,"Booking confirmed ✅ 
Farm number 11

₹1000 advance received

31 Jan 2025 at 9:00 AM to 31 Jan 2025 at 6:00 PM
5 Persons
Rent: ₹2000
Deposit: ₹1000

Deposit Refund after check out.",2025-01-31 09:00:00,2025-01-31 18:00:00,2025-01-31 18:00:00,2025-01-30,10:24:01,9.0,0,0,0,,,,2000.0,5,12.0,12H Day,0,0.0,0, (Strict),False,1500.0,1500.0,2.0,2390.0,7.0,21.0,1.0,0.7,1.0,1,0.49999999999999994,0.8660254037844387,2025,3,5,30,0,0,Festival,False,Standard,Tier 2,High,1.0,0.0,0.0,,,False,False,Festival,0,7,7,0,0,0,1,0,winter,0,1,12H Day,12.0,0.5,12H,0,0.0,4000.0,1.0,0,1.0,1.0,0,1,0,Clear,0,Same Day,0.0,26.0,20.0,60.0,4.2,25.0,53.349999999999994,75.0,2724.0,2724.0,3125.0,2724.0,2572.7272727272725,2724.0,2800.0,0.97,1,0.796,-580.39,2847.0588235294117,2200.0,2847.0588235294117,2200.0,2064.617896566706,17.0,1.0,2000.0,2500.0,0,0,0,0,0,0,1,1,0,0,0,0,0,0,1.0,0.18333333333333332,98.0,1.4285510206997045,0.30000000000000004,49.785510206997046,0.0,1,5,1.891,1.2,1.067,0.8,0,8500.0,0,0
Booked by Sumit,"Booking confirmed ✅ 
Farm number 11
₹1000 advance received

1 Feb 2025 at 7:00 PM to 2 Feb 2025 at 6:00 PM
7 Persons
Rent: ₹5500
Deposit: ₹2000

Deposit Refund after check out.",2025-02-01 19:00:00,2025-02-02 18:00:00,2025-02-02 18:00:00,2025-01-30,17:16:06,23.0000000002328,0,1,0,,,,5500.0,7,24.0,24H Night,2,0.0,1,MAD (Month+Slot),False,3000.0,3800.0,0.0,4550.0,8.0,22.0,1.0,0.7333333333333333,1.1428571428571428,1,0.49999999999999994,0.8660254037844387,2025,3,5,30,1,0,Festival,False,Standard,Tier 2,High,1.0,0.0,0.0,,,False,False,Festival,0,7,7,0,0,0,1,0,winter,1,0,24H Night,24.0,1.0,24H,0,0.0,5500.0,1.0,0,1.0,1.0,0,1,0,Clear,0,Last Minute,0.0,26.0,20.0,60.0,4.2,25.0,100.0,90.0,4031.25,5200.0,3700.0,4031.25,3800.0,4031.25,5200.0,0.52,5,1.032,111.54,3561.5384615384614,3400.0,3561.5384615384614,3400.0,893.9970745090665,13.0,1.0,2900.0,4400.0,0,0,0,0,0,0,1,0,1,0,0,0,0,0,1.0,0.18333333333333332,98.0,1.5584203072555505,0.2666666666666667,71.08420307255551,0.0,1,5,1.891,1.2,1.067,0.8,0,8500.0,0,0
Booked by Amiras,"Booking confirmed ✅ 
Farm number 11

₹500 advance received.

3 Feb 2025 at 9:00 PM to 4 Feb 2025 at 8:00 AM
4 Persons without pool
Rent: ₹1500
Deposit: ₹1000

Deposit Refund after check out.",2025-02-03 21:00:00,2025-02-04 08:00:00,2025-02-04 08:00:00,2025-02-03,19:52:45,11.0000000002328,0,0,0,,,,1500.0,4,12.0,12H Night,0,0.0,1,Percentile (Month),False,2000.0,2500.0,4.0,2180.0,4.0,23.0,0.5714285714285714,0.7666666666666667,0.5714285714285714,2,0.8660254037844386,0.5000000000000001,2025,0,6,34,0,0,Festival,False,Standard,Tier 2,High,1.0,0.0,0.0,,,False,False,Festival,0,7,7,0,0,0,0,0,winter,0,1,12H Night,12.0,0.5,12H,0,0.0,3000.0,1.0,0,1.0,1.0,0,1,0,Clear,0,Same Day,0.0,26.0,20.0,60.0,4.2,25.0,53.349999999999994,75.0,2550.0,2400.0,2100.0,2550.0,2733.3333333333335,2550.0,2400.0,0.5,5,1.324,690.0,2130.0,2010.0,2130.0,2010.0,630.4495750388501,4.0,0.8,1830.0,2310.0,0,0,0,0,0,0,1,1,0,0,0,0,0,0,1.0,0.13333333333333333,104.0,0.7453318931864863,-0.19523809523809532,41.453318931864864,0.0,1,5,1.891,1.2,1.067,0.8,0,8500.0,0,0
Booked by Mihir,"Booking confirmed ✅ 
Farm number 11
₹1000 advance received

7 Feb 2025 at 9:00 AM to 7 Feb 2025 at 6:00 PM
4 Persons
Rent: ₹2500
Deposit: ₹1000

Deposit Refund after check out.",2025-02-07 09:00:00,2025-02-07 18:00:00,2025-02-07 18:00:00,2025-02-05,23:55:58,9.0,0,0,0,,,,2500.0,4,12.0,12H Day,1,0.0,0, (Strict),False,2000.0,1500.0,2.0,2340.0,4.0,20.0,0.5714285714285714,0.6666666666666666,0.5714285714285714,2,0.8660254037844386,0.5000000000000001,2025,2,6,36,0,0,Festival,False,Standard,Tier 2,High,1.0,0.0,0.0,,,False,False,Festival,0,7,7,0,0,0,0,0,winter,0,1,12H Day,12.0,0.5,12H,0,0.0,5000.0,1.0,0,1.0,1.0,0,1,0,Clear,0,Last Minute,0.0,26.0,20.0,60.0,4.2,25.0,53.349999999999994,75.0,2186.206896551724,2186.206896551724,2423.076923076923,2186.206896551724,2141.6666666666665,2186.206896551724,2409.090909090909,0.98,1,1.055,122.01,2205.2631578947367,2000.0,2205.2631578947367,2000.0,1205.300185850685,19.0,1.0,1700.0,2050.0,0,0,0,0,0,0,1,0,1,0,0,0,0,0,1.0,0.13333333333333333,104.0,0.8571300001928543,-0.09523809523809523,42.57130000192854,0.0,1,5,1.891,1.2,1.067,0.8,0,8500.0,0,0
Booked by Satyam,"Booking confirmed ✅ 
Farm number 11

₹1000 advance received

8 Feb 2025 at 8:00 AM to 8 Feb 2025 at 6:00 PM
8 Persons
Rent: ₹2500
Deposit: ₹1000

Deposit Refund after check out.",2025-02-08 08:00:00,2025-02-08 18:00:00,2025-02-08 18:00:00,2025-02-06,14:51:05,9.99999999976717,0,0,0,,,,2500.0,8,12.0,12H Day,1,0.0,0, (Strict),False,2500.0,2000.0,1.0,2320.0,3.0,18.0,0.42857142857142855,0.6,0.42857142857142855,2,0.8660254037844386,0.5000000000000001,2025,3,6,37,0,0,Festival,False,Standard,Tier 2,High,1.0,0.0,0.0,,,False,False,Festival,0,7,7,0,0,0,0,0,winter,0,1,12H Day,12.0,0.5,12H,0,0.0,5000.0,1.0,0,1.0,1.0,0,1,0,Clear,0,Last Minute,0.0,26.0,20.0,60.0,4.2,25.0,53.349999999999994,75.0,2186.206896551724,2186.206896551724,2423.076923076923,2186.206896551724,2141.6666666666665,2186.206896551724,2409.090909090909,0.98,1,1.055,122.01,2205.2631578947367,2000.0,2205.2631578947367,2000.0,1205.300185850685,19.0,1.0,1700.0,2050.0,0,0,0,0,0,0,1,0,1,0,0,0,0,0,1.0,0.13333333333333333,104.0,0.714273809722219,-0.17142857142857143,41.14273809722219,0.0,1,5,1.891,1.2,1.067,0.8,0,8500.0,0,0
Booked by Henil,"Booking confirmed ✅ 
Farm number 11

₹1000 advance received

10 Feb 2025 at 7:00 PM to 11 Feb 2025 at 6:00 PM
10 Persons
Rent: ₹3500
Deposit: ₹1000

Deposit Refund after check out.",2025-02-10 19:00:00,2025-02-11 18:00:00,2025-02-11 18:00:00,2025-02-08,14:08:31,23.0000000002328,0,0,0,,,,3500.0,10,24.0,24H Night,2,0.0,0, (Strict),False,5500.0,3000.0,2.0,4500.0,4.0,18.0,0.5714285714285714,0.6,0.5714285714285714,2,0.8660254037844386,0.5000000000000001,2025,5,6,39,0,0,Festival,False,Standard,Tier 2,High,1.0,0.0,0.0,,,False,False,Festival,0,7,7,0,0,0,0,0,winter,0,1,24H Night,24.0,1.0,24H,0,0.0,3500.0,1.0,0,1.0,1.0,0,1,0,Clear,0,Last Minute,0.0,26.0,20.0,60.0,4.2,25.0,53.349999999999994,90.0,4416.666666666667,4083.3333333333335,4000.0,4416.666666666667,3937.5,4416.666666666667,3333.3333333333335,0.9,1,1.327,906.82,2775.0,2900.0,2775.0,2900.0,394.75730941090035,4.0,0.8,2725.0,2950.0,0,0,1,0,0,0,1,0,1,0,0,0,0,0,1.0,0.13333333333333333,104.0,0.9523650796296252,-0.02857142857142858,43.52365079629625,0.0,1,5,1.891,1.2,1.067,0.8,0,8500.0,0,0
Booked by Ajay,"Booking confirmed ✅ 
Farm number 11

₹1000 advance received

14 Feb 2025 at 9:00 AM to 14 Feb 2025 at 6:00 PM
4 Persons
Rent: ₹3000
Deposit: ₹1000

Deposit Refund after check out.",2025-02-14 09:00:00,2025-02-14 18:00:00,2025-02-14 18:00:00,2025-02-10,13:17:09,9.0,0,0,0,,,,3000.0,4,12.0,12H Day,3,0.0,0, (Strict),False,2500.0,2500.0,2.0,2370.0,4.0,17.0,0.5714285714285714,0.5666666666666667,0.5714285714285714,2,0.8660254037844386,0.5000000000000001,2025,0,7,41,0,0,Festival,False,Standard,Tier 2,High,1.0,0.0,0.0,,,False,False,Festival,0,7,7,0,0,0,0,0,winter,0,1,12H Day,12.0,0.5,12H,0,0.0,6000.0,1.0,0,1.0,1.0,0,1,0,Clear,1,Last Minute,0.0,26.0,20.0,60.0,4.2,25.0,53.349999999999994,90.0,2168.9655172413795,2168.9655172413795,2384.6153846153848,2168.9655172413795,2120.8333333333335,2168.9655172413795,2363.6363636363635,0.98,1,1.055,122.01,2205.2631578947367,2000.0,2205.2631578947367,2000.0,1205.300185850685,19.0,1.0,1700.0,2050.0,0,0,0,0,0,0,1,0,1,0,0,0,0,0,1.0,0.13333333333333333,104.0,1.0083855663051324,0.004761904761904745,44.083855663051324,0.0,1,5,1.891,1.2,1.067,0.8,0,8500.0,0,0
Booked by Hitesh,"Booking confirmed ✅ 
Farm number 11

₹2000 advance received

9 Feb 2025 at 7:00 PM to 10 Feb 2025 at 6:00 PM
10 Persons
Rent: ₹3500
Deposit: ₹1000

Deposit Refund after check out.",2025-02-09 19:00:00,2025-02-10 18:00:00,2025-02-10 18:00:00,2025-02-10,13:18:17,23.0000000002328,0,0,0,,,,3500.0,10,24.0,24H Night,0,0.0,0, (Strict),False,3500.0,5500.0,0.0,4450.0,5.0,18.0,0.7142857142857143,0.6,0.7142857142857143,2,0.8660254037844386,0.5000000000000001,2025,0,7,41,0,0,Festival,False,Standard,Tier 2,High,1.0,0.0,0.0,,,False,False,Festival,0,7,7,0,0,0,0,0,winter,0,1,24H Night,24.0,1.0,24H,0,0.0,3500.0,1.0,0,1.0,1.0,0,1,0,Clear,0,Same Day,0.0,26.0,20.0,60.0,4.2,25.0,53.349999999999994,75.0,4416.666666666667,4083.3333333333335,4000.0,4416.666666666667,3937.5,4416.666666666667,3333.3333333333335,0.9,1,1.327,906.82,2775.0,2900.0,2775.0,2900.0,394.75730941090035,4.0,0.8,2725.0,2950.0,0,0,0,0,0,0,1,1,0,0,0,0,0,0,1.0,0.13333333333333333,104.0,1.1904563495370317,0.11428571428571432,45.90456349537032,0.0,1,5,1.891,1.2,1.067,0.8,0,8500.0,0,0
Booked by Arvind,"Booking confirmed ✅ 
Farm number 11

₹1000 advance received

12 Feb 2025 at 9:00 AM to 12 Feb 2025 at 6:00 PM
10 Persons
Rent: ₹2500
Deposit: ₹1000

Deposit Refund after check out.",2025-02-12 09:00:00,2025-02-12 18:00:00,2025-02-12 18:00:00,2025-02-10,22:21:21,9.0,0,0,0,,,,2500.0,10,12.0,12H Day,1,0.0,0, (Strict),False,3000.0,2500.0,0.0,2350.0,6.0,19.0,0.8571428571428571,0.6333333333333333,0.8571428571428571,2,0.8660254037844386,0.5000000000000001,2025,0,7,41,0,0,Festival,False,Standard,Tier 2,High,1.0,0.0,0.0,,,False,False,Festival,0,7,7,0,0,0,0,0,winter,0,1,12H Day,12.0,0.5,12H,0,0.0,5000.0,1.0,0,1.0,1.0,0,1,0,Clear,0,Last Minute,0.0,26.0,20.0,60.0,4.2,25.0,53.349999999999994,75.0,2186.206896551724,2186.206896551724,3500.0,2186.206896551724,2141.6666666666665,2186.206896551724,2186.206896551724,0.6,5,1.055,122.01,2205.2631578947367,2000.0,2205.2631578947367,2000.0,1205.300185850685,19.0,1.0,1700.0,2050.0,0,0,0,0,0,0,1,0,1,0,0,0,0,0,1.0,0.13333333333333333,104.0,1.353362089771515,0.2238095238095238,47.53362089771515,0.0,1,5,1.891,1.2,1.067,0.8,0,8500.0,0,0
Booked by Bhautik,"Booking confirmed ✅ 
Farm number 11

₹1000 advance received

14 Feb 2025 at 7:00 PM to 15 Feb 2025 at 6:00 PM
5 Persons
Rent: ₹3500
Deposit: ₹1000

Deposit Refund after check out.",2025-02-14 19:00:00,2025-02-15 18:00:00,2025-02-15 18:00:00,2025-02-11,11:52:57,23.0000000002328,0,0,0,,,,3500.0,5,24.0,24H Night,3,0.0,0, (Strict),False,3500.0,3500.0,1.0,4380.0,7.0,20.0,1.0,0.6666666666666666,1.0,2,0.8660254037844386,0.5000000000000001,2025,1,7,42,0,0,Festival,False,Standard,Tier 2,High,1.0,0.0,0.0,,,False,False,Festival,0,7,7,0,0,0,0,0,winter,0,1,24H Night,24.0,1.0,24H,0,0.0,3500.0,1.0,0,1.0,1.0,0,1,0,Clear,1,Last Minute,0.0,26.0,20.0,60.0,4.2,25.0,53.349999999999994,90.0,4416.666666666667,4083.3333333333335,4416.666666666667,4416.666666666667,3937.5,4416.666666666667,4125.0,0.71,3,1.327,906.82,2775.0,2900.0,2775.0,2900.0,394.75730941090035,4.0,0.8,2725.0,2950.0,0,0,0,0,0,0,1,0,1,0,0,0,0,0,1.0,0.13333333333333333,104.0,1.499977500337495,0.33333333333333337,48.99977500337495,0.0,1,5,1.891,1.2,1.067,0.8,0,8500.0,0,0
Booked by Manish,"Booking confirmed ✅ 
Farm number 11
₹1500 advance received

17 Feb 2025 at 8:00 AM to 17 Feb 2025 at 2:00 PM
2 Persons
Rent: ₹1500
Deposit: ₹1000

Deposit Refund after check out.",2025-02-17 08:00:00,2025-02-17 14:00:00,2025-02-17 14:00:00,2025-02-16,15:41:43,6.0,0,0,0,,,,1500.0,2,12.0,Couple Half Day,0,0.0,0, (Strict),False,2000.0,2000.0,5.0,1750.0,5.0,19.0,0.7142857142857143,0.6333333333333333,0.7142857142857143,2,0.8660254037844386,0.5000000000000001,2025,6,7,47,0,0,Festival,False,Standard,Tier 2,High,1.0,0.0,0.0,,,False,False,Festival,0,7,7,0,0,0,0,0,winter,0,1,12H Day,12.0,0.5,12H,0,0.0,3000.0,1.0,0,1.0,1.0,1,0,0,Clear,0,Same Day,0.0,26.0,20.0,60.0,4.2,25.0,53.349999999999994,75.0,2220.689655172414,2220.689655172414,1876.923076923077,2220.689655172414,2183.3333333333335,2220.689655172414,1900.0,0.98,1,1.055,122.01,2205.2631578947367,2000.0,2205.2631578947367,2000.0,1205.300185850685,19.0,1.0,1700.0,2050.0,0,0,0,1,0,0,1,1,0,0,0,0,0,0,1.0,0.13333333333333333,104.0,1.1278017414762627,0.080952380952381,45.27801741476263,0.0,1,5,1.891,1.2,1.067,0.8,0,8500.0,0,0
Booked by Harshil,"Booking confirmed ✅ 
Farm number 11

18 Feb 2025 at 9:00 AM to 18 Feb 2025 at 5:00 PM
2 Persons without pool
Rent: ₹2000
Deposit: ₹1000

Deposit Refund after check out.",2025-02-18 09:00:00,2025-02-18 17:00:00,2025-02-18 17:00:00,2025-02-17,10:45:40,8.00000000023283,0,0,0,,,,2000.0,2,12.0,Couple Half Day,0,0.0,0, (Strict),False,1500.0,2000.0,1.0,1800.0,3.0,19.0,0.42857142857142855,0.6333333333333333,0.42857142857142855,2,0.8660254037844386,0.5000000000000001,2025,0,8,48,0,0,Festival,False,Standard,Tier 2,High,1.0,0.0,0.0,,,False,False,Festival,0,7,7,0,0,0,0,0,winter,0,1,12H Day,12.0,0.5,12H,0,0.0,4000.0,1.0,0,1.0,1.0,1,0,0,Clear,0,Same Day,0.0,26.0,20.0,60.0,4.2,25.0,53.349999999999994,75.0,2203.448275862069,2203.448275862069,1838.4615384615386,2203.448275862069,2162.5,2203.448275862069,1854.5454545454545,0.98,1,1.055,122.01,2205.2631578947367,2000.0,2205.2631578947367,2000.0,1205.300185850685,19.0,1.0,1700.0,2050.0,0,0,0,0,0,0,1,1,0,0,0,0,0,0,1.0,0.13333333333333333,104.0,0.6766810448857575,-0.20476190476190476,40.766810448857576,0.0,1,5,1.891,1.2,1.067,0.8,0,8500.0,0,0
Booked by Pradip,"Booking confirmed ✅ 
Farm number 11

₹1000 advance received

19 Feb 2025 at 9:00 AM to 19 Feb 2025 at 6:00 PM
2 Persons
Rent: ₹2500
Deposit: ₹1000

Deposit Refund after check out.",2025-02-19 09:00:00,2025-02-19 18:00:00,2025-02-19 18:00:00,2025-02-17,18:15:27,9.0,0,0,0,,,,2500.0,2,12.0,Couple Half Day,1,0.0,0, (Strict),False,2000.0,1500.0,0.0,1900.0,4.0,20.0,0.5714285714285714,0.6666666666666666,0.5714285714285714,2,0.8660254037844386,0.5000000000000001,2025,0,8,48,0,0,Festival,False,Standard,Tier 2,High,1.0,0.0,0.0,,,False,False,Festival,0,7,7,0,0,0,0,0,winter,0,1,12H Day,12.0,0.5,12H,0,0.0,5000.0,1.0,0,1.0,1.0,1,0,0,Clear,0,Last Minute,0.0,26.0,20.0,60.0,4.2,25.0,53.349999999999994,75.0,2186.206896551724,2186.206896551724,1800.0,2186.206896551724,2141.6666666666665,2186.206896551724,1809.090909090909,0.98,1,1.055,122.01,2205.2631578947367,2000.0,2205.2631578947367,2000.0,1205.300185850685,19.0,1.0,1700.0,2050.0,0,0,0,0,0,0,1,0,1,0,0,0,0,0,1.0,0.13333333333333333,104.0,0.8571300001928543,-0.09523809523809523,42.57130000192854,0.0,1,5,1.891,1.2,1.067,0.8,0,8500.0,0,0
Booked by Rutvik,"Booking confirmed ✅ 
Farm number 11

₹1000 advance received

20 Feb 2025 at 9:00 AM to 20 Feb 2025 at 5:00 PM
2 Persons without pool
Rent: ₹2000
Deposit: ₹1000

Deposit Refund after check out.",2025-02-20 09:00:00,2025-02-20 17:00:00,2025-02-20 17:00:00,2025-02-18,16:13:48,8.00000000023283,0,0,0,,,,2000.0,2,12.0,Couple Half Day,1,0.0,0, (Strict),False,2500.0,2000.0,1.0,1950.0,4.0,21.0,0.5714285714285714,0.7,0.5714285714285714,2,0.8660254037844386,0.5000000000000001,2025,1,8,49,0,0,Festival,False,Standard,Tier 2,High,1.0,0.0,0.0,,,False,False,Festival,0,7,7,0,0,0,0,0,winter,0,1,12H Day,12.0,0.5,12H,0,0.0,4000.0,1.0,0,1.0,1.0,1,0,0,Clear,0,Last Minute,0.0,26.0,20.0,60.0,4.2,25.0,53.349999999999994,75.0,2203.448275862069,2203.448275862069,1838.4615384615386,2203.448275862069,2162.5,2203.448275862069,1854.5454545454545,0.98,1,1.055,122.01,2205.2631578947367,2000.0,2205.2631578947367,2000.0,1205.300185850685,19.0,1.0,1700.0,2050.0,0,0,0,0,0,0,1,0,1,0,0,0,0,0,1.0,0.13333333333333333,104.0,0.8163148689712596,-0.12857142857142856,42.1631486897126,0.0,1,5,1.891,1.2,1.067,0.8,0,8500.0,0,0
Booked by Agent shyam,Rent: ₹1500,2025-02-22 12:00:00,2025-02-22 18:00:00,2025-02-22 18:00:00,2025-02-21,23:08:51,6.0,0,0,0,,,,1500.0,4,12.0,12H Day,0,0.0,0, (Strict),False,2500.0,3000.0,3.0,2250.0,5.0,22.0,0.7142857142857143,0.7333333333333333,0.7142857142857143,2,0.8660254037844386,0.5000000000000001,2025,4,8,52,0,0,Festival,False,Standard,Tier 2,High,1.0,0.0,0.0,,,False,False,Festival,0,7,7,0,0,0,0,0,winter,0,1,12H Day,12.0,0.5,12H,0,0.0,3000.0,1.0,0,1.0,1.0,0,1,0,Clear,0,Same Day,0.0,26.0,20.0,60.0,4.2,25.0,53.349999999999994,75.0,2220.689655172414,2220.689655172414,2500.0,2220.689655172414,2183.3333333333335,2220.689655172414,2500.0,0.98,1,1.055,122.01,2205.2631578947367,2000.0,2205.2631578947367,2000.0,1205.300185850685,19.0,1.0,1700.0,2050.0,0,0,0,0,0,0,1,1,0,0,0,0,0,0,1.0,0.13333333333333333,104.0,0.9740126920347192,-0.01904761904761898,43.740126920347194,0.0,1,5,1.891,1.2,1.067,0.8,0,8500.0,0,0
Booked by Krunal,"23 Feb 2025 at 12:00 PM to 23 Feb 2025 at 11:00 PM
8 Persons
Rent: ₹3500
Deposit: ₹1000

Deposit Refund after check out.",2025-02-23 12:00:00,2025-02-23 23:00:00,2025-02-23 23:00:00,2025-02-22,18:47:14,11.0000000002328,0,0,0,,,,3500.0,8,12.0,12H Day,0,0.0,1,IQR (Strict),False,1500.0,2500.0,1.0,2300.0,6.0,22.0,0.8571428571428571,0.7333333333333333,0.8571428571428571,2,0.8660254037844386,0.5000000000000001,2025,5,8,53,0,0,Festival,False,Standard,Tier 2,High,1.0,0.0,0.0,,,False,False,Festival,0,7,7,0,0,0,0,0,winter,0,1,12H Day,12.0,0.5,12H,0,0.0,7000.0,1.0,0,1.0,1.0,0,1,0,Clear,0,Same Day,0.0,26.0,20.0,60.0,4.2,25.0,53.349999999999994,75.0,2151.7241379310344,2151.7241379310344,2346.153846153846,2151.7241379310344,2100.0,2151.7241379310344,2318.181818181818,0.98,1,1.055,122.01,2205.2631578947367,2000.0,2205.2631578947367,2000.0,1205.300185850685,19.0,1.0,1700.0,2050.0,0,1,0,0,0,0,1,1,0,0,0,0,0,0,1.0,0.13333333333333333,104.0,1.1688152304416628,0.12380952380952381,45.688152304416626,0.0,1,5,1.891,1.2,1.067,0.8,0,8500.0,0,0
Booked by Yash,"Booking confirmed ✅ 
Farm number 11
₹3000 advance received

14 Mar 2025 at 7:00 PM to 15 Mar 2025 at 6:00 PM
12 Persons
Rent: ₹7000
Deposit: ₹2000

Deposit Refund after check out.",2025-03-14 19:00:00,2025-03-15 18:00:00,2025-03-15 18:00:00,2025-02-25,21:00:24,23.0000000002328,Dhuleti,0,0,,,,7000.0,12,24.0,24H Night,16,0.0,1,MAD (Strict),False,3500.0,3500.0,3.0,4280.0,3.0,19.0,0.42857142857142855,0.6333333333333333,0.42857142857142855,2,0.8660254037844386,0.5000000000000001,2025,1,9,56,0,1,Festival,True,Standard,Tier 2,High,1.0,0.0,0.0,,,False,False,Festival,0,7,7,0,1,0,0,0,winter,1,0,24H Night,24.0,1.0,24H,0,0.0,7000.0,1.0,0,1.0,1.0,0,1,0,Clear,2,Advance,0.0,26.0,20.0,60.0,4.2,25.0,60.0,95.0,4368.421052631579,4038.4615384615386,3950.0,4368.421052631579,5250.0,4368.421052631579,3571.4285714285716,0.64,4,1.327,906.82,2775.0,2900.0,2775.0,2900.0,394.75730941090035,4.0,0.8,2725.0,2950.0,0,0,0,0,0,0,1,0,0,0,0,1,0,0,1.0,0.13333333333333333,104.0,0.6766810448857575,-0.20476190476190476,55.766810448857576,0.5,1,5,1.891,1.2,1.067,0.8,0,8500.0,0,0
Booked by Nirav,"Booking confirmed ✅ 
₹3000 advance received

3 Mar 2025 at 7:00 PM to 4 Mar 2025 at 6:00 PM
10 Persons
Rent: ₹4000
Deposit: ₹2000

Deposit Refund after check out.",2025-03-03 19:00:00,2025-03-04 18:00:00,2025-03-04 18:00:00,2025-02-27,12:09:59,23.0000000002328,0,0,0,,,,4000.0,10,24.0,24H Night,4,0.0,0, (Strict),False,7000.0,3500.0,2.0,4280.0,4.0,18.0,0.5714285714285714,0.6,0.5714285714285714,2,0.8660254037844386,0.5000000000000001,2025,3,9,58,0,0,Festival,False,Standard,Tier 2,High,1.0,0.0,0.0,,,False,False,Festival,0,7,7,0,0,0,0,0,winter,0,1,24H Night,24.0,1.0,24H,0,0.0,4000.0,1.0,0,1.0,1.0,0,1,0,Clear,1,Standard,0.0,26.0,20.0,60.0,4.2,25.0,60.0,90.0,4388.888888888889,4041.6666666666665,3944.4444444444443,4388.888888888889,4785.714285714285,4388.888888888889,3500.0,0.73,3,1.327,906.82,2775.0,2900.0,2775.0,2900.0,394.75730941090035,4.0,0.8,2725.0,2950.0,0,0,0,0,0,0,1,0,0,1,0,0,0,0,1.0,0.13333333333333333,104.0,0.9523650796296252,-0.02857142857142858,43.52365079629625,0.0,1,5,1.891,1.2,1.067,0.8,0,8500.0,0,0
Booked by Dhruv,"Booking confirmed ✅ 
Farm number 11

₹1000 advance received

4 Mar 2025 at 7:00 PM to 5 Mar 2025 at 7:30 AM
7 Persons
Rent: ₹2500
Deposit: ₹1000

Deposit Refund after check out.",2025-03-04 19:00:00,2025-03-05 07:30:00,2025-03-05 07:30:00,2025-03-03,22:36:08,12.5000000002328,0,0,0,,,,2500.0,7,12.0,24H Night,0,0.0,1,Percentile (Strict),False,4000.0,7000.0,4.0,4030.0,3.0,17.0,0.42857142857142855,0.5666666666666667,0.42857142857142855,3,1.0,6.123233995736766e-17,2025,0,10,62,0,0,Festival,False,Standard,Tier 2,High,1.0,0.0,0.0,,,False,False,Festival,0,7,7,0,0,0,0,0,summer,1,0,24H Night,24.0,0.5,12H,0,0.0,5000.0,1.0,0,0.5,0.95,0,1,0,Clear,0,Same Day,0.0,26.0,20.0,60.0,4.2,25.0,60.0,75.0,5651.111111111111,4226.666666666667,4235.294117647059,5651.111111111111,4729.166666666667,5651.111111111111,3791.6666666666665,0.99,1,1.387,1462.82,3776.470588235294,3600.0,3776.470588235294,3600.0,1107.6604916245242,17.0,1.0,3000.0,4400.0,0,0,0,0,0,0,0,1,0,0,0,0,0,0,1.0,0.21666666666666667,94.0,0.7562891747288494,-0.1380952380952381,34.062891747288496,0.0,1,5,1.891,1.2,1.067,0.8,0,8500.0,0,0
Booked by Lakshya,"Booking confirmed ✅ 
Farm number 11

₹2000 advance received

11 Mar 2025 at 7:00 PM to 12 Mar 2025 at 6:00 PM
10 Persons
Rent: ₹5000
Deposit: ₹2000

Deposit Refund after check out.",2025-03-11 19:00:00,2025-03-12 18:00:00,2025-03-12 18:00:00,2025-03-05,17:48:38,23.0000000002328,0,0,0,,,,5000.0,10,24.0,24H Night,6,0.0,0, (Strict),False,2500.0,4000.0,2.0,4130.0,3.0,17.0,0.42857142857142855,0.5666666666666667,0.42857142857142855,3,1.0,6.123233995736766e-17,2025,2,10,64,0,0,Festival,False,Standard,Tier 2,High,1.0,0.0,0.0,,,False,False,Festival,0,7,7,0,0,0,0,0,summer,1,0,24H Night,24.0,1.0,24H,0,0.0,5000.0,1.0,0,1.0,1.0,0,1,0,Clear,1,Standard,0.0,26.0,20.0,60.0,4.2,25.0,60.0,90.0,5595.555555555556,4143.333333333333,6492.307692307692,5595.555555555556,6458.823529411765,5595.555555555556,4633.333333333333,0.93,1,1.387,1462.82,3776.470588235294,3600.0,3776.470588235294,3600.0,1107.6604916245242,17.0,1.0,3000.0,4400.0,0,0,0,0,0,0,0,0,0,1,0,0,0,0,1.0,0.21666666666666667,94.0,0.7562891747288494,-0.1380952380952381,34.062891747288496,0.0,1,5,1.891,1.2,1.067,0.8,0,8500.0,0,0
Booked by Kishan,"Booking confirmed ✅ 
Farm number 11

₹2000 advance received 

8 Mar 2025 at 7:00 PM to 9 Mar 2025 at 6:00 PM
11 Persons
Rent: ₹7000
Deposit: ₹2000

Deposit Refund after check out.",2025-03-08 19:00:00,2025-03-09 18:00:00,2025-03-09 18:00:00,2025-03-07,17:16:27,23.0000000002328,0,1,0,,,,7000.0,11,24.0,24H Night,1,0.0,0, (Strict),False,5000.0,2500.0,2.0,4450.0,3.0,17.0,0.42857142857142855,0.5666666666666667,0.42857142857142855,3,1.0,6.123233995736766e-17,2025,4,10,66,1,0,Festival,False,Standard,Tier 2,High,1.0,0.0,0.0,,,False,False,Festival,0,7,7,0,0,0,0,0,summer,1,0,24H Night,24.0,1.0,24H,0,0.0,7000.0,1.0,0,1.0,1.0,0,1,0,Clear,0,Last Minute,0.0,26.0,20.0,60.0,4.2,25.0,100.0,75.0,5551.111111111111,8607.142857142857,6415.384615384615,5551.111111111111,4541.666666666667,5551.111111111111,8666.666666666666,0.9,1,1.387,1462.82,5239.285714285715,5100.0,5239.285714285715,5100.0,2173.2957198030563,28.0,1.0,3400.0,6575.0,1,0,0,0,0,0,0,0,1,0,0,0,0,0,1.0,0.21666666666666667,94.0,0.7562891747288494,-0.1380952380952381,54.062891747288496,0.0,1,5,1.891,1.2,1.067,0.8,0,8500.0,0,0
Booked by Vivek,"Booking confirmed ✅ 
Farm number 11

₹2000 advance received

10 Mar 2025 at 7:00 PM to 11 Mar 2025 at 6:00 PM
10 Persons
Rent: ₹5000
Deposit: ₹2000

Deposit Refund after check out.",2025-03-10 19:00:00,2025-03-11 18:00:00,2025-03-11 18:00:00,2025-03-07,19:11:20,23.0000000002328,0,0,0,,,,5000.0,10,24.0,24H Night,2,0.0,0, (Strict),False,7000.0,5000.0,0.0,4650.0,4.0,18.0,0.5714285714285714,0.6,0.5714285714285714,3,1.0,6.123233995736766e-17,2025,4,10,66,0,0,Festival,False,Standard,Tier 2,High,1.0,0.0,0.0,,,False,False,Festival,0,7,7,0,0,0,0,0,summer,1,0,24H Night,24.0,1.0,24H,0,0.0,5000.0,1.0,0,1.0,1.0,0,1,0,Clear,0,Last Minute,0.0,26.0,20.0,60.0,4.2,25.0,60.0,90.0,5595.555555555556,4143.333333333333,6492.307692307692,5595.555555555556,4625.0,5595.555555555556,4285.714285714285,0.9400000000000001,1,1.387,1462.82,3776.470588235294,3600.0,3776.470588235294,3600.0,1107.6604916245242,17.0,1.0,3000.0,4400.0,1,0,0,0,0,0,0,0,1,0,0,0,0,0,1.0,0.21666666666666667,94.0,0.9523650796296252,-0.02857142857142858,36.02365079629625,0.0,1,5,1.891,1.2,1.067,0.8,0,8500.0,0,0
Booked by Snehit,"Booking confirmed ✅ 
Farm number 11

₹500 advance received

9 Mar 2025 at 7:00 PM to 10 Mar 2025 at 6:00 PM
7 Persons
Rent: ₹4000
Deposit: ₹1000

Deposit Refund after check out.",2025-03-09 19:00:00,2025-03-10 18:00:00,2025-03-10 18:00:00,2025-03-09,18:15:20,23.0000000002328,0,0,0,,,,4000.0,7,24.0,24H Night,0,0.0,0, (Strict),False,5000.0,7000.0,2.0,4500.0,5.0,18.0,0.7142857142857143,0.6,0.7142857142857143,3,1.0,6.123233995736766e-17,2025,6,10,68,0,0,Festival,False,Standard,Tier 2,High,1.0,0.0,0.0,,,False,False,Festival,0,7,7,0,0,0,0,0,summer,1,0,24H Night,24.0,1.0,24H,0,0.0,4000.0,1.0,0,1.0,1.0,0,1,0,Clear,0,Same Day,0.0,26.0,20.0,60.0,4.2,25.0,60.0,75.0,5617.777777777777,4176.666666666667,4147.058823529412,5617.777777777777,4666.666666666667,5617.777777777777,3666.6666666666665,0.99,1,1.387,1462.82,3776.470588235294,3600.0,3776.470588235294,3600.0,1107.6604916245242,17.0,1.0,3000.0,4400.0,0,0,0,0,1,0,0,1,0,0,0,0,0,0,1.0,0.21666666666666667,94.0,1.1904563495370317,0.11428571428571432,38.40456349537032,0.0,1,5,1.891,1.2,1.067,0.8,0,8500.0,0,0
Booked by Agent Meet Limbani,"Booking Confirmed
Farm number - 11

₹5000 advance received

13 Mar 2025 at 7:00 PM to 14 Mar 2025 at 6:00 PM
20 Persons
Rent: ₹20000
Deposit: ₹2000

Deposit Refund after check out.",2025-03-13 19:00:00,2025-03-14 18:00:00,2025-03-14 18:00:00,2025-03-11,13:19:47,23.0000000002328,Holi,0,0,,,,20000.0,20,24.0,24H Night,2,0.0,3,"MAD, IQR, Percentile (Strict)",True,4000.0,5000.0,2.0,6150.0,5.0,18.0,0.7142857142857143,0.6,0.7142857142857143,3,1.0,6.123233995736766e-17,2025,1,11,70,0,1,Festival,True,Standard,Tier 2,High,1.0,0.0,0.0,,,False,False,Festival,0,7,7,0,1,0,0,0,summer,1,0,24H Night,24.0,1.0,24H,0,0.0,20000.0,1.0,0,1.0,1.0,0,0,1,Clear,0,Last Minute,0.0,26.0,20.0,60.0,4.2,25.0,60.0,90.0,5582.608695652174,4170.967741935484,8500.0,10875.0,4640.0,5582.608695652174,4170.967741935484,0.6,5,1.387,1462.82,3776.470588235294,3600.0,3776.470588235294,3600.0,1107.6604916245242,17.0,1.0,3000.0,4400.0,0,0,0,0,0,0,0,0,1,0,0,0,0,0,1.0,0.21666666666666667,94.0,1.1904563495370317,0.11428571428571432,53.40456349537032,0.5,1,5,1.891,1.2,1.067,0.8,0,8500.0,0,0
Booked by Rupesh,"Booking confirmed ✅ 
Farm number 11

₹2000 advance received

15 Mar 2025 at 7:00 PM to 16 Mar 2025 at 6:00 PM
8 Persons
Rent: ₹7500
Deposit: ₹2000

Deposit Refund after check out.",2025-03-15 19:00:00,2025-03-16 18:00:00,2025-03-16 18:00:00,2025-03-11,16:17:13,23.0000000002328,0,1,0,,,,7500.0,8,24.0,24H Night,4,0.0,0, (Strict),False,20000.0,4000.0,0.0,6550.0,6.0,19.0,0.8571428571428571,0.6333333333333333,0.8571428571428571,3,1.0,6.123233995736766e-17,2025,1,11,70,1,0,Festival,False,Standard,Tier 2,High,1.0,0.0,0.0,,,False,False,Festival,0,7,7,0,0,0,0,0,summer,1,0,24H Night,24.0,1.0,24H,0,0.0,7500.0,1.0,0,1.0,1.0,0,1,0,Clear,1,Standard,0.0,26.0,20.0,60.0,4.2,25.0,100.0,90.0,5540.0,8571.42857142857,3941.176470588235,5540.0,6311.764705882353,5540.0,8571.42857142857,0.6,5,1.387,1462.82,5239.285714285715,5100.0,5239.285714285715,5100.0,2173.2957198030563,28.0,1.0,3400.0,6575.0,0,0,0,0,0,0,0,0,0,1,0,0,0,0,1.0,0.21666666666666667,94.0,1.353362089771515,0.2238095238095238,60.03362089771515,0.0,1,5,1.891,1.2,1.067,0.8,0,8500.0,0,0
Booked by Jaydeep Italiya,"Booking confirmed ✅ 
Farm number 11

₹2000 advance received

12 Mar 2025 at 7:00 PM to 13 Mar 2025 at 6:00 PM
8 Persons Max
Rent: ₹6000
Deposit: ₹2000

Deposit Refund after check out.",2025-03-12 19:00:00,2025-03-13 18:00:00,2025-03-13 18:00:00,2025-03-11,21:32:32,23.0000000002328,0,0,0,,,,6000.0,8,24.0,24H Night,0,0.0,0, (Strict),False,7500.0,20000.0,0.0,6800.0,7.0,20.0,1.0,0.6666666666666666,1.0,3,1.0,6.123233995736766e-17,2025,1,11,70,0,0,Festival,False,Standard,Tier 2,High,1.0,0.0,0.0,,,False,False,Festival,0,7,7,0,0,0,0,0,summer,1,0,24H Night,24.0,1.0,24H,0,0.0,6000.0,1.0,0,1.0,1.0,0,1,0,Clear,0,Same Day,0.0,26.0,20.0,60.0,4.2,25.0,60.0,75.0,5573.333333333333,4110.0,4029.4117647058824,5573.333333333333,4583.333333333333,5573.333333333333,3500.0,0.99,1,1.387,1462.82,3776.470588235294,3600.0,3776.470588235294,3600.0,1107.6604916245242,17.0,1.0,3000.0,4400.0,0,0,0,0,0,0,0,1,0,0,0,0,0,0,1.0,0.21666666666666667,94.0,1.499977500337495,0.33333333333333337,41.49977500337495,0.0,1,5,1.891,1.2,1.067,0.8,0,8500.0,0,0
Booked by Utkarsh,"Booking confirmed ✅ 
Farm number 11

₹1000 advance received

16 Mar 2025 at 7:00 PM to 17 Mar 2025 at 8:00 AM
8 Persons
Rent: ₹3000
Deposit: ₹2000

Deposit Refund after check out.",2025-03-16 19:00:00,2025-03-17 08:00:00,2025-03-17 08:00:00,2025-03-16,18:04:48,13.0000000004657,0,0,0,,,,3000.0,8,12.0,24H Night,0,0.0,0, (Strict),False,6000.0,7500.0,5.0,6400.0,4.0,17.0,0.5714285714285714,0.5666666666666667,0.5714285714285714,3,1.0,6.123233995736766e-17,2025,6,11,75,0,0,Festival,False,Standard,Tier 2,High,1.0,0.0,0.0,,,False,False,Festival,0,7,7,0,0,0,0,0,summer,1,0,24H Night,24.0,0.5,12H,0,0.0,6000.0,1.0,0,0.5,0.95,0,1,0,Clear,0,Same Day,0.0,26.0,20.0,60.0,4.2,25.0,60.0,75.0,5640.0,4210.0,4205.882352941177,5640.0,4708.333333333333,5640.0,3750.0,0.99,1,1.387,1462.82,3776.470588235294,3600.0,3776.470588235294,3600.0,1107.6604916245242,17.0,1.0,3000.0,4400.0,0,0,0,0,1,0,0,1,0,0,0,0,0,0,1.0,0.21666666666666667,94.0,1.0083855663051324,0.004761904761904745,36.583855663051324,0.0,1,5,1.891,1.2,1.067,0.8,0,8500.0,0,0
Booked by Bhargav,"Booking confirmed ✅ 
Farm number 11

₹2000 advance received

22 Mar 2025 at 7:00 PM to 23 Mar 2025 at 6:00 PM
10 Persons
Rent: ₹9500
Deposit: ₹2000

Deposit Refund after check out.",2025-03-22 19:00:00,2025-03-23 18:00:00,2025-03-23 18:00:00,2025-03-18,23:03:40,23.0000000002328,0,1,0,,,,9500.0,10,24.0,24H Night,3,0.0,0, (Strict),False,3000.0,6000.0,2.0,6950.0,2.0,17.0,0.2857142857142857,0.5666666666666667,0.2857142857142857,3,1.0,6.123233995736766e-17,2025,1,12,77,1,0,Festival,False,Standard,Tier 2,High,1.0,0.0,0.0,,,False,False,Festival,0,7,7,0,0,0,0,0,summer,1,0,24H Night,24.0,1.0,24H,0,0.0,9500.0,1.0,0,1.0,1.0,0,1,0,Clear,1,Last Minute,0.0,26.0,20.0,60.0,4.2,25.0,100.0,90.0,5495.555555555556,8428.57142857143,6319.2307692307695,5495.555555555556,4437.5,5495.555555555556,7833.333333333333,0.9,1,1.387,1462.82,5239.285714285715,5100.0,5239.285714285715,5100.0,2173.2957198030563,28.0,1.0,3400.0,6575.0,0,0,0,0,0,0,0,0,1,0,0,0,0,0,1.0,0.21666666666666667,94.0,0.5041927831525662,-0.28095238095238095,51.54192783152566,0.0,1,5,1.891,1.2,1.067,0.8,0,8500.0,0,0
Booked by Hasu,"Booking confirmed ✅ 
Farm number 11

No advance - Family member - Hasu

23 Mar 2025 at 7:00 PM to 24 Mar 2025 at 6:00 PM
12 Persons
Rent: ₹3500
Deposit: ₹2000

Deposit Refund after check out.",2025-03-23 19:00:00,2025-03-24 18:00:00,2025-03-24 18:00:00,2025-03-18,10:51:50,23.0000000002328,0,0,0,,,,3500.0,12,24.0,24H Night,5,0.0,0, (Strict),False,9500.0,3000.0,0.0,7050.0,3.0,18.0,0.42857142857142855,0.6,0.42857142857142855,3,1.0,6.123233995736766e-17,2025,1,12,77,0,0,Festival,False,Standard,Tier 2,High,1.0,0.0,0.0,,,False,False,Festival,0,7,7,0,0,0,0,0,summer,1,0,24H Night,24.0,1.0,24H,0,0.0,3500.0,1.0,0,1.0,1.0,0,1,0,Clear,1,Standard,0.0,26.0,20.0,60.0,4.2,25.0,60.0,90.0,5628.888888888889,4193.333333333333,6550.0,5628.888888888889,6547.058823529412,5628.888888888889,4883.333333333333,0.93,1,1.387,1462.82,3776.470588235294,3600.0,3776.470588235294,3600.0,1107.6604916245242,17.0,1.0,3000.0,4400.0,0,0,0,0,0,0,0,0,0,1,0,0,0,0,1.0,0.21666666666666667,94.0,0.714273809722219,-0.17142857142857143,33.64273809722219,0.0,1,5,1.891,1.2,1.067,0.8,0,8500.0,0,0
Booked by Agent Meet,"Booking confirmed ✅ 
Farm number 11

18 Mar 2025 at 8:00 PM to 19 Mar 2025 at 7:00 PM
15 Persons
Rent: ₹4000
Deposit: ₹2000

Deposit Refund after check out.",2025-03-18 20:00:00,2025-03-19 19:00:00,2025-03-19 19:00:00,2025-03-18,18:46:02,22.9999999995343,0,0,0,,,,4000.0,15,24.0,24H Night,0,0.0,0, (Strict),False,3500.0,9500.0,0.0,6950.0,4.0,19.0,0.5714285714285714,0.6333333333333333,0.5714285714285714,3,1.0,6.123233995736766e-17,2025,1,12,77,0,0,Festival,False,Standard,Tier 2,High,1.0,0.0,0.0,,,False,False,Festival,0,7,7,0,0,0,0,0,summer,1,0,24H Night,24.0,1.0,24H,0,0.0,4000.0,1.0,0,1.0,1.0,0,0,1,Clear,0,Same Day,0.0,26.0,20.0,60.0,4.2,25.0,60.0,75.0,5617.777777777777,4176.666666666667,6530.7692307692305,5617.777777777777,4666.666666666667,5617.777777777777,4428.571428571428,0.9400000000000001,1,1.387,1462.82,3776.470588235294,3600.0,3776.470588235294,3600.0,1107.6604916245242,17.0,1.0,3000.0,4400.0,0,0,0,0,0,0,0,1,0,0,0,0,0,0,1.0,0.21666666666666667,94.0,0.9022413931810099,-0.06190476190476191,35.5224139318101,0.0,1,5,1.891,1.2,1.067,0.8,0,8500.0,0,0
Booked by Nishant,"Booking confirmed ✅ 
Farm number 11

₹2000 advance received

21 Mar 2025 at 7:00 PM to 22 Mar 2025 at 6:00 PM
10 Persons
Rent: ₹4500
Deposit: ₹2000

Deposit Refund after check out.",2025-03-21 19:00:00,2025-03-22 18:00:00,2025-03-22 18:00:00,2025-03-19,10:45:31,23.0000000002328,0,0,0,,,,4500.0,10,24.0,24H Night,2,0.0,0, (Strict),False,4000.0,3500.0,1.0,6700.0,5.0,18.0,0.7142857142857143,0.6,0.7142857142857143,3,1.0,6.123233995736766e-17,2025,2,12,78,0,0,Festival,False,Standard,Tier 2,High,1.0,0.0,0.0,,,False,False,Festival,0,7,7,0,0,0,0,0,summer,1,0,24H Night,24.0,1.0,24H,0,0.0,4500.0,1.0,0,1.0,1.0,0,1,0,Clear,0,Last Minute,0.0,26.0,20.0,60.0,4.2,25.0,60.0,90.0,5606.666666666667,4160.0,6511.538461538462,5606.666666666667,4645.833333333333,5606.666666666667,4357.142857142857,0.9400000000000001,1,1.387,1462.82,3776.470588235294,3600.0,3776.470588235294,3600.0,1107.6604916245242,17.0,1.0,3000.0,4400.0,0,0,0,0,0,0,0,0,1,0,0,0,0,0,1.0,0.21666666666666667,94.0,1.1904563495370317,0.11428571428571432,38.40456349537032,0.0,1,5,1.891,1.2,1.067,0.8,0,8500.0,0,0
Booked by Mantra,"Booking confirmed
Farm number 11

₹500 advance received

19 Mar 2025 at 7:00 PM to 20 Mar 2025 at 6:00 PM
6 Persons
Rent: ₹4000
Deposit: ₹1000

Deposit Refund after check out.",2025-03-19 19:00:00,2025-03-20 18:00:00,2025-03-20 18:00:00,2025-03-19,14:34:03,23.0000000002328,0,0,0,,,,4000.0,6,24.0,24H Night,0,0.0,0, (Strict),False,4500.0,4000.0,0.0,6600.0,6.0,19.0,0.8571428571428571,0.6333333333333333,0.8571428571428571,3,1.0,6.123233995736766e-17,2025,2,12,78,0,0,Festival,False,Standard,Tier 2,High,1.0,0.0,0.0,,,False,False,Festival,0,7,7,0,0,0,0,0,summer,1,0,24H Night,24.0,1.0,24H,0,0.0,4000.0,1.0,0,1.0,1.0,0,1,0,Clear,0,Same Day,0.0,26.0,20.0,60.0,4.2,25.0,60.0,75.0,5617.777777777777,4176.666666666667,4147.058823529412,5617.777777777777,4666.666666666667,5617.777777777777,3666.6666666666665,0.99,1,1.387,1462.82,3776.470588235294,3600.0,3776.470588235294,3600.0,1107.6604916245242,17.0,1.0,3000.0,4400.0,0,0,0,0,0,0,0,1,0,0,0,0,0,0,1.0,0.21666666666666667,94.0,1.353362089771515,0.2238095238095238,40.03362089771515,0.0,1,5,1.891,1.2,1.067,0.8,0,8500.0,0,0
Booked by Umang,"Booking confirmed ✅ 
Farm number 11

₹1000 advance received

20 Mar 2025 at 7:00 PM to 21 Mar 2025 at 8:00 AM
5 Persons
Rent: ₹2500
Deposit: ₹1000

Deposit Refund after check out.",2025-03-20 19:00:00,2025-03-21 08:00:00,2025-03-21 08:00:00,2025-03-20,19:03:06,13.0000000004657,0,0,0,,,,2500.0,5,12.0,24H Night,0,0.0,1,Percentile (Strict),False,4000.0,4500.0,1.0,6450.0,7.0,19.0,1.0,0.6333333333333333,1.0,3,1.0,6.123233995736766e-17,2025,3,12,79,0,0,Festival,False,Standard,Tier 2,High,1.0,0.0,0.0,,,False,False,Festival,0,7,7,0,0,0,0,0,summer,1,0,24H Night,24.0,0.5,12H,0,0.0,5000.0,1.0,0,0.5,0.95,0,1,0,Clear,0,Same Day,0.0,26.0,20.0,60.0,4.2,25.0,60.0,75.0,5651.111111111111,4226.666666666667,4235.294117647059,5651.111111111111,4729.166666666667,5651.111111111111,3791.6666666666665,0.99,1,1.387,1462.82,3776.470588235294,3600.0,3776.470588235294,3600.0,1107.6604916245242,17.0,1.0,3000.0,4400.0,0,0,0,0,0,0,0,1,0,0,0,0,0,0,1.0,0.21666666666666667,94.0,1.5789224380667675,0.3666666666666667,42.289224380667676,0.0,1,5,1.891,1.2,1.067,0.8,0,8500.0,0,0
Booked by Prem,"Booking confirmed ✅ 
Farm number 11

₹500 advance received

21 Mar 2025 at 12:30 PM to 21 Mar 2025 at 6:00 PM
2 Persons
Rent: ₹2000
Deposit: ₹1000

Deposit Refund after check out.",2025-03-21 12:30:00,2025-03-21 18:00:00,2025-03-21 18:00:00,2025-03-21,12:00:43,5.49999999976717,0,0,0,,,,2000.0,2,12.0,Couple Half Day,0,0.0,1,Percentile (Month),False,2000.0,2500.0,1.0,2000.0,8.0,20.0,1.0,0.6666666666666666,1.1428571428571428,3,1.0,6.123233995736766e-17,2025,4,12,80,0,0,Festival,False,Standard,Tier 2,High,1.0,0.0,0.0,,,False,False,Festival,0,7,7,0,0,0,0,0,summer,1,0,12H Day,12.0,0.5,12H,0,0.0,4000.0,1.0,0,1.0,1.0,1,0,0,Clear,0,Same Day,0.0,26.0,20.0,60.0,4.2,25.0,60.0,75.0,3207.8947368421054,3207.8947368421054,2750.0,3207.8947368421054,3059.375,3207.8947368421054,2750.0,0.91,1,0.77,-727.5,3165.0,3150.0,3165.0,3150.0,566.6911759405549,10.0,1.0,2925.0,3375.0,0,0,0,0,0,0,0,1,0,0,0,0,0,0,1.0,0.21666666666666667,94.0,1.7142600003857087,0.33333333333333337,43.64260000385708,0.0,1,5,1.891,1.2,1.067,0.8,0,8500.0,0,0
Booked by Akash Yadav,"Booking confirmed ✅ 
Farm number 11

₹1000 advance received

27 Mar 2025 at 9:00 AM to 27 Mar 2025 at 6:00 PM
5 Persons Max
Rent: ₹3000
Deposit: ₹1000

Deposit Refund after check out.",2025-03-27 09:00:00,2025-03-27 18:00:00,2025-03-27 18:00:00,2025-03-26,10:47:37,9.0,0,0,0,,,,3000.0,5,12.0,12H Day,0,0.0,0, (Strict),False,3500.0,1500.0,5.0,2350.0,3.0,19.0,0.42857142857142855,0.6333333333333333,0.42857142857142855,3,1.0,6.123233995736766e-17,2025,2,13,85,0,0,Festival,False,Standard,Tier 2,High,1.0,0.0,0.0,,,False,False,Festival,0,7,7,0,0,0,0,0,summer,1,0,12H Day,12.0,0.5,12H,0,0.0,6000.0,1.0,0,1.0,1.0,0,1,0,Clear,0,Same Day,0.0,26.0,20.0,60.0,4.2,25.0,60.0,75.0,3155.2631578947367,3155.2631578947367,3345.0,3155.2631578947367,2996.875,3155.2631578947367,3181.25,0.9500000000000001,1,0.77,-727.5,3165.0,3150.0,3165.0,3150.0,566.6911759405549,10.0,1.0,2925.0,3375.0,0,0,0,0,0,0,0,1,0,0,0,0,0,0,1.0,0.21666666666666667,94.0,0.6766810448857575,-0.20476190476190476,33.266810448857576,0.0,1,5,1.891,1.2,1.067,0.8,0,8500.0,0,0
Booked by Jignesh Tejani,"Booking confirmed ✅ 
Rent: ₹4000

Jignesh Tejani",2025-03-28 19:00:00,2025-03-29 18:00:00,2025-03-29 18:00:00,2025-03-26,13:36:59,23.0000000002328,Eid-ul-Fitr,0,0,,,,4000.0,4,24.0,24H Night,2,0.0,0, (Strict),False,2500.0,4000.0,0.0,4850.0,4.0,20.0,0.5714285714285714,0.6666666666666666,0.5714285714285714,3,1.0,6.123233995736766e-17,2025,2,13,85,0,1,Festival,True,Standard,Tier 2,High,1.0,0.0,0.0,,,False,False,Festival,0,7,7,0,1,0,0,0,summer,1,0,24H Night,24.0,1.0,24H,0,0.0,4000.0,1.0,0,1.0,1.0,0,1,0,Clear,0,Last Minute,0.0,26.0,20.0,60.0,4.2,25.0,60.0,90.0,5582.608695652174,4170.967741935484,4138.888888888889,14875.0,4640.0,5582.608695652174,3843.75,0.7,4,1.387,1462.82,3776.470588235294,3600.0,3776.470588235294,3600.0,1107.6604916245242,17.0,1.0,3000.0,4400.0,0,0,0,0,0,0,0,0,1,0,0,0,0,0,1.0,0.21666666666666667,94.0,0.8571300001928543,-0.09523809523809523,50.07130000192854,0.5,1,5,1.891,1.2,1.067,0.8,0,8500.0,0,0
Booked by Pankaj Jikadra,"Booking confirmed ✅ 
Farm number 11

₹3000 advance received

29 Mar 2025 at 7:00 PM to 30 Mar 2025 at 6:00 PM
15 Persons Max
Rent: ₹9500
Deposit: ₹2000

Deposit Refund after check out.",2025-03-29 19:00:00,2025-03-30 18:00:00,2025-03-30 18:00:00,2025-03-26,13:08:08,23.0000000002328,0,1,0,,,,9500.0,15,24.0,24H Night,3,0.0,0, (Strict),False,4000.0,2500.0,0.0,5050.0,5.0,21.0,0.7142857142857143,0.7,0.7142857142857143,3,1.0,6.123233995736766e-17,2025,2,13,85,1,0,Festival,False,Standard,Tier 2,High,1.0,0.0,0.0,,,False,False,Festival,0,7,7,0,0,0,0,0,summer,1,0,24H Night,24.0,1.0,24H,0,0.0,9500.0,1.0,0,1.0,1.0,0,0,1,Clear,1,Last Minute,0.0,26.0,20.0,60.0,4.2,25.0,100.0,90.0,5495.555555555556,8428.57142857143,6319.2307692307695,5495.555555555556,4437.5,5495.555555555556,7833.333333333333,0.9,1,1.387,1462.82,5239.285714285715,5100.0,5239.285714285715,5100.0,2173.2957198030563,28.0,1.0,3400.0,6575.0,0,0,0,0,0,0,0,0,1,0,0,0,0,0,1.0,0.21666666666666667,94.0,1.0203935862140747,0.014285714285714346,56.703935862140746,0.0,1,5,1.891,1.2,1.067,0.8,0,8500.0,0,0
Booked by Daksh,"Booking confirmed ✅ 
Farm number 11

₹2000 advance received

+91 88491 67128‬
1 Apr 2025 at 7:00 PM to 2 Apr 2025 at 6:00 PM
10 Persons Max
Rent: ₹4500
Deposit: ₹2000

Deposit Refund after check out.",2025-04-01 19:00:00,2025-04-02 18:00:00,2025-04-02 18:00:00,2025-03-26,15:41:42,23.0000000002328,0,0,0,,,,4500.0,10,24.0,24H Night,6,0.0,0, (Strict),False,9500.0,4000.0,0.0,4900.0,6.0,22.0,0.8571428571428571,0.7333333333333333,0.8571428571428571,3,1.0,6.123233995736766e-17,2025,2,13,85,0,0,Festival,False,Standard,Tier 2,High,1.0,0.0,0.0,,,False,False,Festival,0,7,7,0,0,0,0,0,summer,1,0,24H Night,24.0,1.0,24H,0,0.0,4500.0,1.0,0,1.0,1.0,0,1,0,Clear,1,Standard,0.0,26.0,20.0,60.0,4.2,25.0,60.0,90.0,5606.666666666667,4160.0,6511.538461538462,5606.666666666667,6488.235294117647,5606.666666666667,4716.666666666667,0.93,1,1.387,1462.82,3776.470588235294,3600.0,3776.470588235294,3600.0,1107.6604916245242,17.0,1.0,3000.0,4400.0,0,0,0,0,0,0,0,0,0,1,0,0,0,0,1.0,0.21666666666666667,94.0,1.1688152304416628,0.12380952380952381,38.188152304416626,0.0,1,5,1.891,1.2,1.067,0.8,0,8500.0,0,0
Booked by Agent Shyam,"Booking confirmed ✅ 
Farm number 11

28 Mar 2025 at 8:00 AM to 28 Mar 2025 at 6:00 PM
10 Persons Max
Rent: ₹2500
Deposit: ₹1000

Deposit Refund after check out.",2025-03-28 08:00:00,2025-03-28 18:00:00,2025-03-28 18:00:00,2025-03-27,19:11:48,9.99999999976717,0,0,0,,,,2500.0,10,12.0,12H Day,0,0.0,0, (Strict),False,3000.0,3500.0,1.0,2450.0,6.0,22.0,0.8571428571428571,0.7333333333333333,0.8571428571428571,3,1.0,6.123233995736766e-17,2025,3,13,86,0,0,Festival,False,Standard,Tier 2,High,1.0,0.0,0.0,,,False,False,Festival,0,7,7,0,0,0,0,0,summer,1,0,12H Day,12.0,0.5,12H,0,0.0,5000.0,1.0,0,1.0,1.0,0,1,0,Clear,0,Same Day,0.0,26.0,20.0,60.0,4.2,25.0,60.0,75.0,3181.5789473684213,3181.5789473684213,3666.6666666666665,3181.5789473684213,3028.125,3181.5789473684213,3666.6666666666665,0.7,3,0.77,-727.5,3165.0,3150.0,3165.0,3150.0,566.6911759405549,10.0,1.0,2925.0,3375.0,0,0,0,0,0,0,0,1,0,0,0,0,0,0,1.0,0.21666666666666667,94.0,1.1688152304416628,0.12380952380952381,38.188152304416626,0.0,1,5,1.891,1.2,1.067,0.8,0,8500.0,0,0
Booked by Ankit Pandey,"Booking confirmed ✅ 
Farm number 11
₹1000 advance received

31 Mar 2025 at 7:00 PM to 1 Apr 2025 at 7:00 AM
12 Persons Max
Rent: ₹3000
Deposit: ₹1000

Deposit Refund after check out.",2025-03-31 19:00:00,2025-04-01 07:00:00,2025-04-01 07:00:00,2025-03-27,20:22:50,12.0,0,0,0,,,,3000.0,12,12.0,12H Night,3,0.0,0, (Month),False,1500.0,2000.0,0.0,2230.0,7.0,23.0,1.0,0.7666666666666667,1.0,3,1.0,6.123233995736766e-17,2025,3,13,86,0,0,Festival,False,Standard,Tier 2,High,1.0,0.0,0.0,,,False,False,Festival,0,7,7,0,0,0,0,0,summer,1,0,12H Night,12.0,0.5,12H,0,0.0,6000.0,1.0,0,1.0,1.0,0,1,0,Clear,1,Last Minute,0.0,26.0,20.0,60.0,4.2,25.0,60.0,90.0,3000.0,3000.0,3000.0,3000.0,3000.0,3000.0,2723.943661971831,0.4,7,1.022,60.0,2760.0,2760.0,2760.0,2760.0,0.0,1.0,0.2,2760.0,2760.0,0,0,0,0,0,0,0,0,1,0,0,0,0,0,1.0,0.21666666666666667,94.0,1.3043308130763511,0.23333333333333328,39.54330813076351,0.0,1,5,1.891,1.2,1.067,0.8,0,8500.0,0,0
Booked by Dev Danej,"+91 98240 43044
12 Apr 2025 at 7:00 PM to 13 Apr 2025 at 6:00 PM
12 Persons Max
Rent: ₹12000
Deposit: ₹2000

Deposit Refund after check out.",2025-04-12 19:00:00,2025-04-13 18:00:00,2025-04-13 18:00:00,2025-03-28,16:23:16,23.0000000002328,0,1,0,,,,12000.0,12,24.0,24H Night,15,0.0,0, (Strict),False,4500.0,9500.0,1.0,5800.0,7.0,24.0,1.0,0.8,1.0,3,1.0,6.123233995736766e-17,2025,4,13,87,1,0,Festival,False,Standard,Tier 2,High,1.0,0.0,0.0,,,False,False,Festival,0,7,7,0,0,0,0,0,summer,1,0,24H Night,24.0,1.0,24H,0,0.0,12000.0,1.0,0,1.0,1.0,0,1,0,Clear,2,Advance,0.0,26.0,20.0,60.0,4.2,25.0,100.0,95.0,5440.0,8250.0,6223.076923076923,5440.0,7000.0,5440.0,8545.454545454546,0.78,3,1.387,1462.82,5239.285714285715,5100.0,5239.285714285715,5100.0,2173.2957198030563,28.0,1.0,3400.0,6575.0,1,0,0,0,0,0,0,0,0,0,0,1,0,0,1.0,0.21666666666666667,94.0,1.2499843751953101,0.19999999999999996,58.9998437519531,0.0,1,5,1.891,1.2,1.067,0.8,0,8500.0,0,0
Booked by Vipul Chovatiya,"Booking confirmed ✅ 
Farm number 11

₹1000 advance received

30 Mar 2025 at 7:00 PM to 31 Mar 2025 at 6:00 PM
15 Persons Max
Rent: ₹4500
Deposit: ₹2000

Deposit Refund after check out.",2025-03-30 19:00:00,2025-03-31 18:00:00,2025-03-31 18:00:00,2025-03-28,14:34:04,23.0000000002328,0,0,0,,,,4500.0,15,24.0,24H Night,2,0.0,0, (Strict),False,12000.0,4500.0,0.0,5300.0,8.0,25.0,1.0,0.8333333333333334,1.1428571428571428,3,1.0,6.123233995736766e-17,2025,4,13,87,0,0,Festival,False,Standard,Tier 2,High,1.0,0.0,0.0,,,False,False,Festival,0,7,7,0,0,0,0,0,summer,1,0,24H Night,24.0,1.0,24H,0,0.0,4500.0,1.0,0,1.0,1.0,0,0,1,Clear,0,Last Minute,0.0,26.0,20.0,60.0,4.2,25.0,60.0,90.0,5606.666666666667,4160.0,6511.538461538462,5606.666666666667,4645.833333333333,5606.666666666667,4357.142857142857,0.9400000000000001,1,1.387,1462.82,3776.470588235294,3600.0,3776.470588235294,3600.0,1107.6604916245242,17.0,1.0,3000.0,4400.0,1,0,0,0,0,0,0,0,1,0,0,0,0,0,1.0,0.21666666666666667,94.0,1.3714121144831977,0.16666666666666663,40.21412114483198,0.0,1,5,1.891,1.2,1.067,0.8,0,8500.0,0,0
Booked by Deep Vadi,"Booking confirmed ✅ 
Farm number 11

₹2000 advance received

+91 93280 38725
2 Apr 2025 at 7:00 PM to 3 Apr 2025 at 6:00 PM
4 Persons Max
Rent: ₹5500
Deposit: ₹2000

Deposit Refund after check out.",2025-04-02 19:00:00,2025-04-03 18:00:00,2025-04-03 18:00:00,2025-03-29,10:58:16,23.0000000002328,0,0,0,,,,5500.0,4,24.0,24H Night,4,0.0,0, (Strict),False,4500.0,12000.0,1.0,5500.0,9.0,25.0,1.0,0.8333333333333334,1.2857142857142858,3,1.0,6.123233995736766e-17,2025,5,13,88,0,0,Festival,False,Standard,Tier 2,High,1.0,0.0,0.0,,,False,False,Festival,0,7,7,0,0,0,0,0,summer,1,0,24H Night,24.0,1.0,24H,0,0.0,5500.0,1.0,0,1.0,1.0,0,1,0,Clear,1,Standard,0.0,26.0,20.0,60.0,4.2,25.0,60.0,90.0,5584.444444444444,4126.666666666667,4058.823529411765,5584.444444444444,6429.411764705882,5584.444444444444,3733.3333333333335,0.7999999999999999,3,1.387,1462.82,3776.470588235294,3600.0,3776.470588235294,3600.0,1107.6604916245242,17.0,1.0,3000.0,4400.0,0,0,1,0,0,0,0,0,0,1,0,0,0,0,1.0,0.21666666666666667,94.0,1.5428386287935976,0.16666666666666663,41.92838628793598,0.0,1,5,1.891,1.2,1.067,0.8,0,8500.0,0,0
Booked by Deep Vadi,"Booking confirmed ✅ 
Farm number 11

₹2000 advance received

11 Apr 2025 at 7:00 PM to 12 Apr 2025 at 6:00 PM
10 Persons Max
Rent: ₹6000
Deposit: ₹2000

Deposit Refund after check out.",2025-04-11 19:00:00,2025-04-12 18:00:00,2025-04-12 18:00:00,2025-03-29,10:53:07,23.0000000002328,0,0,0,,,,6000.0,10,24.0,24H Night,13,0.0,1,Percentile (Strict),False,5500.0,4500.0,0.0,5700.0,10.0,26.0,1.0,0.8666666666666667,1.4285714285714286,3,1.0,6.123233995736766e-17,2025,5,13,88,0,0,Festival,False,Standard,Tier 2,High,1.0,0.0,0.0,,,False,False,Festival,0,7,7,0,0,0,0,0,summer,1,0,24H Night,24.0,1.0,24H,0,0.0,6000.0,1.0,0,1.0,1.0,0,1,0,Clear,2,Standard,0.0,26.0,20.0,60.0,4.2,25.0,60.0,90.0,5573.333333333333,4110.0,6453.846153846154,5573.333333333333,6400.0,5573.333333333333,4466.666666666667,0.93,1,1.387,1462.82,3776.470588235294,3600.0,3776.470588235294,3600.0,1107.6604916245242,17.0,1.0,3000.0,4400.0,0,0,1,0,0,0,0,0,0,0,1,0,0,0,1.0,0.21666666666666667,94.0,1.6483326291290046,0.1333333333333333,42.98332629129005,0.0,1,5,1.891,1.2,1.067,0.8,0,8500.0,0,0
Booked by Sharad Chauhan,"Booking confirmed ✅ 
Farm number 11

₹2000 advance received

4 Apr 2025 at 7:00 PM to 5 Apr 2025 at 6:00 PM
10 Persons Max
Rent: ₹5400
Deposit: ₹2000

Deposit Refund after check out.",2025-04-04 19:00:00,2025-04-05 18:00:00,2025-04-05 18:00:00,2025-04-02,11:29:35,23.0000000002328,0,0,0,,,,5400.0,10,24.0,24H Night,2,0.0,0, (Strict),False,6000.0,5500.0,4.0,5790.0,7.0,26.0,1.0,0.8666666666666667,1.0,4,0.8660254037844387,-0.49999999999999983,2025,2,14,92,0,0,Festival,False,Standard,Tier 2,High,1.0,0.0,0.0,,,False,False,Festival,0,7,7,0,0,0,0,0,summer,1,0,24H Night,24.0,1.0,24H,0,0.0,5400.0,1.0,0,1.0,1.0,0,1,0,Clear,0,Last Minute,0.0,26.0,20.0,60.0,4.2,25.0,60.0,90.0,6317.777777777777,5183.783783783784,6680.0,6317.777777777777,5920.588235294118,6317.777777777777,4890.0,1.0,1,1.477,2158.33,4520.833333333333,4400.0,4520.833333333333,4400.0,577.8364193577901,24.0,1.0,4275.0,4750.0,0,0,0,0,0,0,0,0,1,0,0,0,0,0,1.0,0.20833333333333334,95.0,1.1538328403903033,0.1333333333333333,37.78832840390303,0.0,1,5,1.891,1.2,1.067,0.8,0,8500.0,0,0
Booked by Meet,"Booking confirmed ✅ 
Farm number 11

₹2000 advance received

5 Apr 2025 at 7:00 PM to 6 Apr 2025 at 6:00 PM
7 Persons Max
Rent: ₹7000
Deposit: ₹2000

Deposit Refund after check out.",2025-04-05 19:00:00,2025-04-06 18:00:00,2025-04-06 18:00:00,2025-04-05,16:20:03,23.0000000002328,Ram Navami,1,0,,,,7000.0,7,24.0,24H Night,0,0.0,1,MAD (Strict),False,5400.0,6000.0,3.0,6090.0,2.0,26.0,0.2857142857142857,0.8666666666666667,0.2857142857142857,4,0.8660254037844387,-0.49999999999999983,2025,5,14,95,1,1,Festival,True,Standard,Tier 2,High,1.0,0.0,0.0,,,False,False,Festival,0,7,7,1,1,0,0,0,summer,1,0,24H Night,24.0,1.0,24H,0,0.0,7000.0,1.0,0,1.0,1.0,0,1,0,Clear,0,Same Day,0.0,26.0,20.0,60.0,4.2,25.0,100.0,75.0,6297.826086956522,11562.5,5050.0,4500.0,5905.714285714285,6297.826086956522,11562.5,0.55,5,1.477,2158.33,6679.166666666667,5200.0,6679.166666666667,5200.0,3224.90029056062,24.0,1.0,4200.0,10150.0,0,0,1,0,0,0,0,1,0,0,0,0,0,0,1.0,0.20833333333333334,95.0,0.3296665258258009,-0.580952380952381,64.546665258258,0.5,1,5,1.891,1.2,1.067,0.8,0,8500.0,0,0
Booked by Agent Shyam,Rent: 2500,2025-04-10 08:00:00,2025-04-10 18:00:00,2025-04-10 18:00:00,2025-04-09,14:06:36,9.99999999976717,0,0,0,,,,2500.0,4,12.0,12H Day,0,0.0,0, (Strict),False,2500.0,3000.0,4.0,2550.0,2.0,24.0,0.2857142857142857,0.8,0.2857142857142857,4,0.8660254037844387,-0.49999999999999983,2025,2,15,99,0,0,Festival,False,Standard,Tier 2,High,1.0,0.0,0.0,,,False,False,Festival,0,7,7,0,0,0,0,0,summer,1,0,12H Day,12.0,0.5,12H,0,0.0,5000.0,1.0,0,1.0,1.0,0,1,0,Clear,0,Same Day,0.0,26.0,20.0,60.0,4.2,25.0,60.0,75.0,3281.25,3281.25,3285.714285714286,3281.25,3178.5714285714284,3281.25,3285.714285714286,0.9400000000000001,1,1.281,860.0,3060.0,3000.0,3060.0,3000.0,620.8289389425813,15.0,1.0,2500.0,3450.0,0,0,0,0,0,0,0,1,0,0,0,0,0,0,1.0,0.20833333333333334,95.0,0.3571383929129457,-0.5142857142857143,29.821383929129457,0.0,1,5,1.891,1.2,1.067,0.8,0,8500.0,0,0
Booked by Pankaj,"Booking confirmed ✅ 
Farm number 11

₹2000 advance received

+91 93163 53661
10 Apr 2025 at 7:00 PM to 11 Apr 2025 at 6:00 PM
10 Persons Max
Rent: ₹5000
Deposit: ₹2000

Deposit Refund after check out.",2025-04-10 19:00:00,2025-04-11 18:00:00,2025-04-11 18:00:00,2025-04-09,12:53:26,23.0000000002328,0,0,0,,,,5000.0,10,24.0,24H Night,1,0.0,0, (Strict),False,7000.0,5400.0,0.0,6340.0,3.0,25.0,0.42857142857142855,0.8333333333333334,0.42857142857142855,4,0.8660254037844387,-0.49999999999999983,2025,2,15,99,0,0,Festival,False,Standard,Tier 2,High,1.0,0.0,0.0,,,False,False,Festival,0,7,7,0,0,0,0,0,summer,1,0,24H Night,24.0,1.0,24H,0,0.0,5000.0,1.0,0,1.0,1.0,0,1,0,Clear,0,Last Minute,0.0,26.0,20.0,60.0,4.2,25.0,60.0,75.0,6326.666666666667,5194.594594594595,6691.428571428572,6326.666666666667,5932.35294117647,6326.666666666667,4910.0,1.0,1,1.477,2158.33,4520.833333333333,4400.0,4520.833333333333,4400.0,577.8364193577901,24.0,1.0,4275.0,4750.0,0,0,0,0,0,0,0,0,1,0,0,0,0,0,1.0,0.20833333333333334,95.0,0.514279542931199,-0.4047619047619048,31.392795429311988,0.0,1,5,1.891,1.2,1.067,0.8,0,8500.0,0,0
Booked by Nitin mama,"Booking confirmed ✅ 
Farm number 11

Reference: Nitin Mama Patoliya

26 Apr 2025 at 7:00 PM to 27 Apr 2025 at 6:00 PM
15 Persons Max
Rent: ₹13000
Deposit: ₹2000

Deposit Refund after check out.",2025-04-26 19:00:00,2025-04-27 18:00:00,2025-04-27 18:00:00,2025-04-09,09:50:38,23.0000000002328,0,1,1,,,,13000.0,15,24.0,24H Night,17,0.0,0, (Strict),False,5000.0,7000.0,0.0,7240.0,4.0,26.0,0.5714285714285714,0.8666666666666667,0.5714285714285714,4,0.8660254037844387,-0.49999999999999983,2025,2,15,99,1,0,Festival,False,Standard,Tier 2,High,1.0,0.0,0.0,,,False,False,Festival,0,7,7,1,0,0,0,1,summer,1,0,24H Night,24.0,1.0,24H,0,0.0,13000.0,1.0,0,1.0,1.0,0,0,1,Clear,2,Advance,0.0,26.0,20.0,60.0,4.2,25.0,100.0,95.0,6148.888888888889,11357.142857142857,6462.857142857143,6148.888888888889,7500.0,6148.888888888889,11357.142857142857,0.74,3,1.477,2158.33,6679.166666666667,5200.0,6679.166666666667,5200.0,3224.90029056062,24.0,1.0,4200.0,10150.0,0,0,0,0,0,0,0,0,0,0,0,1,0,0,1.0,0.20833333333333334,95.0,0.6593330516516018,-0.2952380952380953,52.84333051651602,0.0,1,5,1.891,1.2,1.067,0.8,0,8500.0,0,0
Booked by Roopen ,Rent: 3000,2025-04-09 14:00:00,2025-04-10 07:00:00,2025-04-10 07:00:00,2025-04-09,14:04:45,16.9999999995343,0,0,0,,,,3000.0,4,24.0,24H Day,0,0.0,0, (Month),False,2500.0,3000.0,0.0,3530.0,5.0,27.0,0.7142857142857143,0.9,0.7142857142857143,4,0.8660254037844387,-0.49999999999999983,2025,2,15,99,0,0,Festival,False,Standard,Tier 2,High,1.0,0.0,0.0,,,False,False,Festival,0,7,7,0,0,0,0,0,summer,1,0,24H Day,24.0,1.0,24H,0,0.0,3000.0,1.0,0,1.0,1.0,0,1,0,Clear,0,Same Day,0.0,26.0,20.0,60.0,4.2,25.0,60.0,75.0,4500.0,4500.0,4500.0,4500.0,4000.0,4500.0,3823.076923076923,0.4,7,0.94,-231.68,3860.992498557415,3860.992498557415,3860.992498557415,3860.992498557415,1217.6272685613935,2.0,0.4,3430.496249278707,4291.4887478361225,0,0,0,0,0,0,0,1,0,0,0,0,0,0,1.0,0.20833333333333334,95.0,0.7936419754066225,-0.18571428571428572,34.18641975406622,0.0,1,5,1.891,1.2,1.067,0.8,0,8500.0,0,0
Booked by Neel Patel,"Booking confirmed ✅ 
Farm number 11
₹1000 advance received

13 Apr 2025 at 7:00 PM to 14 Apr 2025 at 6:00 PM
15 Persons Max
Rent: ₹5000
Deposit: ₹2000

Deposit Refund after check out.",2025-04-13 19:00:00,2025-04-14 18:00:00,2025-04-14 18:00:00,2025-04-10,22:04:46,23.0000000002328,0,0,0,,,,5000.0,15,24.0,24H Night,2,0.0,0, (Strict),False,13000.0,5000.0,1.0,6790.0,6.0,25.0,0.8571428571428571,0.8333333333333334,0.8571428571428571,4,0.8660254037844387,-0.49999999999999983,2025,3,15,100,0,0,Festival,False,Standard,Tier 2,High,1.0,0.0,0.0,,,False,False,Festival,0,7,7,0,0,0,0,0,summer,1,0,24H Night,24.0,1.0,24H,0,0.0,5000.0,1.0,0,1.0,1.0,0,0,1,Clear,0,Last Minute,0.0,26.0,20.0,60.0,4.2,25.0,60.0,90.0,6326.666666666667,5194.594594594595,6691.428571428572,6326.666666666667,5932.35294117647,6326.666666666667,4910.0,1.0,1,1.477,2158.33,4520.833333333333,4400.0,4520.833333333333,4400.0,577.8364193577901,24.0,1.0,4275.0,4750.0,0,0,0,0,0,0,0,0,1,0,0,0,0,0,1.0,0.20833333333333334,95.0,1.028559085862398,0.023809523809523725,36.53559085862398,0.0,1,5,1.891,1.2,1.067,0.8,0,8500.0,0,0
Booked by Shubham,"Booking confirmed ✅ 
Farm number 11

₹2000 advance received

16 Apr 2025 at 7:00 PM to 17 Apr 2025 at 6:00 PM
10 Persons Max
Rent: ₹5500
Deposit: ₹2000

Deposit Refund after check out.",2025-04-16 19:00:00,2025-04-17 18:00:00,2025-04-17 18:00:00,2025-04-10,14:47:20,23.0000000002328,0,0,1,,,,5500.0,10,24.0,24H Night,6,0.0,0, (Strict),False,5000.0,13000.0,0.0,6890.0,7.0,26.0,1.0,0.8666666666666667,1.0,4,0.8660254037844387,-0.49999999999999983,2025,3,15,100,0,0,Festival,False,Standard,Tier 2,High,1.0,0.0,0.0,,,False,False,Festival,0,7,7,0,0,0,0,1,summer,1,0,24H Night,24.0,1.0,24H,0,0.0,5500.0,1.0,0,1.0,1.0,0,1,0,Clear,1,Standard,0.0,26.0,20.0,60.0,4.2,25.0,60.0,90.0,6315.555555555556,5181.081081081081,6677.142857142857,6315.555555555556,6750.0,6315.555555555556,5229.62962962963,0.7999999999999999,3,1.477,2158.33,4520.833333333333,4400.0,4520.833333333333,4400.0,577.8364193577901,24.0,1.0,4275.0,4750.0,0,0,0,0,0,0,0,0,0,1,0,0,0,0,1.0,0.20833333333333334,95.0,1.1538328403903033,0.1333333333333333,37.78832840390303,0.0,1,5,1.891,1.2,1.067,0.8,0,8500.0,0,0
Booked by Smit,"Booking Confirmed
Farm number 11

₹2000 advance received

14 Apr 2025 at 7:00 PM to 15 Apr 2025 at 6:00 PM
10 Persons Max
Rent: ₹5500
Deposit: ₹2000

Deposit Refund after check out.",2025-04-14 19:00:00,2025-04-15 18:00:00,2025-04-15 18:00:00,2025-04-14,16:02:50,23.0000000002328,0,0,0,,,,5500.0,10,24.0,24H Night,0,0.0,0, (Strict),False,5500.0,5000.0,4.0,6240.0,7.0,27.0,1.0,0.9,1.0,4,0.8660254037844387,-0.49999999999999983,2025,0,16,104,0,0,Festival,False,Standard,Tier 2,High,1.0,0.0,0.0,,,False,False,Festival,0,7,7,0,0,0,0,0,summer,1,0,24H Night,24.0,1.0,24H,0,0.0,5500.0,1.0,0,1.0,1.0,0,1,0,Clear,0,Same Day,0.0,26.0,20.0,60.0,4.2,25.0,60.0,75.0,6315.555555555556,5181.081081081081,6677.142857142857,6315.555555555556,5917.64705882353,6315.555555555556,4885.0,1.0,1,1.477,2158.33,4520.833333333333,4400.0,4520.833333333333,4400.0,577.8364193577901,24.0,1.0,4275.0,4750.0,0,0,0,0,0,0,0,1,0,0,0,0,0,0,1.0,0.20833333333333334,95.0,1.1110987655692715,0.09999999999999998,37.36098765569272,0.0,1,5,1.891,1.2,1.067,0.8,0,8500.0,0,0
Booked by Vansh,"Booking confirmed ✅ 
Farm number 11

₹2000 advance received

17 Apr 2025 at 7:00 PM to 18 Apr 2025 at 6:00 PM
15 Adult Persons Max
Rent: ₹6000
Deposit: ₹2000

Deposit Refund after check out.",2025-04-17 19:00:00,2025-04-18 18:00:00,2025-04-18 18:00:00,2025-04-15,11:53:15,23.0000000002328,0,0,1,,,,6000.0,4,24.0,24H Night,2,0.0,1,Percentile (Strict),False,5500.0,5500.0,1.0,6390.0,8.0,27.0,1.0,0.9,1.1428571428571428,4,0.8660254037844387,-0.49999999999999983,2025,1,16,105,0,0,Festival,False,Standard,Tier 2,High,1.0,0.0,0.0,,,False,False,Festival,0,7,7,0,0,0,0,1,summer,1,0,24H Night,24.0,1.0,24H,0,0.0,6000.0,1.0,0,1.0,1.0,0,1,0,Clear,0,Last Minute,0.0,26.0,20.0,60.0,4.2,25.0,60.0,90.0,6304.444444444444,5167.5675675675675,4944.444444444444,6304.444444444444,5902.941176470588,6304.444444444444,4937.5,0.9500000000000001,1,1.477,2158.33,4520.833333333333,4400.0,4520.833333333333,4400.0,577.8364193577901,24.0,1.0,4275.0,4750.0,0,0,0,0,0,0,0,0,1,0,0,0,0,0,1.0,0.20833333333333334,95.0,1.269827160650596,0.09999999999999998,38.94827160650596,0.0,1,5,1.891,1.2,1.067,0.8,0,8500.0,0,0
Booked by Dev,"Booking confirmed ✅ 
Farm number 11

₹2000 advance received 

21 Apr 2025 at 7:00 PM to 22 Apr 2025 at 6:00 PM
12 Persons Max
Rent: ₹5500
Deposit: ₹2000

Deposit Refund after check out.",2025-04-21 19:00:00,2025-04-22 18:00:00,2025-04-22 18:00:00,2025-04-15,20:44:32,23.0000000002328,0,0,1,,,,5500.0,12,24.0,24H Night,5,0.0,0, (Strict),False,6000.0,5500.0,0.0,6390.0,9.0,28.0,1.0,0.9333333333333333,1.2857142857142858,4,0.8660254037844387,-0.49999999999999983,2025,1,16,105,0,0,Festival,False,Standard,Tier 2,High,1.0,0.0,0.0,,,False,False,Festival,0,7,7,0,0,0,0,1,summer,1,0,24H Night,24.0,1.0,24H,0,0.0,5500.0,1.0,0,1.0,1.0,0,1,0,Clear,1,Standard,0.0,26.0,20.0,60.0,4.2,25.0,60.0,90.0,6315.555555555556,5181.081081081081,6677.142857142857,6315.555555555556,6750.0,6315.555555555556,5229.62962962963,0.7999999999999999,3,1.477,2158.33,4520.833333333333,4400.0,4520.833333333333,4400.0,577.8364193577901,24.0,1.0,4275.0,4750.0,0,0,0,0,0,0,0,0,0,1,0,0,0,0,1.0,0.20833333333333334,95.0,1.3775362610910802,0.06666666666666665,40.025362610910804,0.0,1,5,1.891,1.2,1.067,0.8,0,8500.0,0,0
Booked by Akash,"Booking confirmed ✅ 
Farm number 11

₹1000 advance received

16 Apr 2025 at 2:00 PM to 16 Apr 2025 at 6:00 PM
6 Persons Max
Rent: ₹2500
Deposit: ₹1000

Deposit Refund after check out.",2025-04-16 14:00:00,2025-04-16 18:00:00,2025-04-16 18:00:00,2025-04-16,13:53:34,3.99999999976717,0,0,1,,,,2500.0,6,12.0,12H Day,0,0.0,0, (Strict),False,2500.0,2500.0,1.0,2600.0,6.0,29.0,0.8571428571428571,0.9666666666666667,0.8571428571428571,4,0.8660254037844387,-0.49999999999999983,2025,2,16,106,0,0,Festival,False,Standard,Tier 2,High,1.0,0.0,0.0,,,False,False,Festival,0,7,7,0,0,0,0,1,summer,1,0,12H Day,12.0,0.5,12H,0,0.0,5000.0,1.0,0,1.0,1.0,0,1,0,Clear,0,Same Day,0.0,26.0,20.0,60.0,4.2,25.0,60.0,75.0,3281.25,3281.25,3285.714285714286,3281.25,3178.5714285714284,3281.25,3285.714285714286,0.9400000000000001,1,1.281,860.0,3060.0,3000.0,3060.0,3000.0,620.8289389425813,15.0,1.0,2500.0,3450.0,0,0,0,0,0,0,0,1,0,0,0,0,0,0,1.0,0.20833333333333334,95.0,0.8866903347305274,-0.10952380952380958,35.116903347305275,0.0,1,5,1.891,1.2,1.067,0.8,0,8500.0,0,0
Booked by Lavkush,"Booking confirmed ✅ 
Farm number 11

₹1000 advance received

20 Apr 2025 at 7:00 PM to 21 Apr 2025 at 6:00 PM
10 Persons Max
Rent: ₹5500
Deposit: ₹2000

Deposit Refund after check out.",2025-04-20 19:00:00,2025-04-21 18:00:00,2025-04-21 18:00:00,2025-04-17,21:23:07,23.0000000002328,0,0,1,,,,5500.0,10,24.0,24H Night,2,0.0,0, (Strict),False,5500.0,6000.0,1.0,6340.0,5.0,27.0,0.7142857142857143,0.9,0.7142857142857143,4,0.8660254037844387,-0.49999999999999983,2025,3,16,107,0,0,Festival,False,Standard,Tier 2,High,1.0,0.0,0.0,,,False,False,Festival,0,7,7,0,0,0,0,1,summer,1,0,24H Night,24.0,1.0,24H,0,0.0,5500.0,1.0,0,1.0,1.0,0,1,0,Clear,0,Last Minute,0.0,26.0,20.0,60.0,4.2,25.0,60.0,90.0,6315.555555555556,5181.081081081081,6677.142857142857,6315.555555555556,5917.64705882353,6315.555555555556,4885.0,1.0,1,1.477,2158.33,4520.833333333333,4400.0,4520.833333333333,4400.0,577.8364193577901,24.0,1.0,4275.0,4750.0,0,0,0,0,0,0,0,0,1,0,0,0,0,0,1.0,0.20833333333333334,95.0,0.7936419754066225,-0.18571428571428572,34.18641975406622,0.0,1,5,1.891,1.2,1.067,0.8,0,8500.0,0,0
Booked by Karan,"Booking confirmed ✅ 
Farm number 11

₹2000 advance received

18 Apr 2025 at 7:00 PM to 19 Apr 2025 at 6:00 PM
6 Persons Max
Rent: ₹5500
Deposit: ₹2000

Deposit Refund after check out.",2025-04-18 19:00:00,2025-04-19 18:00:00,2025-04-19 18:00:00,2025-04-17,14:54:25,23.0000000002328,0,0,1,,,,5500.0,6,24.0,24H Night,1,0.0,0, (Strict),False,5500.0,5500.0,0.0,6350.0,6.0,28.0,0.8571428571428571,0.9333333333333333,0.8571428571428571,4,0.8660254037844387,-0.49999999999999983,2025,3,16,107,0,0,Festival,False,Standard,Tier 2,High,1.0,0.0,0.0,,,False,False,Festival,0,7,7,0,0,0,0,1,summer,1,0,24H Night,24.0,1.0,24H,0,0.0,5500.0,1.0,0,1.0,1.0,0,1,0,Clear,0,Last Minute,0.0,26.0,20.0,60.0,4.2,25.0,60.0,75.0,6315.555555555556,5181.081081081081,5000.0,6315.555555555556,5917.64705882353,6315.555555555556,5000.0,0.9500000000000001,1,1.477,2158.33,4520.833333333333,4400.0,4520.833333333333,4400.0,577.8364193577901,24.0,1.0,4275.0,4750.0,0,0,0,0,0,0,0,0,1,0,0,0,0,0,1.0,0.20833333333333334,95.0,0.9183575073940534,-0.07619047619047625,35.43357507394053,0.0,1,5,1.891,1.2,1.067,0.8,0,8500.0,0,0
Booked by Hiren,"Booking confirmed ✅ 
Farm number 11

₹4000 advance received

+91 99248 29037
19 Apr 2025 at 7:00 PM to 20 Apr 2025 at 6:00 PM
10 Persons Max
Rent: ₹12000
Deposit: ₹2000

Deposit Refund after check out.",2025-04-19 19:00:00,2025-04-20 18:00:00,2025-04-20 18:00:00,2025-04-18,10:33:02,23.0000000002328,0,1,1,,,,12000.0,10,24.0,24H Night,1,0.0,0, (Strict),False,5500.0,5500.0,1.0,6850.0,7.0,27.0,1.0,0.9,1.0,4,0.8660254037844387,-0.49999999999999983,2025,4,16,108,1,0,Festival,False,Standard,Tier 2,High,1.0,0.0,0.0,,,False,False,Festival,0,7,7,1,0,0,0,1,summer,1,0,24H Night,24.0,1.0,24H,0,0.0,12000.0,1.0,0,1.0,1.0,0,1,0,Clear,0,Last Minute,0.0,26.0,20.0,60.0,4.2,25.0,100.0,75.0,6171.111111111111,11500.0,6491.428571428572,6171.111111111111,5726.470588235294,6171.111111111111,11500.0,0.91,1,1.477,2158.33,6679.166666666667,5200.0,6679.166666666667,5200.0,3224.90029056062,24.0,1.0,4200.0,10150.0,1,0,0,0,0,0,0,0,1,0,0,0,0,0,1.0,0.20833333333333334,95.0,1.1110987655692715,0.09999999999999998,57.36098765569272,0.0,1,5,1.891,1.2,1.067,0.8,0,8500.0,0,0
Booked by Meet Rakhasiya,"Booking confirmed ✅ 
Farm number 11

₹2000 advance received 

22 Apr 2025 at 7:00 PM to 23 Apr 2025 at 6:00 PM
5 Persons Max
Rent: ₹4500
Deposit: ₹2000

Deposit Refund after check out.",2025-04-22 19:00:00,2025-04-23 18:00:00,2025-04-23 18:00:00,2025-04-22,13:02:04,23.0000000002328,0,0,1,,,,4500.0,5,24.0,24H Night,0,0.0,0, (Strict),False,12000.0,5500.0,4.0,6800.0,5.0,26.0,0.7142857142857143,0.8666666666666667,0.7142857142857143,4,0.8660254037844387,-0.49999999999999983,2025,1,17,112,0,0,Festival,False,Standard,Tier 2,High,1.0,0.0,0.0,,,False,False,Festival,0,7,7,0,0,0,0,1,summer,1,0,24H Night,24.0,1.0,24H,0,0.0,4500.0,1.0,0,1.0,1.0,0,1,0,Clear,0,Same Day,0.0,26.0,20.0,60.0,4.2,25.0,60.0,75.0,6337.777777777777,5208.108108108108,5111.111111111111,6337.777777777777,5947.058823529412,6337.777777777777,5125.0,0.9500000000000001,1,1.477,2158.33,4520.833333333333,4400.0,4520.833333333333,4400.0,577.8364193577901,24.0,1.0,4275.0,4750.0,0,0,0,0,0,0,0,1,0,0,0,0,0,0,1.0,0.20833333333333334,95.0,0.8241663145645023,-0.1523809523809524,34.49166314564502,0.0,1,5,1.891,1.2,1.067,0.8,0,8500.0,0,0
Booked by Masi’s chokro,Rent: ₹5000,2025-05-01 19:00:00,2025-05-02 18:00:00,2025-05-02 18:00:00,2025-04-22,11:14:08,23.0000000002328,0,0,1,,,,5000.0,4,24.0,24H Night,9,0.0,0, (Strict),False,4500.0,12000.0,0.0,6000.0,6.0,27.0,0.8571428571428571,0.9,0.8571428571428571,4,0.8660254037844387,-0.49999999999999983,2025,1,17,112,0,0,Festival,False,Standard,Tier 2,High,1.0,0.0,0.0,,,False,False,Festival,0,7,7,0,0,0,0,1,summer,1,0,24H Night,24.0,1.0,24H,0,0.0,5000.0,1.0,0,1.0,1.0,0,1,0,Clear,2,Standard,0.0,26.0,20.0,60.0,4.2,25.0,60.0,90.0,6326.666666666667,5194.594594594595,5055.555555555556,6326.666666666667,6875.0,6326.666666666667,5055.555555555556,0.76,3,1.477,2158.33,4520.833333333333,4400.0,4520.833333333333,4400.0,577.8364193577901,24.0,1.0,4275.0,4750.0,0,0,0,0,0,0,0,0,0,0,1,0,0,0,1.0,0.20833333333333334,95.0,0.9523703704879469,-0.04285714285714293,35.773703704879466,0.0,1,5,1.891,1.2,1.067,0.8,0,8500.0,0,0
Booked by Vinay,"Booking confirmed ✅ 
Farm number 11

₹2000 advance received

23 Apr 2025 at 7:00 PM to 24 Apr 2025 at 7:00 AM
5 Persons Max
Rent: ₹3500
Deposit: ₹2000

Deposit Refund after check out.",2025-04-23 19:00:00,2025-04-24 07:00:00,2025-04-24 07:00:00,2025-04-23,17:26:04,12.0,0,0,1,,,,3500.0,5,12.0,12H Night,0,0.0,0, (Month),False,3000.0,1500.0,1.0,2330.0,6.0,28.0,0.8571428571428571,0.9333333333333333,0.8571428571428571,4,0.8660254037844387,-0.49999999999999983,2025,2,17,113,0,0,Festival,False,Standard,Tier 2,High,1.0,0.0,0.0,,,False,False,Festival,0,7,7,0,0,0,0,1,summer,1,0,12H Night,12.0,0.5,12H,0,0.0,7000.0,1.0,0,1.0,1.0,0,1,0,Clear,0,Same Day,0.0,26.0,20.0,60.0,4.2,25.0,60.0,75.0,3875.0,3875.0,3875.0,3875.0,3875.0,3875.0,3875.0,0.51,5,0.801,-746.0,3746.0,3470.0,3746.0,3470.0,791.5048957523888,5.0,1.0,3260.0,4000.0,0,0,0,0,0,0,0,1,0,0,0,0,0,0,1.0,0.20833333333333334,95.0,0.9183575073940534,-0.07619047619047625,35.43357507394053,0.0,1,5,1.891,1.2,1.067,0.8,0,8500.0,0,0
Booked by Vivek,"Booking confirmed ✅ 
Farm number 11

₹2000 advance received

+91 88667 89213
25 Apr 2025 at 7:00 PM to 26 Apr 2025 at 6:00 PM
8 Persons Max
Rent: ₹5500
Deposit: ₹2000

Deposit Refund after check out.",2025-04-25 19:00:00,2025-04-26 18:00:00,2025-04-26 18:00:00,2025-04-23,12:37:43,23.0000000002328,0,0,1,,,,5500.0,8,24.0,24H Night,2,0.0,0, (Strict),False,5000.0,4500.0,0.0,6050.0,7.0,29.0,1.0,0.9666666666666667,1.0,4,0.8660254037844387,-0.49999999999999983,2025,2,17,113,0,0,Festival,False,Standard,Tier 2,High,1.0,0.0,0.0,,,False,False,Festival,0,7,7,0,0,0,0,1,summer,1,0,24H Night,24.0,1.0,24H,0,0.0,5500.0,1.0,0,1.0,1.0,0,1,0,Clear,0,Last Minute,0.0,26.0,20.0,60.0,4.2,25.0,60.0,90.0,6315.555555555556,5181.081081081081,5000.0,6315.555555555556,5917.64705882353,6315.555555555556,5000.0,0.9500000000000001,1,1.477,2158.33,4520.833333333333,4400.0,4520.833333333333,4400.0,577.8364193577901,24.0,1.0,4275.0,4750.0,0,0,0,0,0,0,0,0,1,0,0,0,0,0,1.0,0.20833333333333334,95.0,1.0344720571856154,0.033333333333333326,36.59472057185616,0.0,1,5,1.891,1.2,1.067,0.8,0,8500.0,0,0
Booked by Chirag Desai,"Booking confirmed ✅ 
Farm number 11

₹1000 advance received

25 Apr 2025 at 12:00 PM to 25 Apr 2025 at 6:00 PM
3 Persons Max
Rent: ₹3000
Deposit: ₹1000

Deposit Refund after check out.",2025-04-25 12:00:00,2025-04-25 18:00:00,2025-04-25 18:00:00,2025-04-25,10:35:58,6.0,0,0,1,,,,3000.0,3,12.0,12H Day,0,0.0,0, (Strict),False,2500.0,2500.0,2.0,2650.0,5.0,26.0,0.7142857142857143,0.8666666666666667,0.7142857142857143,4,0.8660254037844387,-0.49999999999999983,2025,4,17,115,0,0,Festival,False,Standard,Tier 2,High,1.0,0.0,0.0,,,False,False,Festival,0,7,7,0,0,0,0,1,summer,1,0,12H Day,12.0,0.5,12H,0,0.0,6000.0,1.0,0,1.0,1.0,0,1,0,Clear,0,Same Day,0.0,26.0,20.0,60.0,4.2,25.0,60.0,75.0,3250.0,3250.0,3214.285714285714,3250.0,3142.8571428571427,3250.0,3214.285714285714,0.9400000000000001,1,1.281,860.0,3060.0,3000.0,3060.0,3000.0,620.8289389425813,15.0,1.0,2500.0,3450.0,0,0,0,0,0,0,0,1,0,0,0,0,0,0,1.0,0.20833333333333334,95.0,0.8241663145645023,-0.1523809523809524,34.49166314564502,0.0,1,5,1.891,1.2,1.067,0.8,0,8500.0,0,0
Booked by Darsh,"Booking confirmed ✅ 
Farm number 11

₹2000 advance received

28 Apr 2025 at 7:00 PM to 29 Apr 2025 at 6:00 PM
6 Persons Max
Rent: ₹5500
Deposit: ₹2000

Deposit Refund after check out.",2025-04-28 19:00:00,2025-04-29 18:00:00,2025-04-29 18:00:00,2025-04-26,23:06:47,23.0000000002328,0,0,1,,,,5500.0,6,24.0,24H Night,1,0.0,0, (Strict),False,5500.0,5000.0,1.0,6050.0,6.0,25.0,0.8571428571428571,0.8333333333333334,0.8571428571428571,4,0.8660254037844387,-0.49999999999999983,2025,5,17,116,0,0,Festival,False,Standard,Tier 2,High,1.0,0.0,0.0,,,False,False,Festival,0,7,7,0,0,0,0,1,summer,1,0,24H Night,24.0,1.0,24H,0,0.0,5500.0,1.0,0,1.0,1.0,0,1,0,Clear,0,Last Minute,0.0,26.0,20.0,60.0,4.2,25.0,60.0,75.0,6315.555555555556,5181.081081081081,5000.0,6315.555555555556,5917.64705882353,6315.555555555556,5000.0,0.9500000000000001,1,1.477,2158.33,4520.833333333333,4400.0,4520.833333333333,4400.0,577.8364193577901,24.0,1.0,4275.0,4750.0,0,0,1,0,0,0,0,0,1,0,0,0,0,0,1.0,0.20833333333333334,95.0,1.028559085862398,0.023809523809523725,36.53559085862398,0.0,1,5,1.891,1.2,1.067,0.8,0,8500.0,0,0
Booked by Santosh,"Booking confirmed ✅ 
Farm number 11

₹1000 advance received

28 Apr 2025 at 9:00 AM to 28 Apr 2025 at 6:00 PM
2 Persons Max
Rent: ₹3000
Deposit: ₹1000

Deposit Refund after check out.",2025-04-28 09:00:00,2025-04-28 18:00:00,2025-04-28 18:00:00,2025-04-27,22:52:40,9.0,0,0,1,,,,3000.0,2,12.0,Couple Half Day,0,0.0,0, (Strict),False,2000.0,2000.0,1.0,2100.0,7.0,24.0,1.0,0.8,1.0,4,0.8660254037844387,-0.49999999999999983,2025,6,17,117,0,0,Festival,False,Standard,Tier 2,High,1.0,0.0,0.0,,,False,False,Festival,0,7,7,0,0,0,0,1,summer,1,0,12H Day,12.0,0.5,12H,0,0.0,6000.0,1.0,0,1.0,1.0,1,0,0,Clear,0,Same Day,0.0,26.0,20.0,60.0,4.2,25.0,60.0,75.0,3250.0,3250.0,3312.5,3250.0,3142.8571428571427,3250.0,3083.3333333333335,0.93,1,1.281,860.0,3060.0,3000.0,3060.0,3000.0,620.8289389425813,15.0,1.0,2500.0,3450.0,0,0,0,1,0,0,0,1,0,0,0,0,0,0,1.0,0.20833333333333334,95.0,1.2499843751953101,0.19999999999999996,38.7498437519531,0.0,1,5,1.891,1.2,1.067,0.8,0,8500.0,0,0
Booked by Jenish Rana,"Booking confirmed ✅ 
Farm number 11

₹2000 advance received

+91 90163 85374
13 May 2025 at 7:00 PM to 14 May 2025 at 6:00 PM
14 Persons Max
Rent: ₹5500
Deposit: ₹2000

Deposit Refund after check out.",2025-05-13 19:00:00,2025-05-14 18:00:00,2025-05-14 18:00:00,2025-04-27,20:01:39,23.0000000002328,0,0,1,,,,5500.0,14,24.0,24H Night,15,0.0,0, (Strict),False,5500.0,5500.0,0.0,6050.0,8.0,25.0,1.0,0.8333333333333334,1.1428571428571428,4,0.8660254037844387,-0.49999999999999983,2025,6,17,117,0,0,Festival,False,Standard,Tier 2,High,1.0,0.0,0.0,,,False,False,Festival,0,7,7,0,0,0,0,1,summer,1,0,24H Night,24.0,1.0,24H,0,0.0,5500.0,1.0,0,1.0,1.0,0,0,1,Clear,2,Advance,0.0,26.0,20.0,60.0,4.2,25.0,60.0,95.0,6315.555555555556,5181.081081081081,6677.142857142857,6315.555555555556,9000.0,6315.555555555556,7500.0,0.9,1,1.477,2158.33,4520.833333333333,4400.0,4520.833333333333,4400.0,577.8364193577901,24.0,1.0,4275.0,4750.0,0,0,0,0,1,0,0,0,0,0,0,1,0,0,1.0,0.20833333333333334,95.0,1.3714121144831977,0.16666666666666663,39.96412114483198,0.0,1,5,1.891,1.2,1.067,0.8,0,8500.0,0,0
Booked by Girish,"Booking confirmed ✅ 
Farm number 11

₹2000 advanced received

30 Apr 2025 at 8:00 AM to 30 Apr 2025 at 6:00 PM
6 Persons Max
Rent: ₹4000
Deposit: ₹2000

Deposit Refund after check out.",2025-04-30 08:00:00,2025-04-30 18:00:00,2025-04-30 18:00:00,2025-04-29,18:12:50,9.99999999976717,0,0,1,,,,4000.0,6,12.0,12H Day,0,0.0,0, (Strict),False,3000.0,2500.0,2.0,2800.0,7.0,24.0,1.0,0.8,1.0,4,0.8660254037844387,-0.49999999999999983,2025,1,18,119,0,0,Festival,False,Standard,Tier 2,High,1.0,0.0,0.0,,,False,False,Festival,0,7,7,0,0,0,0,1,summer,1,0,12H Day,12.0,0.5,12H,0,0.0,8000.0,1.0,0,1.0,1.0,0,1,0,Clear,0,Same Day,0.0,26.0,20.0,60.0,4.2,25.0,60.0,75.0,3187.5,3187.5,3071.4285714285716,3187.5,3071.4285714285716,3187.5,3071.4285714285716,0.9400000000000001,1,1.281,860.0,3060.0,3000.0,3060.0,3000.0,620.8289389425813,15.0,1.0,2500.0,3450.0,0,0,0,0,0,0,0,1,0,0,0,0,0,0,1.0,0.20833333333333334,95.0,1.2499843751953101,0.19999999999999996,38.7498437519531,0.0,1,5,1.891,1.2,1.067,0.8,0,8500.0,0,0
Booked by Chintan,"Booking confirmed ✅ 
Farm number 11

₹1000 advance received

+91 8733-839699
30 Apr 2025 at 7:00 PM to 1 May 2025 at 6:00 PM
12 Persons Max
Rent: ₹5500
Deposit: ₹2000

Deposit Refund after check out.",2025-04-30 19:00:00,2025-05-01 18:00:00,2025-05-01 18:00:00,2025-04-29,18:44:33,23.0000000002328,0,0,1,,,,5500.0,12,24.0,24H Night,1,0.0,0, (Strict),False,5500.0,5500.0,0.0,6000.0,8.0,25.0,1.0,0.8333333333333334,1.1428571428571428,4,0.8660254037844387,-0.49999999999999983,2025,1,18,119,0,0,Festival,False,Standard,Tier 2,High,1.0,0.0,0.0,,,False,False,Festival,0,7,7,0,0,0,0,1,summer,1,0,24H Night,24.0,1.0,24H,0,0.0,5500.0,1.0,0,1.0,1.0,0,1,0,Clear,0,Last Minute,0.0,26.0,20.0,60.0,4.2,25.0,60.0,75.0,6315.555555555556,5181.081081081081,6677.142857142857,6315.555555555556,5917.64705882353,6315.555555555556,4885.0,1.0,1,1.477,2158.33,4520.833333333333,4400.0,4520.833333333333,4400.0,577.8364193577901,24.0,1.0,4275.0,4750.0,0,0,0,0,0,0,0,0,1,0,0,0,0,0,1.0,0.20833333333333334,95.0,1.3714121144831977,0.16666666666666663,39.96412114483198,0.0,1,5,1.891,1.2,1.067,0.8,0,8500.0,0,0
Booked by Manish Jadav,"Booking confirmed ✅ 
Farm number 11

₹5000 advanced received

3 May 2025 at 7:00 PM to 4 May 2025 at 6:00 PM
12 Persons Max
Rent: ₹12000
Deposit: ₹2000

Deposit Refund after check out.",2025-05-03 19:00:00,2025-05-04 18:00:00,2025-05-04 18:00:00,2025-05-01,09:13:45,23.0000000002328,0,1,1,,,,12000.0,12,24.0,24H Night,2,0.0,0, (Strict),False,5500.0,5500.0,2.0,6650.0,7.0,26.0,1.0,0.8666666666666667,1.0,5,0.49999999999999994,-0.8660254037844387,2025,3,18,121,1,0,Festival,False,Standard,Tier 2,High,1.0,0.0,0.0,,,False,False,Festival,0,7,7,1,0,1,1,1,summer,1,0,24H Night,24.0,1.0,24H,0,0.0,12000.0,1.0,0,1.0,1.0,0,1,0,Clear,0,Last Minute,0.0,26.0,20.0,60.0,4.2,25.0,100.0,90.0,6638.888888888889,12307.692307692309,6967.391304347826,6638.888888888889,6488.888888888889,6638.888888888889,12166.666666666666,0.93,1,1.534,2564.1,7366.666666666667,5400.0,7366.666666666667,5400.0,3740.2094415509227,33.0,1.0,4400.0,11200.0,0,0,0,0,0,0,0,0,1,0,0,0,0,0,1.0,0.2916666666666667,85.0,1.1538328403903033,0.1333333333333333,60.28832840390303,0.0,1,5,1.891,1.2,1.067,0.8,0,8500.0,0,0
Booked by Kavya,"Booking confirmed ✅ 
Farm number 11

₹2000 advance received 

6 May 2025 at 7:00 PM to 7 May 2025 at 6:00 PM
10 Persons Max
Rent: ₹5500
Deposit: ₹2000

Deposit Refund after check out.",2025-05-06 19:00:00,2025-05-07 18:00:00,2025-05-07 18:00:00,2025-05-03,23:07:34,23.0000000002328,0,0,1,,,,5500.0,10,24.0,24H Night,2,0.0,0, (Strict),False,12000.0,5500.0,2.0,6650.0,6.0,26.0,0.8571428571428571,0.8666666666666667,0.8571428571428571,5,0.49999999999999994,-0.8660254037844387,2025,5,18,123,0,0,Festival,False,Standard,Tier 2,High,1.0,0.0,0.0,,,False,False,Festival,0,7,7,0,0,1,1,1,summer,1,0,24H Night,24.0,1.0,24H,0,0.0,5500.0,1.0,0,1.0,1.0,0,1,0,Clear,0,Last Minute,0.0,26.0,20.0,60.0,4.2,25.0,60.0,90.0,6729.166666666667,5387.931034482759,7108.695652173913,6729.166666666667,6633.333333333333,6729.166666666667,5200.0,1.0,1,1.534,2564.1,4802.5641025641025,4600.0,4802.5641025641025,4600.0,1331.893622172104,39.0,1.0,4400.0,5300.0,0,0,1,0,0,0,0,0,1,0,0,0,0,0,1.0,0.2916666666666667,85.0,0.9889995774774027,-0.009523809523809601,38.63999577477403,0.0,1,5,1.891,1.2,1.067,0.8,0,8500.0,0,0
Booked by Jay,"Booking confirmed ✅ 
Farm number 11

₹2000 advance received

12 May 2025 at 7:00 PM to 13 May 2025 at 6:00 PM
20 Persons Max
Rent: ₹6000
Deposit: ₹2000

Deposit Refund after check out.",2025-05-12 19:00:00,2025-05-13 18:00:00,2025-05-13 18:00:00,2025-05-04,11:12:30,23.0000000002328,0,0,1,,,,6000.0,20,24.0,24H Night,8,0.0,0, (Strict),False,5500.0,12000.0,1.0,6700.0,5.0,27.0,0.7142857142857143,0.9,0.7142857142857143,5,0.49999999999999994,-0.8660254037844387,2025,6,18,124,0,0,Festival,False,Standard,Tier 2,High,1.0,0.0,0.0,,,False,False,Festival,0,7,7,0,0,1,1,1,summer,1,0,24H Night,24.0,1.0,24H,0,0.0,6000.0,1.0,0,1.0,1.0,0,0,1,Clear,2,Standard,0.0,26.0,20.0,60.0,4.2,25.0,60.0,90.0,6722.222222222223,5379.310344827586,6909.090909090909,6722.222222222223,6923.076923076923,6722.222222222223,5722.222222222223,0.76,3,1.534,2564.1,4802.5641025641025,4600.0,4802.5641025641025,4600.0,1331.893622172104,39.0,1.0,4400.0,5300.0,0,0,0,0,1,0,0,0,0,0,1,0,0,0,1.0,0.2916666666666667,85.0,0.7936419754066225,-0.18571428571428572,36.68641975406622,0.0,1,5,1.891,1.2,1.067,0.8,0,8500.0,0,0
Booked by Nayan,"Booking confirmed ✅ 
Farm number 11

₹2000 advance received

5 May 2025 at 8:00 AM to 5 May 2025 at 7:00 PM
15 Persons Max
Rent: ₹4500
Deposit: ₹2000

Deposit Refund after check out.",2025-05-05 08:00:00,2025-05-05 19:00:00,2025-05-05 19:00:00,2025-05-04,22:50:53,10.9999999995343,0,0,1,,,,4500.0,15,12.0,12H Day,0,0.0,0, (Strict),False,4000.0,3000.0,0.0,2950.0,6.0,28.0,0.8571428571428571,0.9333333333333333,0.8571428571428571,5,0.49999999999999994,-0.8660254037844387,2025,6,18,124,0,0,Festival,False,Standard,Tier 2,High,1.0,0.0,0.0,,,False,False,Festival,0,7,7,0,0,1,1,1,summer,1,0,12H Day,12.0,0.5,12H,0,0.0,9000.0,1.0,0,1.0,1.0,0,0,1,Clear,0,Same Day,0.0,26.0,20.0,60.0,4.2,25.0,60.0,75.0,3836.1111111111113,3836.1111111111113,4555.555555555556,3836.1111111111113,3440.625,3836.1111111111113,3857.1428571428573,0.9400000000000001,1,0.931,-228.57,3303.5714285714284,2950.0,3303.5714285714284,2950.0,1902.6766859949096,14.0,1.0,2175.0,3400.0,0,0,0,1,0,0,0,1,0,0,0,0,0,0,1.0,0.2916666666666667,85.0,0.9183575073940534,-0.07619047619047625,37.93357507394053,0.0,1,5,1.891,1.2,1.067,0.8,0,8500.0,0,0
Booked by Manoj Kachhadia,"Booking confirmed ✅ 
Farm number 11

₹1000 advance received 

6 May 2025 at 1:00 PM to 6 May 2025 at 6:00 PM
2 Persons Max
Rent: ₹2000
Deposit: ₹1000

Deposit Refund after check out.",2025-05-06 13:00:00,2025-05-06 18:00:00,2025-05-06 18:00:00,2025-05-06,12:26:50,5.00000000023283,0,0,1,,,,2000.0,2,12.0,Couple Half Day,0,0.0,2,"MAD, Percentile (Month)",True,3000.0,2000.0,2.0,2100.0,5.0,28.0,0.7142857142857143,0.9333333333333333,0.7142857142857143,5,0.49999999999999994,-0.8660254037844387,2025,1,19,126,0,0,Festival,False,Standard,Tier 2,High,1.0,0.0,0.0,,,False,False,Festival,0,7,7,0,0,1,1,1,summer,1,0,12H Day,12.0,0.5,12H,0,0.0,4000.0,1.0,0,1.0,1.0,1,0,0,Clear,0,Same Day,0.0,26.0,20.0,60.0,4.2,25.0,60.0,75.0,3975.0,3975.0,3750.0,3975.0,3596.875,3975.0,3975.0,0.6,5,0.931,-228.57,3303.5714285714284,2950.0,3303.5714285714284,2950.0,1902.6766859949096,14.0,1.0,2175.0,3400.0,0,0,0,0,0,0,0,1,0,0,0,0,0,0,1.0,0.2916666666666667,85.0,0.7652979228283779,-0.21904761904761905,36.40297922828378,0.0,1,5,1.891,1.2,1.067,0.8,0,8500.0,0,0
Booked by Rahul chauhan,"Booking confirmed ✅ 

9 May 2025 at 7:00 PM to 10 May 2025 at 10:00 AM
10 Persons Max
Rent: ₹3000
Deposit: ₹1000

Deposit Refund after check out.",2025-05-09 19:00:00,2025-05-10 10:00:00,2025-05-10 10:00:00,2025-05-08,21:41:09,15.0,0,0,1,,,,3000.0,10,12.0,24H Night,0,0.0,2,"MAD, IQR (Strict)",True,6000.0,5500.0,2.0,5800.0,5.0,29.0,0.7142857142857143,0.9666666666666667,0.7142857142857143,5,0.49999999999999994,-0.8660254037844387,2025,3,19,128,0,0,Festival,False,Standard,Tier 2,High,1.0,0.0,0.0,,,False,False,Festival,0,7,7,0,0,1,1,1,summer,1,0,24H Night,24.0,0.5,12H,0,0.0,6000.0,1.0,0,0.5,0.95,0,1,0,Clear,0,Same Day,0.0,26.0,20.0,60.0,4.2,25.0,60.0,75.0,6763.888888888889,5431.0344827586205,7163.04347826087,6763.888888888889,6688.888888888889,6763.888888888889,5325.0,1.0,1,1.534,2564.1,4802.5641025641025,4600.0,4802.5641025641025,4600.0,1331.893622172104,39.0,1.0,4400.0,5300.0,0,0,0,0,0,0,0,1,0,0,0,0,0,0,1.0,0.2916666666666667,85.0,0.7389086122754396,-0.2523809523809524,36.13908612275439,0.0,1,5,1.891,1.2,1.067,0.8,0,8500.0,0,0
Naitik pandya,"
10 May 2025 at 10:00 AM to 10 May 2025 at 6:00 PM
7 Persons Max
Rent: ₹2000
Deposit: ₹1000

Deposit Refund after check out.",2025-05-10 10:00:00,2025-05-10 18:00:00,2025-05-10 18:00:00,2025-05-09,18:49:00,8.00000000023283,0,0,1,,,,2000.0,7,12.0,12H Day,0,0.0,0, (Strict),False,4500.0,4000.0,1.0,2900.0,6.0,26.0,0.8571428571428571,0.8666666666666667,0.8571428571428571,5,0.49999999999999994,-0.8660254037844387,2025,4,19,129,0,0,Festival,False,Standard,Tier 2,High,1.0,0.0,0.0,,,False,False,Festival,0,7,7,0,0,1,1,1,summer,1,0,12H Day,12.0,0.5,12H,0,0.0,4000.0,1.0,0,1.0,1.0,0,1,0,Clear,0,Same Day,0.0,26.0,20.0,60.0,4.2,25.0,60.0,75.0,3975.0,3975.0,3500.0,3975.0,3596.875,3975.0,3500.0,0.9,1,0.931,-228.57,3303.5714285714284,2950.0,3303.5714285714284,2950.0,1902.6766859949096,14.0,1.0,2175.0,3400.0,0,0,0,0,0,0,0,1,0,0,0,0,0,0,1.0,0.2916666666666667,85.0,0.9889995774774027,-0.009523809523809601,38.63999577477403,0.0,1,5,1.891,1.2,1.067,0.8,0,8500.0,0,0
Booked by Renish gajera,"
10 May 2025 at 7:00 PM to 11 May 2025 at 6:00 PM
12 Persons Max
Rent: ₹10000
Deposit: ₹2000

Deposit Refund after check out.",2025-05-10 19:00:00,2025-05-11 18:00:00,2025-05-11 18:00:00,2025-05-09,23:16:22,23.0000000002328,0,1,1,,,,10000.0,12,24.0,24H Night,0,0.0,0, (Strict),False,3000.0,6000.0,0.0,6350.0,7.0,27.0,1.0,0.9,1.0,5,0.49999999999999994,-0.8660254037844387,2025,4,19,129,1,0,Festival,False,Standard,Tier 2,High,1.0,0.0,0.0,,,False,False,Festival,0,7,7,1,0,1,1,1,summer,1,0,24H Night,24.0,1.0,24H,0,0.0,10000.0,1.0,0,1.0,1.0,0,1,0,Clear,0,Same Day,0.0,26.0,20.0,60.0,4.2,25.0,100.0,75.0,6666.666666666667,12461.538461538461,7010.869565217391,6666.666666666667,6533.333333333333,6666.666666666667,12500.0,0.93,1,1.534,2564.1,7366.666666666667,5400.0,7366.666666666667,5400.0,3740.2094415509227,33.0,1.0,4400.0,11200.0,1,0,0,0,0,0,0,1,0,0,0,0,0,0,1.0,0.2916666666666667,85.0,1.1110987655692715,0.09999999999999998,59.86098765569272,0.0,1,5,1.891,1.2,1.067,0.8,0,8500.0,0,0
Booked by Savaliya M L,"Booking confirmed ✅ 

8 May 2025 at 10:00 PM to 9 May 2025 at 9:00 AM
12 Persons Max
Rent: ₹2500
Deposit: ₹1000

Deposit Refund after check out.",2025-05-08 22:00:00,2025-05-09 09:00:00,2025-05-09 09:00:00,2025-05-09,01:59:54,11.0000000002328,0,0,1,,,,2500.0,12,12.0,12H Night,0,0.0,0, (Month),False,3500.0,3000.0,0.0,2380.0,8.0,28.0,1.0,0.9333333333333333,1.1428571428571428,5,0.49999999999999994,-0.8660254037844387,2025,4,19,129,0,0,Festival,False,Standard,Tier 2,High,1.0,0.0,0.0,,,False,False,Festival,0,7,7,0,0,1,1,1,summer,1,0,12H Night,12.0,0.5,12H,0,0.0,5000.0,1.0,0,1.0,1.0,0,1,0,Clear,0,Same Day,0.0,26.0,20.0,60.0,4.2,25.0,60.0,75.0,3416.6666666666665,3416.6666666666665,3625.0,3416.6666666666665,3416.6666666666665,3416.6666666666665,3625.0,0.91,1,1.627,1529.17,2437.5,2130.0,2437.5,2130.0,952.7635243507874,4.0,0.8,1917.5,2650.0,1,0,0,0,0,0,0,1,0,0,0,0,0,0,1.0,0.2916666666666667,85.0,1.2244766765254045,0.06666666666666665,40.99476676525404,0.0,1,5,1.891,1.2,1.067,0.8,0,8500.0,0,0
Booked by Lalkrushan,"Booking confirmed ✅ 

₹2000 Advance received 

15 May 2025 at 7:00 PM to 17 May 2025 at 6:00 PM
15 Persons Max
Rent: ₹10000
Deposit: ₹2000

Deposit Refund after check out.",2025-05-15 19:00:00,2025-05-17 18:00:00,2025-05-17 18:00:00,2025-05-11,15:46:41,47.0000000002328,0,0,1,,,,10000.0,15,24.0,Extended Day,4,0.0,2,"MAD, IQR (Month)",True,5500.0,6500.0,2.0,8111.111111111111,6.0,27.0,0.8571428571428571,0.9,0.8571428571428571,5,0.49999999999999994,-0.8660254037844387,2025,6,19,131,0,0,Festival,False,Standard,Tier 2,High,1.0,0.0,0.0,,,False,False,Festival,0,7,7,0,0,1,1,1,summer,1,0,12H Day,12.0,1.0,24H,0,0.0,10000.0,1.0,0,1.0,1.0,0,0,1,Clear,1,Standard,0.0,26.0,20.0,60.0,4.2,25.0,60.0,90.0,3530.5555555555557,3530.5555555555557,3944.4444444444443,3530.5555555555557,4000.0,3530.5555555555557,3944.4444444444443,0.76,3,0.931,-228.57,3303.5714285714284,2950.0,3303.5714285714284,2950.0,1902.6766859949096,14.0,1.0,2175.0,3400.0,0,0,0,1,0,0,0,0,0,1,0,0,0,0,1.0,0.2916666666666667,85.0,0.9523703704879469,-0.04285714285714293,38.273703704879466,0.0,1,5,1.891,1.2,1.067,0.8,0,8500.0,0,0
Booked by Bhavesh rana,"Booking confirmed 

₹5000 advance received 

15 Persons Max
Rent: ₹11500
Deposit: ₹2000

Deposit Refund after check out.",2025-05-17 19:00:00,2025-05-18 18:00:00,2025-05-18 18:00:00,2025-05-11,18:55:15,23.0000000002328,0,1,1,,,,11500.0,15,24.0,24H Night,6,0.0,0, (Strict),False,10000.0,3000.0,0.0,7000.0,7.0,28.0,1.0,0.9333333333333333,1.0,5,0.49999999999999994,-0.8660254037844387,2025,6,19,131,1,0,Festival,False,Standard,Tier 2,High,1.0,0.0,0.0,,,False,False,Festival,0,7,7,1,0,1,1,1,summer,1,0,24H Night,24.0,1.0,24H,0,0.0,11500.0,1.0,0,1.0,1.0,0,0,1,Clear,1,Standard,0.0,26.0,20.0,60.0,4.2,25.0,100.0,90.0,6645.833333333333,12346.153846153846,6978.260869565217,6645.833333333333,6711.538461538462,6645.833333333333,13666.666666666666,0.9,1,1.534,2564.1,7366.666666666667,5400.0,7366.666666666667,5400.0,3740.2094415509227,33.0,1.0,4400.0,11200.0,0,0,0,0,1,0,0,0,0,1,0,0,0,0,1.0,0.2916666666666667,85.0,1.071417091959729,0.06666666666666665,59.464170919597294,0.0,1,5,1.891,1.2,1.067,0.8,0,8500.0,0,0
Booked by Jay kunvariya,"Booking confirmed ✅ 

12 May 2025 at 11:00 AM to 12 May 2025 at 5:00 PM
2 Persons Max
Rent: ₹2000
Deposit: ₹1000

Deposit Refund after check out.",2025-05-12 11:00:00,2025-05-12 17:00:00,2025-05-12 17:00:00,2025-05-12,10:19:43,6.0,0,0,1,,,,2000.0,2,12.0,Couple Half Day,0,0.0,2,"MAD, Percentile (Month)",True,2000.0,3000.0,1.0,2100.0,8.0,29.0,1.0,0.9666666666666667,1.1428571428571428,5,0.49999999999999994,-0.8660254037844387,2025,0,20,132,0,0,Festival,False,Standard,Tier 2,High,1.0,0.0,0.0,,,False,False,Festival,0,7,7,0,0,1,1,1,summer,1,0,12H Day,12.0,0.5,12H,0,0.0,4000.0,1.0,0,1.0,1.0,1,0,0,Clear,0,Same Day,0.0,26.0,20.0,60.0,4.2,25.0,60.0,75.0,3975.0,3975.0,3750.0,3975.0,3596.875,3975.0,3975.0,0.6,5,0.931,-228.57,3303.5714285714284,2950.0,3303.5714285714284,2950.0,1902.6766859949096,14.0,1.0,2175.0,3400.0,0,0,0,0,0,0,0,1,0,0,0,0,0,0,1.0,0.2916666666666667,85.0,1.182253779640703,0.033333333333333326,40.57253779640703,0.0,1,5,1.891,1.2,1.067,0.8,0,8500.0,0,0
Booked by Mayur,"₹2000 advance received 
8 Persons Max
Rent: ₹4000
Deposit: ₹2000

Deposit Refund after check out.",2025-05-15 08:00:00,2025-05-15 18:00:00,2025-05-15 18:00:00,2025-05-12,18:09:13,9.99999999976717,0,0,1,,,,4000.0,8,12.0,12H Day,2,0.0,0, (Strict),False,2000.0,4500.0,0.0,3150.0,9.0,30.0,1.0,1.0,1.2857142857142858,5,0.49999999999999994,-0.8660254037844387,2025,0,20,132,0,0,Festival,False,Standard,Tier 2,High,1.0,0.0,0.0,,,False,False,Festival,0,7,7,0,0,1,1,1,summer,1,0,12H Day,12.0,0.5,12H,0,0.0,8000.0,1.0,0,1.0,1.0,0,1,0,Clear,0,Last Minute,0.0,26.0,20.0,60.0,4.2,25.0,60.0,90.0,3863.8888888888887,3863.8888888888887,2833.3333333333335,3863.8888888888887,3471.875,3863.8888888888887,2833.3333333333335,0.9,1,0.931,-228.57,3303.5714285714284,2950.0,3303.5714285714284,2950.0,1902.6766859949096,14.0,1.0,2175.0,3400.0,0,0,0,0,0,0,0,0,1,0,0,0,0,0,1.0,0.2916666666666667,85.0,1.2857014286999988,0.0,41.60701428699999,0.0,1,5,1.891,1.2,1.067,0.8,0,8500.0,0,0
Booked by Mayank shukla,"Booking confirmed ✅ 
Farm number 11

₹2000 advance received 

15 Persons Max
Rent: ₹5000
Deposit: ₹2000

Deposit Refund after check out.",2025-05-20 19:00:00,2025-05-21 18:00:00,2025-05-21 18:00:00,2025-05-14,15:01:24,23.0000000002328,0,0,1,,,,5000.0,15,24.0,24H Night,6,0.0,0, (Strict),False,11500.0,10000.0,2.0,6950.0,9.0,30.0,1.0,1.0,1.2857142857142858,5,0.49999999999999994,-0.8660254037844387,2025,2,20,134,0,0,Festival,False,Standard,Tier 2,High,1.0,0.0,0.0,,,False,False,Festival,0,7,7,0,0,1,1,1,summer,1,0,24H Night,24.0,1.0,24H,0,0.0,5000.0,1.0,0,1.0,1.0,0,0,1,Clear,1,Standard,0.0,26.0,20.0,60.0,4.2,25.0,60.0,90.0,6736.111111111111,5396.551724137931,7119.565217391304,6736.111111111111,6961.538461538462,6736.111111111111,5750.0,1.0,1,1.534,2564.1,4802.5641025641025,4600.0,4802.5641025641025,4600.0,1331.893622172104,39.0,1.0,4400.0,5300.0,0,0,0,0,0,0,0,0,0,1,0,0,0,0,1.0,0.2916666666666667,85.0,1.2857014286999988,0.0,41.60701428699999,0.0,1,5,1.891,1.2,1.067,0.8,0,8500.0,0,0
Booked by Dhruv Ghodani,"Booking confirmed ✅ 
₹1000 Advance received 

14 May 2025 at 7:00 PM to 15 May 2025 at 7:00 AM
15 Persons Max
Rent: ₹2000
Deposit: ₹1000

Deposit Refund after check out.",2025-05-14 19:00:00,2025-05-15 07:00:00,2025-05-15 07:00:00,2025-05-14,13:18:21,12.0,0,0,1,,,,2000.0,15,12.0,12H Night,0,0.0,2,"MAD, Percentile (Month)",True,2500.0,3500.0,0.0,2380.0,10.0,31.0,1.0,1.0,1.4285714285714286,5,0.49999999999999994,-0.8660254037844387,2025,2,20,134,0,0,Festival,False,Standard,Tier 2,High,1.0,0.0,0.0,,,False,False,Festival,0,7,7,0,0,1,1,1,summer,1,0,12H Night,12.0,0.5,12H,0,0.0,4000.0,1.0,0,1.0,1.0,0,0,1,Clear,0,Same Day,0.0,26.0,20.0,60.0,4.2,25.0,60.0,75.0,3500.0,3500.0,3750.0,3500.0,3500.0,3500.0,3750.0,0.91,1,1.627,1529.17,2437.5,2130.0,2437.5,2130.0,952.7635243507874,4.0,0.8,1917.5,2650.0,0,0,0,0,0,0,0,1,0,0,0,0,0,0,1.0,0.2916666666666667,85.0,1.3824751004713778,0.0,42.574751004713775,0.0,1,5,1.891,1.2,1.067,0.8,0,8500.0,0,0
Booked by Jayakantbhai ,"
₹2000 advance received 

18 Persons Max
Rent: ₹5500
Deposit: ₹2000
",2025-05-19 19:00:00,2025-05-20 18:00:00,2025-05-20 18:00:00,2025-05-16,22:43:29,23.0000000002328,0,0,1,,,,5500.0,18,24.0,24H Night,2,0.0,0, (Strict),False,5000.0,11500.0,2.0,6950.0,7.0,29.0,1.0,0.9666666666666667,1.0,5,0.49999999999999994,-0.8660254037844387,2025,4,20,136,0,0,Festival,False,Standard,Tier 2,High,1.0,0.0,0.0,,,False,False,Festival,0,7,7,0,0,1,1,1,summer,1,0,24H Night,24.0,1.0,24H,0,0.0,5500.0,1.0,0,1.0,1.0,0,0,1,Clear,0,Last Minute,0.0,26.0,20.0,60.0,4.2,25.0,60.0,90.0,6729.166666666667,5387.931034482759,6954.545454545455,6729.166666666667,6633.333333333333,6729.166666666667,5750.0,0.93,1,1.534,2564.1,4802.5641025641025,4600.0,4802.5641025641025,4600.0,1331.893622172104,39.0,1.0,4400.0,5300.0,1,0,0,0,0,0,0,0,1,0,0,0,0,0,1.0,0.2916666666666667,85.0,1.0344720571856154,0.033333333333333326,39.09472057185616,0.0,1,5,1.891,1.2,1.067,0.8,0,8500.0,0,0
Booked by Sagar Sabhaya,"
₹2000 advance received 

22 Persons Max
Rent: ₹5000
Deposit: ₹2000
",2025-05-18 19:00:00,2025-05-19 18:00:00,2025-05-19 18:00:00,2025-05-16,13:25:13,23.0000000002328,0,0,1,,,,5000.0,22,24.0,24H Night,2,0.0,0, (Strict),False,5500.0,5000.0,0.0,6900.0,8.0,30.0,1.0,1.0,1.1428571428571428,5,0.49999999999999994,-0.8660254037844387,2025,4,20,136,0,0,Festival,False,Standard,Tier 2,High,1.0,0.0,0.0,,,False,False,Festival,0,7,7,0,0,1,1,1,summer,1,0,24H Night,24.0,1.0,24H,0,0.0,5000.0,1.0,0,1.0,1.0,0,0,1,Clear,0,Last Minute,0.0,26.0,20.0,60.0,4.2,25.0,60.0,90.0,6736.111111111111,5396.551724137931,7000.0,6736.111111111111,6644.444444444444,6736.111111111111,5833.333333333333,0.93,1,1.534,2564.1,4802.5641025641025,4600.0,4802.5641025641025,4600.0,1331.893622172104,39.0,1.0,4400.0,5300.0,1,0,0,0,0,0,0,0,1,0,0,0,0,0,1.0,0.2916666666666667,85.0,1.1428457143999988,0.0,40.178457143999985,0.0,1,5,1.891,1.2,1.067,0.8,0,8500.0,0,0
Booked by Dinesh joshi,"₹2000 advance received 

8 Persons Max
Rent: ₹5000
Deposit: ₹2000",2025-05-21 19:00:00,2025-05-22 18:00:00,2025-05-22 18:00:00,2025-05-18,16:55:09,23.0000000002328,0,0,1,,,,5000.0,8,24.0,24H Night,3,0.0,0, (Strict),False,5000.0,5500.0,2.0,6850.0,7.0,28.0,1.0,0.9333333333333333,1.0,5,0.49999999999999994,-0.8660254037844387,2025,6,20,138,0,0,Festival,False,Standard,Tier 2,High,1.0,0.0,0.0,,,False,False,Festival,0,7,7,0,0,1,1,1,summer,1,0,24H Night,24.0,1.0,24H,0,0.0,5000.0,1.0,0,1.0,1.0,0,1,0,Clear,1,Last Minute,0.0,26.0,20.0,60.0,4.2,25.0,60.0,90.0,6736.111111111111,5396.551724137931,5423.076923076923,6736.111111111111,6644.444444444444,6736.111111111111,4285.714285714285,0.9400000000000001,1,1.534,2564.1,4802.5641025641025,4600.0,4802.5641025641025,4600.0,1331.893622172104,39.0,1.0,4400.0,5300.0,0,0,0,0,1,0,0,0,1,0,0,0,0,0,1.0,0.2916666666666667,85.0,1.071417091959729,0.06666666666666665,39.464170919597294,0.0,1,5,1.891,1.2,1.067,0.8,0,8500.0,0,0
Booked by Fenil Gopani,"
₹2000 advance received 

20 Persons Max
Rent: ₹5500
Deposit: ₹2000
",2025-05-22 19:00:00,2025-05-23 18:00:00,2025-05-23 18:00:00,2025-05-19,18:24:41,23.0000000002328,0,0,1,,,,5500.0,20,24.0,24H Night,3,0.0,0, (Strict),False,5000.0,5000.0,1.0,6200.0,6.0,29.0,0.8571428571428571,0.9666666666666667,0.8571428571428571,5,0.49999999999999994,-0.8660254037844387,2025,0,21,139,0,0,Festival,False,Standard,Tier 2,High,1.0,0.0,0.0,,,False,False,Festival,0,7,7,0,0,1,1,1,summer,1,0,24H Night,24.0,1.0,24H,0,0.0,5500.0,1.0,0,1.0,1.0,0,0,1,Clear,1,Last Minute,0.0,26.0,20.0,60.0,4.2,25.0,60.0,90.0,6729.166666666667,5387.931034482759,6954.545454545455,6729.166666666667,6633.333333333333,6729.166666666667,5750.0,0.93,1,1.534,2564.1,4802.5641025641025,4600.0,4802.5641025641025,4600.0,1331.893622172104,39.0,1.0,4400.0,5300.0,0,0,0,0,0,0,0,0,1,0,0,0,0,0,1.0,0.2916666666666667,85.0,0.8866903347305274,-0.10952380952380958,37.616903347305275,0.0,1,5,1.891,1.2,1.067,0.8,0,8500.0,0,0
Booked by Saurav Rajput,"Booking confirmed ✅ 
₹500 advance received 

8 Persons Max
Rent: ₹2500
Deposit: ₹1000
",2025-05-23 19:00:00,2025-05-24 08:00:00,2025-05-24 08:00:00,2025-05-21,21:35:22,13.0000000004657,0,0,1,,,,2500.0,8,12.0,24H Night,1,0.0,3,"MAD, IQR, Percentile (Strict)",True,5500.0,5000.0,2.0,5900.0,5.0,30.0,0.7142857142857143,1.0,0.7142857142857143,5,0.49999999999999994,-0.8660254037844387,2025,2,21,141,0,0,Festival,False,Standard,Tier 2,High,1.0,0.0,0.0,,,False,False,Festival,0,7,7,0,0,1,1,1,summer,1,0,24H Night,24.0,0.5,12H,0,0.0,5000.0,1.0,0,0.5,0.95,0,1,0,Clear,0,Last Minute,0.0,26.0,20.0,60.0,4.2,25.0,60.0,75.0,6770.833333333333,5439.6551724137935,5615.384615384615,6770.833333333333,6700.0,6770.833333333333,4642.857142857143,0.9400000000000001,1,1.534,2564.1,4802.5641025641025,4600.0,4802.5641025641025,4600.0,1331.893622172104,39.0,1.0,4400.0,5300.0,0,0,0,0,0,0,0,0,1,0,0,0,0,0,1.0,0.2916666666666667,85.0,0.7142785714999993,-0.2857142857142857,35.892785714999995,0.0,1,5,1.891,1.2,1.067,0.8,0,8500.0,0,0
Booked by Miten savani,"Booking confirmed ✅ 

₹2000 advance received 

4 Persons Max
Rent: ₹3500
Deposit: ₹1000
",2025-05-24 08:30:00,2025-05-24 18:00:00,2025-05-24 18:00:00,2025-05-21,14:20:54,9.50000000023283,0,0,1,,,,3500.0,4,12.0,12H Day,2,0.0,0, (Strict),False,4000.0,2000.0,0.0,3150.0,6.0,31.0,0.8571428571428571,1.0,0.8571428571428571,5,0.49999999999999994,-0.8660254037844387,2025,2,21,141,0,0,Festival,False,Standard,Tier 2,High,1.0,0.0,0.0,,,False,False,Festival,0,7,7,0,0,1,1,1,summer,1,0,12H Day,12.0,0.5,12H,0,0.0,7000.0,1.0,0,1.0,1.0,0,1,0,Clear,0,Last Minute,0.0,26.0,20.0,60.0,4.2,25.0,60.0,90.0,3891.6666666666665,3891.6666666666665,3000.0,3891.6666666666665,3503.125,3891.6666666666665,3000.0,0.9,1,0.931,-228.57,3303.5714285714284,2950.0,3303.5714285714284,2950.0,1902.6766859949096,14.0,1.0,2175.0,3400.0,0,0,0,0,0,0,0,0,1,0,0,0,0,0,1.0,0.2916666666666667,85.0,0.8294850602828265,-0.1428571428571429,37.04485060282826,0.0,1,5,1.891,1.2,1.067,0.8,0,8500.0,0,0
Booked by Vraj Beladiya,"
₹5000 advance received 

20 Persons Max
Rent: ₹11000
Deposit: ₹2000
",2025-05-24 19:00:00,2025-05-25 18:00:00,2025-05-25 18:00:00,2025-05-22,21:21:34,23.0000000002328,0,1,1,,,,11000.0,20,24.0,24H Night,1,0.0,0, (Strict),False,2500.0,5500.0,1.0,6400.0,7.0,30.0,1.0,1.0,1.0,5,0.49999999999999994,-0.8660254037844387,2025,3,21,142,1,0,Festival,False,Standard,Tier 2,High,1.0,0.0,0.0,,,False,False,Festival,0,7,7,1,0,1,1,1,summer,1,0,24H Night,24.0,1.0,24H,0,0.0,11000.0,1.0,0,1.0,1.0,0,0,1,Clear,0,Last Minute,0.0,26.0,20.0,60.0,4.2,25.0,100.0,75.0,6652.777777777777,12384.615384615385,6454.545454545455,6652.777777777777,6511.111111111111,6652.777777777777,12384.615384615385,0.6,5,1.534,2564.1,7366.666666666667,5400.0,7366.666666666667,5400.0,3740.2094415509227,33.0,1.0,4400.0,11200.0,0,0,0,0,0,0,0,0,1,0,0,0,0,0,1.0,0.2916666666666667,85.0,0.9999900000999989,0.0,58.749900000999986,0.0,1,5,1.891,1.2,1.067,0.8,0,8500.0,0,0
Booked by Dhaval,"
Farm number 11
₹500 advance received 

18 Persons Max
Rent: ₹2550
Deposit: ₹500

₹3000 -150(vasan)-300

Deposit Refund after check out.",2025-05-26 09:00:00,2025-05-26 18:00:00,2025-05-26 18:00:00,2025-05-23,17:00:20,9.0,0,0,1,,,,2550.0,18,12.0,12H Day,2,0.0,0, (Strict),False,3500.0,4000.0,1.0,3105.0,6.0,29.0,0.8571428571428571,0.9666666666666667,0.8571428571428571,5,0.49999999999999994,-0.8660254037844387,2025,4,21,143,0,0,Festival,False,Standard,Tier 2,High,1.0,0.0,0.0,,,False,False,Festival,0,7,7,0,0,1,1,1,summer,1,0,12H Day,12.0,0.5,12H,0,0.0,5100.0,1.0,0,1.0,1.0,0,0,1,Clear,0,Last Minute,0.0,26.0,20.0,60.0,4.2,25.0,60.0,90.0,3944.4444444444443,3944.4444444444443,3500.0,3944.4444444444443,3562.5,3944.4444444444443,3944.4444444444443,0.6,5,0.931,-228.57,3303.5714285714284,2950.0,3303.5714285714284,2950.0,1902.6766859949096,14.0,1.0,2175.0,3400.0,0,0,0,0,0,0,0,0,1,0,0,0,0,0,1.0,0.2916666666666667,85.0,0.8866903347305274,-0.10952380952380958,37.616903347305275,0.0,1,5,1.891,1.2,1.067,0.8,0,8500.0,0,0
Booked by Sujit,"
₹1000 advance received 

10 Persons Max
Rent: ₹2500
Deposit: ₹1000
",2025-05-25 19:00:00,2025-05-26 08:00:00,2025-05-26 08:00:00,2025-05-24,19:47:32,13.0000000004657,0,0,1,,,,2500.0,10,12.0,24H Night,0,0.0,3,"MAD, IQR, Percentile (Strict)",True,11000.0,2500.0,1.0,6350.0,7.0,30.0,1.0,1.0,1.0,5,0.49999999999999994,-0.8660254037844387,2025,5,21,144,0,0,Festival,False,Standard,Tier 2,High,1.0,0.0,0.0,,,False,False,Festival,0,7,7,0,0,1,1,1,summer,1,0,24H Night,24.0,0.5,12H,0,0.0,5000.0,1.0,0,0.5,0.95,0,1,0,Clear,0,Same Day,0.0,26.0,20.0,60.0,4.2,25.0,60.0,75.0,6770.833333333333,5439.6551724137935,7173.913043478261,6770.833333333333,6700.0,6770.833333333333,5350.0,1.0,1,1.534,2564.1,4802.5641025641025,4600.0,4802.5641025641025,4600.0,1331.893622172104,39.0,1.0,4400.0,5300.0,0,0,1,0,0,0,0,1,0,0,0,0,0,0,1.0,0.2916666666666667,85.0,0.9999900000999989,0.0,38.749900000999986,0.0,1,5,1.891,1.2,1.067,0.8,0,8500.0,0,0
Booked by Sanjay,"Booking confirmed ✅ 
₹2000 advance received

5 Jun 2025 at 7:00 PM to 6 Jun 2025 at 6:00 PM
12 Persons Max
Rent: ₹5500
Deposit: ₹2000

Deposit Refund after check out.",2025-06-05 19:00:00,2025-06-06 18:00:00,2025-06-06 18:00:00,2025-05-25,20:50:29,23.0000000002328,0,0,1,,,,5500.0,12,24.0,24H Night,10,0.0,0, (Strict),False,2500.0,11000.0,1.0,5900.0,7.0,30.0,1.0,1.0,1.0,5,0.49999999999999994,-0.8660254037844387,2025,6,21,145,0,0,Festival,False,Standard,Tier 2,High,1.0,0.0,0.0,,,False,False,Festival,0,7,7,0,0,1,1,1,summer,1,0,24H Night,24.0,1.0,24H,0,0.0,5500.0,1.0,0,1.0,1.0,0,1,0,Clear,2,Standard,0.0,26.0,20.0,60.0,4.2,25.0,60.0,90.0,6729.166666666667,5387.931034482759,7108.695652173913,6729.166666666667,6942.307692307692,6729.166666666667,5714.285714285715,1.0,1,1.534,2564.1,4802.5641025641025,4600.0,4802.5641025641025,4600.0,1331.893622172104,39.0,1.0,4400.0,5300.0,0,0,0,0,1,0,0,0,0,0,1,0,0,0,1.0,0.2916666666666667,85.0,0.9999900000999989,0.0,38.749900000999986,0.0,1,5,1.891,1.2,1.067,0.8,0,8500.0,0,0
Booked by Shravan Ankur,"
Farm number 11

₹1000 advance received

9 Persons Max
Rent: ₹3500
Deposit: ₹2000

Deposit Refund after check out.",2025-05-27 09:00:00,2025-05-27 18:00:00,2025-05-27 18:00:00,2025-05-25,12:51:28,9.0,0,0,1,,,,3500.0,9,12.0,12H Day,1,0.0,0, (Strict),False,2550.0,3500.0,0.0,3205.0,8.0,31.0,1.0,1.0,1.1428571428571428,5,0.49999999999999994,-0.8660254037844387,2025,6,21,145,0,0,Festival,False,Standard,Tier 2,High,1.0,0.0,0.0,,,False,False,Festival,0,7,7,0,0,1,1,1,summer,1,0,12H Day,12.0,0.5,12H,0,0.0,7000.0,1.0,0,1.0,1.0,0,1,0,Clear,0,Last Minute,0.0,26.0,20.0,60.0,4.2,25.0,60.0,75.0,3891.6666666666665,3891.6666666666665,4666.666666666667,3891.6666666666665,3503.125,3891.6666666666665,4000.0,0.9400000000000001,1,0.931,-228.57,3303.5714285714284,2950.0,3303.5714285714284,2950.0,1902.6766859949096,14.0,1.0,2175.0,3400.0,0,0,0,1,0,0,0,0,1,0,0,0,0,0,1.0,0.2916666666666667,85.0,1.105980080377102,0.0,39.80980080377102,0.0,1,5,1.891,1.2,1.067,0.8,0,8500.0,0,0
Booked by Dhruv,"
₹500 advance received 

5 Persons Max
Rent: ₹2500
Deposit: ₹1000
",2025-05-26 19:00:00,2025-05-27 08:00:00,2025-05-27 08:00:00,2025-05-26,12:25:06,13.0000000004657,0,0,1,,,,2500.0,5,12.0,24H Night,0,0.0,3,"MAD, IQR, Percentile (Strict)",True,5500.0,2500.0,1.0,5000.0,8.0,31.0,1.0,1.0,1.1428571428571428,5,0.49999999999999994,-0.8660254037844387,2025,0,22,146,0,0,Festival,False,Standard,Tier 2,High,1.0,0.0,0.0,,,False,False,Festival,0,7,7,0,0,1,1,1,summer,1,0,24H Night,24.0,0.5,12H,0,0.0,5000.0,1.0,0,0.5,0.95,0,1,0,Clear,0,Same Day,0.0,26.0,20.0,60.0,4.2,25.0,60.0,75.0,6770.833333333333,5439.6551724137935,5615.384615384615,6770.833333333333,6700.0,6770.833333333333,4642.857142857143,0.9400000000000001,1,1.534,2564.1,4802.5641025641025,4600.0,4802.5641025641025,4600.0,1331.893622172104,39.0,1.0,4400.0,5300.0,0,0,0,0,0,0,0,1,0,0,0,0,0,0,1.0,0.2916666666666667,85.0,1.105980080377102,0.0,39.80980080377102,0.0,1,5,1.891,1.2,1.067,0.8,0,8500.0,0,0
Booked by Mukesh aditya,"Booking confirmed ✅ 
₹2000 advance received 
Farm number 11

15 Persons Max
Rent: ₹5500
Deposit: ₹2000

Deposit Refund after check out.",2025-06-02 19:00:00,2025-06-03 18:00:00,2025-06-03 18:00:00,2025-05-26,17:03:54,23.0000000002328,0,0,1,,,,5500.0,15,24.0,24H Night,7,0.0,0, (Strict),False,2500.0,5500.0,0.0,5050.0,9.0,32.0,1.0,1.0,1.2857142857142858,5,0.49999999999999994,-0.8660254037844387,2025,0,22,146,0,0,Festival,False,Standard,Tier 2,High,1.0,0.0,0.0,,,False,False,Festival,0,7,7,0,0,1,1,1,summer,1,0,24H Night,24.0,1.0,24H,0,0.0,5500.0,1.0,0,1.0,1.0,0,0,1,Clear,1,Standard,0.0,26.0,20.0,60.0,4.2,25.0,60.0,90.0,6729.166666666667,5387.931034482759,7108.695652173913,6729.166666666667,6942.307692307692,6729.166666666667,5714.285714285715,1.0,1,1.534,2564.1,4802.5641025641025,4600.0,4802.5641025641025,4600.0,1331.893622172104,39.0,1.0,4400.0,5300.0,0,0,0,0,0,0,0,0,0,1,0,0,0,0,1.0,0.2916666666666667,85.0,1.2053458427398671,0.0,40.803458427398674,0.0,1,5,1.891,1.2,1.067,0.8,0,8500.0,0,0
Booked by kalpeshbhai,"
₹2000 advance received 

10 Persons Max
Rent: ₹3000
Deposit: ₹1000
",2025-05-28 08:00:00,2025-05-28 18:00:00,2025-05-28 18:00:00,2025-05-27,18:52:23,9.99999999976717,0,0,1,,,,3000.0,10,12.0,12H Day,0,0.0,0, (Strict),False,3500.0,2550.0,1.0,3255.0,10.0,31.0,1.0,1.0,1.4285714285714286,5,0.49999999999999994,-0.8660254037844387,2025,1,22,147,0,0,Festival,False,Standard,Tier 2,High,1.0,0.0,0.0,,,False,False,Festival,0,7,7,0,0,1,1,1,summer,1,0,12H Day,12.0,0.5,12H,0,0.0,6000.0,1.0,0,1.0,1.0,0,1,0,Clear,0,Same Day,0.0,26.0,20.0,60.0,4.2,25.0,60.0,75.0,3919.4444444444443,3919.4444444444443,4722.222222222223,3919.4444444444443,3534.375,3919.4444444444443,4071.4285714285716,0.9400000000000001,1,0.931,-228.57,3303.5714285714284,2950.0,3303.5714285714284,2950.0,1902.6766859949096,14.0,1.0,2175.0,3400.0,0,0,0,0,0,0,0,1,0,0,0,0,0,0,1.0,0.2916666666666667,85.0,1.3824751004713778,0.0,42.574751004713775,0.0,1,5,1.891,1.2,1.067,0.8,0,8500.0,0,0
Booked by Harsh ghalani,"Booking confirmed
₹5000 advance received

31 May 2025 at 7:00 PM to 1 Jun 2025 at 6:00 PM
10 Persons Max
Rent: ₹12000
Deposit: ₹2000

Deposit Refund after check out.",2025-05-31 19:00:00,2025-06-01 18:00:00,2025-06-01 18:00:00,2025-05-27,21:43:23,23.0000000002328,0,1,1,,,,12000.0,10,24.0,24H Night,3,0.0,0, (Strict),False,5500.0,2500.0,0.0,5700.0,11.0,32.0,1.0,1.0,1.5714285714285714,5,0.49999999999999994,-0.8660254037844387,2025,1,22,147,1,0,Festival,False,Standard,Tier 2,High,1.0,0.0,0.0,,,False,False,Festival,0,7,7,1,0,1,1,1,summer,1,0,24H Night,24.0,1.0,24H,0,0.0,12000.0,1.0,0,1.0,1.0,0,1,0,Clear,1,Last Minute,0.0,26.0,20.0,60.0,4.2,25.0,100.0,90.0,6638.888888888889,12307.692307692309,6967.391304347826,6638.888888888889,6488.888888888889,6638.888888888889,12166.666666666666,0.93,1,1.534,2564.1,7366.666666666667,5400.0,7366.666666666667,5400.0,3740.2094415509227,33.0,1.0,4400.0,11200.0,0,0,0,0,0,0,0,0,1,0,0,0,0,0,1.0,0.2916666666666667,85.0,1.4732004744598375,0.0,63.48200474459838,0.0,1,5,1.891,1.2,1.067,0.8,0,8500.0,0,0
Booked by Agent shyam,"28 May 2025 at 9:00 PM to 29 May 2025 at 6:00 PM
15 Persons Max
Rent: ₹4000
Deposit: ₹1000

Deposit Refund after check out.",2025-05-28 21:00:00,2025-05-29 18:00:00,2025-05-29 18:00:00,2025-05-28,20:57:23,21.0,0,0,1,,,,4000.0,15,24.0,24H Night,0,0.0,0, (Strict),False,12000.0,5500.0,1.0,5600.0,10.0,33.0,1.0,1.0,1.4285714285714286,5,0.49999999999999994,-0.8660254037844387,2025,2,22,148,0,0,Festival,False,Standard,Tier 2,High,1.0,0.0,0.0,,,False,False,Festival,0,7,7,0,0,1,1,1,summer,1,0,24H Night,24.0,1.0,24H,0,0.0,4000.0,1.0,0,1.0,1.0,0,0,1,Clear,0,Same Day,0.0,26.0,20.0,60.0,4.2,25.0,60.0,75.0,6750.0,5413.793103448276,7141.304347826087,6750.0,6666.666666666667,6750.0,5275.0,1.0,1,1.534,2564.1,4802.5641025641025,4600.0,4802.5641025641025,4600.0,1331.893622172104,39.0,1.0,4400.0,5300.0,0,0,0,0,0,0,0,1,0,0,0,0,0,0,1.0,0.2916666666666667,85.0,1.2986894924331855,0.0,41.73689492433186,0.0,1,5,1.891,1.2,1.067,0.8,0,8500.0,0,0
Booked by Mayur Padvani,"
10 Persons Max
Rent: ₹5000
Deposit: ₹2000

₹2000 advance received 
",2025-05-29 19:00:00,2025-05-30 18:00:00,2025-05-30 18:00:00,2025-05-28,16:30:46,23.0000000002328,0,0,1,,,,5000.0,10,24.0,24H Night,1,0.0,0, (Strict),False,4000.0,12000.0,0.0,5600.0,11.0,34.0,1.0,1.0,1.5714285714285714,5,0.49999999999999994,-0.8660254037844387,2025,2,22,148,0,0,Festival,False,Standard,Tier 2,High,1.0,0.0,0.0,,,False,False,Festival,0,7,7,0,0,1,1,1,summer,1,0,24H Night,24.0,1.0,24H,0,0.0,5000.0,1.0,0,1.0,1.0,0,1,0,Clear,0,Last Minute,0.0,26.0,20.0,60.0,4.2,25.0,60.0,75.0,6736.111111111111,5396.551724137931,7119.565217391304,6736.111111111111,6644.444444444444,6736.111111111111,5225.0,1.0,1,1.534,2564.1,4802.5641025641025,4600.0,4802.5641025641025,4600.0,1331.893622172104,39.0,1.0,4400.0,5300.0,0,0,0,0,0,0,0,0,1,0,0,0,0,0,1.0,0.2916666666666667,85.0,1.3865423876512013,0.0,42.61542387651201,0.0,1,5,1.891,1.2,1.067,0.8,0,8500.0,0,0
Booked by Nikunj Jariwala,"₹2000 advance received

30 May 2025 at 7:00 PM to 31 May 2025 at 6:00 PM
10 Persons Max
Rent: ₹5000
Deposit: ₹2000

Deposit Refund after check out.",2025-05-30 19:00:00,2025-05-31 18:00:00,2025-05-31 18:00:00,2025-05-28,21:49:12,23.0000000002328,0,0,1,,,,5000.0,10,24.0,24H Night,1,0.0,0, (Strict),False,5000.0,4000.0,0.0,5550.0,12.0,35.0,1.0,1.0,1.7142857142857142,5,0.49999999999999994,-0.8660254037844387,2025,2,22,148,0,0,Festival,False,Standard,Tier 2,High,1.0,0.0,0.0,,,False,False,Festival,0,7,7,0,0,1,1,1,summer,1,0,24H Night,24.0,1.0,24H,0,0.0,5000.0,1.0,0,1.0,1.0,0,1,0,Clear,0,Last Minute,0.0,26.0,20.0,60.0,4.2,25.0,60.0,75.0,6736.111111111111,5396.551724137931,7119.565217391304,6736.111111111111,6644.444444444444,6736.111111111111,5225.0,1.0,1,1.534,2564.1,4802.5641025641025,4600.0,4802.5641025641025,4600.0,1331.893622172104,39.0,1.0,4400.0,5300.0,0,0,0,0,0,0,0,0,1,0,0,0,0,0,1.0,0.2916666666666667,85.0,1.469375160457808,0.0,43.44375160457808,0.0,1,5,1.891,1.2,1.067,0.8,0,8500.0,0,0
Booked by Anil Kalsariya,"Rent: ₹2000
Deposit: ₹1000",2025-05-28 00:00:00,2025-05-28 07:00:00,2025-05-28 07:00:00,2025-05-28,00:10:26,6.99999999976717,0,0,1,,,,2000.0,4,12.0,12H Night,0,0.0,2,"MAD, Percentile (Month)",True,2000.0,2500.0,0.0,2330.0,13.0,36.0,1.0,1.0,1.8571428571428572,5,0.49999999999999994,-0.8660254037844387,2025,2,22,148,0,0,Festival,False,Standard,Tier 2,High,1.0,0.0,0.0,,,False,False,Festival,0,7,7,0,0,1,1,1,summer,1,0,12H Night,12.0,0.5,12H,0,0.0,4000.0,1.0,0,1.0,1.0,0,1,0,Clear,0,Same Day,0.0,26.0,20.0,60.0,4.2,25.0,60.0,75.0,3500.0,3500.0,4000.0,3500.0,3500.0,3500.0,3500.0,0.53,5,1.627,1529.17,2437.5,2130.0,2437.5,2130.0,952.7635243507874,4.0,0.8,1917.5,2650.0,0,0,0,0,0,0,0,1,0,0,0,0,0,0,1.0,0.2916666666666667,85.0,1.5476061509011234,0.0,44.22606150901123,0.0,1,5,1.891,1.2,1.067,0.8,0,8500.0,0,0
Booked by Ghanshyambhai nasit,"
₹2000 advance received 

20 Persons Max
Rent: ₹5000
Deposit: ₹2000
",2025-06-01 19:00:00,2025-06-02 18:00:00,2025-06-02 18:00:00,2025-05-31,09:19:46,23.0000000002328,0,0,1,,,,5000.0,20,24.0,24H Night,1,0.0,0, (Strict),False,5000.0,5000.0,3.0,5800.0,11.0,34.0,1.0,1.0,1.5714285714285714,5,0.49999999999999994,-0.8660254037844387,2025,5,22,151,0,0,Festival,False,Standard,Tier 2,High,1.0,0.0,0.0,,,False,False,Festival,0,7,7,0,0,1,1,1,summer,1,0,24H Night,24.0,1.0,24H,0,0.0,5000.0,1.0,0,1.0,1.0,0,0,1,Clear,0,Last Minute,0.0,26.0,20.0,60.0,4.2,25.0,60.0,75.0,6736.111111111111,5396.551724137931,7000.0,6736.111111111111,6644.444444444444,6736.111111111111,5833.333333333333,0.93,1,1.534,2564.1,4802.5641025641025,4600.0,4802.5641025641025,4600.0,1331.893622172104,39.0,1.0,4400.0,5300.0,0,0,1,0,0,0,0,0,1,0,0,0,0,0,1.0,0.2916666666666667,85.0,1.3865423876512013,0.0,42.61542387651201,0.0,1,5,1.891,1.2,1.067,0.8,0,8500.0,0,0
Booked by Nisarg,"
₹2000 advance received 

15 Persons Max
Rent: ₹5500
Deposit: ₹2000
",2025-06-04 19:00:00,2025-06-05 18:00:00,2025-06-05 18:00:00,2025-06-02,13:59:03,23.0000000002328,0,0,1,,,,5500.0,15,24.0,24H Night,2,0.0,0, (Strict),False,5000.0,5000.0,2.0,5250.0,8.0,34.0,1.0,1.0,1.1428571428571428,6,1.2246467991473532e-16,-1.0,2025,0,23,153,0,0,Festival,False,Standard,Tier 2,High,1.0,0.0,0.0,,,False,False,Festival,0,7,7,0,0,0,0,1,monsoon,1,0,24H Night,24.0,1.0,24H,0,0.0,5500.0,1.0,0,1.0,1.0,0,0,1,Clear,0,Last Minute,0.0,26.0,20.0,60.0,4.2,25.0,60.0,90.0,5604.347826086957,4765.714285714285,5557.142857142857,5604.347826086957,5720.51282051282,5604.347826086957,4741.666666666667,1.0,1,1.221,990.28,4487.5,4500.0,4487.5,4500.0,917.6115025244711,24.0,1.0,4150.0,5125.0,0,0,0,0,0,0,0,0,1,0,0,0,0,0,1.0,0.23333333333333334,92.0,1.0083944637463282,0.0,37.08394463746328,0.0,1,5,1.891,1.2,1.067,0.8,0,8500.0,0,0
Booked by Deep vadi,"₹1000 advance received 
2 Persons Max
Rent: ₹3000
Deposit: ₹500
",2025-06-03 19:00:00,2025-06-04 08:00:00,2025-06-04 08:00:00,2025-06-03,15:35:49,13.0000000004657,0,0,1,,,,3000.0,2,12.0,Couple Full Night,0,0.0,0, (Month),False,5000.0,2000.0,1.0,3400.0,7.0,33.0,1.0,1.0,1.0,6,1.2246467991473532e-16,-1.0,2025,1,23,154,0,0,Festival,False,Standard,Tier 2,High,1.0,0.0,0.0,,,False,False,Festival,0,7,7,0,0,0,0,1,monsoon,1,0,12H Night,12.0,0.5,12H,0,0.0,6000.0,1.0,0,1.0,1.0,1,0,0,Clear,0,Same Day,0.0,26.0,20.0,60.0,4.2,25.0,60.0,75.0,2650.0,2562.5,2625.0,2650.0,2437.5,2650.0,2166.6666666666665,0.9,1,0.865,-375.33,2773.3333333333335,2660.0,2773.3333333333335,2660.0,698.0735395835217,6.0,1.0,2365.0,2955.0,0,0,0,0,0,0,0,1,0,0,0,0,0,0,1.0,0.23333333333333334,92.0,0.9090826447032299,0.0,36.0908264470323,0.0,1,5,1.891,1.2,1.067,0.8,0,8500.0,0,0
Booked by Agent ,"
Rent: ₹2500
",2025-06-04 10:00:00,2025-06-04 18:00:00,2025-06-04 18:00:00,2025-06-04,16:04:42,8.00000000023283,0,0,1,,,,2500.0,4,12.0,12H Day,0,0.0,0, (Strict),False,3000.0,3500.0,1.0,3255.0,4.0,34.0,0.5714285714285714,1.0,0.5714285714285714,6,1.2246467991473532e-16,-1.0,2025,2,23,155,0,0,Festival,False,Standard,Tier 2,High,1.0,0.0,0.0,,,False,False,Festival,0,7,7,0,0,0,0,1,monsoon,1,0,12H Day,12.0,0.5,12H,0,0.0,5000.0,1.0,0,1.0,1.0,0,1,0,Clear,0,Same Day,0.0,26.0,20.0,60.0,4.2,25.0,60.0,75.0,3313.6363636363635,3313.6363636363635,3063.6363636363635,3313.6363636363635,3363.157894736842,3313.6363636363635,3063.6363636363635,0.98,1,1.278,754.17,2712.5,2550.0,2712.5,2550.0,725.9230577094833,8.0,1.0,2400.0,3100.0,0,0,0,0,0,0,0,1,0,0,0,0,0,0,1.0,0.23333333333333334,92.0,0.5041972318731641,-0.4285714285714286,32.04197231873164,0.0,1,5,1.891,1.2,1.067,0.8,0,8500.0,0,0
Booked by Nitesh,"₹1000 advance received 

20 Jun 2025 at 7:00 PM to 21 Jun 2025 at 6:00 PM
8 Persons Max
Rent: ₹4500
Deposit: ₹2000

Deposit Refund after check out.",2025-06-20 19:00:00,2025-06-21 18:00:00,2025-06-21 18:00:00,2025-06-05,20:43:42,23.0000000002328,0,0,0,,,,4500.0,8,24.0,24H Night,14,0.0,0, (Strict),False,5500.0,5000.0,1.0,5450.0,5.0,34.0,0.7142857142857143,1.0,0.7142857142857143,6,1.2246467991473532e-16,-1.0,2025,3,23,156,0,0,Festival,False,Standard,Tier 2,High,1.0,0.0,0.0,,,False,False,Festival,0,7,7,0,0,0,0,0,monsoon,0,0,24H Night,24.0,1.0,24H,0,0.0,4500.0,1.0,0,1.0,1.0,0,1,0,Clear,2,Standard,0.0,26.0,20.0,60.0,4.2,25.0,60.0,90.0,5626.086956521739,4794.285714285715,4975.0,5626.086956521739,5033.333333333333,5626.086956521739,4828.571428571428,0.74,3,1.221,990.28,4487.5,4500.0,4487.5,4500.0,917.6115025244711,24.0,1.0,4150.0,5125.0,0,0,0,0,0,0,0,0,0,0,1,0,0,0,1.0,0.23333333333333334,92.0,0.6302465398414552,-0.2857142857142857,33.302465398414554,0.0,1,5,1.891,1.2,1.067,0.8,0,8500.0,0,0
Booked by chirag ramani,"
₹1500 received 

2 Persons Max
Rent: ₹1500
Deposit: ₹500
",2025-06-06 21:00:00,2025-06-07 02:00:00,2025-06-07 02:00:00,2025-06-07,14:43:10,5.00000000023283,0,0,1,,,,1500.0,2,12.0,Couple Half Night,0,0.0,1,Percentile (Month),False,2000.0,3000.0,2.0,2166.6666666666665,5.0,34.0,0.7142857142857143,1.0,0.7142857142857143,6,1.2246467991473532e-16,-1.0,2025,5,23,158,0,0,Festival,False,Standard,Tier 2,High,1.0,0.0,0.0,,,False,False,Festival,0,7,7,0,0,0,0,1,monsoon,1,0,12H Night,12.0,0.5,12H,0,0.0,3000.0,1.0,0,1.0,1.0,1,0,0,Clear,0,Same Day,0.0,26.0,20.0,60.0,4.2,25.0,60.0,75.0,2800.0,2750.0,3000.0,2800.0,2625.0,2800.0,2666.6666666666665,0.9,1,0.865,-375.33,2773.3333333333335,2660.0,2773.3333333333335,2660.0,698.0735395835217,6.0,1.0,2365.0,2955.0,0,0,1,0,0,0,0,1,0,0,0,0,0,0,1.0,0.23333333333333334,92.0,0.6302465398414552,-0.2857142857142857,33.302465398414554,0.0,1,5,1.891,1.2,1.067,0.8,0,8500.0,0,0
Booked by Mohit Nimavat,"7 Jun 2025 at 11:00 AM to 7 Jun 2025 at 6:00 PM
8 Persons Max
Rent: ₹2000
Deposit: ₹1000

Deposit Refund after check out.",2025-06-07 11:00:00,2025-06-07 18:00:00,2025-06-07 18:00:00,2025-06-07,11:34:22,6.99999999976717,0,0,1,,,,2000.0,8,12.0,12H Day,0,0.0,0, (Strict),False,2500.0,3000.0,0.0,3155.0,6.0,35.0,0.8571428571428571,1.0,0.8571428571428571,6,1.2246467991473532e-16,-1.0,2025,5,23,158,0,0,Festival,False,Standard,Tier 2,High,1.0,0.0,0.0,,,False,False,Festival,0,7,7,0,0,0,0,1,monsoon,1,0,12H Day,12.0,0.5,12H,0,0.0,4000.0,1.0,0,1.0,1.0,0,1,0,Clear,0,Same Day,0.0,26.0,20.0,60.0,4.2,25.0,60.0,75.0,3336.3636363636365,3336.3636363636365,3109.090909090909,3336.3636363636365,3389.4736842105262,3336.3636363636365,3109.090909090909,0.98,1,1.278,754.17,2712.5,2550.0,2712.5,2550.0,725.9230577094833,8.0,1.0,2400.0,3100.0,0,1,0,0,0,0,0,1,0,0,0,0,0,0,1.0,0.23333333333333334,92.0,0.734687580228904,-0.1428571428571429,34.34687580228904,0.0,1,5,1.891,1.2,1.067,0.8,0,8500.0,0,0
Booked by Rahul,"Booking confirmed ✅ 
Farm number 11

₹2000 advance received

7 Jun 2025 at 7:00 PM to 8 Jun 2025 at 8:00 AM
18 Persons Max
Rent: ₹5000
Deposit: ₹2000

Deposit Refund after check out.",2025-06-07 19:00:00,2025-06-08 08:00:00,2025-06-08 08:00:00,2025-06-07,16:23:01,13.0000000004657,0,1,1,,,,5000.0,18,12.0,24H Night,0,0.0,0, (Strict),False,4500.0,5500.0,0.0,5400.0,7.0,36.0,1.0,1.0,1.0,6,1.2246467991473532e-16,-1.0,2025,5,23,158,1,0,Festival,False,Standard,Tier 2,High,1.0,0.0,0.0,,,False,False,Festival,0,7,7,1,0,0,0,1,monsoon,1,0,24H Night,24.0,0.5,12H,0,0.0,10000.0,1.0,0,0.5,0.95,0,0,1,Clear,0,Same Day,0.0,26.0,20.0,60.0,4.2,25.0,100.0,75.0,5615.217391304348,8600.0,14000.0,5615.217391304348,5733.333333333333,5615.217391304348,8600.0,0.57,5,1.221,990.28,5477.777777777777,4200.0,5477.777777777777,4200.0,3125.8639831294067,27.0,1.0,3650.0,6200.0,0,0,1,0,0,0,0,1,0,0,0,0,0,0,1.0,0.23333333333333334,92.0,0.8333263889467588,0.0,55.33326388946759,0.0,1,5,1.891,1.2,1.067,0.8,0,8500.0,0,0
Booked by Bhargav,"
₹3000 advance received 

4 Persons
Rent: ₹6000
Deposit: ₹2000
",2025-06-08 09:00:00,2025-06-08 19:00:00,2025-06-08 19:00:00,2025-06-07,19:51:56,9.99999999976717,0,0,1,,,,6000.0,4,12.0,12H Day,0,0.0,0, (Strict),False,2000.0,2500.0,0.0,3355.0,8.0,37.0,1.0,1.0,1.1428571428571428,6,1.2246467991473532e-16,-1.0,2025,5,23,158,0,0,Festival,False,Standard,Tier 2,High,1.0,0.0,0.0,,,False,False,Festival,0,7,7,0,0,0,0,1,monsoon,1,0,12H Day,12.0,0.5,12H,0,0.0,12000.0,1.0,0,1.0,1.0,0,1,0,Clear,0,Same Day,0.0,26.0,20.0,60.0,4.2,25.0,60.0,75.0,3154.5454545454545,3154.5454545454545,2745.4545454545455,3154.5454545454545,3178.9473684210525,3154.5454545454545,2745.4545454545455,0.98,1,1.278,754.17,2712.5,2550.0,2712.5,2550.0,725.9230577094833,8.0,1.0,2400.0,3100.0,0,1,0,0,0,0,0,1,0,0,0,0,0,0,1.0,0.23333333333333334,92.0,0.9266334133970341,0.0,36.26633413397034,0.0,1,5,1.891,1.2,1.067,0.8,0,8500.0,0,0
Booked by Chirag Ramani,"
₹2000 received 

2 Persons Max
Rent: ₹1500
Deposit: ₹500
",2025-06-08 20:00:00,2025-06-09 07:00:00,2025-06-09 07:00:00,2025-06-08,17:13:14,10.9999999995343,0,0,1,,,,1500.0,2,12.0,Couple Half Night,0,0.0,1,Percentile (Month),False,1500.0,2000.0,1.0,2000.0,9.0,35.0,1.0,1.0,1.2857142857142858,6,1.2246467991473532e-16,-1.0,2025,6,23,159,0,0,Festival,False,Standard,Tier 2,High,1.0,0.0,0.0,,,False,False,Festival,0,7,7,0,0,0,0,1,monsoon,1,0,12H Night,12.0,0.5,12H,0,0.0,3000.0,1.0,0,1.0,1.0,1,0,0,Clear,0,Same Day,0.0,26.0,20.0,60.0,4.2,25.0,60.0,75.0,2800.0,2750.0,3000.0,2800.0,2625.0,2800.0,2666.6666666666665,0.9,1,0.865,-375.33,2773.3333333333335,2660.0,2773.3333333333335,2660.0,698.0735395835217,6.0,1.0,2365.0,2955.0,0,0,0,0,1,0,0,1,0,0,0,0,0,0,1.0,0.23333333333333334,92.0,1.1020313703433562,0.0,38.02031370343356,0.0,1,5,1.891,1.2,1.067,0.8,0,8500.0,0,0
Booked by Mahek,"Booking confirmed ✅ 
Farm number 11
₹4000 received 

9 Jun 2025 at 9:00 AM to 9 Jun 2025 at 6:00 PM
10 Persons Max
Rent: ₹3000
Deposit: ₹2000

Deposit Refund after check out.",2025-06-09 09:00:00,2025-06-09 18:00:00,2025-06-09 18:00:00,2025-06-09,08:29:03,9.0,0,0,1,,,,3000.0,10,12.0,12H Day,0,0.0,0, (Strict),False,6000.0,2000.0,1.0,3205.0,9.0,36.0,1.0,1.0,1.2857142857142858,6,1.2246467991473532e-16,-1.0,2025,0,24,160,0,0,Festival,False,Standard,Tier 2,High,1.0,0.0,0.0,,,False,False,Festival,0,7,7,0,0,0,0,1,monsoon,1,0,12H Day,12.0,0.5,12H,0,0.0,6000.0,1.0,0,1.0,1.0,0,1,0,Clear,0,Same Day,0.0,26.0,20.0,60.0,4.2,25.0,60.0,75.0,3290.909090909091,3290.909090909091,4000.0,3290.909090909091,3336.842105263158,3290.909090909091,4000.0,0.7,3,1.278,754.17,2712.5,2550.0,2712.5,2550.0,725.9230577094833,8.0,1.0,2400.0,3100.0,0,0,0,0,0,0,0,1,0,0,0,0,0,0,1.0,0.23333333333333334,92.0,1.071419642931547,0.0,37.71419642931547,0.0,1,5,1.891,1.2,1.067,0.8,0,8500.0,0,0
Booked by Pravanbhai Parmar,"
₹2000 advance received 

8 Persons Max
Rent: ₹3000
Deposit: ₹2000
",2025-06-11 09:00:00,2025-06-11 18:00:00,2025-06-11 18:00:00,2025-06-09,10:13:07,9.0,0,0,0,,,,3000.0,8,12.0,12H Day,1,0.0,0, (Strict),False,3000.0,6000.0,0.0,3305.0,10.0,37.0,1.0,1.0,1.4285714285714286,6,1.2246467991473532e-16,-1.0,2025,0,24,160,0,0,Festival,False,Standard,Tier 2,High,1.0,0.0,0.0,,,False,False,Festival,0,7,7,0,0,0,0,0,monsoon,0,0,12H Day,12.0,0.5,12H,0,0.0,6000.0,1.0,0,1.0,1.0,0,1,0,Clear,0,Last Minute,0.0,26.0,20.0,60.0,4.2,25.0,60.0,75.0,3290.909090909091,3290.909090909091,3018.181818181818,3290.909090909091,3336.842105263158,3290.909090909091,3018.181818181818,0.98,1,1.278,754.17,2712.5,2550.0,2712.5,2550.0,725.9230577094833,8.0,1.0,2400.0,3100.0,0,0,0,0,0,0,0,0,1,0,0,0,0,0,1.0,0.23333333333333334,92.0,1.1582917667462926,0.0,38.58291766746293,0.0,1,5,1.891,1.2,1.067,0.8,0,8500.0,0,0
Booked by Aakash singh,"
₹1000 received 

15 Persons Max
Rent: ₹2500
Deposit: ₹1000
",2025-06-13 19:00:00,2025-06-14 08:00:00,2025-06-14 08:00:00,2025-06-12,12:49:16,13.0000000004657,0,0,0,,,,2500.0,15,12.0,24H Night,1,0.0,3,"MAD, IQR, Percentile (Strict)",True,5000.0,4500.0,3.0,5400.0,8.0,34.0,1.0,1.0,1.1428571428571428,6,1.2246467991473532e-16,-1.0,2025,3,24,163,0,0,Festival,False,Standard,Tier 2,High,1.0,0.0,0.0,,,False,False,Festival,0,7,7,0,0,0,0,0,monsoon,0,0,24H Night,24.0,0.5,12H,0,0.0,5000.0,1.0,0,0.5,0.95,0,0,1,Clear,0,Last Minute,0.0,26.0,20.0,60.0,4.2,25.0,60.0,75.0,5669.565217391304,4851.428571428572,5642.857142857143,5669.565217391304,5797.4358974358975,5669.565217391304,4866.666666666667,1.0,1,1.221,990.28,4487.5,4500.0,4487.5,4500.0,917.6115025244711,24.0,1.0,4150.0,5125.0,0,0,0,0,0,0,0,0,1,0,0,0,0,0,1.0,0.23333333333333334,92.0,1.0083944637463282,0.0,37.08394463746328,0.0,1,5,1.891,1.2,1.067,0.8,0,8500.0,0,0
Booked by Sunil,"
₹1000 advance received 

2 Persons Max
Rent: ₹2500
Deposit: ₹1000
",2025-06-13 09:00:00,2025-06-13 18:00:00,2025-06-13 18:00:00,2025-06-12,12:46:46,9.0,0,0,0,,,,2500.0,2,12.0,Couple Half Day,0,0.0,0, (Month),False,2000.0,2000.0,0.0,2150.0,9.0,35.0,1.0,1.0,1.2857142857142858,6,1.2246467991473532e-16,-1.0,2025,3,24,163,0,0,Festival,False,Standard,Tier 2,High,1.0,0.0,0.0,,,False,False,Festival,0,7,7,0,0,0,0,0,monsoon,0,0,12H Day,12.0,0.5,12H,0,0.0,5000.0,1.0,0,1.0,1.0,1,0,0,Clear,0,Same Day,0.0,26.0,20.0,60.0,4.2,25.0,60.0,75.0,3313.6363636363635,3313.6363636363635,2340.0,3313.6363636363635,3363.157894736842,3313.6363636363635,2233.3333333333335,0.9,1,1.278,754.17,2712.5,2550.0,2712.5,2550.0,725.9230577094833,8.0,1.0,2400.0,3100.0,0,0,0,0,0,0,0,1,0,0,0,0,0,0,1.0,0.23333333333333334,92.0,1.1020313703433562,0.0,38.02031370343356,0.0,1,5,1.891,1.2,1.067,0.8,0,8500.0,0,0
Booked by Prince pandey,"
₹1000 advance received 

10 Persons Max
Rent: ₹2500
Deposit: ₹1000

",2025-06-12 19:00:00,2025-06-13 08:00:00,2025-06-13 08:00:00,2025-06-12,16:00:23,13.0000000004657,0,0,0,,,,2500.0,10,12.0,24H Night,0,0.0,3,"MAD, IQR, Percentile (Strict)",True,2500.0,5000.0,0.0,5100.0,10.0,36.0,1.0,1.0,1.4285714285714286,6,1.2246467991473532e-16,-1.0,2025,3,24,163,0,0,Festival,False,Standard,Tier 2,High,1.0,0.0,0.0,,,False,False,Festival,0,7,7,0,0,0,0,0,monsoon,0,0,24H Night,24.0,0.5,12H,0,0.0,5000.0,1.0,0,0.5,0.95,0,1,0,Clear,0,Same Day,0.0,26.0,20.0,60.0,4.2,25.0,60.0,75.0,5669.565217391304,4851.428571428572,5642.857142857143,5669.565217391304,5797.4358974358975,5669.565217391304,4866.666666666667,1.0,1,1.221,990.28,4487.5,4500.0,4487.5,4500.0,917.6115025244711,24.0,1.0,4150.0,5125.0,0,0,0,0,0,0,0,1,0,0,0,0,0,0,1.0,0.23333333333333334,92.0,1.1904662699239412,0.0,38.90466269923941,0.0,1,5,1.891,1.2,1.067,0.8,0,8500.0,0,0
Booked by Jay,"
Rent: ₹1500
",2025-06-12 11:00:00,2025-06-12 14:00:00,2025-06-12 14:00:00,2025-06-12,12:55:17,3.0,0,0,0,,,,1500.0,4,12.0,12H Day,0,0.0,0, (Strict),False,3000.0,3000.0,0.0,3055.0,11.0,37.0,1.0,1.0,1.5714285714285714,6,1.2246467991473532e-16,-1.0,2025,3,24,163,0,0,Festival,False,Standard,Tier 2,High,1.0,0.0,0.0,,,False,False,Festival,0,7,7,0,0,0,0,0,monsoon,0,0,12H Day,12.0,0.5,12H,0,0.0,3000.0,1.0,0,1.0,1.0,0,1,0,Clear,0,Same Day,0.0,26.0,20.0,60.0,4.2,25.0,60.0,75.0,3359.090909090909,3359.090909090909,3154.5454545454545,3359.090909090909,3415.7894736842104,3359.090909090909,3154.5454545454545,0.98,1,1.278,754.17,2712.5,2550.0,2712.5,2550.0,725.9230577094833,8.0,1.0,2400.0,3100.0,0,0,0,0,0,0,0,1,0,0,0,0,0,0,1.0,0.23333333333333334,92.0,1.274120943420922,0.0,39.74120943420922,0.0,1,5,1.891,1.2,1.067,0.8,0,8500.0,0,0
Booked by Vaibhavi Patel,"
₹1000 advance received 

4 Persons Max
Rent: ₹2500
Deposit: ₹2000
",2025-06-14 09:00:00,2025-06-14 18:00:00,2025-06-14 18:00:00,2025-06-13,22:03:53,9.0,0,0,0,,,,2500.0,4,12.0,12H Day,0,0.0,0, (Strict),False,1500.0,3000.0,1.0,2955.0,12.0,36.0,1.0,1.0,1.7142857142857142,6,1.2246467991473532e-16,-1.0,2025,4,24,164,0,0,Festival,False,Standard,Tier 2,High,1.0,0.0,0.0,,,False,False,Festival,0,7,7,0,0,0,0,0,monsoon,0,0,12H Day,12.0,0.5,12H,0,0.0,5000.0,1.0,0,1.0,1.0,0,1,0,Clear,0,Same Day,0.0,26.0,20.0,60.0,4.2,25.0,60.0,75.0,3313.6363636363635,3313.6363636363635,3063.6363636363635,3313.6363636363635,3363.157894736842,3313.6363636363635,3063.6363636363635,0.98,1,1.278,754.17,2712.5,2550.0,2712.5,2550.0,725.9230577094833,8.0,1.0,2400.0,3100.0,0,0,0,0,0,0,0,1,0,0,0,0,0,0,1.0,0.23333333333333334,92.0,1.4285595239087292,0.0,41.28559523908729,0.0,1,5,1.891,1.2,1.067,0.8,0,8500.0,0,0
Booked by Dhyey Vadhadiya,"
₹4000 advance received 

15 Persons Max
Rent: ₹10000
Deposit: ₹2000
",2025-06-14 19:00:00,2025-06-15 18:00:00,2025-06-15 18:00:00,2025-06-13,11:41:16,23.0000000002328,0,1,0,,,,10000.0,15,24.0,24H Night,1,0.0,0, (Strict),False,2500.0,2500.0,0.0,4900.0,13.0,37.0,1.0,1.0,1.8571428571428572,6,1.2246467991473532e-16,-1.0,2025,4,24,164,1,0,Festival,False,Standard,Tier 2,High,1.0,0.0,0.0,,,False,False,Festival,0,7,7,0,0,0,0,0,monsoon,1,0,24H Night,24.0,1.0,24H,0,0.0,10000.0,1.0,0,1.0,1.0,0,0,1,Clear,0,Last Minute,0.0,26.0,20.0,60.0,4.2,25.0,100.0,75.0,5506.521739130435,8100.0,5428.571428571428,5506.521739130435,5605.128205128205,5506.521739130435,9200.0,0.92,1,1.221,990.28,5477.777777777777,4200.0,5477.777777777777,4200.0,3125.8639831294067,27.0,1.0,3650.0,6200.0,1,0,0,0,0,0,0,0,1,0,0,0,0,0,1.0,0.23333333333333334,92.0,1.5057792967701806,0.0,62.05779296770181,0.0,1,5,1.891,1.2,1.067,0.8,0,8500.0,0,0
Booked by Harsh Kanoje,"
₹1000 advance received 

10 Persons Max
Rent: ₹4500
Security Deposit: ₹1000 
",2025-06-17 19:00:00,2025-06-18 18:00:00,2025-06-18 18:00:00,2025-06-15,16:08:07,23.0000000002328,0,0,0,,,,4500.0,10,24.0,24H Night,2,0.0,0, (Strict),False,10000.0,2500.0,2.0,4950.0,9.0,36.0,1.0,1.0,1.2857142857142858,6,1.2246467991473532e-16,-1.0,2025,6,24,166,0,0,Festival,False,Standard,Tier 2,High,1.0,0.0,0.0,,,False,False,Festival,0,7,7,0,0,0,0,0,monsoon,0,0,24H Night,24.0,1.0,24H,0,0.0,4500.0,1.0,0,1.0,1.0,0,1,0,Clear,0,Last Minute,0.0,26.0,20.0,60.0,4.2,25.0,60.0,90.0,5626.086956521739,4794.285714285715,5585.714285714285,5626.086956521739,5746.153846153846,5626.086956521739,4783.333333333333,1.0,1,1.221,990.28,4487.5,4500.0,4487.5,4500.0,917.6115025244711,24.0,1.0,4150.0,5125.0,0,0,0,0,1,0,0,0,1,0,0,0,0,0,1.0,0.23333333333333334,92.0,1.071419642931547,0.0,37.71419642931547,0.0,1,5,1.891,1.2,1.067,0.8,0,8500.0,0,0
Booked by Viraj Parakhiya,"
₹1000 advance received 

2 Persons Max
Rent: ₹2400
Deposit: ₹500

",2025-06-19 09:00:00,2025-06-19 18:00:00,2025-06-19 18:00:00,2025-06-17,13:57:51,9.0,0,0,0,,,,2400.0,2,12.0,Couple Half Day,1,0.0,0, (Month),False,2500.0,2000.0,2.0,2190.0,8.0,36.0,1.0,1.0,1.1428571428571428,6,1.2246467991473532e-16,-1.0,2025,1,25,168,0,0,Festival,False,Standard,Tier 2,High,1.0,0.0,0.0,,,False,False,Festival,0,7,7,0,0,0,0,0,monsoon,0,0,12H Day,12.0,0.5,12H,0,0.0,4800.0,1.0,0,1.0,1.0,1,0,0,Clear,0,Last Minute,0.0,26.0,20.0,60.0,4.2,25.0,60.0,75.0,3318.181818181818,3318.181818181818,2360.0,3318.181818181818,3368.4210526315787,3318.181818181818,2266.6666666666665,0.9,1,1.278,754.17,2712.5,2550.0,2712.5,2550.0,725.9230577094833,8.0,1.0,2400.0,3100.0,0,0,0,0,0,0,0,0,1,0,0,0,0,0,1.0,0.23333333333333334,92.0,0.9523730159391528,0.0,36.523730159391526,0.0,1,5,1.891,1.2,1.067,0.8,0,8500.0,0,0
Booked by Rabindra swain,"
₹500 received 

10 Persons Max
Rent: ₹2500
Deposit: ₹500
",2025-06-19 20:00:00,2025-06-20 08:00:00,2025-06-20 08:00:00,2025-06-19,19:07:23,12.0,0,0,0,,,,2500.0,10,12.0,12H Night,0,0.0,0, (Month),False,2000.0,2000.0,2.0,2350.0,5.0,36.0,0.7142857142857143,1.0,0.7142857142857143,6,1.2246467991473532e-16,-1.0,2025,3,25,170,0,0,Festival,False,Standard,Tier 2,High,1.0,0.0,0.0,,,False,False,Festival,0,7,7,0,0,0,0,0,monsoon,0,0,12H Night,12.0,0.5,12H,0,0.0,5000.0,1.0,0,1.0,1.0,0,1,0,Clear,0,Same Day,0.0,26.0,20.0,60.0,4.2,25.0,60.0,75.0,2700.0,2625.0,3000.0,2700.0,2500.0,2700.0,2625.0,0.55,5,0.865,-375.33,2773.3333333333335,2660.0,2773.3333333333335,2660.0,698.0735395835217,6.0,1.0,2365.0,2955.0,0,0,0,0,0,0,0,1,0,0,0,0,0,0,1.0,0.23333333333333334,92.0,0.5952331349619706,-0.2857142857142857,32.952331349619705,0.0,1,5,1.891,1.2,1.067,0.8,0,8500.0,0,0
Booked by mukesh vadadoriya,"Booking confirmed ✅ 
Farm number 11
₹1000 advance received 

2 Persons Max
Rent: ₹2000
Deposit: ₹500
",2025-06-20 09:00:00,2025-06-20 18:00:00,2025-06-20 18:00:00,2025-06-19,18:33:44,9.0,0,0,0,,,,2000.0,2,12.0,Couple Half Day,0,0.0,0, (Month),False,2400.0,2500.0,0.0,2240.0,6.0,37.0,0.8571428571428571,1.0,0.8571428571428571,6,1.2246467991473532e-16,-1.0,2025,3,25,170,0,0,Festival,False,Standard,Tier 2,High,1.0,0.0,0.0,,,False,False,Festival,0,7,7,0,0,0,0,0,monsoon,0,0,12H Day,12.0,0.5,12H,0,0.0,4000.0,1.0,0,1.0,1.0,1,0,0,Clear,0,Same Day,0.0,26.0,20.0,60.0,4.2,25.0,60.0,75.0,3336.3636363636365,3336.3636363636365,2440.0,3336.3636363636365,3389.4736842105262,3336.3636363636365,2400.0,0.9,1,1.278,754.17,2712.5,2550.0,2712.5,2550.0,725.9230577094833,8.0,1.0,2400.0,3100.0,0,0,0,0,0,0,0,1,0,0,0,0,0,0,1.0,0.23333333333333334,92.0,0.6949750600477755,-0.1428571428571429,33.949750600477756,0.0,1,5,1.891,1.2,1.067,0.8,0,8500.0,0,0
Booked by Smit Solanki,"
₹1000 advance received 

15 Persons Max
Rent: ₹4000
Deposit: ₹1000
",2025-06-23 19:00:00,2025-06-24 18:00:00,2025-06-24 18:00:00,2025-06-19,21:35:24,23.0000000002328,0,0,0,,,,4000.0,15,24.0,24H Night,3,0.0,0, (Strict),False,4500.0,10000.0,0.0,4850.0,7.0,38.0,1.0,1.0,1.0,6,1.2246467991473532e-16,-1.0,2025,3,25,170,0,0,Festival,False,Standard,Tier 2,High,1.0,0.0,0.0,,,False,False,Festival,0,7,7,0,0,0,0,0,monsoon,0,0,24H Night,24.0,1.0,24H,0,0.0,4000.0,1.0,0,1.0,1.0,0,0,1,Clear,1,Last Minute,0.0,26.0,20.0,60.0,4.2,25.0,60.0,90.0,5636.95652173913,4808.571428571428,5600.0,5636.95652173913,5758.974358974359,5636.95652173913,4804.166666666667,1.0,1,1.221,990.28,4487.5,4500.0,4487.5,4500.0,917.6115025244711,24.0,1.0,4150.0,5125.0,0,0,0,0,0,0,0,0,1,0,0,0,0,0,1.0,0.23333333333333334,92.0,0.7894674515727508,0.0,34.89467451572751,0.0,1,5,1.891,1.2,1.067,0.8,0,8500.0,0,0
Booked by Chirag Sonpal,"Booking confirmed ✅ 
Farm number 11
₹500 received 

22 Jun 2025 at 8:00 PM to 23 Jun 2025 at 6:00 PM
2 Persons Max
Rent: ₹3500
Deposit: ₹500

Deposit Refund after check out.",2025-06-22 20:00:00,2025-06-23 18:00:00,2025-06-23 18:00:00,2025-06-22,13:53:08,21.9999999997672,0,0,0,,,,3500.0,2,24.0,Couple Full Night,0,0.0,0, (Month),False,3000.0,5000.0,3.0,3416.6666666666665,5.0,35.0,0.7142857142857143,1.0,0.7142857142857143,6,1.2246467991473532e-16,-1.0,2025,6,25,173,0,0,Festival,False,Standard,Tier 2,High,1.0,0.0,0.0,,,False,False,Festival,0,7,7,0,0,0,0,0,monsoon,0,0,12H Night,12.0,1.0,24H,0,0.0,3500.0,1.0,0,1.0,1.0,1,0,0,Clear,0,Same Day,0.0,26.0,20.0,60.0,4.2,25.0,60.0,75.0,2600.0,2500.0,2500.0,2600.0,2375.0,2600.0,2000.0,0.9,1,0.865,-375.33,2773.3333333333335,2660.0,2773.3333333333335,2660.0,698.0735395835217,6.0,1.0,2365.0,2955.0,0,0,0,0,1,0,0,1,0,0,0,0,0,0,1.0,0.23333333333333334,92.0,0.6122396501907534,-0.2857142857142857,33.12239650190753,0.0,1,5,1.891,1.2,1.067,0.8,0,8500.0,0,0
Booked by Bhagya shah,"
₹2000 received 

15 Persons Max
Rent: ₹5000
Deposit: ₹2000
",2025-07-05 19:00:00,2025-07-06 18:00:00,2025-07-06 18:00:00,2025-06-24,14:13:46,23.0000000002328,0,1,0,,,,5000.0,15,24.0,24H Night,11,0.0,0, (Strict),False,4000.0,4500.0,2.0,4850.0,5.0,33.0,0.7142857142857143,1.0,0.7142857142857143,6,1.2246467991473532e-16,-1.0,2025,1,26,175,1,0,Festival,False,Standard,Tier 2,High,1.0,0.0,0.0,,,False,False,Festival,0,7,7,0,0,0,0,0,monsoon,1,0,24H Night,24.0,1.0,24H,0,0.0,5000.0,1.0,0,1.0,1.0,0,0,1,Clear,2,Standard,0.0,26.0,20.0,60.0,4.2,25.0,94.55,90.0,5615.217391304348,8600.0,5571.428571428572,5615.217391304348,4950.0,5615.217391304348,8714.285714285714,0.74,3,1.221,990.28,5477.777777777777,4200.0,5477.777777777777,4200.0,3125.8639831294067,27.0,1.0,3650.0,6200.0,0,0,0,0,0,0,0,0,0,0,1,0,0,0,1.0,0.23333333333333334,92.0,0.6493447462165928,-0.2857142857142857,53.493447462165925,0.0,1,5,1.891,1.2,1.067,0.8,0,8500.0,0,0
Booked by Kenil Patel,"
₹1000 advance received

2 Persons Max
Rent: ₹2300
Deposit: ₹1000
",2025-06-27 09:00:00,2025-06-27 18:00:00,2025-06-27 18:00:00,2025-06-25,12:48:58,9.0,0,0,0,,,,2300.0,2,12.0,Couple Half Day,1,0.0,0, (Month),False,2000.0,2400.0,1.0,2270.0,6.0,32.0,0.8571428571428571,1.0,0.8571428571428571,6,1.2246467991473532e-16,-1.0,2025,2,26,176,0,0,Festival,False,Standard,Tier 2,High,1.0,0.0,0.0,,,False,False,Festival,0,7,7,0,0,0,0,0,monsoon,0,0,12H Day,12.0,0.5,12H,0,0.0,4600.0,1.0,0,1.0,1.0,1,0,0,Clear,0,Last Minute,0.0,26.0,20.0,60.0,4.2,25.0,60.0,75.0,3322.7272727272725,3322.7272727272725,2380.0,3322.7272727272725,3373.684210526316,3322.7272727272725,2300.0,0.9,1,1.278,754.17,2712.5,2550.0,2712.5,2550.0,725.9230577094833,8.0,1.0,2400.0,3100.0,0,0,0,0,0,0,0,0,1,0,0,0,0,0,1.0,0.23333333333333334,92.0,0.8035638951599113,-0.1428571428571429,35.03563895159911,0.0,1,5,1.891,1.2,1.067,0.8,0,8500.0,0,0
Booked by Hitesh Fofliya,"
₹1000 received 

15 Persons Max
Rent: ₹3000
Deposit: ₹1000
",2025-06-28 20:00:00,2025-06-29 08:00:00,2025-06-29 08:00:00,2025-06-27,19:03:34,12.0,0,1,0,,,,3000.0,15,12.0,12H Night,1,0.0,0, (Month),False,2500.0,2000.0,2.0,2450.0,4.0,27.0,0.5714285714285714,0.9,0.5714285714285714,6,1.2246467991473532e-16,-1.0,2025,4,26,178,1,0,Festival,False,Standard,Tier 2,High,1.0,0.0,0.0,,,False,False,Festival,0,7,7,0,0,0,0,0,monsoon,1,0,12H Night,12.0,0.5,12H,0,0.0,6000.0,1.0,0,1.0,1.0,0,0,1,Clear,0,Last Minute,0.0,26.0,20.0,60.0,4.2,25.0,100.0,75.0,2650.0,3000.0,2833.3333333333335,2650.0,2437.5,2650.0,2650.0,0.47000000000000003,6,0.865,-375.33,2398.0,2670.0,2398.0,2670.0,877.3938682256675,5.0,1.0,1500.0,2820.0,1,0,0,0,0,0,0,0,1,0,0,0,0,0,1.0,0.23333333333333334,92.0,0.634913580325298,-0.3285714285714286,53.34913580325298,0.0,1,5,1.891,1.2,1.067,0.8,0,8500.0,0,0
Booked by Solanki Mihir,"₹1000 received 
4 Persons Max
Rent: ₹3500
Deposit: ₹1000
",2025-06-29 09:00:00,2025-06-29 18:00:00,2025-06-29 18:00:00,2025-06-27,15:10:18,9.0,0,0,0,,,,3500.0,4,12.0,12H Day,1,0.0,0, (Strict),False,2500.0,1500.0,0.0,3050.0,5.0,28.0,0.7142857142857143,0.9333333333333333,0.7142857142857143,6,1.2246467991473532e-16,-1.0,2025,4,26,178,0,0,Festival,False,Standard,Tier 2,High,1.0,0.0,0.0,,,False,False,Festival,0,7,7,0,0,0,0,0,monsoon,0,0,12H Day,12.0,0.5,12H,0,0.0,7000.0,1.0,0,1.0,1.0,0,1,0,Clear,0,Last Minute,0.0,26.0,20.0,60.0,4.2,25.0,60.0,75.0,3268.181818181818,3268.181818181818,2972.7272727272725,3268.181818181818,3310.5263157894738,3268.181818181818,2972.7272727272725,0.98,1,1.278,754.17,2712.5,2550.0,2712.5,2550.0,725.9230577094833,8.0,1.0,2400.0,3100.0,0,0,0,0,0,0,0,0,1,0,0,0,0,0,1.0,0.23333333333333334,92.0,0.7652979228283779,-0.21904761904761905,34.65297922828378,0.0,1,5,1.891,1.2,1.067,0.8,0,8500.0,0,0
Booked by Manish Sada,"Booking confirmed ✅ 
₹1000 advance received

29 Jun 2025 at 7:00 PM to 30 Jun 2025 at 6:00 PM
10 Persons Max
Rent: ₹3500
Deposit: ₹1000

Deposit Refund after check out.",2025-06-29 19:00:00,2025-06-30 18:00:00,2025-06-30 18:00:00,2025-06-29,13:32:11,23.0000000002328,0,0,0,,,,3500.0,10,24.0,24H Night,0,0.0,0, (Strict),False,5000.0,4000.0,2.0,4700.0,5.0,29.0,0.7142857142857143,0.9666666666666667,0.7142857142857143,6,1.2246467991473532e-16,-1.0,2025,6,26,180,0,0,Festival,False,Standard,Tier 2,High,1.0,0.0,0.0,,,False,False,Festival,0,7,7,0,0,0,0,0,monsoon,0,0,24H Night,24.0,1.0,24H,0,0.0,3500.0,1.0,0,1.0,1.0,0,1,0,Clear,0,Same Day,0.0,26.0,20.0,60.0,4.2,25.0,60.0,75.0,5647.826086956522,4822.857142857143,5614.285714285715,5647.826086956522,5771.794871794872,5647.826086956522,4825.0,1.0,1,1.221,990.28,4487.5,4500.0,4487.5,4500.0,917.6115025244711,24.0,1.0,4150.0,5125.0,0,0,0,0,1,0,0,1,0,0,0,0,0,0,1.0,0.23333333333333334,92.0,0.7389086122754396,-0.2523809523809524,34.38908612275439,0.0,1,5,1.891,1.2,1.067,0.8,0,8500.0,0,0
Booked by Ganesh Vasava,"
₹1000 received 

15 Persons Max
Rent: ₹4500
Deposit: ₹2000
",2025-07-13 08:00:00,2025-07-13 19:00:00,2025-07-13 19:00:00,2025-07-01,14:24:05,10.9999999995343,0,0,0,,,,4500.0,15,12.0,12H Day,11,0.0,1,IQR (Strict),False,3500.0,2500.0,2.0,3150.0,5.0,29.0,0.7142857142857143,0.9666666666666667,0.7142857142857143,7,-0.4999999999999998,-0.8660254037844388,2025,1,27,182,0,0,Festival,False,Standard,Tier 2,High,1.0,0.0,0.0,,,False,False,Festival,0,7,7,0,0,0,0,0,monsoon,0,0,12H Day,12.0,0.5,12H,0,0.0,9000.0,1.0,0,1.0,1.0,0,0,1,Clear,2,Standard,0.0,26.0,20.0,60.0,4.2,25.0,50.0,90.0,2920.5882352941176,2920.5882352941176,5250.0,2920.5882352941176,3500.0,2920.5882352941176,2920.5882352941176,0.6,5,0.895,-273.85,2620.0,2300.0,2620.0,2300.0,1295.1732255611703,20.0,1.0,2000.0,2550.0,0,0,0,0,0,0,0,0,0,0,1,0,0,0,1.0,0.18333333333333332,98.0,0.7389086122754396,-0.2523809523809524,32.88908612275439,0.0,1,5,1.891,1.2,1.067,0.8,0,8500.0,0,0
Booked by Tanmay Agarval,"
₹1000 received 

12 Persons Max
Rent: ₹3000
Deposit: ₹1000
",2025-07-12 19:00:00,2025-07-13 07:00:00,2025-07-13 07:00:00,2025-07-03,20:20:13,12.0,0,1,0,,,,3000.0,12,12.0,12H Night,8,0.0,0, (Month+Slot),False,3000.0,2500.0,2.0,2500.0,5.0,28.0,0.7142857142857143,0.9333333333333333,0.7142857142857143,7,-0.4999999999999998,-0.8660254037844388,2025,3,27,184,1,0,Festival,False,Standard,Tier 2,High,1.0,0.0,0.0,,,False,False,Festival,0,7,7,0,0,0,0,0,monsoon,1,0,12H Night,12.0,0.5,12H,0,0.0,6000.0,1.0,0,1.0,1.0,0,1,0,Clear,2,Standard,0.0,26.0,20.0,60.0,4.2,25.0,94.55,90.0,2500.0,2500.0,3000.0,2500.0,3000.0,2500.0,2500.0,0.45,6,1.137,321.67,2673.3333333333335,2760.0,2673.3333333333335,2760.0,204.2873792805941,3.0,0.6,2600.0,2790.0,0,0,0,0,0,0,0,0,0,0,1,0,0,0,1.0,0.18333333333333332,98.0,0.7652979228283779,-0.21904761904761905,53.15297922828378,0.0,1,5,1.891,1.2,1.067,0.8,0,8500.0,0,0
Booked by Indrapratap Singh,"
₹500 received 

2 Persons Max
Rent: ₹2000
Deposit: ₹500
",2025-07-05 10:00:00,2025-07-05 17:00:00,2025-07-05 17:00:00,2025-07-04,23:05:09,7.00000000046566,0,0,0,,,,2000.0,2,12.0,Couple Half Day,0,0.0,0, (Strict),False,2300.0,2000.0,1.0,2220.0,4.0,28.0,0.5714285714285714,0.9333333333333333,0.5714285714285714,7,-0.4999999999999998,-0.8660254037844388,2025,4,27,185,0,0,Festival,False,Standard,Tier 2,High,1.0,0.0,0.0,,,False,False,Festival,0,7,7,0,0,0,0,0,monsoon,0,0,12H Day,12.0,0.5,12H,0,0.0,4000.0,1.0,0,1.0,1.0,1,0,0,Clear,0,Same Day,0.0,26.0,20.0,60.0,4.2,25.0,50.0,75.0,2994.1176470588234,2994.1176470588234,2200.0,2994.1176470588234,2204.7619047619046,2994.1176470588234,2020.0,1.0,1,0.895,-273.85,2620.0,2300.0,2620.0,2300.0,1295.1732255611703,20.0,1.0,2000.0,2550.0,0,0,0,0,0,0,0,1,0,0,0,0,0,0,1.0,0.18333333333333332,98.0,0.6122383382627022,-0.36190476190476195,31.62238338262702,0.0,1,5,1.891,1.2,1.067,0.8,0,8500.0,0,0
Booked by Rutvik Mandanka,"₹500 advance received 
Vinit Pipaliya
2 Persons Max
Rent: ₹2000
Deposit: ₹500
",2025-07-10 10:00:00,2025-07-10 18:00:00,2025-07-10 18:00:00,2025-07-06,12:16:59,8.00000000023283,0,0,0,,,,2000.0,2,12.0,Couple Half Day,3,0.0,0, (Strict),False,2000.0,2300.0,2.0,2220.0,4.0,28.0,0.5714285714285714,0.9333333333333333,0.5714285714285714,7,-0.4999999999999998,-0.8660254037844388,2025,6,27,187,0,0,Festival,False,Standard,Tier 2,High,1.0,0.0,0.0,,,False,False,Festival,0,7,7,0,0,0,0,0,monsoon,0,0,12H Day,12.0,0.5,12H,0,0.0,4000.0,1.0,0,1.0,1.0,1,0,0,Clear,1,Last Minute,0.0,26.0,20.0,60.0,4.2,25.0,50.0,90.0,2994.1176470588234,2994.1176470588234,2200.0,2994.1176470588234,2204.7619047619046,2994.1176470588234,2020.0,1.0,1,0.895,-273.85,2620.0,2300.0,2620.0,2300.0,1295.1732255611703,20.0,1.0,2000.0,2550.0,0,0,0,1,0,0,0,0,1,0,0,0,0,0,1.0,0.18333333333333332,98.0,0.6122383382627022,-0.36190476190476195,31.62238338262702,0.0,1,5,1.891,1.2,1.067,0.8,0,8500.0,0,0
Booked by Mehul Jethva,"
₹500 advance received 

8 Persons Max
Rent: ₹2000
Deposit: ₹500
",2025-07-09 23:00:00,2025-07-10 09:00:00,2025-07-10 09:00:00,2025-07-09,22:26:05,9.99999999976717,0,0,0,,,,2000.0,8,12.0,12H Night,0,0.0,0, (Strict),False,3000.0,3000.0,3.0,2500.0,4.0,22.0,0.5714285714285714,0.7333333333333333,0.5714285714285714,7,-0.4999999999999998,-0.8660254037844388,2025,2,28,190,0,0,Festival,False,Standard,Tier 2,High,1.0,0.0,0.0,,,False,False,Festival,0,7,7,0,0,0,0,0,monsoon,0,0,12H Night,12.0,0.5,12H,0,0.0,4000.0,1.0,0,1.0,1.0,0,1,0,Clear,0,Same Day,0.0,26.0,20.0,60.0,4.2,25.0,50.0,75.0,2625.0,2571.4285714285716,2125.0,2625.0,2500.0,2625.0,2125.0,0.91,1,1.137,321.67,2351.6666666666665,2000.0,2351.6666666666665,2000.0,641.1370108382971,6.0,1.0,2000.0,2547.5,0,0,0,0,0,0,0,1,0,0,0,0,0,0,1.0,0.18333333333333332,98.0,0.7792101536277752,-0.16190476190476188,33.292101536277755,0.0,1,5,1.891,1.2,1.067,0.8,0,8500.0,0,0
Booked by Gaurang Patel,"
₹1000 received 
Farm number 11

5 Persons Max
Rent: ₹2500
Deposit: ₹1000
",2025-07-14 07:00:00,2025-07-14 18:00:00,2025-07-14 18:00:00,2025-07-09,16:07:54,11.0000000002328,0,0,0,,,,2500.0,5,12.0,12H Day,4,0.0,0, (Strict),False,4500.0,3500.0,0.0,3100.0,5.0,23.0,0.7142857142857143,0.7666666666666667,0.7142857142857143,7,-0.4999999999999998,-0.8660254037844388,2025,2,28,190,0,0,Festival,False,Standard,Tier 2,High,1.0,0.0,0.0,,,False,False,Festival,0,7,7,0,0,0,0,0,monsoon,0,0,12H Day,12.0,0.5,12H,0,0.0,5000.0,1.0,0,1.0,1.0,0,1,0,Clear,1,Standard,0.0,26.0,20.0,60.0,4.2,25.0,50.0,90.0,2979.4117647058824,2979.4117647058824,2722.222222222222,2979.4117647058824,3722.222222222222,2979.4117647058824,2666.6666666666665,0.9,1,0.895,-273.85,2620.0,2300.0,2620.0,2300.0,1295.1732255611703,20.0,1.0,2000.0,2550.0,0,0,0,0,0,0,0,0,0,1,0,0,0,0,1.0,0.18333333333333332,98.0,0.931664866483108,-0.05238095238095242,34.81664866483108,0.0,1,5,1.891,1.2,1.067,0.8,0,8500.0,0,0
Booked by Mit kukadiya,"
Farm number 11
₹500 advance received 

2 Persons Max
Rent: ₹2000
Deposit: ₹500
",2025-07-12 09:00:00,2025-07-12 18:00:00,2025-07-12 18:00:00,2025-07-11,19:07:54,9.0,0,0,0,,,,2000.0,2,12.0,Couple Half Day,0,0.0,0, (Strict),False,2000.0,2000.0,2.0,2220.0,4.0,24.0,0.5714285714285714,0.8,0.5714285714285714,7,-0.4999999999999998,-0.8660254037844388,2025,4,28,192,0,0,Festival,False,Standard,Tier 2,High,1.0,0.0,0.0,,,False,False,Festival,0,7,7,0,0,0,0,0,monsoon,0,0,12H Day,12.0,0.5,12H,0,0.0,4000.0,1.0,0,1.0,1.0,1,0,0,Clear,0,Same Day,0.0,26.0,20.0,60.0,4.2,25.0,50.0,75.0,2994.1176470588234,2994.1176470588234,2200.0,2994.1176470588234,2204.7619047619046,2994.1176470588234,2020.0,1.0,1,0.895,-273.85,2620.0,2300.0,2620.0,2300.0,1295.1732255611703,20.0,1.0,2000.0,2550.0,0,0,0,0,0,0,0,1,0,0,0,0,0,0,1.0,0.18333333333333332,98.0,0.7142767858258914,-0.22857142857142865,32.642767858258914,0.0,1,5,1.891,1.2,1.067,0.8,0,8500.0,0,0
Booked by Heet,"
Farm number 11
₹500 received 

2 Persons Max
Rent: ₹2000
Deposit: ₹500
",2025-07-11 11:00:00,2025-07-11 18:00:00,2025-07-11 18:00:00,2025-07-11,10:53:38,6.99999999976717,0,0,0,,,,2000.0,2,12.0,Couple Half Day,0,0.0,0, (Strict),False,2000.0,2000.0,0.0,2120.0,5.0,25.0,0.7142857142857143,0.8333333333333334,0.7142857142857143,7,-0.4999999999999998,-0.8660254037844388,2025,4,28,192,0,0,Festival,False,Standard,Tier 2,High,1.0,0.0,0.0,,,False,False,Festival,0,7,7,0,0,0,0,0,monsoon,0,0,12H Day,12.0,0.5,12H,0,0.0,4000.0,1.0,0,1.0,1.0,1,0,0,Clear,0,Same Day,0.0,26.0,20.0,60.0,4.2,25.0,50.0,75.0,2994.1176470588234,2994.1176470588234,2200.0,2994.1176470588234,2204.7619047619046,2994.1176470588234,2020.0,1.0,1,0.895,-273.85,2620.0,2300.0,2620.0,2300.0,1295.1732255611703,20.0,1.0,2000.0,2550.0,0,0,0,0,0,0,0,1,0,0,0,0,0,0,1.0,0.18333333333333332,98.0,0.8571325715519985,-0.11904761904761907,34.07132571551998,0.0,1,5,1.891,1.2,1.067,0.8,0,8500.0,0,0
Booked by patel mihir,"
Booking confirmed ✅ 
Farm number 11
₹2000 received 

2 Persons Max
Rent: ₹2000
Deposit: ₹500
",2025-07-15 06:00:00,2025-07-15 12:00:00,2025-07-15 12:00:00,2025-07-14,13:20:26,6.0,0,0,0,,,,2000.0,2,12.0,Couple Half Day,0,0.0,0, (Strict),False,2000.0,2000.0,3.0,2120.0,5.0,20.0,0.7142857142857143,0.6666666666666666,0.7142857142857143,7,-0.4999999999999998,-0.8660254037844388,2025,0,29,195,0,0,Festival,False,Standard,Tier 2,High,1.0,0.0,0.0,,,False,False,Festival,0,7,7,0,0,0,0,0,monsoon,0,0,12H Day,12.0,0.5,12H,0,0.0,4000.0,1.0,0,1.0,1.0,1,0,0,Clear,0,Same Day,0.0,26.0,20.0,60.0,4.2,25.0,50.0,75.0,2994.1176470588234,2994.1176470588234,2200.0,2994.1176470588234,2204.7619047619046,2994.1176470588234,2020.0,1.0,1,0.895,-273.85,2620.0,2300.0,2620.0,2300.0,1295.1732255611703,20.0,1.0,2000.0,2550.0,0,0,0,0,0,0,0,1,0,0,0,0,0,0,1.0,0.18333333333333332,98.0,1.071412500241068,0.04761904761904767,36.21412500241068,0.0,1,5,1.891,1.2,1.067,0.8,0,8500.0,0,0
Booked by Kurhe Hrishabh,"
Farm number 11
₹1000 received 

2 Persons Max
Rent: ₹5500
Deposit: ₹1000
",2025-07-21 09:00:00,2025-07-23 08:00:00,2025-07-23 08:00:00,2025-07-15,16:03:44,47.0000000002328,0,0,0,,,,5500.0,2,24.0,Couple Extended Day,5,0.0,1,Percentile (Month),False,4500.0,8500.0,1.0,5000.0,6.0,20.0,0.8571428571428571,0.6666666666666666,0.8571428571428571,7,-0.4999999999999998,-0.8660254037844388,2025,1,29,196,0,0,Festival,False,Standard,Tier 2,High,1.0,0.0,0.0,,,False,False,Festival,0,7,7,0,0,0,0,0,monsoon,0,0,12H Day,12.0,1.0,24H,0,0.0,5500.0,1.0,0,1.0,1.0,1,0,0,Clear,1,Standard,0.0,26.0,20.0,60.0,4.2,25.0,50.0,90.0,2891.176470588235,2891.176470588235,2015.7894736842106,2891.176470588235,3388.8888888888887,2891.176470588235,2015.7894736842106,0.7999999999999999,3,0.895,-273.85,2620.0,2300.0,2620.0,2300.0,1295.1732255611703,20.0,1.0,2000.0,2550.0,0,0,0,0,0,0,0,0,0,1,0,0,0,0,1.0,0.18333333333333332,98.0,1.2856950002892815,0.19047619047619047,38.356950002892816,0.0,1,5,1.891,1.2,1.067,0.8,0,8500.0,0,0
Booked by Parmar Darshan,"Booking confirmed ✅ 
Farm number 11
₹500 received 

6 Persons Max
Rent: ₹2000
Deposit: ₹500

",2025-07-17 11:00:00,2025-07-17 17:00:00,2025-07-17 17:00:00,2025-07-16,22:30:44,6.0,0,0,0,,,,2000.0,6,12.0,12H Day,0,0.0,0, (Strict),False,2500.0,4500.0,1.0,3050.0,5.0,21.0,0.7142857142857143,0.7,0.7142857142857143,7,-0.4999999999999998,-0.8660254037844388,2025,2,29,197,0,0,Festival,False,Standard,Tier 2,High,1.0,0.0,0.0,,,False,False,Festival,0,7,7,0,0,0,0,0,monsoon,0,0,12H Day,12.0,0.5,12H,0,0.0,4000.0,1.0,0,1.0,1.0,0,1,0,Clear,0,Same Day,0.0,26.0,20.0,60.0,4.2,25.0,50.0,75.0,2994.1176470588234,2994.1176470588234,2777.777777777778,2994.1176470588234,2204.7619047619046,2994.1176470588234,2750.0,0.91,1,0.895,-273.85,2620.0,2300.0,2620.0,2300.0,1295.1732255611703,20.0,1.0,2000.0,2550.0,0,0,0,0,0,0,0,1,0,0,0,0,0,0,1.0,0.18333333333333332,98.0,1.0203935862140747,0.014285714285714346,35.703935862140746,0.0,1,5,1.891,1.2,1.067,0.8,0,8500.0,0,0
Booked by Rahul Gelani,"
Farm number 11
₹500 received

2 Persons Max without pool
Rent: ₹1500
Deposit: ₹500
",2025-08-01 09:00:00,2025-08-01 18:00:00,2025-08-01 18:00:00,2025-07-16,22:00:59,9.0,0,0,0,,,,1500.0,2,12.0,Couple Half Day,15,0.0,0, (Month),False,2000.0,2000.0,0.0,2070.0,6.0,22.0,0.8571428571428571,0.7333333333333333,0.8571428571428571,7,-0.4999999999999998,-0.8660254037844388,2025,2,29,197,0,0,Festival,False,Standard,Tier 2,High,1.0,0.0,0.0,,,False,False,Festival,0,7,7,0,0,0,0,0,monsoon,0,0,12H Day,12.0,0.5,12H,0,0.0,3000.0,1.0,0,1.0,1.0,1,0,0,Clear,2,Advance,0.0,26.0,20.0,60.0,4.2,25.0,50.0,95.0,3008.823529411765,3008.823529411765,2226.315789473684,3008.823529411765,9000.0,3008.823529411765,2226.315789473684,0.7999999999999999,3,0.895,-273.85,2620.0,2300.0,2620.0,2300.0,1295.1732255611703,20.0,1.0,2000.0,2550.0,0,0,0,0,0,0,0,0,0,0,0,1,0,0,1.0,0.18333333333333332,98.0,1.1688152304416628,0.12380952380952381,37.188152304416626,0.0,1,5,1.891,1.2,1.067,0.8,0,8500.0,0,0
Booked by Roshani modi,"
Farm number 11
₹1000 received 

12 Persons Max
Rent: ₹4000
Deposit: ₹1000
",2025-07-18 19:00:00,2025-07-19 18:00:00,2025-07-19 18:00:00,2025-07-17,11:16:16,23.0000000002328,0,0,0,,,,4000.0,12,24.0,24H Night,1,0.0,0, (Month+Slot),False,3500.0,5000.0,1.0,4550.0,7.0,22.0,1.0,0.7333333333333333,1.0,7,-0.4999999999999998,-0.8660254037844388,2025,3,29,198,0,0,Festival,False,Standard,Tier 2,High,1.0,0.0,0.0,,,False,False,Festival,0,7,7,0,0,0,0,0,monsoon,0,0,24H Night,24.0,1.0,24H,0,0.0,4000.0,1.0,0,1.0,1.0,0,1,0,Clear,0,Last Minute,0.0,26.0,20.0,60.0,4.2,25.0,50.0,75.0,4187.5,3250.0,4625.0,4187.5,4076.923076923077,4187.5,3250.0,0.53,5,1.493,1351.67,2740.0,2700.0,2740.0,2700.0,350.7135583350036,5.0,1.0,2400.0,3100.0,0,0,0,0,0,0,0,0,1,0,0,0,0,0,1.0,0.18333333333333332,98.0,1.3636177688486069,0.2666666666666667,39.13617768848607,0.0,1,5,1.891,1.2,1.067,0.8,0,8500.0,0,0
Booked by jitu padhara,"Booking confirmed ✅ 
Farm number 11

₹1000 advance received

19 Jul 2025 at 7:00 PM to 20 Jul 2025 at 6:00 PM
13 Persons Max
Rent: ₹4500
Deposit: ₹1000

Deposit Refund after check out.",2025-07-19 19:00:00,2025-07-20 18:00:00,2025-07-20 18:00:00,2025-07-18,12:58:01,23.0000000002328,0,1,0,,,,4500.0,13,24.0,24H Night,1,0.0,0, (Strict),False,4000.0,3500.0,1.0,4550.0,6.0,23.0,0.8571428571428571,0.7666666666666667,0.8571428571428571,7,-0.4999999999999998,-0.8660254037844388,2025,4,29,199,1,0,Festival,False,Standard,Tier 2,High,1.0,0.0,0.0,,,False,False,Festival,0,7,7,0,0,0,0,0,monsoon,1,0,24H Night,24.0,1.0,24H,0,0.0,4500.0,1.0,0,1.0,1.0,0,0,1,Clear,0,Last Minute,0.0,26.0,20.0,60.0,4.2,25.0,94.55,75.0,4156.25,4777.777777777777,4562.5,4156.25,4038.4615384615386,4156.25,5125.0,0.91,1,1.493,1351.67,4091.6666666666665,4150.0,4091.6666666666665,4150.0,845.8006785755068,12.0,1.0,3500.0,4900.0,1,0,0,0,0,0,0,0,1,0,0,0,0,0,1.0,0.18333333333333332,98.0,1.1179978397797294,0.09047619047619038,56.67997839779729,0.0,1,5,1.891,1.2,1.067,0.8,0,8500.0,0,0
Booked by Renish,"Booking confirmed
₹500 advance received

28 Jul 2025 at 9:00 AM to 28 Jul 2025 at 6:00 PM
2 Persons Max
Rent: ₹2000
Deposit: ₹500

Deposit Refund after check out.",2025-07-28 09:00:00,2025-07-28 18:00:00,2025-07-28 18:00:00,2025-07-18,10:24:39,9.0,0,0,0,,,,2000.0,2,12.0,Couple Half Day,9,0.0,0, (Strict),False,1500.0,2000.0,0.0,2020.0,7.0,24.0,1.0,0.8,1.0,7,-0.4999999999999998,-0.8660254037844388,2025,4,29,199,0,0,Festival,False,Standard,Tier 2,High,1.0,0.0,0.0,,,False,False,Festival,0,7,7,0,0,0,0,0,monsoon,0,0,12H Day,12.0,0.5,12H,0,0.0,4000.0,1.0,0,1.0,1.0,1,0,0,Clear,2,Standard,0.0,26.0,20.0,60.0,4.2,25.0,50.0,90.0,2994.1176470588234,2994.1176470588234,2200.0,2994.1176470588234,3777.777777777778,2994.1176470588234,2200.0,0.7999999999999999,3,0.895,-273.85,2620.0,2300.0,2620.0,2300.0,1295.1732255611703,20.0,1.0,2000.0,2550.0,0,0,0,0,0,0,0,0,0,0,1,0,0,0,1.0,0.18333333333333332,98.0,1.2499843751953101,0.19999999999999996,37.9998437519531,0.0,1,5,1.891,1.2,1.067,0.8,0,8500.0,0,0
Booked by Yogesh bhanderi,"
₹500 received 
Farm number 11

10 Persons Max
Rent: ₹3000
Deposit: ₹500
",2025-07-22 20:00:00,2025-07-23 18:00:00,2025-07-23 18:00:00,2025-07-22,16:07:55,21.9999999997672,0,0,0,,,,3000.0,10,24.0,24H Night,0,0.0,0, (Month+Slot),False,4500.0,4000.0,4.0,4350.0,6.0,21.0,0.8571428571428571,0.7,0.8571428571428571,7,-0.4999999999999998,-0.8660254037844388,2025,1,30,203,0,0,Festival,False,Standard,Tier 2,High,1.0,0.0,0.0,,,False,False,Festival,0,7,7,0,0,0,0,0,monsoon,0,0,24H Night,24.0,1.0,24H,0,0.0,3000.0,1.0,0,1.0,1.0,0,1,0,Clear,0,Same Day,0.0,26.0,20.0,60.0,4.2,25.0,50.0,75.0,4250.0,3416.6666666666665,4750.0,4250.0,4153.846153846154,4250.0,3416.6666666666665,0.53,5,1.493,1351.67,2740.0,2700.0,2740.0,2700.0,350.7135583350036,5.0,1.0,2400.0,3100.0,0,0,0,0,0,0,0,1,0,0,0,0,0,0,1.0,0.18333333333333332,98.0,1.2244723034568894,0.15714285714285714,37.74472303456889,0.0,1,5,1.891,1.2,1.067,0.8,0,8500.0,0,0
Booked by Rohit sharma,"Booking confirmed ✅ 
Farm number 11
₹1000 received 

2 Persons Max
Rent: ₹2500
Deposit: ₹500
",2025-07-24 08:00:00,2025-07-24 19:00:00,2025-07-24 19:00:00,2025-07-22,12:19:13,10.9999999995343,0,0,0,,,,2500.0,2,12.0,Couple Half Day,1,0.0,0, (Strict),False,2000.0,1500.0,0.0,2030.0,7.0,22.0,1.0,0.7333333333333333,1.0,7,-0.4999999999999998,-0.8660254037844388,2025,1,30,203,0,0,Festival,False,Standard,Tier 2,High,1.0,0.0,0.0,,,False,False,Festival,0,7,7,0,0,0,0,0,monsoon,0,0,12H Day,12.0,0.5,12H,0,0.0,5000.0,1.0,0,1.0,1.0,1,0,0,Clear,0,Last Minute,0.0,26.0,20.0,60.0,4.2,25.0,50.0,75.0,2979.4117647058824,2979.4117647058824,2173.684210526316,2979.4117647058824,2180.9523809523807,2979.4117647058824,1986.6666666666667,1.0,1,0.895,-273.85,2620.0,2300.0,2620.0,2300.0,1295.1732255611703,20.0,1.0,2000.0,2550.0,0,0,0,0,0,0,0,0,1,0,0,0,0,0,1.0,0.18333333333333332,98.0,1.3636177688486069,0.2666666666666667,39.13617768848607,0.0,1,5,1.891,1.2,1.067,0.8,0,8500.0,0,0
Booked by Abhay Singh,"
₹500 received 

8 Persons Max
Rent: ₹3000
Deposit: ₹1000
",2025-07-26 19:00:00,2025-07-27 08:00:00,2025-07-27 08:00:00,2025-07-25,12:30:56,13.0000000004657,0,1,0,,,,3000.0,8,12.0,24H Night,1,0.0,2,"MAD, IQR (Strict)",True,3000.0,4500.0,3.0,4400.0,3.0,21.0,0.42857142857142855,0.7,0.42857142857142855,7,-0.4999999999999998,-0.8660254037844388,2025,4,30,206,1,0,Festival,False,Standard,Tier 2,High,1.0,0.0,0.0,,,False,False,Festival,0,7,7,0,0,0,0,0,monsoon,1,0,24H Night,24.0,0.5,12H,0,0.0,6000.0,1.0,0,0.5,0.95,0,1,0,Clear,0,Last Minute,0.0,26.0,20.0,60.0,4.2,25.0,94.55,75.0,4250.0,4944.444444444444,3857.1428571428573,4250.0,4153.846153846154,4250.0,4500.0,0.7,3,1.493,1351.67,4091.6666666666665,4150.0,4091.6666666666665,4150.0,845.8006785755068,12.0,1.0,3500.0,4900.0,1,0,0,0,0,0,0,0,1,0,0,0,0,0,1.0,0.18333333333333332,98.0,0.6122361517284447,-0.2714285714285714,51.622361517284446,0.0,1,5,1.891,1.2,1.067,0.8,0,8500.0,0,0
Booked by Vanraj,"Booking confirmed ✅ 
Farm number 11
₹500 received 

25 Jul 2025 at 10:00 AM to 25 Jul 2025 at 7:00 PM
8 Persons Max
Rent: ₹2500
Deposit: ₹1000

Deposit Refund after check out.",2025-07-25 10:00:00,2025-07-25 19:00:00,2025-07-25 19:00:00,2025-07-25,10:32:54,9.0,0,0,0,,,,2500.0,8,12.0,12H Day,0,0.0,0, (Strict),False,2000.0,2500.0,0.0,3100.0,4.0,22.0,0.5714285714285714,0.7333333333333333,0.5714285714285714,7,-0.4999999999999998,-0.8660254037844388,2025,4,30,206,0,0,Festival,False,Standard,Tier 2,High,1.0,0.0,0.0,,,False,False,Festival,0,7,7,0,0,0,0,0,monsoon,0,0,12H Day,12.0,0.5,12H,0,0.0,5000.0,1.0,0,1.0,1.0,0,1,0,Clear,0,Same Day,0.0,26.0,20.0,60.0,4.2,25.0,50.0,75.0,2979.4117647058824,2979.4117647058824,2722.222222222222,2979.4117647058824,2180.9523809523807,2979.4117647058824,2625.0,0.91,1,0.895,-273.85,2620.0,2300.0,2620.0,2300.0,1295.1732255611703,20.0,1.0,2000.0,2550.0,0,0,0,0,0,0,0,1,0,0,0,0,0,0,1.0,0.18333333333333332,98.0,0.7792101536277752,-0.16190476190476188,33.292101536277755,0.0,1,5,1.891,1.2,1.067,0.8,0,8500.0,0,0
Booked by Kalsariya hardik,"
₹500 received 

2 Persons Max
Rent: ₹1800
Deposit: ₹500
",2025-07-30 08:00:00,2025-07-30 18:00:00,2025-07-30 18:00:00,2025-07-29,14:44:50,9.99999999976717,0,0,0,,,,1800.0,2,12.0,Couple Half Day,0,0.0,0, (Strict),False,2500.0,2000.0,4.0,2010.0,3.0,20.0,0.42857142857142855,0.6666666666666666,0.42857142857142855,7,-0.4999999999999998,-0.8660254037844388,2025,1,31,210,0,0,Festival,False,Standard,Tier 2,High,1.0,0.0,0.0,,,False,False,Festival,0,7,7,0,0,0,0,0,monsoon,0,0,12H Day,12.0,0.5,12H,0,0.0,3600.0,1.0,0,1.0,1.0,1,0,0,Clear,0,Same Day,0.0,26.0,20.0,60.0,4.2,25.0,50.0,75.0,3000.0,3000.0,2210.5263157894738,3000.0,2214.285714285714,3000.0,2033.3333333333333,1.0,1,0.895,-273.85,2620.0,2300.0,2620.0,2300.0,1295.1732255611703,20.0,1.0,2000.0,2550.0,0,0,0,0,0,0,0,1,0,0,0,0,0,0,1.0,0.18333333333333332,98.0,0.6428475001446408,-0.23809523809523808,31.928475001446408,0.0,1,5,1.891,1.2,1.067,0.8,0,8500.0,0,0
Booked by Dharmik Jadav,"
₹1000 received 

5 Persons Max
Rent: ₹3000
Deposit: ₹1000
",2025-08-04 07:00:00,2025-08-04 19:00:00,2025-08-04 19:00:00,2025-07-29,11:57:26,12.0,0,0,0,,,,3000.0,5,12.0,12H Day,5,0.0,0, (Strict),False,2500.0,2000.0,0.0,2800.0,4.0,21.0,0.5714285714285714,0.7,0.5714285714285714,7,-0.4999999999999998,-0.8660254037844388,2025,1,31,210,0,0,Festival,False,Standard,Tier 2,High,1.0,0.0,0.0,,,False,False,Festival,0,7,7,0,0,0,0,0,monsoon,0,0,12H Day,12.0,0.5,12H,0,0.0,6000.0,1.0,0,1.0,1.0,0,1,0,Clear,1,Standard,0.0,26.0,20.0,60.0,4.2,25.0,50.0,90.0,2964.705882352941,2964.705882352941,2666.6666666666665,2964.705882352941,3666.6666666666665,2964.705882352941,2500.0,0.9,1,0.895,-273.85,2620.0,2300.0,2620.0,2300.0,1295.1732255611703,20.0,1.0,2000.0,2550.0,0,0,0,0,0,0,0,0,0,1,0,0,0,0,1.0,0.18333333333333332,98.0,0.8163148689712596,-0.12857142857142856,33.6631486897126,0.0,1,5,1.891,1.2,1.067,0.8,0,8500.0,0,0
Booked by Maurya Atul ,"
₹1000 received 

4 Persons Max
Rent: ₹2500
Deposit: ₹500
",2025-08-05 08:00:00,2025-08-05 18:00:00,2025-08-05 18:00:00,2025-07-31,14:47:28,9.99999999976717,0,0,0,,,,2500.0,4,12.0,12H Day,4,0.0,0, (Strict),False,3000.0,2500.0,2.0,2750.0,5.0,21.0,0.7142857142857143,0.7,0.7142857142857143,7,-0.4999999999999998,-0.8660254037844388,2025,3,31,212,0,0,Festival,False,Standard,Tier 2,High,1.0,0.0,0.0,,,False,False,Festival,0,7,7,0,0,0,0,0,monsoon,0,0,12H Day,12.0,0.5,12H,0,0.0,5000.0,1.0,0,1.0,1.0,0,1,0,Clear,1,Standard,0.0,26.0,20.0,60.0,4.2,25.0,50.0,90.0,2979.4117647058824,2979.4117647058824,2722.222222222222,2979.4117647058824,3722.222222222222,2979.4117647058824,2666.6666666666665,0.9,1,0.895,-273.85,2620.0,2300.0,2620.0,2300.0,1295.1732255611703,20.0,1.0,2000.0,2550.0,0,0,0,0,0,0,0,0,0,1,0,0,0,0,1.0,0.18333333333333332,98.0,1.0203935862140747,0.014285714285714346,35.703935862140746,0.0,1,5,1.891,1.2,1.067,0.8,0,8500.0,0,0
Booked by Krish Dusane,"
₹1000 advance received

7 Persons Max
Rent: ₹2200
Deposit: ₹1000

Deposit Refund after check out.",2025-08-02 09:00:00,2025-08-02 18:00:00,2025-08-02 18:00:00,2025-08-01,21:44:03,9.0,0,0,0,,,,2200.0,7,12.0,12H Day,0,0.0,0, (Strict),False,2500.0,3000.0,1.0,2670.0,4.0,22.0,0.5714285714285714,0.7333333333333333,0.5714285714285714,8,-0.8660254037844384,-0.5000000000000004,2025,4,31,213,0,0,Festival,False,Standard,Tier 2,High,1.0,0.0,0.0,,,False,False,Festival,0,7,7,0,0,0,0,0,monsoon,0,0,12H Day,12.0,0.5,12H,0,0.0,4400.0,1.0,0,1.0,1.0,0,1,0,Clear,0,Same Day,0.0,26.0,20.0,60.0,4.2,25.0,50.0,75.0,2915.3846153846152,3033.3333333333335,3188.8888888888887,2915.3846153846152,2570.0,2915.3846153846152,2750.0,0.93,1,0.794,-592.22,2870.0,2500.0,2870.0,2500.0,1360.596274514311,10.0,1.0,2425.0,2975.0,0,0,0,0,0,0,0,1,0,0,0,0,0,0,1.0,0.15833333333333333,101.0,0.7792101536277752,-0.16190476190476188,32.542101536277755,0.0,1,5,1.891,1.2,1.067,0.8,0,8500.0,0,0
Booked by Ankit Beladiya,"Booking confirmed ✅ 
₹1000 advance received

2 Aug 2025 at 7:00 PM to 3 Aug 2025 at 6:00 PM
12 Persons Max
Rent: ₹4500
Deposit: ₹1000

Deposit Refund after check out.",2025-08-02 19:00:00,2025-08-03 18:00:00,2025-08-03 18:00:00,2025-08-01,10:35:19,23.0000000002328,0,1,0,,,,4500.0,12,24.0,24H Night,1,0.0,0, (Strict),False,3000.0,3000.0,0.0,4600.0,5.0,23.0,0.7142857142857143,0.7666666666666667,0.7142857142857143,8,-0.8660254037844384,-0.5000000000000004,2025,4,31,213,1,0,Festival,False,Standard,Tier 2,High,1.0,0.0,0.0,,,False,False,Festival,0,7,7,0,0,0,0,0,monsoon,1,0,24H Night,24.0,1.0,24H,0,0.0,4500.0,1.0,0,1.0,1.0,0,1,0,Clear,0,Last Minute,0.0,26.0,20.0,60.0,4.2,25.0,94.55,75.0,4183.333333333333,4100.0,4375.0,4183.333333333333,4020.0,4183.333333333333,4250.0,0.91,1,1.136,450.0,3750.0,3550.0,3750.0,3550.0,1007.6976458514456,12.0,1.0,2900.0,4250.0,1,0,0,0,0,0,0,0,1,0,0,0,0,0,1.0,0.15833333333333333,101.0,0.931664866483108,-0.05238095238095242,54.06664866483108,0.0,1,5,1.891,1.2,1.067,0.8,0,8500.0,0,0
Booked by Akash,"Booking confirmed ✅ 
Farm number 11
₹1000 advance received

8 Aug 2025 at 9:00 AM to 8 Aug 2025 at 6:00 PM
5 Persons Max
Rent: ₹2700
Deposit: ₹1000

Deposit Refund after check out.",2025-08-08 09:00:00,2025-08-08 18:00:00,2025-08-08 18:00:00,2025-08-03,11:35:09,9.0,0,0,0,,,,2700.0,5,12.0,12H Day,4,0.0,0, (Strict),False,2200.0,2500.0,2.0,2790.0,6.0,22.0,0.8571428571428571,0.7333333333333333,0.8571428571428571,8,-0.8660254037844384,-0.5000000000000004,2025,6,31,215,0,0,Festival,False,Standard,Tier 2,High,1.0,0.0,0.0,,,False,False,Festival,0,7,7,0,0,0,0,0,monsoon,0,0,12H Day,12.0,0.5,12H,0,0.0,5400.0,1.0,0,1.0,1.0,0,1,0,Clear,1,Standard,0.0,26.0,20.0,60.0,4.2,25.0,50.0,90.0,2876.923076923077,2991.6666666666665,3133.3333333333335,2876.923076923077,4750.0,2876.923076923077,3133.3333333333335,0.76,3,0.794,-592.22,2870.0,2500.0,2870.0,2500.0,1360.596274514311,10.0,1.0,2425.0,2975.0,0,0,0,1,0,0,0,0,0,1,0,0,0,0,1.0,0.15833333333333333,101.0,1.1688152304416628,0.12380952380952381,36.438152304416626,0.0,1,5,1.891,1.2,1.067,0.8,0,8500.0,0,0
Aarchi khatri,"
₹1000 received 

4 Persons Max
Rent: ₹3000
Deposit: ₹1000

Deposit Refund after check out.",2025-08-13 09:00:00,2025-08-13 18:00:00,2025-08-13 18:00:00,2025-08-05,16:01:46,9.0,0,0,0,,,,3000.0,4,12.0,12H Day,7,0.0,0, (Strict),False,2700.0,2200.0,2.0,2840.0,5.0,22.0,0.7142857142857143,0.7333333333333333,0.7142857142857143,8,-0.8660254037844384,-0.5000000000000004,2025,1,32,217,0,0,Festival,False,Standard,Tier 2,High,1.0,0.0,0.0,,,False,False,Festival,0,7,7,0,0,0,0,0,monsoon,0,0,12H Day,12.0,0.5,12H,0,0.0,6000.0,1.0,0,1.0,1.0,0,1,0,Clear,1,Standard,0.0,26.0,20.0,60.0,4.2,25.0,50.0,90.0,2853.846153846154,2966.6666666666665,3100.0,2853.846153846154,4600.0,2853.846153846154,3100.0,0.76,3,0.794,-592.22,2870.0,2500.0,2870.0,2500.0,1360.596274514311,10.0,1.0,2425.0,2975.0,0,0,0,0,0,0,0,0,0,1,0,0,0,0,1.0,0.15833333333333333,101.0,0.9740126920347192,-0.01904761904761898,34.490126920347194,0.0,1,5,1.891,1.2,1.067,0.8,0,8500.0,0,0
Booked by Yash Virani,"
₹1000 received 

7 Persons Max
Rent: ₹4500
Deposit: ₹1000
",2025-08-09 19:00:00,2025-08-10 18:00:00,2025-08-10 18:00:00,2025-08-07,14:39:32,23.0000000002328,0,1,0,,,,4500.0,7,24.0,24H Night,2,0.0,0, (Strict),False,4500.0,3000.0,2.0,4050.0,5.0,23.0,0.7142857142857143,0.7666666666666667,0.7142857142857143,8,-0.8660254037844384,-0.5000000000000004,2025,3,32,219,1,0,Festival,False,Standard,Tier 2,High,1.0,0.0,0.0,,,False,False,Festival,0,7,7,0,0,0,0,0,monsoon,1,0,24H Night,24.0,1.0,24H,0,0.0,4500.0,1.0,0,1.0,1.0,0,1,0,Clear,0,Last Minute,0.0,26.0,20.0,60.0,4.2,25.0,94.55,90.0,4183.333333333333,4100.0,3566.6666666666665,4183.333333333333,4020.0,4183.333333333333,4100.0,0.54,5,1.136,450.0,3750.0,3550.0,3750.0,3550.0,1007.6976458514456,12.0,1.0,2900.0,4250.0,0,0,0,0,0,0,0,0,1,0,0,0,0,0,1.0,0.15833333333333333,101.0,0.931664866483108,-0.05238095238095242,54.06664866483108,0.0,1,5,1.891,1.2,1.067,0.8,0,8500.0,0,0
Booked by Falguni Sarvaiya,"
Farm number 11
₹1000 received 

10 Persons Max
Rent: ₹4500
Deposit: ₹1000
",2025-08-08 19:00:00,2025-08-09 18:00:00,2025-08-09 18:00:00,2025-08-07,17:53:57,23.0000000002328,0,0,0,,,,4500.0,10,24.0,24H Night,1,0.0,0, (Month+Slot),False,4500.0,4500.0,0.0,4050.0,6.0,24.0,0.8571428571428571,0.8,0.8571428571428571,8,-0.8660254037844384,-0.5000000000000004,2025,3,32,219,0,0,Festival,False,Standard,Tier 2,High,1.0,0.0,0.0,,,False,False,Festival,0,7,7,0,0,0,0,0,monsoon,0,0,24H Night,24.0,1.0,24H,0,0.0,4500.0,1.0,0,1.0,1.0,0,1,0,Clear,0,Last Minute,0.0,26.0,20.0,60.0,4.2,25.0,50.0,75.0,4183.333333333333,4250.0,4375.0,4183.333333333333,4020.0,4183.333333333333,4500.0,0.7,3,1.136,450.0,3300.0,2900.0,3300.0,2900.0,692.8203230275509,3.0,0.6,2900.0,3500.0,0,0,0,0,0,0,0,0,1,0,0,0,0,0,1.0,0.15833333333333333,101.0,1.071415178738837,0.05714285714285705,35.464151787388374,0.0,1,5,1.891,1.2,1.067,0.8,0,8500.0,0,0
Booked by Umang,"Booking confirmed ✅ 
Farm number 11
₹1000 advance received

11 Aug 2025 at 7:00 PM to 12 Aug 2025 at 6:00 PM
10 Persons Max
Rent: ₹3500
Deposit: ₹1000

Deposit Refund after check out.",2025-08-11 19:00:00,2025-08-12 18:00:00,2025-08-12 18:00:00,2025-08-09,14:10:42,23.0000000002328,0,0,0,,,,3500.0,10,24.0,24H Night,2,0.0,0, (Month+Slot),False,4500.0,4500.0,2.0,4000.0,5.0,23.0,0.7142857142857143,0.7666666666666667,0.7142857142857143,8,-0.8660254037844384,-0.5000000000000004,2025,5,32,221,0,0,Festival,False,Standard,Tier 2,High,1.0,0.0,0.0,,,False,False,Festival,0,7,7,0,0,0,0,0,monsoon,0,0,24H Night,24.0,1.0,24H,0,0.0,3500.0,1.0,0,1.0,1.0,0,1,0,Clear,0,Last Minute,0.0,26.0,20.0,60.0,4.2,25.0,50.0,90.0,4266.666666666667,4500.0,4500.0,4266.666666666667,4120.0,4266.666666666667,4833.333333333333,0.7,3,1.136,450.0,3300.0,2900.0,3300.0,2900.0,692.8203230275509,3.0,0.6,2900.0,3500.0,0,0,1,0,0,0,0,0,1,0,0,0,0,0,1.0,0.15833333333333333,101.0,0.931664866483108,-0.05238095238095242,34.06664866483108,0.0,1,5,1.891,1.2,1.067,0.8,0,8500.0,0,0
Booked by Dheeraj Malani,"
₹2000 received 

8 Persons Max
Rent: ₹4500
Deposit: ₹2000
",2025-08-14 19:00:00,2025-08-15 18:00:00,2025-08-15 18:00:00,2025-08-11,16:02:32,23.0000000002328,Independence Day,0,0,,,,4500.0,8,24.0,24H Night,3,0.0,0, (Month+Slot),False,3500.0,4500.0,2.0,3950.0,5.0,22.0,0.7142857142857143,0.7333333333333333,0.7142857142857143,8,-0.8660254037844384,-0.5000000000000004,2025,0,33,223,1,0,Festival,False,Standard,Tier 2,High,1.0,0.0,0.0,,,False,False,Festival,0,7,7,0,0,0,0,0,monsoon,1,0,24H Night,24.0,1.0,24H,0,0.0,4500.0,1.0,0,1.0,1.0,0,1,0,Clear,1,Last Minute,0.0,26.0,20.0,60.0,4.2,25.0,94.55,90.0,4183.333333333333,4100.0,3566.6666666666665,4183.333333333333,4020.0,4183.333333333333,4100.0,0.54,5,1.136,450.0,3750.0,3550.0,3750.0,3550.0,1007.6976458514456,12.0,1.0,2900.0,4250.0,0,0,0,0,0,0,0,0,1,0,0,0,0,0,1.0,0.15833333333333333,101.0,0.9740126920347192,-0.01904761904761898,54.490126920347194,0.0,1,5,1.891,1.2,1.067,0.8,0,8500.0,0,0
Booked by Rakesh valiya,"
₹1000 received 

10 Persons Max
Rent: ₹6500
Deposit: ₹2000
",2025-08-15 19:00:00,2025-08-16 18:00:00,2025-08-16 18:00:00,2025-08-11,11:58:02,23.0000000002328,0,0,0,,,,6500.0,10,24.0,24H Night,4,0.0,1,IQR (Month+Slot),False,4500.0,3500.0,0.0,4250.0,6.0,23.0,0.8571428571428571,0.7666666666666667,0.8571428571428571,8,-0.8660254037844384,-0.5000000000000004,2025,0,33,223,0,0,Festival,False,Standard,Tier 2,High,1.0,0.0,0.0,,,False,False,Festival,0,7,7,0,0,0,0,0,monsoon,0,0,24H Night,24.0,1.0,24H,0,0.0,6500.0,1.0,0,1.0,1.0,0,1,0,Clear,1,Standard,0.0,26.0,20.0,60.0,4.2,25.0,50.0,90.0,4016.6666666666665,3750.0,4125.0,4016.6666666666665,3500.0,4016.6666666666665,3833.3333333333335,0.7,3,1.136,450.0,3300.0,2900.0,3300.0,2900.0,692.8203230275509,3.0,0.6,2900.0,3500.0,0,0,0,0,0,0,0,0,0,1,0,0,0,0,1.0,0.15833333333333333,101.0,1.1179978397797294,0.09047619047619038,35.92997839779729,0.0,1,5,1.891,1.2,1.067,0.8,0,8500.0,0,0
Booked by Shyamal,"Booking confirmed ✅ 
Farm number 11
₹1000 advance received

3 Persons Max
Rent: ₹4000
Deposit: ₹1000

Deposit Refund after check out.",2025-08-18 08:00:00,2025-08-19 08:00:00,2025-08-19 08:00:00,2025-08-14,12:43:16,24.0,0,0,0,,,,4000.0,3,24.0,24H Day,3,0.0,0, (Month),False,3000.0,2500.0,3.0,3630.0,4.0,22.0,0.5714285714285714,0.7333333333333333,0.5714285714285714,8,-0.8660254037844384,-0.5000000000000004,2025,3,33,226,0,0,Festival,False,Standard,Tier 2,High,1.0,0.0,0.0,,,False,False,Festival,0,7,7,0,0,0,0,0,monsoon,0,0,24H Day,24.0,1.0,24H,0,0.0,4000.0,1.0,0,1.0,1.0,0,1,0,Clear,1,Last Minute,0.0,26.0,20.0,60.0,4.2,25.0,50.0,90.0,3250.0,3250.0,3000.0,3250.0,3250.0,3250.0,3746.153846153846,0.4,7,1.25,0.0,3407.3283323716096,3221.9849971148296,3407.3283323716096,3221.9849971148296,525.1324727562373,3.0,0.6,3110.992498557415,3610.992498557415,0,0,0,0,0,0,0,0,1,0,0,0,0,0,1.0,0.15833333333333333,101.0,0.7792101536277752,-0.16190476190476188,32.542101536277755,0.0,1,5,1.891,1.2,1.067,0.8,0,8500.0,0,0
Booked by Suba Ajay,"Booking confirmed 
Farm number 11
₹1000 received 

10 Persons Max
Rent: ₹5000
Deposit: ₹1000

Deposit Refund after check out.",2025-08-16 19:00:00,2025-08-17 18:00:00,2025-08-17 18:00:00,2025-08-16,12:49:48,23.0000000002328,0,1,0,,,,5000.0,10,24.0,24H Night,0,0.0,0, (Strict),False,6500.0,4500.0,2.0,4350.0,4.0,20.0,0.5714285714285714,0.6666666666666666,0.5714285714285714,8,-0.8660254037844384,-0.5000000000000004,2025,5,33,228,1,0,Festival,False,Standard,Tier 2,High,1.0,0.0,0.0,,,False,False,Festival,0,7,7,0,0,0,0,0,monsoon,1,0,24H Night,24.0,1.0,24H,0,0.0,5000.0,1.0,0,1.0,1.0,0,1,0,Clear,0,Same Day,0.0,26.0,20.0,60.0,4.2,25.0,94.55,75.0,4141.666666666667,4028.5714285714284,4312.5,4141.666666666667,3970.0,4141.666666666667,4125.0,0.91,1,1.136,450.0,3750.0,3550.0,3750.0,3550.0,1007.6976458514456,12.0,1.0,2900.0,4250.0,0,0,1,0,0,0,0,1,0,0,0,0,0,0,1.0,0.15833333333333333,101.0,0.8571300001928543,-0.09523809523809523,53.32130000192854,0.0,1,5,1.891,1.2,1.067,0.8,0,8500.0,0,0
Booked by Vrusha Rajput,"
Farm number 11
₹500 received 

7 Persons Max
Rent: ₹3500
Deposit: ₹1000

Deposit Refund after check out.",2025-08-22 19:00:00,2025-08-23 18:00:00,2025-08-23 18:00:00,2025-08-19,22:36:17,23.0000000002328,0,0,0,,,,3500.0,7,24.0,24H Night,2,0.0,0, (Month+Slot),False,5000.0,6500.0,3.0,4250.0,3.0,19.0,0.42857142857142855,0.6333333333333333,0.42857142857142855,8,-0.8660254037844384,-0.5000000000000004,2025,1,34,231,0,0,Festival,False,Standard,Tier 2,High,1.0,0.0,0.0,,,False,False,Festival,0,7,7,0,0,0,0,0,monsoon,0,0,24H Night,24.0,1.0,24H,0,0.0,3500.0,1.0,0,1.0,1.0,0,1,0,Clear,0,Last Minute,0.0,26.0,20.0,60.0,4.2,25.0,50.0,90.0,4266.666666666667,4500.0,3900.0,4266.666666666667,4120.0,4266.666666666667,4500.0,0.51,5,1.136,450.0,3300.0,2900.0,3300.0,2900.0,692.8203230275509,3.0,0.6,2900.0,3500.0,0,0,0,0,0,0,0,0,1,0,0,0,0,0,1.0,0.15833333333333333,101.0,0.6766810448857575,-0.20476190476190476,31.516810448857576,0.0,1,5,1.891,1.2,1.067,0.8,0,8500.0,0,0
Booked by Vandana Patel,"
₹1000 received 

4 Persons Max
Rent: ₹3000
Deposit: ₹1000

Deposit Refund after check out.",2025-08-21 11:00:00,2025-08-21 19:00:00,2025-08-21 19:00:00,2025-08-20,14:05:22,7.99999999953434,0,0,0,,,,3000.0,4,12.0,12H Day,0,0.0,0, (Strict),False,3000.0,2700.0,1.0,2790.0,4.0,20.0,0.5714285714285714,0.6666666666666666,0.5714285714285714,8,-0.8660254037844384,-0.5000000000000004,2025,2,34,232,0,0,Festival,False,Standard,Tier 2,High,1.0,0.0,0.0,,,False,False,Festival,0,7,7,0,0,0,0,0,monsoon,0,0,12H Day,12.0,0.5,12H,0,0.0,6000.0,1.0,0,1.0,1.0,0,1,0,Clear,0,Same Day,0.0,26.0,20.0,60.0,4.2,25.0,50.0,75.0,2853.846153846154,2966.6666666666665,3100.0,2853.846153846154,2490.0,2853.846153846154,2616.6666666666665,0.93,1,0.794,-592.22,2870.0,2500.0,2870.0,2500.0,1360.596274514311,10.0,1.0,2425.0,2975.0,0,0,0,0,0,0,0,1,0,0,0,0,0,0,1.0,0.15833333333333333,101.0,0.8571300001928543,-0.09523809523809523,33.32130000192854,0.0,1,5,1.891,1.2,1.067,0.8,0,8500.0,0,0
Booked by Nilesh,"Booking confirmed ✅ 
Farm number 11
₹1000 advance received

23 Aug 2025 at 7:00 PM to 24 Aug 2025 at 6:00 PM
10 Persons Max
Rent: ₹3500
Deposit: ₹1000

Deposit Refund after check out.",2025-08-23 19:00:00,2025-08-24 18:00:00,2025-08-24 18:00:00,2025-08-23,13:24:00,23.0000000002328,0,1,0,,,,3500.0,10,24.0,24H Night,0,0.0,0, (Strict),False,3500.0,5000.0,3.0,4300.0,3.0,19.0,0.42857142857142855,0.6333333333333333,0.42857142857142855,8,-0.8660254037844384,-0.5000000000000004,2025,5,34,235,1,0,Festival,False,Standard,Tier 2,High,1.0,0.0,0.0,,,False,False,Festival,0,7,7,0,0,0,0,0,monsoon,1,0,24H Night,24.0,1.0,24H,0,0.0,3500.0,1.0,0,1.0,1.0,0,1,0,Clear,0,Same Day,0.0,26.0,20.0,60.0,4.2,25.0,94.55,75.0,4266.666666666667,4242.857142857143,4500.0,4266.666666666667,4120.0,4266.666666666667,4500.0,0.91,1,1.136,450.0,3750.0,3550.0,3750.0,3550.0,1007.6976458514456,12.0,1.0,2900.0,4250.0,0,0,1,0,0,0,0,1,0,0,0,0,0,0,1.0,0.15833333333333333,101.0,0.6766810448857575,-0.20476190476190476,51.516810448857576,0.0,1,5,1.891,1.2,1.067,0.8,0,8500.0,0,0
Booked by Heet,"Booking confirmed ✅ 
Farm number 11
₹1000 advance received

27 Aug 2025 at 7:00 PM to 28 Aug 2025 at 6:00 PM
10 Persons Max
Rent: ₹3500
Deposit: ₹1000

Deposit Refund after check out.",2025-08-27 19:00:00,2025-08-28 18:00:00,2025-08-28 18:00:00,2025-08-23,13:28:46,23.0000000002328,0,0,0,,,,3500.0,10,24.0,24H Night,4,0.0,0, (Month+Slot),False,3500.0,3500.0,0.0,4350.0,4.0,20.0,0.5714285714285714,0.6666666666666666,0.5714285714285714,8,-0.8660254037844384,-0.5000000000000004,2025,5,34,235,0,0,Festival,False,Standard,Tier 2,High,1.0,0.0,0.0,,,False,False,Festival,0,7,7,0,0,0,0,0,monsoon,0,0,24H Night,24.0,1.0,24H,0,0.0,3500.0,1.0,0,1.0,1.0,0,1,0,Clear,1,Standard,0.0,26.0,20.0,60.0,4.2,25.0,50.0,90.0,4266.666666666667,4500.0,4500.0,4266.666666666667,6500.0,4266.666666666667,4833.333333333333,0.7,3,1.136,450.0,3300.0,2900.0,3300.0,2900.0,692.8203230275509,3.0,0.6,2900.0,3500.0,0,0,1,0,0,0,0,0,0,1,0,0,0,0,1.0,0.15833333333333333,101.0,0.8571300001928543,-0.09523809523809523,33.32130000192854,0.0,1,5,1.891,1.2,1.067,0.8,0,8500.0,0,0
Booked by Roshan,"₹1000 advance received

5 Persons Max
Rent: ₹2500
Deposit: ₹1000
",2025-08-25 09:00:00,2025-08-25 19:00:00,2025-08-25 19:00:00,2025-08-24,17:58:49,9.99999999976717,0,0,0,,,,2500.0,5,12.0,12H Day,0,0.0,0, (Strict),False,3000.0,3000.0,1.0,2590.0,5.0,19.0,0.7142857142857143,0.6333333333333333,0.7142857142857143,8,-0.8660254037844384,-0.5000000000000004,2025,6,34,236,0,0,Festival,False,Standard,Tier 2,High,1.0,0.0,0.0,,,False,False,Festival,0,7,7,0,0,0,0,0,monsoon,0,0,12H Day,12.0,0.5,12H,0,0.0,5000.0,1.0,0,1.0,1.0,0,1,0,Clear,0,Same Day,0.0,26.0,20.0,60.0,4.2,25.0,50.0,75.0,2892.3076923076924,3008.3333333333335,3155.5555555555557,2892.3076923076924,2540.0,2892.3076923076924,2700.0,0.93,1,0.794,-592.22,2870.0,2500.0,2870.0,2500.0,1360.596274514311,10.0,1.0,2425.0,2975.0,0,0,0,1,0,0,0,1,0,0,0,0,0,0,1.0,0.15833333333333333,101.0,1.1278017414762627,0.080952380952381,36.02801741476263,0.0,1,5,1.891,1.2,1.067,0.8,0,8500.0,0,0
Booked by milan,"₹500 received 

2 Persons Max
Rent: ₹1500
Deposit: ₹500

Deposit Refund after check out.",2025-08-27 09:00:00,2025-08-27 18:00:00,2025-08-27 18:00:00,2025-08-26,15:16:03,9.0,Ganesh Chaturthi,0,0,,,,1500.0,2,12.0,Couple Half Day,0,0.0,0, (Month),False,1800.0,2500.0,2.0,1930.0,5.0,20.0,0.7142857142857143,0.6666666666666666,0.7142857142857143,8,-0.8660254037844384,-0.5000000000000004,2025,1,35,238,1,0,Festival,False,Standard,Tier 2,High,1.0,0.0,0.0,,,False,False,Festival,0,7,7,0,0,0,0,0,monsoon,1,0,12H Day,12.0,0.5,12H,0,0.0,3000.0,1.0,0,1.0,1.0,1,0,0,Clear,0,Same Day,0.0,26.0,20.0,60.0,4.2,25.0,94.55,75.0,2969.230769230769,2969.230769230769,2350.0,2969.230769230769,2640.0,2969.230769230769,2969.230769230769,0.5,6,0.794,-592.22,2277.777777777778,2500.0,2277.777777777778,2500.0,787.0479302078397,9.0,1.0,1500.0,2800.0,0,0,0,0,0,0,0,1,0,0,0,0,0,0,1.0,0.15833333333333333,101.0,1.071412500241068,0.04761904761904767,55.46412500241068,0.0,1,5,1.891,1.2,1.067,0.8,0,8500.0,0,0
Booked by Hitesh,"Booking confirmed ✅ 
₹500 received 

29 Aug 2025 at 9:00 AM to 29 Aug 2025 at 6:00 PM
2 Persons Max with pool
Rent: ₹3500
Deposit: ₹500

2500 rent + 1000 commision on agent booking

Deposit Refund after check out.",2025-08-29 09:00:00,2025-08-29 18:00:00,2025-08-29 18:00:00,2025-08-28,21:31:49,9.0,0,0,0,,,,3500.0,2,12.0,Couple Half Day,0,0.0,0, (Month),False,1500.0,1800.0,2.0,2080.0,5.0,19.0,0.7142857142857143,0.6333333333333333,0.7142857142857143,8,-0.8660254037844384,-0.5000000000000004,2025,3,35,240,0,0,Festival,False,Standard,Tier 2,High,1.0,0.0,0.0,,,False,False,Festival,0,7,7,0,0,0,0,0,monsoon,0,0,12H Day,12.0,0.5,12H,0,0.0,7000.0,1.0,0,1.0,1.0,1,0,0,Clear,0,Same Day,0.0,26.0,20.0,60.0,4.2,25.0,50.0,75.0,2815.3846153846152,2925.0,1350.0,2815.3846153846152,2440.0,2815.3846153846152,2925.0,0.59,5,0.794,-592.22,2870.0,2500.0,2870.0,2500.0,1360.596274514311,10.0,1.0,2425.0,2975.0,0,0,0,0,0,0,0,1,0,0,0,0,0,0,1.0,0.15833333333333333,101.0,1.1278017414762627,0.080952380952381,36.02801741476263,0.0,1,5,1.891,1.2,1.067,0.8,0,8500.0,0,0
Booked by Arvind,"
Farm number 11
₹500 received 

5 Persons Max
Rent: ₹2500
Deposit: ₹500
",2025-08-31 00:00:00,2025-08-31 08:00:00,2025-08-31 08:00:00,2025-08-30,23:32:07,8.00000000023283,0,0,0,,,,2500.0,5,12.0,12H Night,0,0.0,0, (Month),False,2000.0,3000.0,2.0,2600.0,4.0,19.0,0.5714285714285714,0.6333333333333333,0.5714285714285714,8,-0.8660254037844384,-0.5000000000000004,2025,5,35,242,0,0,Festival,False,Standard,Tier 2,High,1.0,0.0,0.0,,,False,False,Festival,0,7,7,0,0,0,0,0,monsoon,0,0,12H Night,12.0,0.5,12H,0,0.0,5000.0,1.0,0,1.0,1.0,0,1,0,Clear,0,Same Day,0.0,26.0,20.0,60.0,4.2,25.0,50.0,75.0,2333.3333333333335,2333.3333333333335,2000.0,2333.3333333333335,2333.3333333333335,2333.3333333333335,2333.3333333333335,0.5,5,1.698,1046.67,1500.0,1500.0,1500.0,1500.0,0.0,1.0,0.2,1500.0,1500.0,0,0,1,0,0,0,0,1,0,0,0,0,0,0,1.0,0.15833333333333333,101.0,0.9022413931810099,-0.06190476190476191,33.7724139318101,0.0,1,5,1.891,1.2,1.067,0.8,0,8500.0,0,0
Booked by Shashi,"
2 Persons Max
Rent: ₹1500
Deposit: ₹500

Deposit Refund after check out.",2025-09-03 10:00:00,2025-09-03 18:00:00,2025-09-03 18:00:00,2025-09-03,11:39:58,8.00000000023283,0,0,0,,,,1500.0,2,12.0,Couple Half Day,0,0.0,0, (Strict),False,3500.0,1500.0,4.0,2030.0,3.0,17.0,0.42857142857142855,0.5666666666666667,0.42857142857142855,9,-1.0,-1.8369701987210297e-16,2025,2,36,246,0,0,Festival,False,Standard,Tier 2,High,1.0,0.0,0.0,,,False,False,Festival,0,7,7,0,0,0,0,0,monsoon,0,0,12H Day,12.0,0.5,12H,0,0.0,3000.0,1.0,0,1.0,1.0,1,0,0,Clear,0,Same Day,0.0,26.0,20.0,60.0,4.2,25.0,50.0,75.0,1913.6363636363637,1913.6363636363637,1630.7692307692307,1913.6363636363637,1847.3684210526317,1913.6363636363637,1641.6666666666667,0.99,1,0.764,-584.44,2473.3333333333335,1500.0,2473.3333333333335,1500.0,3024.062231659987,15.0,1.0,1500.0,2100.0,0,0,0,0,0,0,0,1,0,0,0,0,0,0,1.0,0.15,102.0,0.7562891747288494,-0.1380952380952381,32.062891747288496,0.0,1,5,1.891,1.2,1.067,0.8,0,8500.0,0,0
Booked by Abhay Singh,"
₹1000 received 

17 Persons Max
Rent: ₹3200
Deposit: ₹1000

Deposit Refund after check out.",2025-09-03 20:00:00,2025-09-04 08:00:00,2025-09-04 08:00:00,2025-09-03,11:34:58,12.0,0,0,0,,,,3200.0,17,12.0,12H Night,0,0.0,1,IQR (Strict),False,2500.0,2000.0,0.0,2620.0,4.0,18.0,0.5714285714285714,0.6,0.5714285714285714,9,-1.0,-1.8369701987210297e-16,2025,2,36,246,0,0,Festival,False,Standard,Tier 2,High,1.0,0.0,0.0,,,False,False,Festival,0,7,7,0,0,0,0,0,monsoon,0,0,12H Night,12.0,0.5,12H,0,0.0,6400.0,1.0,0,1.0,1.0,0,0,1,Clear,0,Same Day,0.0,26.0,20.0,60.0,4.2,25.0,50.0,75.0,2555.5555555555557,2450.0,2555.5555555555557,2555.5555555555557,2555.5555555555557,2555.5555555555557,2450.0,0.53,5,1.117,278.0,2370.0,2350.0,2370.0,2350.0,282.5774230188959,5.0,1.0,2140.0,2440.0,0,0,0,0,0,0,0,1,0,0,0,0,0,0,1.0,0.15,102.0,0.9523650796296252,-0.02857142857142858,34.02365079629625,0.0,1,5,1.891,1.2,1.067,0.8,0,8500.0,0,0
Booked by nilesh ,"Booking confirmed ✅ 
₹1000 received 
Farm number 11

10 Persons Max
Rent: ₹3000
Deposit: ₹1000

Deposit Refund after check out.",2025-09-06 08:00:00,2025-09-06 18:00:00,2025-09-06 18:00:00,2025-09-05,23:38:32,9.99999999976717,0,0,0,,,,3000.0,10,12.0,12H Day,0,0.0,0, (Strict),False,2500.0,3000.0,2.0,2640.0,4.0,18.0,0.5714285714285714,0.6,0.5714285714285714,9,-1.0,-1.8369701987210297e-16,2025,4,36,248,0,0,Festival,False,Standard,Tier 2,High,1.0,0.0,0.0,,,False,False,Festival,0,7,7,0,0,0,0,0,monsoon,0,0,12H Day,12.0,0.5,12H,0,0.0,6000.0,1.0,0,1.0,1.0,0,1,0,Clear,0,Same Day,0.0,26.0,20.0,60.0,4.2,25.0,50.0,75.0,1845.4545454545455,1845.4545454545455,2000.0,1845.4545454545455,1768.421052631579,1845.4545454545455,1845.4545454545455,0.6,5,0.764,-584.44,2473.3333333333335,1500.0,2473.3333333333335,1500.0,3024.062231659987,15.0,1.0,1500.0,2100.0,0,0,0,0,0,0,0,1,0,0,0,0,0,0,1.0,0.15,102.0,0.9523650796296252,-0.02857142857142858,34.02365079629625,0.0,1,5,1.891,1.2,1.067,0.8,0,8500.0,0,0
Booked by mukesh sonwane,"
7 Persons Max
Rent: ₹2200
Deposit: ₹1000
",2025-09-08 22:00:00,2025-09-09 08:00:00,2025-09-09 08:00:00,2025-09-08,21:40:36,10.0000000004657,0,0,0,,,,2200.0,7,12.0,12H Night,0,0.0,0, (Strict),False,3200.0,2500.0,3.0,2490.0,4.0,16.0,0.5714285714285714,0.5333333333333333,0.5714285714285714,9,-1.0,-1.8369701987210297e-16,2025,0,37,251,0,0,Festival,False,Standard,Tier 2,High,1.0,0.0,0.0,,,False,False,Festival,0,7,7,0,0,0,0,0,monsoon,0,0,12H Night,12.0,0.5,12H,0,0.0,4400.0,1.0,0,1.0,1.0,0,1,0,Clear,0,Same Day,0.0,26.0,20.0,60.0,4.2,25.0,50.0,75.0,2666.6666666666665,2616.6666666666665,2614.285714285714,2666.6666666666665,2666.6666666666665,2666.6666666666665,2500.0,0.91,1,1.117,278.0,2370.0,2350.0,2370.0,2350.0,282.5774230188959,5.0,1.0,2140.0,2440.0,0,0,0,0,0,0,0,1,0,0,0,0,0,0,1.0,0.15,102.0,1.0714084825195243,0.03809523809523807,35.21408482519524,0.0,1,5,1.891,1.2,1.067,0.8,0,8500.0,0,0
 Booked by Krunal Patel,"Booking confirmed ✅ 
Farm number 11
₹500 received 

10 Sep 2025 at 10:00 AM to 10 Sep 2025 at 6:00 PM
2 Persons Max
Rent: ₹1500 without pool
Deposit: ₹500

Deposit Refund after check out.",2025-09-10 10:00:00,2025-09-10 18:00:00,2025-09-10 18:00:00,2025-09-09,21:46:41,8.00000000023283,0,0,0,,,,1500.0,2,12.0,Couple Half Day,0,0.0,0, (Strict),False,1500.0,3500.0,1.0,1980.0,5.0,17.0,0.7142857142857143,0.5666666666666667,0.7142857142857143,9,-1.0,-1.8369701987210297e-16,2025,1,37,252,0,0,Festival,False,Standard,Tier 2,High,1.0,0.0,0.0,,,False,False,Festival,0,7,7,0,0,0,0,0,monsoon,0,0,12H Day,12.0,0.5,12H,0,0.0,3000.0,1.0,0,1.0,1.0,1,0,0,Clear,0,Same Day,0.0,26.0,20.0,60.0,4.2,25.0,50.0,75.0,1913.6363636363637,1913.6363636363637,1630.7692307692307,1913.6363636363637,1847.3684210526317,1913.6363636363637,1641.6666666666667,0.99,1,0.764,-584.44,2473.3333333333335,1500.0,2473.3333333333335,1500.0,3024.062231659987,15.0,1.0,1500.0,2100.0,0,0,0,0,0,0,0,1,0,0,0,0,0,0,1.0,0.15,102.0,1.2604819578814157,0.14761904761904765,37.10481957881416,0.0,1,5,1.891,1.2,1.067,0.8,0,8500.0,0,0
Booked by amit chauhan,"
₹500 received 

2 Persons Max
Rent: ₹1500 without pool
Deposit: ₹500

Deposit Refund after check out.",2025-09-11 09:00:00,2025-09-11 18:00:00,2025-09-11 18:00:00,2025-09-09,13:57:08,9.0,0,0,0,,,,1500.0,2,12.0,Couple Half Day,1,0.0,0, (Strict),False,1500.0,1500.0,0.0,1930.0,6.0,18.0,0.8571428571428571,0.6,0.8571428571428571,9,-1.0,-1.8369701987210297e-16,2025,1,37,252,0,0,Festival,False,Standard,Tier 2,High,1.0,0.0,0.0,,,False,False,Festival,0,7,7,0,0,0,0,0,monsoon,0,0,12H Day,12.0,0.5,12H,0,0.0,3000.0,1.0,0,1.0,1.0,1,0,0,Clear,0,Last Minute,0.0,26.0,20.0,60.0,4.2,25.0,50.0,75.0,1913.6363636363637,1913.6363636363637,1630.7692307692307,1913.6363636363637,1847.3684210526317,1913.6363636363637,1641.6666666666667,0.99,1,0.764,-584.44,2473.3333333333335,1500.0,2473.3333333333335,1500.0,3024.062231659987,15.0,1.0,1500.0,2100.0,0,0,0,0,0,0,0,0,1,0,0,0,0,0,1.0,0.15,102.0,1.428547619444438,0.2571428571428571,38.78547619444438,0.0,1,5,1.891,1.2,1.067,0.8,0,8500.0,0,0
Booked by Dhruv Dodiya,"Booking confirmed ✅ 
Farm number 11
₹500 advance received

12 Sep 2025 at 9:00 AM to 12 Sep 2025 at 6:00 PM
2 Persons Max without pool
Rent: ₹1500
Deposit: ₹500

Deposit Refund after check out.",2025-09-12 09:00:00,2025-09-12 18:00:00,2025-09-12 18:00:00,2025-09-11,21:41:13,9.0,0,0,0,,,,1500.0,2,12.0,Couple Half Day,0,0.0,0, (Strict),False,1500.0,1500.0,2.0,1880.0,5.0,17.0,0.7142857142857143,0.5666666666666667,0.7142857142857143,9,-1.0,-1.8369701987210297e-16,2025,3,37,254,0,0,Festival,False,Standard,Tier 2,High,1.0,0.0,0.0,,,False,False,Festival,0,7,7,0,0,0,0,0,monsoon,0,0,12H Day,12.0,0.5,12H,0,0.0,3000.0,1.0,0,1.0,1.0,1,0,0,Clear,0,Same Day,0.0,26.0,20.0,60.0,4.2,25.0,50.0,75.0,1913.6363636363637,1913.6363636363637,1630.7692307692307,1913.6363636363637,1847.3684210526317,1913.6363636363637,1641.6666666666667,0.99,1,0.764,-584.44,2473.3333333333335,1500.0,2473.3333333333335,1500.0,3024.062231659987,15.0,1.0,1500.0,2100.0,0,0,0,0,0,0,0,1,0,0,0,0,0,0,1.0,0.15,102.0,1.2604819578814157,0.14761904761904765,37.10481957881416,0.0,1,5,1.891,1.2,1.067,0.8,0,8500.0,0,0
Booked by rubindra swain,"
₹500 received 

6 Persons Max
Rent: ₹2500
Deposit: ₹1000
",2025-09-11 20:00:00,2025-09-12 08:00:00,2025-09-12 08:00:00,2025-09-11,17:56:13,12.0,0,0,0,,,,2500.0,6,12.0,12H Night,0,0.0,0, (Strict),False,2200.0,3200.0,0.0,2490.0,6.0,18.0,0.8571428571428571,0.6,0.8571428571428571,9,-1.0,-1.8369701987210297e-16,2025,3,37,254,0,0,Festival,False,Standard,Tier 2,High,1.0,0.0,0.0,,,False,False,Festival,0,7,7,0,0,0,0,0,monsoon,0,0,12H Night,12.0,0.5,12H,0,0.0,5000.0,1.0,0,1.0,1.0,0,1,0,Clear,0,Same Day,0.0,26.0,20.0,60.0,4.2,25.0,50.0,75.0,2633.3333333333335,2566.6666666666665,2571.4285714285716,2633.3333333333335,2633.3333333333335,2633.3333333333335,2425.0,0.91,1,1.117,278.0,2370.0,2350.0,2370.0,2350.0,282.5774230188959,5.0,1.0,2140.0,2440.0,0,0,0,0,0,0,0,1,0,0,0,0,0,0,1.0,0.15,102.0,1.428547619444438,0.2571428571428571,38.78547619444438,0.0,1,5,1.891,1.2,1.067,0.8,0,8500.0,0,0
Booked by Monesh Boricha,"Booking confirmed ✅ 
Farm number 11

₹500 advance received

2 Persons Max without pool
Rent: ₹1500
Deposit: ₹500

Deposit Refund after check out.",2025-09-25 09:00:00,2025-09-25 18:00:00,2025-09-25 18:00:00,2025-09-11,15:20:22,9.0,0,0,0,,,,1500.0,2,12.0,Couple Half Day,13,0.0,0, (Strict),False,1500.0,1500.0,0.0,1880.0,7.0,19.0,1.0,0.6333333333333333,1.0,9,-1.0,-1.8369701987210297e-16,2025,3,37,254,0,0,Festival,False,Standard,Tier 2,High,1.0,0.0,0.0,,,False,False,Festival,0,7,7,0,0,0,0,0,monsoon,0,0,12H Day,12.0,0.5,12H,0,0.0,3000.0,1.0,0,1.0,1.0,1,0,0,Clear,2,Standard,0.0,26.0,20.0,60.0,4.2,25.0,50.0,90.0,1913.6363636363637,1913.6363636363637,1630.7692307692307,1913.6363636363637,2750.0,1913.6363636363637,1630.7692307692307,0.7999999999999999,3,0.764,-584.44,2473.3333333333335,1500.0,2473.3333333333335,1500.0,3024.062231659987,15.0,1.0,1500.0,2100.0,0,0,0,0,0,0,0,0,0,0,1,0,0,0,1.0,0.15,102.0,1.5789224380667675,0.3666666666666667,40.289224380667676,0.0,1,5,1.891,1.2,1.067,0.8,0,8500.0,0,0
Booked by Dinesh Chawdhari,"Booking confirmed ✅ 
Farm number 11
₹1000 received 

10 Persons Max
Rent: ₹4000
Deposit: ₹1000

Deposit Refund after check out.",2025-09-13 18:00:00,2025-09-14 18:00:00,2025-09-14 18:00:00,2025-09-12,23:44:00,24.0,0,1,0,,,,4000.0,10,24.0,24H Night,0,0.0,2,"MAD, Percentile (Month)",True,3500.0,3500.0,1.0,4300.0,7.0,20.0,1.0,0.6666666666666666,1.0,9,-1.0,-1.8369701987210297e-16,2025,4,37,255,1,0,Festival,False,Standard,Tier 2,High,1.0,0.0,0.0,,,False,False,Festival,0,7,7,0,0,0,0,0,monsoon,1,0,24H Night,24.0,1.0,24H,0,0.0,4000.0,1.0,0,1.0,1.0,0,1,0,Clear,0,Same Day,0.0,26.0,20.0,60.0,4.2,25.0,94.55,75.0,4500.0,4500.0,4500.0,4500.0,4500.0,4500.0,5436.111111111111,0.4,7,1.25,0.0,3400.0,3400.0,3400.0,3400.0,0.0,2.0,0.4,3400.0,3400.0,1,0,0,0,0,0,0,1,0,0,0,0,0,0,1.0,0.15,102.0,1.499977500337495,0.33333333333333337,59.49977500337495,0.0,1,5,1.891,1.2,1.067,0.8,0,8500.0,0,0
Booked by Subham Mishara,"Booking confirmed ✅ 
Farm number 11
₹500 received 

2 Persons Max
Rent: ₹2000
Deposit: ₹500

Deposit Refund after check out.",2025-09-13 10:00:00,2025-09-13 17:00:00,2025-09-13 17:00:00,2025-09-13,09:19:06,7.00000000046566,0,0,0,,,,2000.0,2,12.0,Couple Half Day,0,0.0,0, (Strict),False,1500.0,1500.0,1.0,1880.0,8.0,20.0,1.0,0.6666666666666666,1.1428571428571428,9,-1.0,-1.8369701987210297e-16,2025,5,37,256,0,0,Festival,False,Standard,Tier 2,High,1.0,0.0,0.0,,,False,False,Festival,0,7,7,0,0,0,0,0,monsoon,0,0,12H Day,12.0,0.5,12H,0,0.0,4000.0,1.0,0,1.0,1.0,1,0,0,Clear,0,Same Day,0.0,26.0,20.0,60.0,4.2,25.0,50.0,75.0,1890.909090909091,1890.909090909091,1592.3076923076924,1890.909090909091,1821.0526315789473,1890.909090909091,1600.0,0.99,1,0.764,-584.44,2473.3333333333335,1500.0,2473.3333333333335,1500.0,3024.062231659987,15.0,1.0,1500.0,2100.0,0,1,0,0,0,0,0,1,0,0,0,0,0,0,1.0,0.15,102.0,1.7142600003857087,0.33333333333333337,41.64260000385708,0.0,1,5,1.891,1.2,1.067,0.8,0,8500.0,0,0
Booked by prakash kachhi,"
₹500 received 

2 Persons Max
Rent: ₹2000
Deposit: ₹500
",2025-09-16 09:00:00,2025-09-16 18:00:00,2025-09-16 18:00:00,2025-09-15,15:29:10,9.0,0,0,0,,,,2000.0,2,12.0,Couple Half Day,0,0.0,0, (Strict),False,2000.0,1500.0,2.0,1830.0,8.0,20.0,1.0,0.6666666666666666,1.1428571428571428,9,-1.0,-1.8369701987210297e-16,2025,0,38,258,0,0,Festival,False,Standard,Tier 2,High,1.0,0.0,0.0,,,False,False,Festival,0,7,7,0,0,0,0,0,monsoon,0,0,12H Day,12.0,0.5,12H,0,0.0,4000.0,1.0,0,1.0,1.0,1,0,0,Clear,0,Same Day,0.0,26.0,20.0,60.0,4.2,25.0,50.0,75.0,1890.909090909091,1890.909090909091,1592.3076923076924,1890.909090909091,1821.0526315789473,1890.909090909091,1600.0,0.99,1,0.764,-584.44,2473.3333333333335,1500.0,2473.3333333333335,1500.0,3024.062231659987,15.0,1.0,1500.0,2100.0,0,0,0,0,0,0,0,1,0,0,0,0,0,0,1.0,0.15,102.0,1.7142600003857087,0.33333333333333337,41.64260000385708,0.0,1,5,1.891,1.2,1.067,0.8,0,8500.0,0,0
Booked by dhruv bajariya,"18 Sep 2025 at 2:00 PM to 20 Sep 2025 at 9:00 AM
10 Persons Max
Rent: ₹1500
Deposit: ₹1000

Deposit Refund after check out.",2025-09-18 14:00:00,2025-09-18 21:00:00,2025-09-18 21:00:00,2025-09-15,21:02:38,6.99999999976717,0,0,0,,,,1500.0,10,12.0,12H Day,2,0.0,0, (Strict),False,3000.0,2500.0,0.0,2590.0,9.0,21.0,1.0,0.7,1.2857142857142858,9,-1.0,-1.8369701987210297e-16,2025,0,38,258,0,0,Festival,False,Standard,Tier 2,High,1.0,0.0,0.0,,,False,False,Festival,0,7,7,0,0,0,0,0,monsoon,0,0,12H Day,12.0,0.5,12H,0,0.0,3000.0,1.0,0,1.0,1.0,0,1,0,Clear,0,Last Minute,0.0,26.0,20.0,60.0,4.2,25.0,50.0,90.0,1913.6363636363637,1913.6363636363637,2750.0,1913.6363636363637,1847.3684210526317,1913.6363636363637,1913.6363636363637,0.6,5,0.764,-584.44,2473.3333333333335,1500.0,2473.3333333333335,1500.0,3024.062231659987,15.0,1.0,1500.0,2100.0,0,0,0,0,0,0,0,0,1,0,0,0,0,0,1.0,0.15,102.0,1.8367084551853345,0.30000000000000004,42.867084551853345,0.0,1,5,1.891,1.2,1.067,0.8,0,8500.0,0,0
Booked by nitin kumar,"Booking confirmed ✅ 
Farm number 11
₹1000 received 

6 Persons Max
Rent: ₹2200
Deposit: ₹500

Deposit Refund after check out.",2025-09-16 21:00:00,2025-09-17 08:00:00,2025-09-17 08:00:00,2025-09-16,19:41:20,11.0000000002328,0,0,0,,,,2200.0,6,12.0,12H Night,0,0.0,0, (Strict),False,2500.0,2200.0,1.0,2510.0,8.0,22.0,1.0,0.7333333333333333,1.1428571428571428,9,-1.0,-1.8369701987210297e-16,2025,1,38,259,0,0,Festival,False,Standard,Tier 2,High,1.0,0.0,0.0,,,False,False,Festival,0,7,7,0,0,0,0,0,monsoon,0,0,12H Night,12.0,0.5,12H,0,0.0,4400.0,1.0,0,1.0,1.0,0,1,0,Clear,0,Same Day,0.0,26.0,20.0,60.0,4.2,25.0,50.0,75.0,2666.6666666666665,2616.6666666666665,2614.285714285714,2666.6666666666665,2666.6666666666665,2666.6666666666665,2500.0,0.91,1,1.117,278.0,2370.0,2350.0,2370.0,2350.0,282.5774230188959,5.0,1.0,2140.0,2440.0,0,0,0,0,0,0,0,1,0,0,0,0,0,0,1.0,0.15,102.0,1.5584203072555505,0.2666666666666667,40.0842030725555,0.0,1,5,1.891,1.2,1.067,0.8,0,8500.0,0,0
Booked by Manish Sada,"Booking confirmed ✅ 
Farm number 11
₹500 received 

4 Persons Max
Rent: ₹2200
Deposit: ₹500

Deposit Refund after check out.",2025-09-17 09:00:00,2025-09-17 18:00:00,2025-09-17 18:00:00,2025-09-16,18:41:36,9.0,0,0,0,,,,2200.0,4,12.0,12H Day,0,0.0,0, (Strict),False,1500.0,3000.0,0.0,2560.0,9.0,23.0,1.0,0.7666666666666667,1.2857142857142858,9,-1.0,-1.8369701987210297e-16,2025,1,38,259,0,0,Festival,False,Standard,Tier 2,High,1.0,0.0,0.0,,,False,False,Festival,0,7,7,0,0,0,0,0,monsoon,0,0,12H Day,12.0,0.5,12H,0,0.0,4400.0,1.0,0,1.0,1.0,0,1,0,Clear,0,Same Day,0.0,26.0,20.0,60.0,4.2,25.0,50.0,75.0,1881.8181818181818,1881.8181818181818,2340.0,1881.8181818181818,1810.5263157894738,1881.8181818181818,2066.6666666666665,0.9,1,0.764,-584.44,2473.3333333333335,1500.0,2473.3333333333335,1500.0,3024.062231659987,15.0,1.0,1500.0,2100.0,0,0,0,0,0,0,0,1,0,0,0,0,0,0,1.0,0.15,102.0,1.6769967596695945,0.23333333333333328,41.26996759669595,0.0,1,5,1.891,1.2,1.067,0.8,0,8500.0,0,0
Booked by rahul,"Booking confirmed ✅ 
Farm number 11
₹1000 received 

7 Persons Max
Rent: ₹3000
Deposit: ₹1000

Deposit Refund after check out.",2025-09-20 20:00:00,2025-09-21 08:00:00,2025-09-21 08:00:00,2025-09-19,22:30:43,12.0,0,1,0,,,,3000.0,7,12.0,12H Night,0,0.0,0, (Month+Slot),False,2200.0,2500.0,3.0,2610.0,6.0,22.0,0.8571428571428571,0.7333333333333333,0.8571428571428571,9,-1.0,-1.8369701987210297e-16,2025,4,38,262,1,0,Festival,False,Standard,Tier 2,High,1.0,0.0,0.0,,,False,False,Festival,0,7,7,0,0,0,0,0,monsoon,1,0,12H Night,12.0,0.5,12H,0,0.0,6000.0,1.0,0,1.0,1.0,0,1,0,Clear,0,Same Day,0.0,26.0,20.0,60.0,4.2,25.0,94.55,75.0,2577.777777777778,2650.0,2500.0,2577.777777777778,2577.777777777778,2577.777777777778,2577.777777777778,0.46,6,1.117,278.0,2648.0,2680.0,2648.0,2680.0,221.51749366585022,5.0,1.0,2470.0,2800.0,1,0,0,0,0,0,0,1,0,0,0,0,0,0,1.0,0.15,102.0,1.1688152304416628,0.12380952380952381,56.188152304416626,0.0,1,5,1.891,1.2,1.067,0.8,0,8500.0,0,0
Booked by Maulik,"
Farm number 11
₹1000 received 

4 Persons Max
Rent: ₹2800
Deposit: ₹1000
",2025-09-26 21:00:00,2025-09-27 09:00:00,2025-09-27 09:00:00,2025-09-26,00:14:03,12.0,0,0,0,,,,2800.0,4,12.0,12H Night,0,0.0,0, (Strict),False,3000.0,2200.0,7.0,2640.0,1.0,19.0,0.14285714285714285,0.6333333333333333,0.14285714285714285,9,-1.0,-1.8369701987210297e-16,2025,4,39,269,0,0,Festival,False,Standard,Tier 2,High,1.0,0.0,0.0,,,False,False,Festival,0,7,7,0,0,0,0,0,monsoon,0,0,12H Night,12.0,0.5,12H,0,0.0,5600.0,1.0,0,1.0,1.0,0,1,0,Clear,0,Same Day,0.0,26.0,20.0,60.0,4.2,25.0,50.0,75.0,2600.0,2516.6666666666665,2528.5714285714284,2600.0,2600.0,2600.0,2350.0,0.91,1,1.117,278.0,2370.0,2350.0,2370.0,2350.0,282.5774230188959,5.0,1.0,2140.0,2440.0,1,0,0,0,0,0,0,1,0,0,0,0,0,0,1.0,0.15,102.0,0.22556034829525248,-0.49047619047619045,26.755603482952523,0.0,1,5,1.891,1.2,1.067,0.8,0,8500.0,0,0
Booked by nitin,"
Farm number 11
₹2000 received 

2 Persons Max
Rent: ₹1500
Deposit: ₹500

Deposit Refund after check out.",2025-09-26 15:00:00,2025-09-26 18:00:00,2025-09-26 18:00:00,2025-09-26,14:42:14,3.0,0,0,0,,,,1500.0,2,12.0,Couple Half Day,0,0.0,0, (Strict),False,2000.0,2000.0,0.0,1800.0,2.0,20.0,0.2857142857142857,0.6666666666666666,0.2857142857142857,9,-1.0,-1.8369701987210297e-16,2025,4,39,269,0,0,Festival,False,Standard,Tier 2,High,1.0,0.0,0.0,,,False,False,Festival,0,7,7,0,0,0,0,0,monsoon,0,0,12H Day,12.0,0.5,12H,0,0.0,3000.0,1.0,0,1.0,1.0,1,0,0,Clear,0,Same Day,0.0,26.0,20.0,60.0,4.2,25.0,50.0,75.0,1913.6363636363637,1913.6363636363637,1630.7692307692307,1913.6363636363637,1847.3684210526317,1913.6363636363637,1641.6666666666667,0.99,1,0.764,-584.44,2473.3333333333335,1500.0,2473.3333333333335,1500.0,3024.062231659987,15.0,1.0,1500.0,2100.0,0,0,0,0,0,0,0,1,0,0,0,0,0,0,1.0,0.15,102.0,0.4285650000964272,-0.38095238095238093,28.78565000096427,0.0,1,5,1.891,1.2,1.067,0.8,0,8500.0,0,0
Booked by harish singh,"
Farm number 11
₹1000 received 

8 Persons Max
Rent: ₹3500
Deposit: ₹1000
",2025-10-05 20:00:00,2025-10-06 08:00:00,2025-10-06 08:00:00,2025-10-01,22:29:33,12.0,0,0,0,,,,3500.0,8,12.0,12H Night,3,0.0,0, (Month),False,2800.0,3000.0,5.0,2690.0,3.0,19.0,0.42857142857142855,0.6333333333333333,0.42857142857142855,10,-0.8660254037844386,0.5000000000000001,2025,2,40,274,0,0,Festival,False,Standard,Tier 2,High,1.0,0.0,0.0,,,False,False,Festival,0,7,7,0,0,1,1,0,monsoon,0,0,12H Night,12.0,0.5,12H,0,0.0,7000.0,1.0,0,1.0,1.0,0,1,0,Clear,1,Last Minute,0.0,26.0,20.0,60.0,4.2,25.0,50.0,90.0,2340.0,2375.0,2500.0,2340.0,2340.0,2340.0,2375.0,0.51,5,1.202,440.0,2175.0,2175.0,2175.0,2175.0,247.48737341529164,2.0,0.4,2087.5,2262.5,0,0,0,0,0,0,0,0,1,0,0,0,0,0,1.0,0.26666666666666666,88.0,0.6766810448857575,-0.20476190476190476,34.766810448857576,0.0,1,5,1.891,1.2,1.067,0.8,0,8500.0,0,0
Booked by anshu tiwari,"Booking confirmed ✅ 
Farm number 11
₹1000 received 

12 Persons Max
Rent: ₹2500
Deposit: ₹1000

Deposit Refund after check out.",2025-10-02 09:00:00,2025-10-02 18:00:00,2025-10-02 18:00:00,2025-10-02,00:34:56,9.0,0,0,0,,,,2500.0,12,12.0,12H Day,0,0.0,0, (Strict),False,2200.0,1500.0,1.0,2510.0,4.0,20.0,0.5714285714285714,0.6666666666666666,0.5714285714285714,10,-0.8660254037844386,0.5000000000000001,2025,3,40,275,0,0,Festival,False,Standard,Tier 2,High,1.0,0.0,0.0,,,False,False,Festival,0,7,7,0,0,1,1,0,monsoon,0,0,12H Day,12.0,0.5,12H,0,0.0,5000.0,1.0,0,1.0,1.0,0,1,0,Clear,0,Same Day,0.0,26.0,20.0,60.0,4.2,25.0,50.0,75.0,2712.0,2712.0,5250.0,2712.0,2377.2727272727275,2712.0,5250.0,0.71,3,1.638,1193.94,1872.7272727272727,2000.0,1872.7272727272727,2000.0,346.6724941235145,11.0,1.0,1500.0,2100.0,0,0,0,0,0,0,0,1,0,0,0,0,0,0,1.0,0.26666666666666666,88.0,0.8571300001928543,-0.09523809523809523,36.57130000192854,0.0,1,5,1.891,1.2,1.067,0.8,0,8500.0,0,0
Booked by jay bhuva,"
Farm number 11
₹1000 received 

7 Persons Max
Rent: ₹2800
Deposit: ₹1000

Deposit Refund after check out.",2025-10-03 09:00:00,2025-10-03 18:00:00,2025-10-03 18:00:00,2025-10-02,21:01:19,9.0,0,0,0,,,,2800.0,7,12.0,12H Day,0,0.0,0, (Strict),False,2500.0,2200.0,0.0,2540.0,5.0,21.0,0.7142857142857143,0.7,0.7142857142857143,10,-0.8660254037844386,0.5000000000000001,2025,3,40,275,0,0,Festival,False,Standard,Tier 2,High,1.0,0.0,0.0,,,False,False,Festival,0,7,7,0,0,1,1,0,monsoon,0,0,12H Day,12.0,0.5,12H,0,0.0,5600.0,1.0,0,1.0,1.0,0,1,0,Clear,0,Same Day,0.0,26.0,20.0,60.0,4.2,25.0,50.0,75.0,2700.0,2700.0,2857.1428571428573,2700.0,2363.6363636363635,2700.0,2857.1428571428573,0.9400000000000001,1,1.638,1193.94,1872.7272727272727,2000.0,1872.7272727272727,2000.0,346.6724941235145,11.0,1.0,1500.0,2100.0,0,0,0,0,0,0,0,1,0,0,0,0,0,0,1.0,0.26666666666666666,88.0,1.0203935862140747,0.014285714285714346,38.203935862140746,0.0,1,5,1.891,1.2,1.067,0.8,0,8500.0,0,0
Booked by vaibhavi patel,"Farm number 11
₹1000 received 

4 Persons Max
Rent: ₹2500
Deposit: ₹500
",2025-10-04 10:00:00,2025-10-04 18:00:00,2025-10-04 18:00:00,2025-10-03,19:29:37,8.00000000023283,0,0,0,,,,2500.0,4,12.0,12H Day,0,0.0,0, (Strict),False,2800.0,2500.0,1.0,2570.0,4.0,20.0,0.5714285714285714,0.6666666666666666,0.5714285714285714,10,-0.8660254037844386,0.5000000000000001,2025,4,40,276,0,0,Festival,False,Standard,Tier 2,High,1.0,0.0,0.0,,,False,False,Festival,0,7,7,0,0,1,1,0,monsoon,0,0,12H Day,12.0,0.5,12H,0,0.0,5000.0,1.0,0,1.0,1.0,0,1,0,Clear,0,Same Day,0.0,26.0,20.0,60.0,4.2,25.0,50.0,75.0,2712.0,2712.0,2900.0,2712.0,2377.2727272727275,2712.0,2900.0,0.9400000000000001,1,1.638,1193.94,1872.7272727272727,2000.0,1872.7272727272727,2000.0,346.6724941235145,11.0,1.0,1500.0,2100.0,0,0,0,0,0,0,0,1,0,0,0,0,0,0,1.0,0.26666666666666666,88.0,0.8571300001928543,-0.09523809523809523,36.57130000192854,0.0,1,5,1.891,1.2,1.067,0.8,0,8500.0,0,0
Booked by kalpesh dangar,"
Farm number 11
₹1000 received 

4 Persons Max
Rent: ₹3000
Deposit: ₹1000

Deposit Refund after check out.",2025-10-04 19:00:00,2025-10-05 08:00:00,2025-10-05 08:00:00,2025-10-04,15:05:25,13.0000000004657,0,1,0,,,,3000.0,4,12.0,24H Night,0,0.0,0, (Month+Slot),False,4000.0,3500.0,1.0,4150.0,5.0,21.0,0.7142857142857143,0.7,0.7142857142857143,10,-0.8660254037844386,0.5000000000000001,2025,5,40,277,1,0,Festival,False,Standard,Tier 2,High,1.0,0.0,0.0,,,False,False,Festival,0,7,7,0,0,1,1,0,monsoon,1,0,24H Night,24.0,0.5,12H,0,0.0,6000.0,1.0,0,0.5,0.95,0,1,0,Clear,0,Same Day,0.0,26.0,20.0,60.0,4.2,25.0,94.55,75.0,4029.4117647058824,5250.0,3625.0,4029.4117647058824,3583.3333333333335,4029.4117647058824,5250.0,0.51,5,0.964,-114.29,3071.4285714285716,3000.0,3071.4285714285716,3000.0,838.0817098475258,7.0,1.0,2450.0,3900.0,0,0,1,0,0,0,0,1,0,0,0,0,0,0,1.0,0.26666666666666666,88.0,1.0203935862140747,0.014285714285714346,58.203935862140746,0.0,1,5,1.891,1.2,1.067,0.8,0,8500.0,0,0
Booked by Nevil,"Booking confirmed ✅ 
Farm number 11

₹1500 advance received

6 Oct 2025 at 9:00 AM to 6 Oct 2025 at 6:00 PM
2 Persons Max
Rent: ₹1500
Deposit: ₹500

Deposit Refund after check out.",2025-10-06 09:00:00,2025-10-06 18:00:00,2025-10-06 18:00:00,2025-10-05,20:57:17,9.0,0,0,0,,,,1500.0,2,12.0,Couple Half Day,0,0.0,1,MAD (Strict),False,1500.0,2000.0,1.0,1800.0,6.0,21.0,0.8571428571428571,0.7,0.8571428571428571,10,-0.8660254037844386,0.5000000000000001,2025,6,40,278,0,0,Festival,False,Standard,Tier 2,High,1.0,0.0,0.0,,,False,False,Festival,0,7,7,0,0,1,1,0,monsoon,0,0,12H Day,12.0,0.5,12H,0,0.0,3000.0,1.0,0,1.0,1.0,1,0,0,Clear,0,Same Day,0.0,26.0,20.0,60.0,4.2,25.0,50.0,75.0,2752.0,2752.0,1875.0,2752.0,2422.7272727272725,2752.0,1909.090909090909,0.98,1,1.638,1193.94,1872.7272727272727,2000.0,1872.7272727272727,2000.0,346.6724941235145,11.0,1.0,1500.0,2100.0,0,0,0,1,0,0,0,1,0,0,0,0,0,0,1.0,0.26666666666666666,88.0,1.2244723034568894,0.15714285714285714,40.24472303456889,0.0,1,5,1.891,1.2,1.067,0.8,0,8500.0,0,0
Booked by Tapan patel,"
Farm number 11
₹1000 received 

2 Persons Max
Rent: ₹1500
Deposit: ₹500

Deposit Refund after check out.",2025-10-08 09:00:00,2025-10-08 18:00:00,2025-10-08 18:00:00,2025-10-07,17:22:01,9.0,0,0,0,,,,1500.0,2,12.0,Couple Half Day,0,0.0,1,MAD (Strict),False,1500.0,1500.0,2.0,1600.0,7.0,22.0,1.0,0.7333333333333333,1.0,10,-0.8660254037844386,0.5000000000000001,2025,1,41,280,0,0,Festival,False,Standard,Tier 2,High,1.0,0.0,0.0,,,False,False,Festival,0,7,7,0,0,1,1,0,monsoon,0,0,12H Day,12.0,0.5,12H,0,0.0,3000.0,1.0,0,1.0,1.0,1,0,0,Clear,0,Same Day,0.0,26.0,20.0,60.0,4.2,25.0,50.0,75.0,2752.0,2752.0,1875.0,2752.0,2422.7272727272725,2752.0,1909.090909090909,0.98,1,1.638,1193.94,1872.7272727272727,2000.0,1872.7272727272727,2000.0,346.6724941235145,11.0,1.0,1500.0,2100.0,0,0,0,0,0,0,0,1,0,0,0,0,0,0,1.0,0.26666666666666666,88.0,1.3636177688486069,0.2666666666666667,41.63617768848607,0.0,1,5,1.891,1.2,1.067,0.8,0,8500.0,0,0
Booked by Manjeet,"Booking confirmed ✅ 
Farm number 11
₹2000 received 

10 Persons Max
Rent: ₹10500
Deposit: ₹1000

Deposit Refund after check out.",2025-10-24 19:00:00,2025-10-26 18:00:00,2025-10-26 18:00:00,2025-10-07,17:33:40,47.0000000002328,0,0,0,,,,10500.0,10,24.0,Extended Day,17,0.0,3,"MAD, IQR, Percentile (Month)",True,10000.0,5500.0,0.0,8350.0,8.0,23.0,1.0,0.7666666666666667,1.1428571428571428,10,-0.8660254037844386,0.5000000000000001,2025,1,41,280,0,0,Festival,False,Standard,Tier 2,High,1.0,0.0,0.0,,,False,False,Festival,0,7,7,0,0,1,1,0,monsoon,0,0,12H Day,12.0,1.0,24H,0,0.0,10500.0,1.0,0,1.0,1.0,0,1,0,Clear,2,Advance,0.0,26.0,20.0,60.0,4.2,25.0,50.0,95.0,2392.0,2392.0,3250.0,2392.0,2392.0,2392.0,3250.0,0.71,3,1.638,1193.94,1872.7272727272727,2000.0,1872.7272727272727,2000.0,346.6724941235145,11.0,1.0,1500.0,2100.0,0,0,0,0,0,0,0,0,0,0,0,1,0,0,1.0,0.26666666666666666,88.0,1.4906637863729726,0.23333333333333328,42.90663786372973,0.0,1,5,1.891,1.2,1.067,0.8,0,8500.0,0,0
Booked by Rajan Yadav,"Booking confirmed ✅ 
Farm number 11

₹1000 advance received

10 Oct 2025 at 7:00 PM to 11 Oct 2025 at 8:00 AM
10 Persons Max
Rent: ₹2500
Deposit: ₹1000

Deposit Refund after check out.",2025-10-10 19:00:00,2025-10-11 08:00:00,2025-10-11 08:00:00,2025-10-09,20:59:45,13.0000000004657,0,0,0,,,,2500.0,10,12.0,24H Night,0,0.0,0, (Strict),False,3000.0,4000.0,2.0,3950.0,6.0,21.0,0.8571428571428571,0.7,0.8571428571428571,10,-0.8660254037844386,0.5000000000000001,2025,3,41,282,0,0,Festival,False,Standard,Tier 2,High,1.0,0.0,0.0,,,False,False,Festival,0,7,7,0,0,1,1,0,monsoon,0,0,24H Night,24.0,0.5,12H,0,0.0,5000.0,1.0,0,0.5,0.95,0,1,0,Clear,0,Same Day,0.0,26.0,20.0,60.0,4.2,25.0,50.0,75.0,4058.823529411765,3750.0,4272.727272727273,4058.823529411765,3625.0,4058.823529411765,3400.0,0.92,1,0.964,-114.29,3185.714285714286,3100.0,3185.714285714286,3100.0,1266.79197375177,7.0,1.0,2450.0,3300.0,0,0,0,0,0,0,0,1,0,0,0,0,0,0,1.0,0.26666666666666666,88.0,1.2244723034568894,0.15714285714285714,40.24472303456889,0.0,1,5,1.891,1.2,1.067,0.8,0,8500.0,0,0
Booked by Saurabh,"Booking confirmed ✅ 
Farm number 11
₹500 advance received

11 Oct 2025 at 9:00 AM to 11 Oct 2025 at 6:00 PM
2 Persons Max
Rent: ₹2000
Deposit: ₹500

Deposit Refund after check out.",2025-10-11 09:00:00,2025-10-11 18:00:00,2025-10-11 18:00:00,2025-10-10,20:53:59,9.0,0,0,0,,,,2000.0,2,12.0,Couple Half Day,0,0.0,0, (Strict),False,1500.0,1500.0,1.0,1650.0,6.0,22.0,0.8571428571428571,0.7333333333333333,0.8571428571428571,10,-0.8660254037844386,0.5000000000000001,2025,4,41,283,0,0,Festival,False,Standard,Tier 2,High,1.0,0.0,0.0,,,False,False,Festival,0,7,7,0,0,1,1,0,monsoon,0,0,12H Day,12.0,0.5,12H,0,0.0,4000.0,1.0,0,1.0,1.0,1,0,0,Clear,0,Same Day,0.0,26.0,20.0,60.0,4.2,25.0,50.0,75.0,2732.0,2732.0,1833.3333333333333,2732.0,2400.0,2732.0,1863.6363636363637,0.98,1,1.638,1193.94,1872.7272727272727,2000.0,1872.7272727272727,2000.0,346.6724941235145,11.0,1.0,1500.0,2100.0,0,0,0,0,0,0,0,1,0,0,0,0,0,0,1.0,0.26666666666666666,88.0,1.1688152304416628,0.12380952380952381,39.688152304416626,0.0,1,5,1.891,1.2,1.067,0.8,0,8500.0,0,0
Booked by Vasisth Mistry,"
Farm number 11
₹1000 received 

10 Persons Max
Rent: ₹3500
Deposit: ₹500

Deposit Refund after check out.",2025-10-24 09:00:00,2025-10-24 18:00:00,2025-10-24 18:00:00,2025-10-11,21:39:33,9.0,0,0,0,,,,3500.0,10,12.0,12H Day,12,0.0,0, (Strict),False,2500.0,2800.0,1.0,2650.0,6.0,20.0,0.8571428571428571,0.6666666666666666,0.8571428571428571,10,-0.8660254037844386,0.5000000000000001,2025,5,41,284,0,0,Festival,False,Standard,Tier 2,High,1.0,0.0,0.0,,,False,False,Festival,0,7,7,0,0,1,1,0,monsoon,0,0,12H Day,12.0,0.5,12H,0,0.0,7000.0,1.0,0,1.0,1.0,0,1,0,Clear,2,Standard,0.0,26.0,20.0,60.0,4.2,25.0,50.0,90.0,2672.0,2672.0,5000.0,2672.0,1500.0,2672.0,5000.0,0.71,3,1.638,1193.94,1872.7272727272727,2000.0,1872.7272727272727,2000.0,346.6724941235145,11.0,1.0,1500.0,2100.0,0,1,0,0,0,0,0,0,0,0,1,0,0,0,1.0,0.26666666666666666,88.0,1.2856950002892815,0.19047619047619047,40.856950002892816,0.0,1,5,1.891,1.2,1.067,0.8,0,8500.0,0,0
Booked by Preet,"
Farm number 11
₹1000 received 

2 Persons Max
Rent: ₹2200
Deposit: ₹500

Deposit Refund after check out.",2025-10-11 21:00:00,2025-10-12 08:30:00,2025-10-12 08:30:00,2025-10-11,19:44:19,11.4999999997672,0,1,0,,,,2200.0,2,12.0,Couple Half Night,0,0.0,0, (Month),False,1500.0,1500.0,0.0,2040.0,7.0,21.0,1.0,0.7,1.0,10,-0.8660254037844386,0.5000000000000001,2025,5,41,284,1,0,Festival,False,Standard,Tier 2,High,1.0,0.0,0.0,,,False,False,Festival,0,7,7,0,0,1,1,0,monsoon,1,0,12H Night,12.0,0.5,12H,0,0.0,4400.0,1.0,0,1.0,1.0,1,0,0,Clear,0,Same Day,0.0,26.0,20.0,60.0,4.2,25.0,94.55,75.0,2600.0,2600.0,2000.0,2600.0,2600.0,2600.0,2600.0,0.42000000000000004,6,1.202,440.0,2615.0,2540.0,2615.0,2540.0,634.008412141879,4.0,0.8,2150.0,3005.0,0,0,1,0,0,0,0,1,0,0,0,0,0,0,1.0,0.26666666666666666,88.0,1.4285510206997045,0.30000000000000004,62.285510206997046,0.0,1,5,1.891,1.2,1.067,0.8,0,8500.0,0,0
Booked by Agent Shyam,Rent: ₹2200,2025-10-12 09:00:00,2025-10-12 18:00:00,2025-10-12 18:00:00,2025-10-12,09:47:24,9.0,0,0,0,,,,2200.0,4,12.0,12H Day,0,0.0,0, (Strict),False,3500.0,2500.0,1.0,2570.0,7.0,21.0,1.0,0.7,1.0,10,-0.8660254037844386,0.5000000000000001,2025,6,41,285,0,0,Festival,False,Standard,Tier 2,High,1.0,0.0,0.0,,,False,False,Festival,0,7,7,0,0,1,1,0,monsoon,0,0,12H Day,12.0,0.5,12H,0,0.0,4400.0,1.0,0,1.0,1.0,0,1,0,Clear,0,Same Day,0.0,26.0,20.0,60.0,4.2,25.0,50.0,75.0,2724.0,2724.0,2942.8571428571427,2724.0,2390.909090909091,2724.0,2942.8571428571427,0.9400000000000001,1,1.638,1193.94,1872.7272727272727,2000.0,1872.7272727272727,2000.0,346.6724941235145,11.0,1.0,1500.0,2100.0,0,0,0,1,0,0,0,1,0,0,0,0,0,0,1.0,0.26666666666666666,88.0,1.4285510206997045,0.30000000000000004,42.285510206997046,0.0,1,5,1.891,1.2,1.067,0.8,0,8500.0,0,0
Booked by Navjeet,"Booking confirmed ✅ 
Farm number 11
₹500 advance received 

13 Oct 2025 at 9:00 AM to 13 Oct 2025 at 6:00 PM
2 Persons Max
Rent: ₹2000
Deposit: ₹500

Deposit Refund after check out.",2025-10-13 09:00:00,2025-10-13 18:00:00,2025-10-13 18:00:00,2025-10-12,19:16:00,9.0,0,0,0,,,,2000.0,2,12.0,Couple Half Day,0,0.0,0, (Strict),False,2000.0,1500.0,0.0,1700.0,8.0,22.0,1.0,0.7333333333333333,1.1428571428571428,10,-0.8660254037844386,0.5000000000000001,2025,6,41,285,0,0,Festival,False,Standard,Tier 2,High,1.0,0.0,0.0,,,False,False,Festival,0,7,7,0,0,1,1,0,monsoon,0,0,12H Day,12.0,0.5,12H,0,0.0,4000.0,1.0,0,1.0,1.0,1,0,0,Clear,0,Same Day,0.0,26.0,20.0,60.0,4.2,25.0,50.0,75.0,2732.0,2732.0,1833.3333333333333,2732.0,2400.0,2732.0,1863.6363636363637,0.98,1,1.638,1193.94,1872.7272727272727,2000.0,1872.7272727272727,2000.0,346.6724941235145,11.0,1.0,1500.0,2100.0,0,0,0,1,0,0,0,1,0,0,0,0,0,0,1.0,0.26666666666666666,88.0,1.5584203072555505,0.2666666666666667,43.5842030725555,0.0,1,5,1.891,1.2,1.067,0.8,0,8500.0,0,0
Booked by Mit kukadiya,"
Farm number 11
₹1000 received 

2 Persons Max
Rent: ₹2300
Deposit: ₹500

Deposit Refund after check out.",2025-10-15 09:00:00,2025-10-15 18:00:00,2025-10-15 18:00:00,2025-10-13,21:52:03,9.0,0,0,0,,,,2300.0,2,12.0,Couple Half Day,1,0.0,0, (Strict),False,2000.0,2000.0,1.0,1780.0,9.0,22.0,1.0,0.7333333333333333,1.2857142857142858,10,-0.8660254037844386,0.5000000000000001,2025,0,42,286,0,0,Festival,False,Standard,Tier 2,High,1.0,0.0,0.0,,,False,False,Festival,0,7,7,0,0,1,1,0,monsoon,0,0,12H Day,12.0,0.5,12H,0,0.0,4600.0,1.0,0,1.0,1.0,1,0,0,Clear,0,Last Minute,0.0,26.0,20.0,60.0,4.2,25.0,50.0,75.0,2720.0,2720.0,1808.3333333333333,2720.0,2386.3636363636365,2720.0,1836.3636363636363,0.98,1,1.638,1193.94,1872.7272727272727,2000.0,1872.7272727272727,2000.0,346.6724941235145,11.0,1.0,1500.0,2100.0,0,0,0,0,0,0,0,0,1,0,0,0,0,0,1.0,0.26666666666666666,88.0,1.7532228456624945,0.2666666666666667,45.53222845662495,0.0,1,5,1.891,1.2,1.067,0.8,0,8500.0,0,0
Booked by Piyu Patel ,"Farm number 11
₹500 received 

2 Persons Max without pool 
Rent: ₹1500
Deposit: ₹500

Deposit Refund after check out.",2025-10-14 09:00:00,2025-10-14 18:00:00,2025-10-14 18:00:00,2025-10-13,23:10:14,9.0,0,0,0,,,,1500.0,2,12.0,Couple Half Day,0,0.0,1,MAD (Strict),False,2300.0,2000.0,0.0,1780.0,10.0,23.0,1.0,0.7666666666666667,1.4285714285714286,10,-0.8660254037844386,0.5000000000000001,2025,0,42,286,0,0,Festival,False,Standard,Tier 2,High,1.0,0.0,0.0,,,False,False,Festival,0,7,7,0,0,1,1,0,monsoon,0,0,12H Day,12.0,0.5,12H,0,0.0,3000.0,1.0,0,1.0,1.0,1,0,0,Clear,0,Same Day,0.0,26.0,20.0,60.0,4.2,25.0,50.0,75.0,2752.0,2752.0,1875.0,2752.0,2422.7272727272725,2752.0,1909.090909090909,0.98,1,1.638,1193.94,1872.7272727272727,2000.0,1872.7272727272727,2000.0,346.6724941235145,11.0,1.0,1500.0,2100.0,0,0,0,0,0,0,0,1,0,0,0,0,0,0,1.0,0.26666666666666666,88.0,1.863329732966216,0.23333333333333328,46.633297329662156,0.0,1,5,1.891,1.2,1.067,0.8,0,8500.0,0,0
Booked by gediya harikrishna,"Booking confirmed ✅ 
Farm number 11
₹500 received 

2 Persons Max without pool
Rent: ₹2000
Deposit: ₹500

Deposit Refund after check out.",2025-10-16 09:00:00,2025-10-16 18:00:00,2025-10-16 18:00:00,2025-10-15,17:30:48,9.0,0,0,0,,,,2000.0,2,12.0,Couple Half Day,0,0.0,0, (Strict),False,1500.0,2300.0,2.0,1830.0,9.0,22.0,1.0,0.7333333333333333,1.2857142857142858,10,-0.8660254037844386,0.5000000000000001,2025,2,42,288,0,0,Festival,False,Standard,Tier 2,High,1.0,0.0,0.0,,,False,False,Festival,0,7,7,0,0,1,1,0,monsoon,0,0,12H Day,12.0,0.5,12H,0,0.0,4000.0,1.0,0,1.0,1.0,1,0,0,Clear,0,Same Day,0.0,26.0,20.0,60.0,4.2,25.0,50.0,75.0,2732.0,2732.0,1833.3333333333333,2732.0,2400.0,2732.0,1863.6363636363637,0.98,1,1.638,1193.94,1872.7272727272727,2000.0,1872.7272727272727,2000.0,346.6724941235145,11.0,1.0,1500.0,2100.0,0,0,0,0,0,0,0,1,0,0,0,0,0,0,1.0,0.26666666666666666,88.0,1.7532228456624945,0.2666666666666667,45.53222845662495,0.0,1,5,1.891,1.2,1.067,0.8,0,8500.0,0,0
Booked by Dipak,"Booking confirmed ✅ 
Farm number 11
₹500 advance received

4 Persons Max
Rent: ₹2600
Deposit: ₹1000

Deposit Refund after check out.",2025-10-17 09:00:00,2025-10-17 18:00:00,2025-10-17 18:00:00,2025-10-16,21:58:51,9.0,0,0,0,,,,2600.0,4,12.0,12H Day,0,0.0,0, (Strict),False,2200.0,3500.0,1.0,2530.0,9.0,21.0,1.0,0.7,1.2857142857142858,10,-0.8660254037844386,0.5000000000000001,2025,3,42,289,0,0,Festival,False,Standard,Tier 2,High,1.0,0.0,0.0,,,False,False,Festival,0,7,7,0,0,1,1,0,monsoon,0,0,12H Day,12.0,0.5,12H,0,0.0,5200.0,1.0,0,1.0,1.0,0,1,0,Clear,0,Same Day,0.0,26.0,20.0,60.0,4.2,25.0,50.0,75.0,2708.0,2708.0,2885.714285714286,2708.0,2372.7272727272725,2708.0,2885.714285714286,0.9400000000000001,1,1.638,1193.94,1872.7272727272727,2000.0,1872.7272727272727,2000.0,346.6724941235145,11.0,1.0,1500.0,2100.0,0,0,0,0,0,0,0,1,0,0,0,0,0,0,1.0,0.26666666666666666,88.0,1.8367084551853345,0.30000000000000004,46.367084551853345,0.0,1,5,1.891,1.2,1.067,0.8,0,8500.0,0,0
Booked by Deep,"17 Oct 2025 at 7:00 PM to 18 Oct 2025 at 8:00 AM
4 Persons Max
Rent: ₹2500
Deposit: ₹500

Deposit Refund after check out.",2025-10-17 19:00:00,2025-10-18 08:00:00,2025-10-18 08:00:00,2025-10-17,19:52:52,13.0000000004657,0,0,0,,,,2500.0,4,12.0,24H Night,0,0.0,0, (Strict),False,2500.0,3000.0,1.0,3850.0,9.0,22.0,1.0,0.7333333333333333,1.2857142857142858,10,-0.8660254037844386,0.5000000000000001,2025,4,42,290,0,0,Festival,False,Standard,Tier 2,High,1.0,0.0,0.0,,,False,False,Festival,0,7,7,0,0,1,1,0,monsoon,0,0,24H Night,24.0,0.5,12H,0,0.0,5000.0,1.0,0,0.5,0.95,0,1,0,Clear,0,Same Day,0.0,26.0,20.0,60.0,4.2,25.0,50.0,75.0,4058.823529411765,3750.0,3750.0,4058.823529411765,3625.0,4058.823529411765,4000.0,0.9,1,0.964,-114.29,3185.714285714286,3100.0,3185.714285714286,3100.0,1266.79197375177,7.0,1.0,2450.0,3300.0,1,0,0,0,0,0,0,1,0,0,0,0,0,0,1.0,0.26666666666666666,88.0,1.7532228456624945,0.2666666666666667,45.53222845662495,0.0,1,5,1.891,1.2,1.067,0.8,0,8500.0,0,0
Booked by Divyesh Chauhan,"Booking confirmed ✅ 
Farm number 11
₹500 received 

2 Persons Max without pool
Rent: ₹1500
Deposit: ₹500

Deposit Refund after check out.",2025-10-18 09:00:00,2025-10-18 18:00:00,2025-10-18 18:00:00,2025-10-17,23:03:34,9.0,0,0,0,,,,1500.0,2,12.0,Couple Half Day,0,0.0,1,MAD (Strict),False,2000.0,1500.0,0.0,1780.0,10.0,23.0,1.0,0.7666666666666667,1.4285714285714286,10,-0.8660254037844386,0.5000000000000001,2025,4,42,290,0,0,Festival,False,Standard,Tier 2,High,1.0,0.0,0.0,,,False,False,Festival,0,7,7,0,0,1,1,0,monsoon,0,0,12H Day,12.0,0.5,12H,0,0.0,3000.0,1.0,0,1.0,1.0,1,0,0,Clear,0,Same Day,0.0,26.0,20.0,60.0,4.2,25.0,50.0,75.0,2752.0,2752.0,1875.0,2752.0,2422.7272727272725,2752.0,1909.090909090909,0.98,1,1.638,1193.94,1872.7272727272727,2000.0,1872.7272727272727,2000.0,346.6724941235145,11.0,1.0,1500.0,2100.0,0,0,0,0,0,0,0,1,0,0,0,0,0,0,1.0,0.26666666666666666,88.0,1.863329732966216,0.23333333333333328,46.633297329662156,0.0,1,5,1.891,1.2,1.067,0.8,0,8500.0,0,0
Booked by Mohit jain ,"
₹1000 received 
Farm number 11

6 Persons Max
Rent: ₹3700
Deposit: ₹1000

Deposit Refund after check out.",2025-10-19 08:00:00,2025-10-19 18:00:00,2025-10-19 18:00:00,2025-10-18,21:44:15,9.99999999976717,0,0,0,,,,3700.0,6,12.0,12H Day,0,0.0,0, (Strict),False,2600.0,2200.0,1.0,2650.0,9.0,24.0,1.0,0.8,1.2857142857142858,10,-0.8660254037844386,0.5000000000000001,2025,5,42,291,0,0,Festival,False,Standard,Tier 2,High,1.0,0.0,0.0,,,False,False,Festival,0,7,7,0,0,1,1,0,monsoon,0,0,12H Day,12.0,0.5,12H,0,0.0,7400.0,1.0,0,1.0,1.0,0,1,0,Clear,0,Same Day,0.0,26.0,20.0,60.0,4.2,25.0,50.0,75.0,2664.0,2664.0,2728.5714285714284,2664.0,2322.7272727272725,2664.0,2728.5714285714284,0.9400000000000001,1,1.638,1193.94,1872.7272727272727,2000.0,1872.7272727272727,2000.0,346.6724941235145,11.0,1.0,1500.0,2100.0,0,1,0,0,0,0,0,1,0,0,0,0,0,0,1.0,0.26666666666666666,88.0,1.6071227681082558,0.19999999999999996,44.07122768108256,0.0,1,5,1.891,1.2,1.067,0.8,0,8500.0,0,0
Booked by Sharad shrivastav,"Booking confirmed ✅ 
Farm number 11
₹2000 received

10 Persons Max
Rent: ₹4000
Deposit: ₹1000

Deposit Refund after check out.",2025-10-21 11:00:00,2025-10-21 20:00:00,2025-10-21 20:00:00,2025-10-20,13:23:53,9.0,Bestu Varas,0,0,,,,4000.0,10,12.0,12H Day,0,0.0,0, (Strict),False,3700.0,2600.0,2.0,2750.0,6.0,24.0,0.8571428571428571,0.8,0.8571428571428571,10,-0.8660254037844386,0.5000000000000001,2025,0,43,293,0,1,Festival,True,Standard,Tier 2,High,1.0,0.0,0.0,,,False,False,Festival,0,7,7,0,1,1,1,0,monsoon,1,0,12H Day,12.0,0.5,12H,0,0.0,8000.0,1.0,0,1.0,1.0,0,1,0,Clear,0,Same Day,0.0,26.0,20.0,60.0,4.2,25.0,50.0,75.0,2703.846153846154,2703.846153846154,4700.0,2703.846153846154,2382.608695652174,2703.846153846154,4700.0,0.62,4,1.638,1193.94,1872.7272727272727,2000.0,1872.7272727272727,2000.0,346.6724941235145,11.0,1.0,1500.0,2100.0,0,0,0,0,0,0,0,1,0,0,0,0,0,0,1.0,0.26666666666666666,88.0,1.071415178738837,0.05714285714285705,53.714151787388374,0.5,1,5,1.891,1.2,1.067,0.8,0,8500.0,0,0
Booked by Dhruvil,"Booking confirmed ✅ 
Farm number 11

₹1000 advance received

22 Oct 2025 at 7:00 PM to 23 Oct 2025 at 6:00 PM
6 Persons Max
Rent: ₹6000
Deposit: ₹1000

Deposit Refund after check out.",2025-10-22 19:00:00,2025-10-23 18:00:00,2025-10-23 18:00:00,2025-10-21,16:08:23,23.0000000002328,0,0,0,,,,6000.0,6,24.0,24H Night,1,0.0,2,"MAD, IQR (Strict)",True,2500.0,2500.0,1.0,4000.0,7.0,25.0,1.0,0.8333333333333334,1.0,10,-0.8660254037844386,0.5000000000000001,2025,1,43,294,0,0,Festival,False,Standard,Tier 2,High,1.0,0.0,0.0,,,False,False,Festival,0,7,7,0,0,1,1,0,monsoon,0,0,24H Night,24.0,1.0,24H,0,0.0,6000.0,1.0,0,1.0,1.0,0,1,0,Clear,0,Last Minute,0.0,26.0,20.0,60.0,4.2,25.0,50.0,75.0,3852.9411764705883,3458.3333333333335,2875.0,3852.9411764705883,3333.3333333333335,3852.9411764705883,2833.3333333333335,0.9,1,0.964,-114.29,3185.714285714286,3100.0,3185.714285714286,3100.0,1266.79197375177,7.0,1.0,2450.0,3300.0,0,0,0,0,0,0,0,0,1,0,0,0,0,0,1.0,0.26666666666666666,88.0,1.199985600172798,0.16666666666666663,39.99985600172798,0.0,1,5,1.891,1.2,1.067,0.8,0,8500.0,0,0
Booked by Vivek,"Booking confirmed ✅ 
Farm number 11
₹1000 advance received

23 Oct 2025 at 7:00 PM to 24 Oct 2025 at 8:00 AM
15 Persons Max
Rent: ₹3000
Deposit: ₹1000

Deposit Refund after check out.",2025-10-23 19:00:00,2025-10-24 08:00:00,2025-10-24 08:00:00,2025-10-22,23:36:59,13.0000000004657,0,0,0,,,,3000.0,15,12.0,24H Night,0,0.0,0, (Strict),False,6000.0,2500.0,1.0,3650.0,7.0,26.0,1.0,0.8666666666666667,1.0,10,-0.8660254037844386,0.5000000000000001,2025,2,43,295,0,0,Festival,False,Standard,Tier 2,High,1.0,0.0,0.0,,,False,False,Festival,0,7,7,0,0,1,1,0,monsoon,0,0,24H Night,24.0,0.5,12H,0,0.0,6000.0,1.0,0,0.5,0.95,0,0,1,Clear,0,Same Day,0.0,26.0,20.0,60.0,4.2,25.0,50.0,75.0,4029.4117647058824,3708.3333333333335,4227.272727272727,4029.4117647058824,3583.3333333333335,4029.4117647058824,3300.0,0.92,1,0.964,-114.29,3185.714285714286,3100.0,3185.714285714286,3100.0,1266.79197375177,7.0,1.0,2450.0,3300.0,0,0,0,0,0,0,0,1,0,0,0,0,0,0,1.0,0.26666666666666666,88.0,1.1538328403903033,0.1333333333333333,39.53832840390303,0.0,1,5,1.891,1.2,1.067,0.8,0,8500.0,0,0
Booked by Dipu Nahak,"Booking confirmed ✅ 
Farm number 11

₹1000 advance received

10 Persons Max
Rent: ₹3000
Security Deposit: ₹1000

Security Deposit Refund after check out.",2025-10-26 19:00:00,2025-10-27 08:00:00,2025-10-27 08:00:00,2025-10-26,10:45:57,13.0000000004657,0,0,0,,,,3000.0,10,12.0,24H Night,0,0.0,0, (Strict),False,3000.0,6000.0,4.0,3450.0,4.0,25.0,0.5714285714285714,0.8333333333333334,0.5714285714285714,10,-0.8660254037844386,0.5000000000000001,2025,6,43,299,0,0,Festival,False,Standard,Tier 2,High,1.0,0.0,0.0,,,False,False,Festival,0,7,7,0,0,1,1,0,monsoon,0,0,24H Night,24.0,0.5,12H,0,0.0,6000.0,1.0,0,0.5,0.95,0,1,0,Clear,0,Same Day,0.0,26.0,20.0,60.0,4.2,25.0,50.0,75.0,4029.4117647058824,3708.3333333333335,4227.272727272727,4029.4117647058824,3583.3333333333335,4029.4117647058824,3300.0,0.92,1,0.964,-114.29,3185.714285714286,3100.0,3185.714285714286,3100.0,1266.79197375177,7.0,1.0,2450.0,3300.0,0,0,0,0,1,0,0,1,0,0,0,0,0,0,1.0,0.26666666666666666,88.0,0.6857060572415988,-0.261904761904762,34.85706057241599,0.0,1,5,1.891,1.2,1.067,0.8,0,8500.0,0,0
Booked by Abhishek,"Booking confirmed ✅
Farm number 11

₹1000 advance received

10 Persons Max
Rent: ₹3000
Deposit: ₹1000

Deposit Refund after check out.",2025-10-28 19:00:00,2025-10-29 08:00:00,2025-10-29 08:00:00,2025-10-26,21:34:04,13.0000000004657,0,0,0,,,,3000.0,10,12.0,24H Night,1,0.0,0, (Strict),False,3000.0,3000.0,0.0,3400.0,5.0,26.0,0.7142857142857143,0.8666666666666667,0.7142857142857143,10,-0.8660254037844386,0.5000000000000001,2025,6,43,299,0,0,Festival,False,Standard,Tier 2,High,1.0,0.0,0.0,,,False,False,Festival,0,7,7,0,0,1,1,0,monsoon,0,0,24H Night,24.0,0.5,12H,0,0.0,6000.0,1.0,0,0.5,0.95,0,1,0,Clear,0,Last Minute,0.0,26.0,20.0,60.0,4.2,25.0,50.0,75.0,4029.4117647058824,3708.3333333333335,4227.272727272727,4029.4117647058824,3583.3333333333335,4029.4117647058824,3300.0,0.92,1,0.964,-114.29,3185.714285714286,3100.0,3185.714285714286,3100.0,1266.79197375177,7.0,1.0,2450.0,3300.0,0,0,0,0,1,0,0,0,1,0,0,0,0,0,1.0,0.26666666666666666,88.0,0.8241663145645023,-0.1523809523809524,36.24166314564502,0.0,1,5,1.891,1.2,1.067,0.8,0,8500.0,0,0
Booked by nirmal,"Booking confirmed ✅ 
Farm number 11
₹500 received 

2 Persons Max
Rent: ₹2000 with pool
Deposit: ₹500

Deposit Refund after check out.",2025-10-28 09:00:00,2025-10-28 18:00:00,2025-10-28 18:00:00,2025-10-27,16:08:54,9.0,0,0,0,,,,2000.0,2,12.0,Couple Half Day,0,0.0,0, (Strict),False,1500.0,2000.0,1.0,1780.0,5.0,27.0,0.7142857142857143,0.9,0.7142857142857143,10,-0.8660254037844386,0.5000000000000001,2025,0,44,300,0,0,Festival,False,Standard,Tier 2,High,1.0,0.0,0.0,,,False,False,Festival,0,7,7,0,0,1,1,0,monsoon,0,0,12H Day,12.0,0.5,12H,0,0.0,4000.0,1.0,0,1.0,1.0,1,0,0,Clear,0,Same Day,0.0,26.0,20.0,60.0,4.2,25.0,50.0,75.0,2732.0,2732.0,1833.3333333333333,2732.0,2400.0,2732.0,1863.6363636363637,0.98,1,1.638,1193.94,1872.7272727272727,2000.0,1872.7272727272727,2000.0,346.6724941235145,11.0,1.0,1500.0,2100.0,0,0,0,0,0,0,0,1,0,0,0,0,0,0,1.0,0.26666666666666666,88.0,0.7936419754066225,-0.18571428571428572,35.93641975406622,0.0,1,5,1.891,1.2,1.067,0.8,0,8500.0,0,0
Booked by rahul singh,"Farm number 11
₹1000 received 

12 Persons Max
Rent: ₹6000
Deposit: ₹1000

Deposit Refund after check out.",2025-11-01 19:00:00,2025-11-02 18:00:00,2025-11-02 18:00:00,2025-10-27,16:22:29,23.0000000002328,0,1,0,,,,6000.0,12,24.0,24H Night,5,0.0,0, (Strict),False,3000.0,3000.0,0.0,3650.0,6.0,28.0,0.8571428571428571,0.9333333333333333,0.8571428571428571,10,-0.8660254037844386,0.5000000000000001,2025,0,44,300,1,0,Festival,False,Standard,Tier 2,High,1.0,0.0,0.0,,,False,False,Festival,0,7,7,0,0,1,1,0,monsoon,1,0,24H Night,24.0,1.0,24H,0,0.0,6000.0,1.0,0,1.0,1.0,0,1,0,Clear,1,Standard,0.0,26.0,20.0,60.0,4.2,25.0,100.0,90.0,3852.9411764705883,4500.0,3954.5454545454545,3852.9411764705883,4833.333333333333,3852.9411764705883,5000.0,0.7,3,0.964,-114.29,3071.4285714285716,3000.0,3071.4285714285716,3000.0,838.0817098475258,7.0,1.0,2450.0,3900.0,0,0,0,0,0,0,0,0,0,1,0,0,0,0,1.0,0.26666666666666666,88.0,0.9183575073940534,-0.07619047619047625,57.18357507394053,0.0,1,5,1.891,1.2,1.067,0.8,0,8500.0,0,0
Booked by Keyur,"Booking confirmed ✅ 
Farm number 11
₹1000 advance received 

29 Oct 2025 at 7:00 PM to 30 Oct 2025 at 8:00 AM
4 Persons Max
Rent: ₹2500
Deposit: ₹1000

Deposit Refund after check out.",2025-10-29 19:00:00,2025-10-30 08:00:00,2025-10-30 08:00:00,2025-10-29,18:58:05,13.0000000004657,0,0,0,,,,2500.0,4,12.0,24H Night,0,0.0,0, (Strict),False,6000.0,3000.0,2.0,3550.0,5.0,29.0,0.7142857142857143,0.9666666666666667,0.7142857142857143,10,-0.8660254037844386,0.5000000000000001,2025,2,44,302,0,0,Festival,False,Standard,Tier 2,High,1.0,0.0,0.0,,,False,False,Festival,0,7,7,0,0,1,1,0,monsoon,0,0,24H Night,24.0,0.5,12H,0,0.0,5000.0,1.0,0,0.5,0.95,0,1,0,Clear,0,Same Day,0.0,26.0,20.0,60.0,4.2,25.0,50.0,75.0,4058.823529411765,3750.0,3750.0,4058.823529411765,3625.0,4058.823529411765,4000.0,0.9,1,0.964,-114.29,3185.714285714286,3100.0,3185.714285714286,3100.0,1266.79197375177,7.0,1.0,2450.0,3300.0,0,0,0,0,0,0,0,1,0,0,0,0,0,0,1.0,0.26666666666666666,88.0,0.7389086122754396,-0.2523809523809524,35.38908612275439,0.0,1,5,1.891,1.2,1.067,0.8,0,8500.0,0,0
Booked by rajan kakaiya,"Booking confirmed ✅ 
Farm number 11
₹1000 received 

15 Persons Max
Rent: ₹5500
Deposit: ₹1000

Deposit Refund after check out.",2025-11-08 19:00:00,2025-11-09 18:00:00,2025-11-09 18:00:00,2025-10-29,16:29:28,23.0000000002328,0,1,0,,,,5500.0,15,24.0,24H Night,10,0.0,0, (Strict),False,2500.0,6000.0,0.0,3700.0,6.0,30.0,0.8571428571428571,1.0,0.8571428571428571,10,-0.8660254037844386,0.5000000000000001,2025,2,44,302,1,0,Festival,False,Standard,Tier 2,High,1.0,0.0,0.0,,,False,False,Festival,0,7,7,0,0,1,1,0,monsoon,1,0,24H Night,24.0,1.0,24H,0,0.0,5500.0,1.0,0,1.0,1.0,0,0,1,Clear,2,Standard,0.0,26.0,20.0,60.0,4.2,25.0,100.0,90.0,3882.3529411764707,4625.0,4000.0,3882.3529411764707,5000.0,3882.3529411764707,5166.666666666667,0.7,3,0.964,-114.29,3071.4285714285716,3000.0,3071.4285714285716,3000.0,838.0817098475258,7.0,1.0,2450.0,3900.0,0,0,0,0,0,0,0,0,0,0,1,0,0,0,1.0,0.26666666666666666,88.0,0.8571342857999991,-0.1428571428571429,56.571342857999994,0.0,1,5,1.891,1.2,1.067,0.8,0,8500.0,0,0
Booked by pavan,"Booking confirmed
Farm number 11

₹700 advance received

15 Persons Max
Rent: ₹4000
Deposit: ₹1000

Deposit Refund after check out.",2025-11-04 09:00:00,2025-11-05 08:00:00,2025-11-05 08:00:00,2025-10-30,13:27:26,23.0000000002328,0,0,0,,,,4000.0,15,24.0,24H Day,4,0.0,0, (Month),False,4000.0,3000.0,1.0,3680.0,7.0,31.0,1.0,1.0,1.0,10,-0.8660254037844386,0.5000000000000001,2025,3,44,303,0,0,Festival,False,Standard,Tier 2,High,1.0,0.0,0.0,,,False,False,Festival,0,7,7,0,0,1,1,0,monsoon,0,0,24H Day,24.0,1.0,24H,0,0.0,4000.0,1.0,0,1.0,1.0,0,0,1,Clear,1,Standard,0.0,26.0,20.0,60.0,4.2,25.0,53.349999999999994,90.0,3500.0,3500.0,3500.0,3500.0,3500.0,3500.0,3746.153846153846,0.4,7,1.25,0.0,3129.3133294864397,3129.3133294864397,3129.3133294864397,3129.3133294864397,0.0,1.0,0.2,3129.3133294864397,3129.3133294864397,0,0,0,0,0,0,0,0,0,1,0,0,0,0,1.0,0.26666666666666666,88.0,0.9677325703299644,0.0,37.677325703299644,0.0,1,5,1.891,1.2,1.067,0.8,0,8500.0,0,0
Booked by Pavan,"Booking confirmed ✅ 
Farm number 11
₹1000 advanve received

31 Oct 2025 at 9:00 PM to 1 Nov 2025 at 9:00 AM
8 Persons Max
Rent: ₹3000
Deposit: ₹1000

Deposit Refund after check out.",2025-10-31 21:00:00,2025-11-01 09:00:00,2025-11-01 09:00:00,2025-10-31,00:43:39,12.0,0,0,0,,,,3000.0,8,12.0,12H Night,0,0.0,0, (Month),False,3500.0,2800.0,1.0,2690.0,8.0,31.0,1.0,1.0,1.1428571428571428,10,-0.8660254037844386,0.5000000000000001,2025,4,44,304,0,0,Festival,False,Standard,Tier 2,High,1.0,0.0,0.0,,,False,False,Festival,0,7,7,0,0,1,1,0,monsoon,0,0,12H Night,12.0,0.5,12H,0,0.0,6000.0,1.0,0,1.0,1.0,0,1,0,Clear,0,Same Day,0.0,26.0,20.0,60.0,4.2,25.0,50.0,75.0,2440.0,2500.0,2750.0,2440.0,2440.0,2440.0,2500.0,0.51,5,1.202,440.0,2175.0,2175.0,2175.0,2175.0,247.48737341529164,2.0,0.4,2087.5,2262.5,1,0,0,0,0,0,0,1,0,0,0,0,0,0,1.0,0.26666666666666666,88.0,1.105980080377102,0.0,39.05980080377102,0.0,1,5,1.891,1.2,1.067,0.8,0,8500.0,0,0
Booked by Nikhil Parajapati,"Booking confirmed ✅ 
Farm number 11
₹1000 advance received

12 Persons Max
Rent: ₹3000
Deposit: ₹1000

Deposit Refund after check out.",2025-11-06 09:00:00,2025-11-06 18:00:00,2025-11-06 18:00:00,2025-11-01,11:55:47,9.0,0,0,0,,,,3000.0,12,12.0,12H Day,4,0.0,0, (Strict),False,4000.0,3700.0,1.0,2900.0,9.0,30.0,1.0,1.0,1.2857142857142858,11,-0.5000000000000004,0.8660254037844384,2025,5,44,305,0,0,Festival,False,Standard,Tier 2,High,1.0,0.0,0.0,,,False,False,Festival,0,7,7,0,0,0,0,0,winter,0,1,12H Day,12.0,0.5,12H,0,0.0,6000.0,1.0,0,1.0,1.0,0,1,0,Clear,1,Standard,0.0,26.0,20.0,60.0,4.2,25.0,53.349999999999994,90.0,2566.6666666666665,2566.6666666666665,4000.0,2566.6666666666665,2833.3333333333335,2566.6666666666665,4000.0,0.7,3,1.077,158.33,2058.3333333333335,2000.0,2058.3333333333335,2000.0,514.2661732699294,12.0,1.0,1500.0,2425.0,0,1,0,0,0,0,1,0,0,1,0,0,0,0,1.0,0.11666666666666667,106.0,1.2857014286999988,0.0,46.35701428699999,0.0,1,5,1.891,1.2,1.067,0.8,0,8500.0,0,0
Booked by Jevil ,"Booking confirmed ✅ 
Farm number 11
₹1000 received 

10 Persons Max
Rent: ₹3500
Deposit: ₹2000

Deposit Refund after check out.",2025-11-07 19:00:00,2025-11-08 18:00:00,2025-11-08 18:00:00,2025-11-01,17:17:12,23.0000000002328,0,0,0,,,,3500.0,10,24.0,24H Night,6,0.0,0, (Strict),False,5500.0,2500.0,0.0,3750.0,10.0,31.0,1.0,1.0,1.4285714285714286,11,-0.5000000000000004,0.8660254037844384,2025,5,44,305,0,0,Festival,False,Standard,Tier 2,High,1.0,0.0,0.0,,,False,False,Festival,0,7,7,0,0,0,0,0,winter,0,1,24H Night,24.0,1.0,24H,0,0.0,3500.0,1.0,0,1.0,1.0,0,1,0,Clear,1,Standard,0.0,26.0,20.0,60.0,4.2,25.0,53.349999999999994,90.0,3958.3333333333335,3650.0,3950.0,3958.3333333333335,4900.0,3958.3333333333335,4140.0,0.72,3,1.036,120.0,3380.0,3600.0,3380.0,3600.0,432.43496620879307,5.0,1.0,3200.0,3700.0,0,0,1,0,0,0,1,0,0,1,0,0,0,0,1.0,0.11666666666666667,106.0,1.3824751004713778,0.0,47.324751004713775,0.0,1,5,1.891,1.2,1.067,0.8,0,8500.0,0,0
Booked by Harshil Rajput,"Booking confirmed ✅ 
Farm number 11
₹500 received 

12 Persons Max
Rent: ₹3500
Deposit: ₹1000

Deposit Refund after check out.6",2025-11-06 19:00:00,2025-11-07 18:00:00,2025-11-07 18:00:00,2025-11-05,22:37:49,23.0000000002328,0,0,0,,,,3500.0,12,24.0,24H Night,0,0.0,0, (Strict),False,3500.0,5500.0,4.0,3850.0,5.0,29.0,0.7142857142857143,0.9666666666666667,0.7142857142857143,11,-0.5000000000000004,0.8660254037844384,2025,2,45,309,0,0,Festival,False,Standard,Tier 2,High,1.0,0.0,0.0,,,False,False,Festival,0,7,7,0,0,0,0,0,winter,0,1,24H Night,24.0,1.0,24H,0,0.0,3500.0,1.0,0,1.0,1.0,0,1,0,Clear,0,Same Day,0.0,26.0,20.0,60.0,4.2,25.0,53.349999999999994,75.0,3958.3333333333335,3650.0,3950.0,3958.3333333333335,3800.0,3958.3333333333335,4300.0,0.91,1,1.036,120.0,3380.0,3600.0,3380.0,3600.0,432.43496620879307,5.0,1.0,3200.0,3700.0,0,0,0,0,0,0,1,1,0,0,0,0,0,0,1.0,0.11666666666666667,106.0,0.7389086122754396,-0.2523809523809524,40.88908612275439,0.0,1,5,1.891,1.2,1.067,0.8,0,8500.0,0,0
Booked by Mihir,"Booking confirmed ✅ 
Farm number 11
₹2500 advance received

20 Nov 2025 at 9:00 AM to 20 Nov 2025 at 6:00 PM
4 Persons Max
Rent: ₹2500
Deposit: ₹1000

Deposit Refund after check out.",2025-11-20 09:00:00,2025-11-20 18:00:00,2025-11-20 18:00:00,2025-11-16,21:21:20,9.0,0,0,0,,,,2500.0,4,12.0,12H Day,3,0.0,0, (Strict),False,3000.0,4000.0,11.0,2930.0,1.0,16.0,0.14285714285714285,0.5333333333333333,0.14285714285714285,11,-0.5000000000000004,0.8660254037844384,2025,6,46,320,0,0,Festival,False,Standard,Tier 2,High,1.0,0.0,0.0,,,False,False,Festival,0,7,7,0,0,0,0,0,winter,0,1,12H Day,12.0,0.5,12H,0,0.0,5000.0,1.0,0,1.0,1.0,0,1,0,Clear,1,Last Minute,0.0,26.0,20.0,60.0,4.2,25.0,53.349999999999994,90.0,2590.4761904761904,2590.4761904761904,4250.0,2590.4761904761904,2150.0,2590.4761904761904,4250.0,0.71,3,1.077,158.33,2058.3333333333335,2000.0,2058.3333333333335,2000.0,514.2661732699294,12.0,1.0,1500.0,2425.0,0,0,0,1,0,0,1,0,1,0,0,0,0,0,1.0,0.11666666666666667,106.0,0.26785212062988106,-0.3904761904761905,36.17852120629881,0.0,1,5,1.891,1.2,1.067,0.8,0,8500.0,0,0
Booked by Smit,"Farm number 11
₹1000 advance received

2 Persons Max
Rent: ₹2000
Deposit: ₹1000

Deposit Refund after check out.",2025-11-21 21:00:00,2025-11-22 08:00:00,2025-11-22 08:00:00,2025-11-20,23:37:56,11.0000000002328,0,0,0,,,,2000.0,2,12.0,Couple Half Night,0,0.0,0, (Month),False,2200.0,1500.0,4.0,2033.3333333333333,2.0,14.0,0.2857142857142857,0.4666666666666667,0.2857142857142857,11,-0.5000000000000004,0.8660254037844384,2025,3,47,324,0,0,Festival,False,Standard,Tier 2,High,1.0,0.0,0.0,,,False,False,Festival,0,7,7,0,0,0,0,0,winter,0,1,12H Night,12.0,0.5,12H,0,0.0,4000.0,1.0,0,1.0,1.0,1,0,0,Clear,0,Same Day,0.0,26.0,20.0,60.0,4.2,25.0,53.349999999999994,75.0,2266.6666666666665,2266.6666666666665,2266.6666666666665,2266.6666666666665,2150.0,2266.6666666666665,2266.6666666666665,0.5,5,1.073,146.67,2000.0,2000.0,2000.0,2000.0,0.0,1.0,0.2,2000.0,2000.0,0,0,0,0,0,0,1,1,0,0,0,0,0,0,1.0,0.11666666666666667,106.0,0.6122317787067828,-0.18095238095238098,39.62231778706783,0.0,1,5,1.891,1.2,1.067,0.8,0,8500.0,0,0
Booked by Rajesh Jivani,"Booking confirmed ✅ 
Farm number 11
₹1000 received 

18 Persons Max
Rent: ₹5500
Deposit: ₹1000

Deposit Refund after check out.",2025-11-22 19:00:00,2025-11-23 18:00:00,2025-11-23 18:00:00,2025-11-20,17:36:08,23.0000000002328,0,1,0,,,,5500.0,18,24.0,24H Night,2,0.0,0, (Strict),False,3500.0,3500.0,0.0,4150.0,3.0,15.0,0.42857142857142855,0.5,0.42857142857142855,11,-0.5000000000000004,0.8660254037844384,2025,3,47,324,1,0,Festival,False,Standard,Tier 2,High,1.0,0.0,0.0,,,False,False,Festival,0,7,7,0,0,0,0,0,winter,1,0,24H Night,24.0,1.0,24H,0,0.0,5500.0,1.0,0,1.0,1.0,0,0,1,Clear,0,Last Minute,0.0,26.0,20.0,60.0,4.2,25.0,100.0,90.0,3791.6666666666665,4266.666666666667,3791.6666666666665,3791.6666666666665,3577.777777777778,3791.6666666666665,4266.666666666667,0.5,5,1.036,120.0,3500.0,3750.0,3500.0,3750.0,1076.1885607001304,12.0,1.0,2725.0,4175.0,0,0,0,0,0,0,1,0,1,0,0,0,0,0,1.0,0.11666666666666667,106.0,0.8571257146285646,-0.07142857142857145,62.071257146285646,0.0,1,5,1.891,1.2,1.067,0.8,0,8500.0,0,0
Booked by Rutvik joshi,"
Farm number 11
₹1000 received 

2 Persons Max
Rent: ₹2000
Deposit: ₹500

Deposit Refund after check out.",2025-11-21 09:00:00,2025-11-21 18:00:00,2025-11-21 18:00:00,2025-11-20,12:02:12,9.0,0,0,0,,,,2000.0,2,12.0,Couple Half Day,0,0.0,0, (Strict),False,2000.0,1500.0,0.0,1830.0,4.0,16.0,0.5714285714285714,0.5333333333333333,0.5714285714285714,11,-0.5000000000000004,0.8660254037844384,2025,3,47,324,0,0,Festival,False,Standard,Tier 2,High,1.0,0.0,0.0,,,False,False,Festival,0,7,7,0,0,0,0,0,winter,0,1,12H Day,12.0,0.5,12H,0,0.0,4000.0,1.0,0,1.0,1.0,1,0,0,Clear,0,Same Day,0.0,26.0,20.0,60.0,4.2,25.0,53.349999999999994,75.0,2614.285714285714,2614.285714285714,1700.0,2614.285714285714,2181.25,2614.285714285714,1718.1818181818182,0.98,1,1.077,158.33,2058.3333333333335,2000.0,2058.3333333333335,2000.0,514.2661732699294,12.0,1.0,1500.0,2425.0,0,0,0,0,0,0,1,1,0,0,0,0,0,0,1.0,0.11666666666666667,106.0,1.0714084825195243,0.03809523809523807,44.21408482519524,0.0,1,5,1.891,1.2,1.067,0.8,0,8500.0,0,0
Booked by Saurabh Sharma,"Booking confirmed ✅ 
Farm number 11
₹500 received 

2 Persons Max
Rent: ₹2000
Deposit: ₹500

Deposit Refund after check out.",2025-11-22 09:00:00,2025-11-22 18:00:00,2025-11-22 18:00:00,2025-11-21,17:19:47,9.0,0,0,0,,,,2000.0,2,12.0,Couple Half Day,0,0.0,0, (Strict),False,2000.0,2000.0,1.0,1880.0,5.0,16.0,0.7142857142857143,0.5333333333333333,0.7142857142857143,11,-0.5000000000000004,0.8660254037844384,2025,4,47,325,0,0,Festival,False,Standard,Tier 2,High,1.0,0.0,0.0,,,False,False,Festival,0,7,7,0,0,0,0,0,winter,0,1,12H Day,12.0,0.5,12H,0,0.0,4000.0,1.0,0,1.0,1.0,1,0,0,Clear,0,Same Day,0.0,26.0,20.0,60.0,4.2,25.0,53.349999999999994,75.0,2614.285714285714,2614.285714285714,1700.0,2614.285714285714,2181.25,2614.285714285714,1718.1818181818182,0.98,1,1.077,158.33,2058.3333333333335,2000.0,2058.3333333333335,2000.0,514.2661732699294,12.0,1.0,1500.0,2425.0,0,0,0,0,0,0,1,1,0,0,0,0,0,0,1.0,0.11666666666666667,106.0,1.3392606031494054,0.18095238095238098,46.892606031494054,0.0,1,5,1.891,1.2,1.067,0.8,0,8500.0,0,0
Booked by Divyesh Chauhan,"Booking confirmed ✅ 
₹500 received 
Farm number 11

26 Nov 2025 at 9:00 AM to 26 Nov 2025 at 6:00 PM
2 Persons Max
Rent: ₹1500
Deposit: ₹1000

Deposit Refund after check out.",2025-11-26 09:00:00,2025-11-26 18:00:00,2025-11-26 18:00:00,2025-11-25,15:21:33,9.0,0,0,0,,,,1500.0,2,12.0,Couple Half Day,0,0.0,0, (Strict),False,2000.0,2000.0,4.0,1880.0,5.0,15.0,0.7142857142857143,0.5,0.7142857142857143,11,-0.5000000000000004,0.8660254037844384,2025,1,48,329,0,0,Festival,False,Standard,Tier 2,High,1.0,0.0,0.0,,,False,False,Festival,0,7,7,0,0,0,0,0,winter,0,1,12H Day,12.0,0.5,12H,0,0.0,3000.0,1.0,0,1.0,1.0,1,0,0,Clear,0,Same Day,0.0,26.0,20.0,60.0,4.2,25.0,53.349999999999994,75.0,2638.095238095238,2638.095238095238,1741.6666666666667,2638.095238095238,2212.5,2638.095238095238,1763.6363636363637,0.98,1,1.077,158.33,2058.3333333333335,2000.0,2058.3333333333335,2000.0,514.2661732699294,12.0,1.0,1500.0,2425.0,0,0,0,0,0,0,1,1,0,0,0,0,0,0,1.0,0.11666666666666667,106.0,1.4285428577142745,0.2142857142857143,47.785428577142746,0.0,1,5,1.891,1.2,1.067,0.8,0,8500.0,0,0
Booked by preet,"
2 Persons Max
Rent: ₹1500
Deposit: ₹1000

Deposit Refund after check out.",2025-11-25 13:00:00,2025-11-25 18:00:00,2025-11-25 18:00:00,2025-11-25,15:18:28,5.00000000023283,0,0,0,,,,1500.0,2,12.0,Couple Half Day,0,0.0,0, (Strict),False,1500.0,2000.0,0.0,1830.0,6.0,16.0,0.8571428571428571,0.5333333333333333,0.8571428571428571,11,-0.5000000000000004,0.8660254037844384,2025,1,48,329,0,0,Festival,False,Standard,Tier 2,High,1.0,0.0,0.0,,,False,False,Festival,0,7,7,0,0,0,0,0,winter,0,1,12H Day,12.0,0.5,12H,0,0.0,3000.0,1.0,0,1.0,1.0,1,0,0,Clear,0,Same Day,0.0,26.0,20.0,60.0,4.2,25.0,53.349999999999994,75.0,2638.095238095238,2638.095238095238,1741.6666666666667,2638.095238095238,2212.5,2638.095238095238,1763.6363636363637,0.98,1,1.077,158.33,2058.3333333333335,2000.0,2058.3333333333335,2000.0,514.2661732699294,12.0,1.0,1500.0,2425.0,0,0,0,0,0,0,1,1,0,0,0,0,0,0,1.0,0.11666666666666667,106.0,1.6071127237792864,0.32380952380952377,49.571127237792865,0.0,1,5,1.891,1.2,1.067,0.8,0,8500.0,0,0
Booked by Pratham Tiwari ,"Booking confirmed ✅ 
Farm number 11
₹1000 received 

12 Persons Max
Rent: ₹3000
Deposit: ₹1000

Deposit Refund after check out.",2025-11-29 19:00:00,2025-11-30 08:00:00,2025-11-30 08:00:00,2025-11-26,23:20:42,13.0000000004657,0,1,0,,,,3000.0,12,12.0,24H Night,2,0.0,1,MAD (Strict),False,5500.0,3500.0,1.0,3850.0,7.0,15.0,1.0,0.5,1.0,11,-0.5000000000000004,0.8660254037844384,2025,2,48,330,1,0,Festival,False,Standard,Tier 2,High,1.0,0.0,0.0,,,False,False,Festival,0,7,7,0,0,0,0,0,winter,1,0,24H Night,24.0,0.5,12H,0,0.0,6000.0,1.0,0,0.5,0.95,0,1,0,Clear,0,Last Minute,0.0,26.0,20.0,60.0,4.2,25.0,100.0,90.0,4000.0,5100.0,4033.3333333333335,4000.0,3855.5555555555557,4000.0,5100.0,0.5,5,1.036,120.0,3500.0,3750.0,3500.0,3750.0,1076.1885607001304,12.0,1.0,2725.0,4175.0,0,0,0,0,0,0,1,0,1,0,0,0,0,0,1.0,0.11666666666666667,106.0,1.9999600007999843,0.5,73.49960000799985,0.0,1,5,1.891,1.2,1.067,0.8,0,8500.0,0,0
Booked by Nikhil Prajapati,"
Farm number 11
₹1000 received 

14 Persons Max
Rent: ₹4500
Deposit: ₹1000

Deposit Refund after check out.",2025-12-07 09:00:00,2025-12-07 19:00:00,2025-12-07 19:00:00,2025-11-26,23:05:18,9.99999999976717,0,0,0,,,,4500.0,14,12.0,12H Day,10,0.0,2,"MAD, IQR (Strict)",True,2500.0,3000.0,0.0,3130.0,8.0,16.0,1.0,0.5333333333333333,1.1428571428571428,11,-0.5000000000000004,0.8660254037844384,2025,2,48,330,0,0,Festival,False,Standard,Tier 2,High,1.0,0.0,0.0,,,False,False,Festival,0,7,7,0,0,0,0,0,winter,0,1,12H Day,12.0,0.5,12H,0,0.0,9000.0,1.0,0,1.0,1.0,0,0,1,Clear,2,Standard,0.0,26.0,20.0,60.0,4.2,25.0,53.349999999999994,90.0,2495.2380952380954,2495.2380952380954,3500.0,2495.2380952380954,2333.3333333333335,2495.2380952380954,3500.0,0.7,3,1.077,158.33,2058.3333333333335,2000.0,2058.3333333333335,2000.0,514.2661732699294,12.0,1.0,1500.0,2425.0,0,0,0,0,0,0,1,0,0,0,1,0,0,0,1.0,0.11666666666666667,106.0,2.1428169650390485,0.4666666666666667,54.92816965039049,0.0,1,5,1.891,1.2,1.067,0.8,0,8500.0,0,0
Booked by Piyu Patel,"
Farm number 11
₹300 advance received

2 Persons Max
Rent: ₹1500
Deposit: ₹500

Deposit Refund after check out.",2025-11-27 09:00:00,2025-11-27 17:00:00,2025-11-27 17:00:00,2025-11-26,21:09:57,8.00000000023283,0,0,0,,,,1500.0,2,12.0,Couple Half Day,0,0.0,0, (Strict),False,1500.0,1500.0,0.0,1780.0,9.0,17.0,1.0,0.5666666666666667,1.2857142857142858,11,-0.5000000000000004,0.8660254037844384,2025,2,48,330,0,0,Festival,False,Standard,Tier 2,High,1.0,0.0,0.0,,,False,False,Festival,0,7,7,0,0,0,0,0,winter,0,1,12H Day,12.0,0.5,12H,0,0.0,3000.0,1.0,0,1.0,1.0,1,0,0,Clear,0,Same Day,0.0,26.0,20.0,60.0,4.2,25.0,53.349999999999994,75.0,2638.095238095238,2638.095238095238,1741.6666666666667,2638.095238095238,2212.5,2638.095238095238,1763.6363636363637,0.98,1,1.077,158.33,2058.3333333333335,2000.0,2058.3333333333335,2000.0,514.2661732699294,12.0,1.0,1500.0,2425.0,0,0,0,0,0,0,1,1,0,0,0,0,0,0,1.0,0.11666666666666667,106.0,2.2688675241865486,0.43333333333333335,56.18867524186548,0.0,1,5,1.891,1.2,1.067,0.8,0,8500.0,0,0
Booked by Rubendra chain,"
Farm number 11
₹1000 received 

7 Persons Max
Rent: ₹2500
Deposit: ₹1000

Deposit Refund after check out.",2025-11-30 19:00:00,2025-12-01 08:00:00,2025-12-01 08:00:00,2025-11-27,21:53:14,13.0000000004657,0,0,0,,,,2500.0,7,12.0,24H Night,2,0.0,0, (Strict),False,3000.0,5500.0,1.0,3800.0,7.0,18.0,1.0,0.6,1.0,11,-0.5000000000000004,0.8660254037844384,2025,3,48,331,0,0,Festival,False,Standard,Tier 2,High,1.0,0.0,0.0,,,False,False,Festival,0,7,7,0,0,0,0,0,winter,0,1,24H Night,24.0,0.5,12H,0,0.0,5000.0,1.0,0,0.5,0.95,0,1,0,Clear,0,Last Minute,0.0,26.0,20.0,60.0,4.2,25.0,53.349999999999994,90.0,4041.6666666666665,3775.0,3950.0,4041.6666666666665,3911.1111111111113,4041.6666666666665,3775.0,0.55,5,1.036,120.0,3380.0,3600.0,3380.0,3600.0,432.43496620879307,5.0,1.0,3200.0,3700.0,0,0,0,0,0,0,1,0,1,0,0,0,0,0,1.0,0.11666666666666667,106.0,1.6666388893518442,0.4,50.166388893518445,0.0,1,5,1.891,1.2,1.067,0.8,0,8500.0,0,0
Booked by Urvish Paghadal ,"
Farm number 11
₹500 received 

2 Persons Max
Rent: ₹1500
Deposit: ₹500

Deposit Refund after check out.",2025-12-03 10:30:00,2025-12-03 18:00:00,2025-12-03 18:00:00,2025-12-03,10:07:00,7.5,0,0,0,,,,1500.0,2,12.0,Couple Half Day,0,0.0,0, (Strict),False,1500.0,1500.0,6.0,1700.0,2.0,13.0,0.2857142857142857,0.43333333333333335,0.2857142857142857,12,-2.4492935982947064e-16,1.0,2025,2,49,337,0,0,Festival,False,Standard,Tier 2,High,1.0,0.0,0.0,,,False,False,Festival,0,7,7,0,0,1,1,0,winter,0,1,12H Day,12.0,0.5,12H,0,0.0,3000.0,1.0,0,1.0,1.0,1,0,0,Clear,0,Same Day,0.0,26.0,20.0,60.0,4.2,25.0,53.349999999999994,75.0,2142.8571428571427,2142.8571428571427,1958.3333333333333,2142.8571428571427,2133.3333333333335,2142.8571428571427,1954.5454545454545,0.98,1,1.212,413.64,1950.0,1750.0,1950.0,1750.0,571.1186134142671,18.0,1.0,1500.0,2300.0,0,0,0,0,0,0,1,1,0,0,0,0,0,0,1.0,0.11666666666666667,106.0,0.6593254441381022,-0.14761904761904765,40.09325444138102,0.0,1,5,1.891,1.2,1.067,0.8,0,8500.0,0,0
Booked by mahek,"₹2000 received 

2 Persons Max
Rent: ₹1500
Deposit: ₹500

Deposit Refund after check out.",2025-12-06 09:00:00,2025-12-06 18:00:00,2025-12-06 18:00:00,2025-12-05,15:49:02,9.0,0,0,0,,,,1500.0,2,12.0,Couple Half Day,0,0.0,0, (Strict),False,1500.0,1500.0,2.0,1700.0,2.0,13.0,0.2857142857142857,0.43333333333333335,0.2857142857142857,12,-2.4492935982947064e-16,1.0,2025,4,49,339,0,0,Festival,False,Standard,Tier 2,High,1.0,0.0,0.0,,,False,False,Festival,0,7,7,0,0,1,1,0,winter,0,1,12H Day,12.0,0.5,12H,0,0.0,3000.0,1.0,0,1.0,1.0,1,0,0,Clear,0,Same Day,0.0,26.0,20.0,60.0,4.2,25.0,53.349999999999994,75.0,2142.8571428571427,2142.8571428571427,1958.3333333333333,2142.8571428571427,2133.3333333333335,2142.8571428571427,1954.5454545454545,0.98,1,1.212,413.64,1950.0,1750.0,1950.0,1750.0,571.1186134142671,18.0,1.0,1500.0,2300.0,0,0,0,0,0,0,1,1,0,0,0,0,0,0,1.0,0.11666666666666667,106.0,0.6593254441381022,-0.14761904761904765,40.09325444138102,0.0,1,5,1.891,1.2,1.067,0.8,0,8500.0,0,0
Booked by harsh Vadadoriya,"
₹500 received 
Farm number 11

2 Persons Max
Rent: ₹1500 without pool 
Deposit: ₹500

Deposit Refund after check out.",2025-12-08 09:00:00,2025-12-08 18:00:00,2025-12-08 18:00:00,2025-12-07,18:28:43,9.0,0,0,0,,,,1500.0,2,12.0,Couple Half Day,0,0.0,0, (Strict),False,1500.0,1500.0,2.0,1650.0,3.0,14.0,0.42857142857142855,0.4666666666666667,0.42857142857142855,12,-2.4492935982947064e-16,1.0,2025,6,49,341,0,0,Festival,False,Standard,Tier 2,High,1.0,0.0,0.0,,,False,False,Festival,0,7,7,0,0,1,1,0,winter,0,1,12H Day,12.0,0.5,12H,0,0.0,3000.0,1.0,0,1.0,1.0,1,0,0,Clear,0,Same Day,0.0,26.0,20.0,60.0,4.2,25.0,53.349999999999994,75.0,2142.8571428571427,2142.8571428571427,1958.3333333333333,2142.8571428571427,2133.3333333333335,2142.8571428571427,1954.5454545454545,0.98,1,1.212,413.64,1950.0,1750.0,1950.0,1750.0,571.1186134142671,18.0,1.0,1500.0,2300.0,0,0,0,1,0,0,1,1,0,0,0,0,0,0,1.0,0.11666666666666667,106.0,0.9183476680601741,-0.038095238095238126,42.68347668060174,0.0,1,5,1.891,1.2,1.067,0.8,0,8500.0,0,0
Booked by vinod swain,"Booking confirmed ✅ 
Farm number 11
₹500 advance received

10 Persons Max
Rent: ₹2000
Deposit: ₹1000

Deposit Refund after check out.",2025-12-10 19:00:00,2025-12-11 18:00:00,2025-12-11 18:00:00,2025-12-07,16:37:51,23.0000000002328,0,0,0,,,,2000.0,10,24.0,24H Night,3,0.0,1,MAD (Month+Slot),False,2500.0,3000.0,0.0,3700.0,4.0,15.0,0.5714285714285714,0.5,0.5714285714285714,12,-2.4492935982947064e-16,1.0,2025,6,49,341,0,0,Festival,False,Standard,Tier 2,High,1.0,0.0,0.0,,,False,False,Festival,0,7,7,0,0,1,1,0,winter,0,1,24H Night,24.0,1.0,24H,0,0.0,2000.0,1.0,0,1.0,1.0,0,1,0,Clear,1,Last Minute,0.0,26.0,20.0,60.0,4.2,25.0,53.349999999999994,90.0,4108.333333333333,3383.3333333333335,4333.333333333333,4108.333333333333,3975.0,4108.333333333333,3383.3333333333335,0.53,5,1.563,1500.0,2666.6666666666665,3000.0,2666.6666666666665,3000.0,1137.2481406154654,3.0,0.6,2200.0,3300.0,0,0,0,0,1,0,1,0,1,0,0,0,0,0,1.0,0.11666666666666667,106.0,1.1428342861714196,0.0714285714285714,44.9283428617142,0.0,1,5,1.891,1.2,1.067,0.8,0,8500.0,0,0
Booked by Vedant rakholiya ,"
Farm number 11
₹1000 received 

9 Persons Max
Rent: ₹3500
Deposit: ₹500

Deposit Refund after check out.",2025-12-09 19:00:00,2025-12-10 18:00:00,2025-12-10 18:00:00,2025-12-08,11:18:54,23.0000000002328,0,0,0,,,,3500.0,9,24.0,24H Night,1,0.0,0, (Month+Slot),False,2000.0,2500.0,1.0,3750.0,5.0,16.0,0.7142857142857143,0.5333333333333333,0.7142857142857143,12,-2.4492935982947064e-16,1.0,2025,0,50,342,0,0,Festival,False,Standard,Tier 2,High,1.0,0.0,0.0,,,False,False,Festival,0,7,7,0,0,1,1,0,winter,0,1,24H Night,24.0,1.0,24H,0,0.0,3500.0,1.0,0,1.0,1.0,0,1,0,Clear,0,Last Minute,0.0,26.0,20.0,60.0,4.2,25.0,53.349999999999994,75.0,3983.3333333333335,3133.3333333333335,3833.3333333333335,3983.3333333333335,3787.5,3983.3333333333335,3133.3333333333335,0.53,5,1.563,1500.0,2666.6666666666665,3000.0,2666.6666666666665,3000.0,1137.2481406154654,3.0,0.6,2200.0,3300.0,0,0,0,0,0,0,1,0,1,0,0,0,0,0,1.0,0.11666666666666667,106.0,1.3392606031494054,0.18095238095238098,46.892606031494054,0.0,1,5,1.891,1.2,1.067,0.8,0,8500.0,0,0
Booked by Gaurav Gupta,"Booking confirmed ✅ 
Farm number 11
₹1000 received 

10 Persons Max
Rent: ₹4500
Deposit: ₹1000

Deposit Refund after check out.",2025-12-13 19:00:00,2025-12-14 18:00:00,2025-12-14 18:00:00,2025-12-12,21:45:16,23.0000000002328,0,1,0,,,,4500.0,10,24.0,24H Night,0,0.0,0, (Month+Slot),False,3500.0,2000.0,4.0,3600.0,4.0,17.0,0.5714285714285714,0.5666666666666667,0.5714285714285714,12,-2.4492935982947064e-16,1.0,2025,4,50,346,1,0,Festival,False,Standard,Tier 2,High,1.0,0.0,0.0,,,False,False,Festival,0,7,7,0,0,1,1,0,winter,1,0,24H Night,24.0,1.0,24H,0,0.0,4500.0,1.0,0,1.0,1.0,0,1,0,Clear,0,Same Day,0.0,26.0,20.0,60.0,4.2,25.0,100.0,75.0,3900.0,4900.0,3500.0,3900.0,3662.5,3900.0,4900.0,0.52,5,1.563,1500.0,4166.666666666667,4500.0,4166.666666666667,4500.0,836.6600265340755,9.0,1.0,3700.0,4800.0,1,0,0,0,0,0,1,1,0,0,0,0,0,0,1.0,0.11666666666666667,106.0,1.0083855663051324,0.004761904761904745,63.583855663051324,0.0,1,5,1.891,1.2,1.067,0.8,0,8500.0,0,0
Booked by Dhaval,"Booking confirmed ✅ 
₹500 advance received

17 Dec 2025 at 9:00 AM to 17 Dec 2025 at 6:00 PM
2 Persons Max
Rent: ₹2000 with pool
Deposit: ₹500

Deposit Refund after check out.",2025-12-17 09:00:00,2025-12-17 18:00:00,2025-12-17 18:00:00,2025-12-16,15:21:40,9.0,0,0,0,,,,2000.0,2,12.0,Couple Half Day,0,0.0,0, (Strict),False,1500.0,1500.0,4.0,1700.0,2.0,17.0,0.2857142857142857,0.5666666666666667,0.2857142857142857,12,-2.4492935982947064e-16,1.0,2025,1,51,350,0,0,Festival,False,Standard,Tier 2,High,1.0,0.0,0.0,,,False,False,Festival,0,7,7,0,0,1,1,0,winter,0,1,12H Day,12.0,0.5,12H,0,0.0,4000.0,1.0,0,1.0,1.0,1,0,0,Clear,0,Same Day,0.0,26.0,20.0,60.0,4.2,25.0,53.349999999999994,75.0,2125.0,2125.0,1916.6666666666667,2125.0,2112.5,2125.0,1909.090909090909,0.98,1,1.212,413.64,1950.0,1750.0,1950.0,1750.0,571.1186134142671,18.0,1.0,1500.0,2300.0,0,0,0,0,0,0,1,1,0,0,0,0,0,0,1.0,0.11666666666666667,106.0,0.5041927831525662,-0.28095238095238095,38.54192783152566,0.0,1,5,1.891,1.2,1.067,0.8,0,8500.0,0,0
Booked by Agent Vinay,"Booking confirmed ✅ 
Farm number 11
₹500 received 

2 Persons Max
Rent: ₹1500 with pool
Deposit: ₹500 

Deposit Refund after check out.",2025-12-18 09:00:00,2025-12-18 17:00:00,2025-12-18 17:00:00,2025-12-17,16:11:30,8.00000000023283,0,0,0,,,,1500.0,2,12.0,Couple Half Day,0,0.0,0, (Strict),False,2000.0,1500.0,1.0,1650.0,3.0,18.0,0.42857142857142855,0.6,0.42857142857142855,12,-2.4492935982947064e-16,1.0,2025,2,51,351,0,0,Festival,False,Standard,Tier 2,High,1.0,0.0,0.0,,,False,False,Festival,0,7,7,0,0,1,1,0,winter,0,1,12H Day,12.0,0.5,12H,0,0.0,3000.0,1.0,0,1.0,1.0,1,0,0,Clear,0,Same Day,0.0,26.0,20.0,60.0,4.2,25.0,53.349999999999994,75.0,2142.8571428571427,2142.8571428571427,1958.3333333333333,2142.8571428571427,2133.3333333333335,2142.8571428571427,1954.5454545454545,0.98,1,1.212,413.64,1950.0,1750.0,1950.0,1750.0,571.1186134142671,18.0,1.0,1500.0,2300.0,0,0,0,0,0,0,1,1,0,0,0,0,0,0,1.0,0.11666666666666667,106.0,0.714273809722219,-0.17142857142857143,40.64273809722219,0.0,1,5,1.891,1.2,1.067,0.8,0,8500.0,0,0
Booked by Meet,"Booking confirmed ✅ 
₹1000 advance received

19 Dec 2025 at 9:00 AM to 19 Dec 2025 at 6:00 PM
2 Persons Max without pool
Rent: ₹2000
Deposit: ₹1000

Deposit Refund after check out.",2025-12-19 09:00:00,2025-12-19 18:00:00,2025-12-19 18:00:00,2025-12-19,08:39:00,9.0,0,0,0,,,,2000.0,2,12.0,Couple Half Day,0,0.0,0, (Strict),False,1500.0,2000.0,2.0,1650.0,3.0,19.0,0.42857142857142855,0.6333333333333333,0.42857142857142855,12,-2.4492935982947064e-16,1.0,2025,4,51,353,0,0,Festival,False,Standard,Tier 2,High,1.0,0.0,0.0,,,False,False,Festival,0,7,7,0,0,1,1,0,winter,0,1,12H Day,12.0,0.5,12H,0,0.0,4000.0,1.0,0,1.0,1.0,1,0,0,Clear,0,Same Day,0.0,26.0,20.0,60.0,4.2,25.0,53.349999999999994,75.0,2125.0,2125.0,1916.6666666666667,2125.0,2112.5,2125.0,1909.090909090909,0.98,1,1.212,413.64,1950.0,1750.0,1950.0,1750.0,571.1186134142671,18.0,1.0,1500.0,2300.0,0,0,0,0,0,0,1,1,0,0,0,0,0,0,1.0,0.11666666666666667,106.0,0.6766810448857575,-0.20476190476190476,40.266810448857576,0.0,1,5,1.891,1.2,1.067,0.8,0,8500.0,0,0
Booked by Kinjal Darbar,"Booking confirmed ✅ 
Farm number 11
₹500 received 

2 Persons Max
Rent: ₹2000
Deposit: ₹500

Deposit Refund after check out.",2025-12-20 09:00:00,2025-12-20 19:00:00,2025-12-20 19:00:00,2025-12-19,19:26:28,9.99999999976717,0,0,0,,,,2000.0,2,12.0,Couple Half Day,0,0.0,0, (Strict),False,2000.0,1500.0,0.0,1650.0,4.0,20.0,0.5714285714285714,0.6666666666666666,0.5714285714285714,12,-2.4492935982947064e-16,1.0,2025,4,51,353,0,0,Festival,False,Standard,Tier 2,High,1.0,0.0,0.0,,,False,False,Festival,0,7,7,0,0,1,1,0,winter,0,1,12H Day,12.0,0.5,12H,0,0.0,4000.0,1.0,0,1.0,1.0,1,0,0,Clear,0,Same Day,0.0,26.0,20.0,60.0,4.2,25.0,53.349999999999994,75.0,2125.0,2125.0,1916.6666666666667,2125.0,2112.5,2125.0,1909.090909090909,0.98,1,1.212,413.64,1950.0,1750.0,1950.0,1750.0,571.1186134142671,18.0,1.0,1500.0,2300.0,0,0,0,0,0,0,1,1,0,0,0,0,0,0,1.0,0.11666666666666667,106.0,0.8571300001928543,-0.09523809523809523,42.07130000192854,0.0,1,5,1.891,1.2,1.067,0.8,0,8500.0,0,0
Booked by Yash Chahodiya,"Booking confirmed ✅ 
Farm number 11
₹500 received 

2 Persons Max
Rent: ₹1500 without pool 
Deposit: ₹500

Deposit Refund after check out.",2025-12-22 09:00:00,2025-12-22 18:00:00,2025-12-22 18:00:00,2025-12-21,13:54:58,9.0,0,0,0,,,,1500.0,2,12.0,Couple Half Day,0,0.0,0, (Strict),False,2000.0,2000.0,2.0,1650.0,5.0,17.0,0.7142857142857143,0.5666666666666667,0.7142857142857143,12,-2.4492935982947064e-16,1.0,2025,6,51,355,0,0,Festival,False,Standard,Tier 2,High,1.0,0.0,0.0,,,False,False,Festival,0,7,7,0,0,1,1,0,winter,0,1,12H Day,12.0,0.5,12H,0,0.0,3000.0,1.0,0,1.0,1.0,1,0,0,Clear,0,Same Day,0.0,26.0,20.0,60.0,4.2,25.0,53.349999999999994,75.0,2142.8571428571427,2142.8571428571427,1958.3333333333333,2142.8571428571427,2133.3333333333335,2142.8571428571427,1954.5454545454545,0.98,1,1.212,413.64,1950.0,1750.0,1950.0,1750.0,571.1186134142671,18.0,1.0,1500.0,2300.0,0,0,0,1,0,0,1,1,0,0,0,0,0,0,1.0,0.11666666666666667,106.0,1.2604819578814157,0.14761904761904765,46.10481957881416,0.0,1,5,1.891,1.2,1.067,0.8,0,8500.0,0,0
Booked by Chetan Koshiya,"Booking confirmed
Farm number 11
₹1000 advance received

4 Persons Max without pool
Rent: ₹2500
Deposit: ₹1000

Deposit Refund after check out.",2025-12-26 09:00:00,2025-12-26 18:00:00,2025-12-26 18:00:00,2025-12-25,23:33:54,9.0,0,0,1,,,,2500.0,4,12.0,12H Day,0,0.0,0, (Strict),False,4500.0,2500.0,4.0,3100.0,4.0,16.0,0.5714285714285714,0.5333333333333333,0.5714285714285714,12,-2.4492935982947064e-16,1.0,2025,3,52,359,0,0,Festival,False,Standard,Tier 2,High,1.0,0.0,0.0,,,False,False,Festival,0,7,7,0,0,1,1,1,winter,1,1,12H Day,12.0,0.5,12H,0,0.0,5000.0,1.0,0,1.0,1.0,0,1,0,Clear,0,Same Day,0.0,26.0,20.0,60.0,4.2,25.0,53.349999999999994,75.0,2107.1428571428573,2107.1428571428573,2250.0,2107.1428571428573,2091.6666666666665,2107.1428571428573,2245.4545454545455,0.98,1,1.212,413.64,1950.0,1750.0,1950.0,1750.0,571.1186134142671,18.0,1.0,1500.0,2300.0,0,0,0,0,0,0,1,1,0,0,0,0,0,0,1.0,0.11666666666666667,106.0,1.0714084825195243,0.03809523809523807,44.21408482519524,0.0,1,5,1.891,1.2,1.067,0.8,0,8500.0,0,0
Booked by Parnika,"Booking confirmed ✅ 
₹5000 received 

6 Persons
Rent: ₹23500
Deposit: ₹2000

Deposit Refund after check out.",2025-12-27 19:00:00,2026-01-01 19:00:00,2026-01-01 19:00:00,2025-12-26,00:53:03,120.0,New Year's Eve,0,1,,,,23500.0,6,24.0,Extended Day,1,0.0,3,"MAD, IQR, Percentile (Month)",True,10500.0,10000.0,1.0,9850.0,3.0,14.0,0.42857142857142855,0.4666666666666667,0.42857142857142855,12,-2.4492935982947064e-16,1.0,2025,4,52,360,0,1,Festival,True,Standard,Tier 2,High,1.0,0.0,0.0,,,False,False,Festival,0,7,7,0,1,1,1,1,winter,1,0,12H Day,12.0,1.0,24H,0,0.0,23500.0,1.0,0,1.0,1.0,0,1,0,Clear,0,Last Minute,0.0,26.0,20.0,60.0,4.2,25.0,53.349999999999994,75.0,2120.689655172414,2120.689655172414,2266.6666666666665,2100.0,2108.0,2120.689655172414,2266.6666666666665,0.7,4,1.212,413.64,1950.0,1750.0,1950.0,1750.0,571.1186134142671,18.0,1.0,1500.0,2300.0,0,0,0,0,0,0,1,0,1,0,0,0,0,0,1.0,0.11666666666666667,106.0,0.9183476680601741,-0.038095238095238126,57.68347668060174,0.5,1,5,1.891,1.2,1.067,0.8,0,8500.0,0,0
Booked by Manthan moradiya,"Booking confirmed ✅ 
Farm number 11
₹1000 received 

2 Persons Max
Rent: ₹2000 without pool 
Deposit: ₹500

Deposit Refund after check out.",2026-01-02 10:00:00,2026-01-02 18:00:00,2026-01-02 18:00:00,2025-12-26,10:08:05,8.00000000023283,0,0,0,,,,2000.0,2,12.0,Couple Half Day,6,0.0,0, (Strict),False,1500.0,2000.0,0.0,1700.0,4.0,15.0,0.5714285714285714,0.5,0.5714285714285714,12,-2.4492935982947064e-16,1.0,2025,4,52,360,0,0,Festival,False,Standard,Tier 2,High,1.0,0.0,0.0,,,False,False,Festival,0,7,7,0,0,1,1,0,winter,0,1,12H Day,12.0,0.5,12H,0,0.0,4000.0,1.0,0,1.0,1.0,1,0,0,Clear,1,Standard,0.0,26.0,20.0,60.0,4.2,25.0,53.349999999999994,90.0,2125.0,2125.0,1916.6666666666667,2125.0,2266.6666666666665,2125.0,1916.6666666666667,0.7899999999999999,3,1.212,413.64,1950.0,1750.0,1950.0,1750.0,571.1186134142671,18.0,1.0,1500.0,2300.0,0,0,0,0,0,0,1,0,0,1,0,0,0,0,1.0,0.11666666666666667,106.0,1.1428342861714196,0.0714285714285714,44.9283428617142,0.0,1,5,1.891,1.2,1.067,0.8,0,8500.0,0,0
Booked by Yagnik,"
Farm number 11
₹1000 received 

10 Persons Max
Rent: ₹6000
Deposit: ₹1000

Deposit Refund after check out.",2026-01-03 14:00:00,2026-01-04 20:00:00,2026-01-04 20:00:00,2026-01-03,21:46:27,30.0,0,0,0,,,,6000.0,10,24.0,Extended Day,0,0.0,1,MAD (Month),False,23500.0,10500.0,8.0,9750.0,1.0,14.0,0.14285714285714285,0.4666666666666667,0.14285714285714285,1,0.49999999999999994,0.8660254037844387,2026,5,1,3,0,0,Festival,False,Standard,Tier 2,High,1.0,0.0,0.0,,,False,False,Festival,0,7,7,0,0,0,1,0,winter,0,1,12H Day,12.0,1.0,24H,0,0.0,6000.0,1.0,0,1.0,1.0,0,1,0,Clear,0,Same Day,0.0,26.0,20.0,60.0,4.2,25.0,53.349999999999994,75.0,2564.0,2564.0,2200.0,2564.0,2390.909090909091,2564.0,2564.0,0.6,5,0.796,-580.39,2847.0588235294117,2200.0,2847.0588235294117,2200.0,2064.617896566706,17.0,1.0,2000.0,2500.0,0,1,0,0,0,0,1,1,0,0,0,0,0,0,1.0,0.11666666666666667,106.0,0.3061158893533914,-0.3238095238095238,36.561158893533914,0.0,1,5,1.891,1.2,1.067,0.8,0,8500.0,0,0
Booked by Sutariya Hiren,"Booking confirmed ✅ 
Farm number 11
₹500 received 

2 Persons Max
Rent: ₹2000 
Deposit: ₹500

Deposit Refund after check out.",2026-01-06 09:00:00,2026-01-06 18:00:00,2026-01-06 18:00:00,2026-01-05,11:22:33,9.0,0,0,0,,,,2000.0,2,12.0,Couple Half Day,0,0.0,0, (Strict),False,2000.0,1500.0,2.0,1750.0,2.0,14.0,0.2857142857142857,0.4666666666666667,0.2857142857142857,1,0.49999999999999994,0.8660254037844387,2026,0,2,5,0,0,Festival,False,Standard,Tier 2,High,1.0,0.0,0.0,,,False,False,Festival,0,7,7,0,0,0,1,0,winter,0,1,12H Day,12.0,0.5,12H,0,0.0,4000.0,1.0,0,1.0,1.0,1,0,0,Clear,0,Same Day,0.0,26.0,20.0,60.0,4.2,25.0,53.349999999999994,75.0,2724.0,2724.0,2040.0,2724.0,2572.7272727272725,2724.0,2044.4444444444443,0.96,1,0.796,-580.39,2847.0588235294117,2200.0,2847.0588235294117,2200.0,2064.617896566706,17.0,1.0,2000.0,2500.0,0,0,0,0,0,0,1,1,0,0,0,0,0,0,1.0,0.11666666666666667,106.0,0.6122317787067828,-0.18095238095238098,39.62231778706783,0.0,1,5,1.891,1.2,1.067,0.8,0,8500.0,0,0
Booked by Rajesh Patel,"Booking confirmed ✅ 
Farm number 11
₹1000 received 

12 Persons Max
Rent: ₹5000
Deposit: ₹1000

Deposit Refund after check out.",2026-01-10 19:00:00,2026-01-11 18:00:00,2026-01-11 18:00:00,2026-01-06,13:08:18,23.0000000002328,0,1,0,,,,5000.0,12,24.0,24H Night,4,0.0,0, (Strict),False,4500.0,3500.0,1.0,3850.0,3.0,13.0,0.42857142857142855,0.43333333333333335,0.42857142857142855,1,0.49999999999999994,0.8660254037844387,2026,1,2,6,1,0,Festival,False,Standard,Tier 2,High,1.0,0.0,0.0,,,False,False,Festival,0,7,7,0,0,0,1,0,winter,1,0,24H Night,24.0,1.0,24H,0,0.0,5000.0,1.0,0,1.0,1.0,0,1,0,Clear,1,Standard,0.0,26.0,20.0,60.0,4.2,25.0,100.0,90.0,4062.5,5300.0,3888.8888888888887,4062.5,3860.0,4062.5,5300.0,0.52,5,1.032,111.54,3561.5384615384614,3400.0,3561.5384615384614,3400.0,893.9970745090665,13.0,1.0,2900.0,4400.0,0,0,0,0,0,0,1,0,0,1,0,0,0,0,1.0,0.11666666666666667,106.0,0.9889881662071534,-0.0047619047619048005,63.38988166207153,0.0,1,5,1.891,1.2,1.067,0.8,0,8500.0,0,0
Booked by Kamlesh Khunt,"Booking confirmed ✅ 
Farm number 11
₹1000 received 

3 Persons Max
Rent: ₹2500
Deposit: ₹1000

Deposit Refund after check out.",2026-01-12 09:00:00,2026-01-12 18:00:00,2026-01-12 18:00:00,2026-01-06,10:52:07,9.0,0,0,0,,,,2500.0,3,12.0,12H Day,5,0.0,0, (Strict),False,2500.0,4500.0,0.0,3100.0,4.0,14.0,0.5714285714285714,0.4666666666666667,0.5714285714285714,1,0.49999999999999994,0.8660254037844387,2026,1,2,6,0,0,Festival,False,Standard,Tier 2,High,1.0,0.0,0.0,,,False,False,Festival,0,7,7,0,0,0,1,0,winter,0,1,12H Day,12.0,0.5,12H,0,0.0,5000.0,1.0,0,1.0,1.0,0,1,0,Clear,1,Standard,0.0,26.0,20.0,60.0,4.2,25.0,53.349999999999994,90.0,2704.0,2704.0,3083.3333333333335,2704.0,2000.0,2704.0,3083.3333333333335,0.7899999999999999,3,0.796,-580.39,2847.0588235294117,2200.0,2847.0588235294117,2200.0,2064.617896566706,17.0,1.0,2000.0,2500.0,0,0,0,0,0,0,1,0,0,1,0,0,0,0,1.0,0.11666666666666667,106.0,1.2244635574135656,0.10476190476190472,45.74463557413566,0.0,1,5,1.891,1.2,1.067,0.8,0,8500.0,0,0
Booked by Rutvik Parekh,"Booking confirmed ✅ 
Farm number 11
₹1000 received 

10 Persons Max
Rent: ₹3500
Deposit: ₹1000

Deposit Refund after check out.",2026-01-09 19:00:00,2026-01-10 18:00:00,2026-01-10 18:00:00,2026-01-09,16:20:27,23.0000000002328,0,0,0,,,,3500.0,10,24.0,24H Night,0,0.0,0, (Strict),False,5000.0,4500.0,3.0,3650.0,5.0,14.0,0.7142857142857143,0.4666666666666667,0.7142857142857143,1,0.49999999999999994,0.8660254037844387,2026,4,2,9,0,0,Festival,False,Standard,Tier 2,High,1.0,0.0,0.0,,,False,False,Festival,0,7,7,0,0,0,1,0,winter,0,1,24H Night,24.0,1.0,24H,0,0.0,3500.0,1.0,0,1.0,1.0,0,1,0,Clear,0,Same Day,0.0,26.0,20.0,60.0,4.2,25.0,53.349999999999994,75.0,4156.25,3500.0,4055.5555555555557,4156.25,4022.222222222222,4156.25,3733.3333333333335,0.9,1,1.032,111.54,3450.0,3600.0,3450.0,3600.0,519.6152422706632,4.0,0.8,3375.0,3675.0,1,0,0,0,0,0,1,1,0,0,0,0,0,0,1.0,0.11666666666666667,106.0,1.5305794467669571,0.24761904761904763,48.80579446766957,0.0,1,5,1.891,1.2,1.067,0.8,0,8500.0,0,0
Booked by Prince,"
Farm number 11
₹1000 received 

8 Persons Max
Rent: ₹2500
Deposit: ₹1000

Deposit Refund after check out.",2026-01-11 19:00:00,2026-01-12 08:00:00,2026-01-12 08:00:00,2026-01-10,15:42:26,13.0000000004657,0,0,0,,,,2500.0,8,12.0,24H Night,1,0.0,0, (Strict),False,3500.0,5000.0,1.0,3550.0,5.0,15.0,0.7142857142857143,0.5,0.7142857142857143,1,0.49999999999999994,0.8660254037844387,2026,5,2,10,0,0,Festival,False,Standard,Tier 2,High,1.0,0.0,0.0,,,False,False,Festival,0,7,7,0,0,0,1,0,winter,0,1,24H Night,24.0,0.5,12H,0,0.0,5000.0,1.0,0,0.5,0.95,0,1,0,Clear,0,Last Minute,0.0,26.0,20.0,60.0,4.2,25.0,53.349999999999994,75.0,4218.75,3600.0,4300.0,4218.75,4133.333333333333,4218.75,3666.6666666666665,0.7,3,1.032,111.54,3450.0,3600.0,3450.0,3600.0,519.6152422706632,4.0,0.8,3375.0,3675.0,0,0,1,0,0,0,1,0,1,0,0,0,0,0,1.0,0.11666666666666667,106.0,1.4285428577142745,0.2142857142857143,47.785428577142746,0.0,1,5,1.891,1.2,1.067,0.8,0,8500.0,0,0
Booked by Valhe Pravin,"Booking confirmed ✅ 
Farm number 11
₹1500 received 

10 Persons Max
Rent: ₹4000
Deposit: ₹1500

Deposit Refund after check out.",2026-01-14 09:00:00,2026-01-14 18:00:00,2026-01-14 18:00:00,2026-01-13,17:00:43,9.0,Makar Sankranti,0,0,,,,4000.0,10,12.0,12H Day,0,0.0,0, (Strict),False,2500.0,2500.0,3.0,3150.0,3.0,15.0,0.42857142857142855,0.5,0.42857142857142855,1,0.49999999999999994,0.8660254037844387,2026,1,3,13,0,1,Festival,True,Standard,Tier 2,High,1.0,0.0,0.0,,,False,False,Festival,0,7,7,0,1,0,1,0,winter,1,0,12H Day,12.0,0.5,12H,0,0.0,8000.0,1.0,0,1.0,1.0,0,1,0,Clear,0,Same Day,0.0,26.0,20.0,60.0,4.2,25.0,53.349999999999994,75.0,2696.153846153846,2696.153846153846,4100.0,10000.0,2547.8260869565215,2696.153846153846,2696.153846153846,0.6,5,0.796,-580.39,2847.0588235294117,2200.0,2847.0588235294117,2200.0,2064.617896566706,17.0,1.0,2000.0,2500.0,0,0,0,0,0,0,1,1,0,0,0,0,0,0,1.0,0.11666666666666667,106.0,0.8571257146285646,-0.07142857142857145,57.071257146285646,0.5,1,5,1.891,1.2,1.067,0.8,0,8500.0,0,0
Booked by Kirtan Vavadiya,"Farm number 11
₹1000 received 

2 Persons Max with pool
Rent: ₹2500
Deposit: ₹1000

Deposit Refund after check out.",2026-01-16 09:00:00,2026-01-16 17:00:00,2026-01-16 17:00:00,2026-01-15,12:26:11,8.00000000023283,0,0,0,,,,2500.0,2,12.0,Couple Half Day,0,0.0,0, (Strict),False,2000.0,2000.0,2.0,1850.0,4.0,15.0,0.5714285714285714,0.5,0.5714285714285714,1,0.49999999999999994,0.8660254037844387,2026,3,3,15,0,0,Festival,False,Standard,Tier 2,High,1.0,0.0,0.0,,,False,False,Festival,0,7,7,0,0,0,1,0,winter,0,1,12H Day,12.0,0.5,12H,0,0.0,5000.0,1.0,0,1.0,1.0,1,0,0,Clear,0,Same Day,0.0,26.0,20.0,60.0,4.2,25.0,53.349999999999994,75.0,2704.0,2704.0,1990.0,2704.0,2550.0,2704.0,1988.888888888889,0.96,1,0.796,-580.39,2847.0588235294117,2200.0,2847.0588235294117,2200.0,2064.617896566706,17.0,1.0,2000.0,2500.0,0,0,0,0,0,0,1,1,0,0,0,0,0,0,1.0,0.11666666666666667,106.0,1.1428342861714196,0.0714285714285714,44.9283428617142,0.0,1,5,1.891,1.2,1.067,0.8,0,8500.0,0,0
Booked by yashraj patel,"Booking confirmed ✅ 
Farm number 11
₹1000 received 

10 Persons Max
Rent: ₹5000
Deposit: ₹1000

Deposit Refund after check out.",2026-01-17 19:00:00,2026-01-18 18:00:00,2026-01-18 18:00:00,2026-01-17,14:16:27,23.0000000002328,0,1,0,,,,5000.0,10,24.0,24H Night,0,0.0,0, (Strict),False,2500.0,3500.0,2.0,3700.0,3.0,15.0,0.42857142857142855,0.5,0.42857142857142855,1,0.49999999999999994,0.8660254037844387,2026,5,3,17,1,0,Festival,False,Standard,Tier 2,High,1.0,0.0,0.0,,,False,False,Festival,0,7,7,0,0,0,1,0,winter,1,0,24H Night,24.0,1.0,24H,0,0.0,5000.0,1.0,0,1.0,1.0,0,1,0,Clear,0,Same Day,0.0,26.0,20.0,60.0,4.2,25.0,100.0,75.0,4062.5,5300.0,3888.8888888888887,4062.5,3855.5555555555557,4062.5,5300.0,0.52,5,1.032,111.54,3561.5384615384614,3400.0,3561.5384615384614,3400.0,893.9970745090665,13.0,1.0,2900.0,4400.0,0,0,1,0,0,0,1,1,0,0,0,0,0,0,1.0,0.11666666666666667,106.0,0.8571257146285646,-0.07142857142857145,62.071257146285646,0.0,1,5,1.891,1.2,1.067,0.8,0,8500.0,0,0
Booked by Krish Bhutvala,"
Farm number 11
₹2000 received 

6 Persons Max
Rent: ₹5000
Deposit: ₹1000

Deposit Refund after check out.",2026-01-24 19:00:00,2026-01-25 18:00:00,2026-01-25 18:00:00,2026-01-21,18:29:25,23.0000000002328,0,1,0,,,,5000.0,6,24.0,24H Night,3,0.0,0, (Strict),False,5000.0,2500.0,4.0,3650.0,3.0,13.0,0.42857142857142855,0.43333333333333335,0.42857142857142855,1,0.49999999999999994,0.8660254037844387,2026,2,4,21,1,0,Festival,False,Standard,Tier 2,High,1.0,0.0,0.0,,,False,False,Festival,0,7,7,0,0,0,1,0,winter,1,0,24H Night,24.0,1.0,24H,0,0.0,5000.0,1.0,0,1.0,1.0,0,1,0,Clear,1,Last Minute,0.0,26.0,20.0,60.0,4.2,25.0,100.0,90.0,4062.5,5300.0,3800.0,4062.5,3855.5555555555557,4062.5,5300.0,0.52,5,1.032,111.54,3561.5384615384614,3400.0,3561.5384615384614,3400.0,893.9970745090665,13.0,1.0,2900.0,4400.0,0,0,0,0,0,0,1,0,1,0,0,0,0,0,1.0,0.11666666666666667,106.0,0.9889881662071534,-0.0047619047619048005,63.38988166207153,0.0,1,5,1.891,1.2,1.067,0.8,0,8500.0,0,0
Booked by Saurabh Sharma,"Booking confirmed ✅ 
Farm number 11
₹500 received 

2 Persons Max
Rent: ₹1500
Deposit: ₹500

Deposit Refund after check out.",2026-01-23 10:00:00,2026-01-23 17:00:00,2026-01-23 17:00:00,2026-01-22,20:02:14,7.00000000046566,0,0,0,,,,1500.0,2,12.0,Couple Half Day,0,0.0,0, (Strict),False,2500.0,2000.0,1.0,1850.0,3.0,14.0,0.42857142857142855,0.4666666666666667,0.42857142857142855,1,0.49999999999999994,0.8660254037844387,2026,3,4,22,0,0,Festival,False,Standard,Tier 2,High,1.0,0.0,0.0,,,False,False,Festival,0,7,7,0,0,0,1,0,winter,0,1,12H Day,12.0,0.5,12H,0,0.0,3000.0,1.0,0,1.0,1.0,1,0,0,Clear,0,Same Day,0.0,26.0,20.0,60.0,4.2,25.0,53.349999999999994,75.0,2744.0,2744.0,2090.0,2744.0,2595.4545454545455,2744.0,2100.0,0.96,1,0.796,-580.39,2847.0588235294117,2200.0,2847.0588235294117,2200.0,2064.617896566706,17.0,1.0,2000.0,2500.0,0,0,0,0,0,0,1,1,0,0,0,0,0,0,1.0,0.11666666666666667,106.0,0.9183476680601741,-0.038095238095238126,42.68347668060174,0.0,1,5,1.891,1.2,1.067,0.8,0,8500.0,0,0
Booked by Sagar Sanghani,"
₹1000 advance received

8 Persons Max
Rent: ₹4000
Deposit: ₹1000

Deposit Refund after check out.",2026-01-25 23:00:00,2026-01-26 18:00:00,2026-01-26 18:00:00,2026-01-25,21:20:42,18.9999999997672,Republic Day,0,0,,,,4000.0,8,24.0,24H Night,0,0.0,0, (Strict),False,5000.0,5000.0,3.0,3750.0,3.0,12.0,0.42857142857142855,0.4,0.42857142857142855,1,0.49999999999999994,0.8660254037844387,2026,6,4,25,0,1,Festival,True,Standard,Tier 2,High,1.0,0.0,0.0,,,False,False,Festival,0,7,7,0,1,0,1,0,winter,1,0,24H Night,24.0,1.0,24H,0,0.0,4000.0,1.0,0,1.0,1.0,0,1,0,Clear,0,Same Day,0.0,26.0,20.0,60.0,4.2,25.0,53.349999999999994,75.0,4117.64705882353,3500.0,4000.0,6000.0,3970.0,4117.64705882353,3375.0,0.61,4,1.032,111.54,3450.0,3600.0,3450.0,3600.0,519.6152422706632,4.0,0.8,3375.0,3675.0,0,0,0,0,1,0,1,1,0,0,0,0,0,0,1.0,0.11666666666666667,106.0,1.0714017863839116,0.028571428571428525,59.21401786383912,0.5,1,5,1.891,1.2,1.067,0.8,0,8500.0,0,0
Booked by Mukesh Sharma ,"
₹1000 received 

2 Persons Max
Rent: ₹2000
Deposit: ₹500

Deposit Refund after check out.",2026-01-30 09:00:00,2026-01-30 18:00:00,2026-01-30 18:00:00,2026-01-28,19:06:29,9.0,0,0,0,,,,2000.0,2,12.0,Couple Half Day,1,0.0,0, (Strict),False,1500.0,2500.0,3.0,1900.0,3.0,13.0,0.42857142857142855,0.43333333333333335,0.42857142857142855,1,0.49999999999999994,0.8660254037844387,2026,2,5,28,0,0,Festival,False,Standard,Tier 2,High,1.0,0.0,0.0,,,False,False,Festival,0,7,7,0,0,0,1,0,winter,0,1,12H Day,12.0,0.5,12H,0,0.0,4000.0,1.0,0,1.0,1.0,1,0,0,Clear,0,Last Minute,0.0,26.0,20.0,60.0,4.2,25.0,53.349999999999994,75.0,2724.0,2724.0,2040.0,2724.0,2572.7272727272725,2724.0,2044.4444444444443,0.96,1,0.796,-580.39,2847.0588235294117,2200.0,2847.0588235294117,2200.0,2064.617896566706,17.0,1.0,2000.0,2500.0,0,0,0,0,0,0,1,0,1,0,0,0,0,0,1.0,0.11666666666666667,106.0,0.9889881662071534,-0.0047619047619048005,43.38988166207153,0.0,1,5,1.891,1.2,1.067,0.8,0,8500.0,0,0
Booked by Sibu Tripathi ,"Booking confirmed ✅ 
Farm number 11
₹1000 received 

12 Persons Max
Rent: ₹3000
Deposit: ₹2000

Deposit Refund after check out.",2026-02-05 19:00:00,2026-02-06 08:00:00,2026-02-06 08:00:00,2026-01-30,21:43:45,13.0000000004657,0,0,0,,,,3000.0,12,12.0,24H Night,5,0.0,0, (Strict),False,4000.0,5000.0,2.0,3800.0,3.0,14.0,0.42857142857142855,0.4666666666666667,0.42857142857142855,1,0.49999999999999994,0.8660254037844387,2026,4,5,30,0,0,Festival,False,Standard,Tier 2,High,1.0,0.0,0.0,,,False,False,Festival,0,7,7,0,0,0,1,0,winter,0,1,24H Night,24.0,0.5,12H,0,0.0,6000.0,1.0,0,0.5,0.95,0,1,0,Clear,1,Standard,0.0,26.0,20.0,60.0,4.2,25.0,53.349999999999994,90.0,4187.5,3550.0,4111.111111111111,4187.5,4260.0,4187.5,3666.6666666666665,0.73,3,1.032,111.54,3450.0,3600.0,3450.0,3600.0,519.6152422706632,4.0,0.8,3375.0,3675.0,1,0,0,0,0,0,1,0,0,1,0,0,0,0,1.0,0.11666666666666667,106.0,0.9183476680601741,-0.038095238095238126,42.68347668060174,0.0,1,5,1.891,1.2,1.067,0.8,0,8500.0,0,0
Booked by Pavan Navik,"₹1000 received 

2 Feb 2026 at 7:00 PM to 3 Feb 2026 at 6:00 PM
8 Persons Max
Rent: ₹3500
Deposit: ₹1000

Deposit Refund after check out.",2026-02-02 19:00:00,2026-02-03 18:00:00,2026-02-03 18:00:00,2026-02-02,22:29:31,23.0000000002328,0,0,0,,,,3500.0,8,24.0,24H Night,0,0.0,0, (Strict),False,3000.0,4000.0,3.0,3950.0,3.0,14.0,0.42857142857142855,0.4666666666666667,0.42857142857142855,2,0.8660254037844386,0.5000000000000001,2026,0,6,33,0,0,Festival,False,Standard,Tier 2,High,1.0,0.0,0.0,,,False,False,Festival,0,7,7,0,0,0,0,0,winter,0,1,24H Night,24.0,1.0,24H,0,0.0,3500.0,1.0,0,1.0,1.0,0,1,0,Clear,0,Same Day,0.0,26.0,20.0,60.0,4.2,25.0,53.349999999999994,75.0,4416.666666666667,4083.3333333333335,4416.666666666667,4416.666666666667,3937.5,4416.666666666667,4125.0,0.71,3,1.327,906.82,2775.0,2900.0,2775.0,2900.0,394.75730941090035,4.0,0.8,2725.0,2950.0,0,0,0,0,0,0,1,1,0,0,0,0,0,0,1.0,0.14166666666666666,103.0,0.9183476680601741,-0.038095238095238126,43.43347668060174,0.0,1,5,1.891,1.2,1.067,0.8,0,8500.0,0,0
Booked by Sanjay Sastri,"
₹500 received 

10 Persons Max
Rent: ₹3000
Deposit: ₹1000

Deposit Refund after check out.",2026-02-01 19:00:00,2026-02-02 08:00:00,2026-02-02 08:00:00,2026-02-03,18:31:06,13.0000000004657,0,0,0,,,,3000.0,10,12.0,24H Night,-1,0.0,0, (Strict),False,3500.0,3000.0,1.0,3900.0,4.0,15.0,0.5714285714285714,0.5,0.5714285714285714,2,0.8660254037844386,0.5000000000000001,2026,1,6,34,0,0,Festival,False,Standard,Tier 2,High,1.0,0.0,0.0,,,False,False,Festival,0,7,7,0,0,0,0,0,winter,0,1,24H Night,24.0,0.5,12H,0,0.0,6000.0,1.0,0,0.5,0.95,0,1,0,Clear,0,Same Day,0.0,26.0,20.0,60.0,4.2,25.0,53.349999999999994,75.0,4444.444444444444,4125.0,4055.5555555555557,4444.444444444444,4000.0,4444.444444444444,3500.0,0.9,1,1.327,906.82,2775.0,2900.0,2775.0,2900.0,394.75730941090035,4.0,0.8,2725.0,2950.0,0,0,0,0,0,0,1,1,0,0,0,0,0,0,1.0,0.14166666666666666,103.0,1.1428342861714196,0.0714285714285714,45.6783428617142,0.0,1,5,1.891,1.2,1.067,0.8,0,8500.0,0,0
Booked by Darsh Tailor,"
₹1000 received 

10 Persons Max
Rent: ₹3500
Deposit: ₹1000

Deposit Refund after check out.",2026-02-06 19:00:00,2026-02-07 18:00:00,2026-02-07 18:00:00,2026-02-03,16:48:31,23.0000000002328,0,0,0,,,,3500.0,10,24.0,24H Night,3,0.0,0, (Strict),False,3000.0,3500.0,0.0,3800.0,5.0,16.0,0.7142857142857143,0.5333333333333333,0.7142857142857143,2,0.8660254037844386,0.5000000000000001,2026,1,6,34,0,0,Festival,False,Standard,Tier 2,High,1.0,0.0,0.0,,,False,False,Festival,0,7,7,0,0,0,0,0,winter,0,1,24H Night,24.0,1.0,24H,0,0.0,3500.0,1.0,0,1.0,1.0,0,1,0,Clear,1,Last Minute,0.0,26.0,20.0,60.0,4.2,25.0,53.349999999999994,90.0,4416.666666666667,4083.3333333333335,4000.0,4416.666666666667,3937.5,4416.666666666667,3333.3333333333335,0.9,1,1.327,906.82,2775.0,2900.0,2775.0,2900.0,394.75730941090035,4.0,0.8,2725.0,2950.0,0,0,0,0,0,0,1,0,1,0,0,0,0,0,1.0,0.14166666666666666,103.0,1.3392606031494054,0.18095238095238098,47.642606031494054,0.0,1,5,1.891,1.2,1.067,0.8,0,8500.0,0,0
Booked by Gaurang Patel,"
₹1000 received 

4 Persons Max
Rent: ₹2500
Deposit: ₹1000

Deposit Refund after check out.",2026-02-16 09:00:00,2026-02-16 18:00:00,2026-02-16 18:00:00,2026-02-03,21:32:50,9.0,0,0,0,,,,2500.0,4,12.0,12H Day,12,0.0,0, (Strict),False,4000.0,2500.0,0.0,3180.0,6.0,17.0,0.8571428571428571,0.5666666666666667,0.8571428571428571,2,0.8660254037844386,0.5000000000000001,2026,1,6,34,0,0,Festival,False,Standard,Tier 2,High,1.0,0.0,0.0,,,False,False,Festival,0,7,7,0,0,0,0,0,winter,0,1,12H Day,12.0,0.5,12H,0,0.0,5000.0,1.0,0,1.0,1.0,0,1,0,Clear,2,Standard,0.0,26.0,20.0,60.0,4.2,25.0,53.349999999999994,90.0,2186.206896551724,2186.206896551724,2423.076923076923,2186.206896551724,2375.0,2186.206896551724,2423.076923076923,0.7999999999999999,3,1.055,122.01,2205.2631578947367,2000.0,2205.2631578947367,2000.0,1205.300185850685,19.0,1.0,1700.0,2050.0,0,0,0,0,0,0,1,0,0,0,1,0,0,0,1.0,0.14166666666666666,103.0,1.5125783494576988,0.29047619047619044,49.375783494576986,0.0,1,5,1.891,1.2,1.067,0.8,0,8500.0,0,0
Booked by Arvind,"
3 Persons Max
Rent: ₹2500
Deposit: ₹1000

Deposit Refund after check out.",2026-02-08 15:00:00,2026-02-08 18:00:00,2026-02-08 18:00:00,2026-02-08,14:59:27,3.0,0,0,0,,,,2500.0,3,12.0,12H Day,0,0.0,0, (Strict),False,2500.0,4000.0,5.0,3170.0,5.0,14.0,0.7142857142857143,0.4666666666666667,0.7142857142857143,2,0.8660254037844386,0.5000000000000001,2026,6,6,39,0,0,Festival,False,Standard,Tier 2,High,1.0,0.0,0.0,,,False,False,Festival,0,7,7,0,0,0,0,0,winter,0,1,12H Day,12.0,0.5,12H,0,0.0,5000.0,1.0,0,1.0,1.0,0,1,0,Clear,0,Same Day,0.0,26.0,20.0,60.0,4.2,25.0,53.349999999999994,75.0,2186.206896551724,2186.206896551724,2423.076923076923,2186.206896551724,2141.6666666666665,2186.206896551724,2409.090909090909,0.98,1,1.055,122.01,2205.2631578947367,2000.0,2205.2631578947367,2000.0,1205.300185850685,19.0,1.0,1700.0,2050.0,0,0,0,1,0,0,1,1,0,0,0,0,0,0,1.0,0.14166666666666666,103.0,1.5305794467669571,0.24761904761904763,49.55579446766957,0.0,1,5,1.891,1.2,1.067,0.8,0,8500.0,0,0
Booked by Dhaval Maisuriya,"
₹1000 received 

2 Persons Max without pool
Rent: ₹1500
Deposit: ₹500

Deposit Refund after check out.",2026-02-10 12:00:00,2026-02-10 18:00:00,2026-02-10 18:00:00,2026-02-09,13:15:09,6.0,0,0,0,,,,1500.0,2,12.0,Couple Half Day,0,0.0,0, (Strict),False,2000.0,1500.0,1.0,1850.0,5.0,14.0,0.7142857142857143,0.4666666666666667,0.7142857142857143,2,0.8660254037844386,0.5000000000000001,2026,0,7,40,0,0,Festival,False,Standard,Tier 2,High,1.0,0.0,0.0,,,False,False,Festival,0,7,7,0,0,0,0,0,winter,0,1,12H Day,12.0,0.5,12H,0,0.0,3000.0,1.0,0,1.0,1.0,1,0,0,Clear,0,Same Day,0.0,26.0,20.0,60.0,4.2,25.0,53.349999999999994,75.0,2220.689655172414,2220.689655172414,1876.923076923077,2220.689655172414,2183.3333333333335,2220.689655172414,1900.0,0.98,1,1.055,122.01,2205.2631578947367,2000.0,2205.2631578947367,2000.0,1205.300185850685,19.0,1.0,1700.0,2050.0,0,0,0,0,0,0,1,1,0,0,0,0,0,0,1.0,0.14166666666666666,103.0,1.5305794467669571,0.24761904761904763,49.55579446766957,0.0,1,5,1.891,1.2,1.067,0.8,0,8500.0,0,0
Booked by Akshay,"
₹1000 received 

2 Persons Max
Rent: ₹1500 without pool
Deposit: ₹500

Deposit Refund after check out.",2026-02-13 09:00:00,2026-02-13 18:00:00,2026-02-13 18:00:00,2026-02-11,10:34:04,9.0,0,0,0,,,,1500.0,2,12.0,Couple Half Day,1,0.0,0, (Strict),False,1500.0,2000.0,2.0,1850.0,3.0,15.0,0.42857142857142855,0.5,0.42857142857142855,2,0.8660254037844386,0.5000000000000001,2026,2,7,42,0,0,Festival,False,Standard,Tier 2,High,1.0,0.0,0.0,,,False,False,Festival,0,7,7,0,0,0,0,0,winter,0,1,12H Day,12.0,0.5,12H,0,0.0,3000.0,1.0,0,1.0,1.0,1,0,0,Clear,0,Last Minute,0.0,26.0,20.0,60.0,4.2,25.0,53.349999999999994,75.0,2220.689655172414,2220.689655172414,1876.923076923077,2220.689655172414,2183.3333333333335,2220.689655172414,1900.0,0.98,1,1.055,122.01,2205.2631578947367,2000.0,2205.2631578947367,2000.0,1205.300185850685,19.0,1.0,1700.0,2050.0,0,0,0,0,0,0,1,0,1,0,0,0,0,0,1.0,0.14166666666666666,103.0,0.8571257146285646,-0.07142857142857145,42.821257146285646,0.0,1,5,1.891,1.2,1.067,0.8,0,8500.0,0,0
Booking by Agent Vinay,"₹500 received 

9 Persons Max
Rent: ₹3500
Deposit: ₹1000
",2026-02-27 19:00:00,2026-02-28 18:00:00,2026-02-28 18:00:00,2026-02-13,14:03:45,23.0000000002328,0,0,0,,,,3500.0,9,24.0,24H Night,14,0.0,0, (Strict),False,3500.0,3000.0,2.0,3650.0,4.0,15.0,0.5714285714285714,0.5,0.5714285714285714,2,0.8660254037844386,0.5000000000000001,2026,4,7,44,0,0,Festival,False,Standard,Tier 2,High,1.0,0.0,0.0,,,False,False,Festival,0,7,7,0,0,0,0,0,winter,0,1,24H Night,24.0,1.0,24H,0,0.0,3500.0,1.0,0,1.0,1.0,0,1,0,Clear,2,Standard,0.0,26.0,20.0,60.0,4.2,25.0,53.349999999999994,90.0,4416.666666666667,4083.3333333333335,4000.0,4416.666666666667,4857.142857142857,4416.666666666667,3583.3333333333335,0.73,3,1.327,906.82,2775.0,2900.0,2775.0,2900.0,394.75730941090035,4.0,0.8,2725.0,2950.0,1,0,0,0,0,0,1,0,0,0,1,0,0,0,1.0,0.14166666666666666,103.0,1.1428342861714196,0.0714285714285714,45.6783428617142,0.0,1,5,1.891,1.2,1.067,0.8,0,8500.0,0,0
Booked by Anurag Vatsal,"
₹1000 received 

5 Persons Max
Rent: ₹4500
Deposit: ₹1000

Deposit Refund after check out.",2026-02-14 19:00:00,2026-02-15 18:00:00,2026-02-15 18:00:00,2026-02-13,21:19:45,23.0000000002328,0,1,0,,,,4500.0,5,24.0,24H Night,0,0.0,0, (Month+Slot),False,3500.0,3500.0,0.0,3750.0,5.0,16.0,0.7142857142857143,0.5333333333333333,0.7142857142857143,2,0.8660254037844386,0.5000000000000001,2026,4,7,44,1,0,Festival,False,Standard,Tier 2,High,1.0,0.0,0.0,,,False,False,Festival,0,7,7,0,0,0,0,0,winter,1,0,24H Night,24.0,1.0,24H,0,0.0,4500.0,1.0,0,1.0,1.0,0,1,0,Clear,0,Same Day,0.0,26.0,20.0,60.0,4.2,25.0,100.0,75.0,4361.111111111111,5200.0,4250.0,4361.111111111111,3812.5,4361.111111111111,5200.0,0.52,5,1.327,906.82,3681.818181818182,3700.0,3681.818181818182,3700.0,838.8303545034382,11.0,1.0,2950.0,4200.0,1,0,0,0,0,0,1,1,0,0,0,0,0,0,1.0,0.14166666666666666,103.0,1.3392606031494054,0.18095238095238098,67.64260603149405,0.0,1,5,1.891,1.2,1.067,0.8,0,8500.0,0,0
Booked by Krunal Patel,"Booking confirmed ✅ 
Farm number 11
₹500 received 

2 Persons Max
Rent: ₹1500
Deposit: ₹500

Deposit Refund after check out.",2026-02-21 09:00:00,2026-02-21 18:00:00,2026-02-21 18:00:00,2026-02-16,18:11:08,9.0,0,0,0,,,,1500.0,2,12.0,Couple Half Day,4,0.0,0, (Strict),False,1500.0,1500.0,3.0,1800.0,4.0,15.0,0.5714285714285714,0.5,0.5714285714285714,2,0.8660254037844386,0.5000000000000001,2026,0,8,47,0,0,Festival,False,Standard,Tier 2,High,1.0,0.0,0.0,,,False,False,Festival,0,7,7,0,0,0,0,0,winter,0,1,12H Day,12.0,0.5,12H,0,0.0,3000.0,1.0,0,1.0,1.0,1,0,0,Clear,1,Standard,0.0,26.0,20.0,60.0,4.2,25.0,53.349999999999994,90.0,2220.689655172414,2220.689655172414,1876.923076923077,2220.689655172414,2625.0,2220.689655172414,1876.923076923077,0.7999999999999999,3,1.055,122.01,2205.2631578947367,2000.0,2205.2631578947367,2000.0,1205.300185850685,19.0,1.0,1700.0,2050.0,0,0,0,0,0,0,1,0,0,1,0,0,0,0,1.0,0.14166666666666666,103.0,1.1428342861714196,0.0714285714285714,45.6783428617142,0.0,1,5,1.891,1.2,1.067,0.8,0,8500.0,0,0
Booked by Bharat Dhaduk,"Farm number 11
₹1000 received 

12 Persons Max
Rent: ₹5000
Deposit: ₹1000

Deposit Refund after check out.",2026-02-28 19:00:00,2026-03-01 18:00:00,2026-03-01 18:00:00,2026-02-16,20:54:12,23.0000000002328,0,1,0,,,,5000.0,12,24.0,24H Night,11,0.0,0, (Month+Slot),False,4500.0,3500.0,0.0,4000.0,5.0,16.0,0.7142857142857143,0.5333333333333333,0.7142857142857143,2,0.8660254037844386,0.5000000000000001,2026,0,8,47,1,0,Festival,False,Standard,Tier 2,High,1.0,0.0,0.0,,,False,False,Festival,0,7,7,0,0,0,0,0,winter,1,0,24H Night,24.0,1.0,24H,0,0.0,5000.0,1.0,0,1.0,1.0,0,1,0,Clear,2,Standard,0.0,26.0,20.0,60.0,4.2,25.0,100.0,90.0,4333.333333333333,5100.0,3833.3333333333335,4333.333333333333,4642.857142857143,4333.333333333333,5100.0,0.52,5,1.327,906.82,3681.818181818182,3700.0,3681.818181818182,3700.0,838.8303545034382,11.0,1.0,2950.0,4200.0,0,0,0,0,0,0,1,0,0,0,1,0,0,0,1.0,0.14166666666666666,103.0,1.3392606031494054,0.18095238095238098,67.64260603149405,0.0,1,5,1.891,1.2,1.067,0.8,0,8500.0,0,0
Booked by Hitesh Sharavan,"Booking confirmed ✅ 
Farm number 11
₹500 received 

2 Persons Max
Rent: ₹1500
Deposit: ₹500

Deposit Refund after check out.",2026-02-18 09:00:00,2026-02-18 18:00:00,2026-02-18 18:00:00,2026-02-17,21:36:29,9.0,0,0,0,,,,1500.0,2,12.0,Couple Half Day,0,0.0,0, (Strict),False,1500.0,1500.0,1.0,1750.0,6.0,17.0,0.8571428571428571,0.5666666666666667,0.8571428571428571,2,0.8660254037844386,0.5000000000000001,2026,1,8,48,0,0,Festival,False,Standard,Tier 2,High,1.0,0.0,0.0,,,False,False,Festival,0,7,7,0,0,0,0,0,winter,0,1,12H Day,12.0,0.5,12H,0,0.0,3000.0,1.0,0,1.0,1.0,1,0,0,Clear,0,Same Day,0.0,26.0,20.0,60.0,4.2,25.0,53.349999999999994,75.0,2220.689655172414,2220.689655172414,1876.923076923077,2220.689655172414,2183.3333333333335,2220.689655172414,1900.0,0.98,1,1.055,122.01,2205.2631578947367,2000.0,2205.2631578947367,2000.0,1205.300185850685,19.0,1.0,1700.0,2050.0,0,0,0,0,0,0,1,1,0,0,0,0,0,0,1.0,0.14166666666666666,103.0,1.5125783494576988,0.29047619047619044,49.375783494576986,0.0,1,5,1.891,1.2,1.067,0.8,0,8500.0,0,0
Booked by Renisha Shingala /Purv Sangani,"Booking confirmed ✅ 
Farm number 11
₹3000 received 

17 Persons Max
Rent: ₹7500
Deposit: ₹2000

Deposit Refund after check out.",2026-03-02 19:00:00,2026-03-03 18:00:00,2026-03-03 18:00:00,2026-02-23,15:57:07,23.0000000002328,0,0,0,,,,7500.0,17,24.0,24H Night,7,0.0,2,"MAD, IQR (Strict)",True,5000.0,4500.0,6.0,4250.0,2.0,16.0,0.2857142857142857,0.5333333333333333,0.2857142857142857,2,0.8660254037844386,0.5000000000000001,2026,0,9,54,0,0,Festival,False,Standard,Tier 2,High,1.0,0.0,0.0,,,False,False,Festival,0,7,7,0,0,0,0,0,winter,0,1,24H Night,24.0,1.0,24H,0,0.0,7500.0,1.0,0,1.0,1.0,0,0,1,Clear,1,Standard,0.0,26.0,20.0,60.0,4.2,25.0,60.0,90.0,4194.444444444444,3750.0,6000.0,4194.444444444444,4285.714285714285,4194.444444444444,3750.0,0.59,5,1.327,906.82,2775.0,2900.0,2775.0,2900.0,394.75730941090035,4.0,0.8,2725.0,2950.0,0,0,0,0,0,0,1,0,0,1,0,0,0,0,1.0,0.14166666666666666,103.0,0.5357042412597621,-0.24761904761904763,39.60704241259762,0.0,1,5,1.891,1.2,1.067,0.8,0,8500.0,0,0
Booked by Kaushik Padshala,"
₹1500 received 

2 Persons Max
Rent: ₹1500
Deposit: ₹500

Deposit Refund after check out.",2026-02-24 11:00:00,2026-02-24 15:00:00,2026-02-24 15:00:00,2026-02-24,10:00:32,3.99999999976717,0,0,0,,,,1500.0,2,12.0,Couple Half Day,0,0.0,0, (Strict),False,1500.0,1500.0,1.0,1750.0,2.0,16.0,0.2857142857142857,0.5333333333333333,0.2857142857142857,2,0.8660254037844386,0.5000000000000001,2026,1,9,55,0,0,Festival,False,Standard,Tier 2,High,1.0,0.0,0.0,,,False,False,Festival,0,7,7,0,0,0,0,0,winter,0,1,12H Day,12.0,0.5,12H,0,0.0,3000.0,1.0,0,1.0,1.0,1,0,0,Clear,0,Same Day,0.0,26.0,20.0,60.0,4.2,25.0,53.349999999999994,75.0,2220.689655172414,2220.689655172414,1876.923076923077,2220.689655172414,2183.3333333333335,2220.689655172414,1900.0,0.98,1,1.055,122.01,2205.2631578947367,2000.0,2205.2631578947367,2000.0,1205.300185850685,19.0,1.0,1700.0,2050.0,0,0,0,0,0,0,1,1,0,0,0,0,0,0,1.0,0.14166666666666666,103.0,0.5357042412597621,-0.24761904761904763,39.60704241259762,0.0,1,5,1.891,1.2,1.067,0.8,0,8500.0,0,0
Booked by Pramod,"Booking confirmed
Farm number 11
₹1000 advance received

2 Persons Max
Rent: ₹2000 with pool
Deposit: ₹500

Deposit Refund after check out.",2026-02-25 09:00:00,2026-02-25 18:00:00,2026-02-25 18:00:00,2026-02-24,21:05:35,9.0,0,0,0,,,,2000.0,2,12.0,Couple Half Day,0,0.0,0, (Strict),False,1500.0,1500.0,0.0,1750.0,3.0,17.0,0.42857142857142855,0.5666666666666667,0.42857142857142855,2,0.8660254037844386,0.5000000000000001,2026,1,9,55,0,0,Festival,False,Standard,Tier 2,High,1.0,0.0,0.0,,,False,False,Festival,0,7,7,0,0,0,0,0,winter,0,1,12H Day,12.0,0.5,12H,0,0.0,4000.0,1.0,0,1.0,1.0,1,0,0,Clear,0,Same Day,0.0,26.0,20.0,60.0,4.2,25.0,53.349999999999994,75.0,2203.448275862069,2203.448275862069,1838.4615384615386,2203.448275862069,2162.5,2203.448275862069,1854.5454545454545,0.98,1,1.055,122.01,2205.2631578947367,2000.0,2205.2631578947367,2000.0,1205.300185850685,19.0,1.0,1700.0,2050.0,0,0,0,0,0,0,1,1,0,0,0,0,0,0,1.0,0.14166666666666666,103.0,0.7562891747288494,-0.1380952380952381,41.812891747288496,0.0,1,5,1.891,1.2,1.067,0.8,0,8500.0,0,0
Booked by Rabindra,"Booking confirmed ✅ 
Farm number 11
₹1000 advance received

6 Persons Max
Rent: ₹3000
Deposit: ₹1000

Deposit Refund after check out.",2026-03-01 19:00:00,2026-03-02 08:00:00,2026-03-02 08:00:00,2026-02-24,20:20:31,13.0000000004657,0,0,0,,,,3000.0,6,12.0,24H Night,4,0.0,0, (Strict),False,7500.0,5000.0,0.0,4050.0,4.0,18.0,0.5714285714285714,0.6,0.5714285714285714,2,0.8660254037844386,0.5000000000000001,2026,1,9,55,0,0,Festival,False,Standard,Tier 2,High,1.0,0.0,0.0,,,False,False,Festival,0,7,7,0,0,0,0,0,winter,0,1,24H Night,24.0,0.5,12H,0,0.0,6000.0,1.0,0,0.5,0.95,0,1,0,Clear,1,Standard,0.0,26.0,20.0,60.0,4.2,25.0,60.0,90.0,4444.444444444444,4125.0,4500.0,4444.444444444444,4928.571428571428,4444.444444444444,4250.0,0.71,3,1.327,906.82,2775.0,2900.0,2775.0,2900.0,394.75730941090035,4.0,0.8,2725.0,2950.0,0,0,0,0,0,0,1,0,0,1,0,0,0,0,1.0,0.14166666666666666,103.0,0.9523650796296252,-0.02857142857142858,43.77365079629625,0.0,1,5,1.891,1.2,1.067,0.8,0,8500.0,0,0
Booked by Kiran Mistry,"
Farm number 11
₹2000 received 

8 Persons Max
Rent: ₹5500
Deposit: ₹2000

Deposit Refund after check out.",2026-03-13 19:00:00,2026-03-14 18:00:00,2026-03-14 18:00:00,2026-02-25,16:55:28,23.0000000002328,0,0,0,,,,5500.0,8,24.0,24H Night,16,0.0,0, (Strict),False,3000.0,7500.0,1.0,4200.0,5.0,19.0,0.7142857142857143,0.6333333333333333,0.7142857142857143,2,0.8660254037844386,0.5000000000000001,2026,2,9,56,0,0,Festival,False,Standard,Tier 2,High,1.0,0.0,0.0,,,False,False,Festival,0,7,7,0,0,0,0,0,winter,0,1,24H Night,24.0,1.0,24H,0,0.0,5500.0,1.0,0,1.0,1.0,0,1,0,Clear,2,Advance,0.0,26.0,20.0,60.0,4.2,25.0,60.0,95.0,4305.555555555556,3916.6666666666665,4083.3333333333335,4305.555555555556,5000.0,4305.555555555556,3625.0,0.71,3,1.327,906.82,2775.0,2900.0,2775.0,2900.0,394.75730941090035,4.0,0.8,2725.0,2950.0,0,0,0,0,0,0,1,0,0,0,0,1,0,0,1.0,0.14166666666666666,103.0,1.1278017414762627,0.080952380952381,45.52801741476263,0.0,1,5,1.891,1.2,1.067,0.8,0,8500.0,0,0
Booked by Agent Shyam,"Booking Confirmed
₹9000 received

3 Mar 2026 at 7:00 PM to 4 Mar 2026 at 6:00 PM
20 Persons Max
Rent: ₹18000
Deposit: ₹2000

Deposit Refund after check out.",2026-03-03 19:00:00,2026-03-04 18:00:00,2026-03-04 18:00:00,2026-03-01,11:16:33,23.0000000002328,Holi,0,0,,,,18000.0,20,24.0,24H Night,2,0.0,3,"MAD, IQR, Percentile (Strict)",True,5500.0,3000.0,4.0,5700.0,6.0,18.0,0.8571428571428571,0.6,0.8571428571428571,3,1.0,6.123233995736766e-17,2026,6,9,60,0,1,Festival,True,Standard,Tier 2,High,1.0,0.0,0.0,,,False,False,Festival,0,7,7,0,1,0,0,0,summer,1,0,24H Night,24.0,1.0,24H,0,0.0,18000.0,1.0,0,1.0,1.0,0,0,1,Clear,0,Last Minute,0.0,26.0,20.0,60.0,4.2,25.0,60.0,90.0,5582.608695652174,4170.967741935484,8500.0,11375.0,4640.0,5582.608695652174,4170.967741935484,0.6,5,1.387,1462.82,3776.470588235294,3600.0,3776.470588235294,3600.0,1107.6604916245242,17.0,1.0,3000.0,4400.0,0,0,0,0,1,0,0,0,1,0,0,0,0,0,1.0,0.24166666666666667,91.0,1.428547619444438,0.2571428571428571,56.53547619444438,0.5,1,5,1.891,1.2,1.067,0.8,0,8500.0,0,0
Booked by Dipak Sharma,"Booking confirmed ✅ 
Farm number 11
₹2000 advance received

5 Mar 2026 at 7:00 PM to 6 Mar 2026 at 6:00 PM
12 Persons Max
Rent: ₹4500
Deposit: ₹2000

Deposit Refund after check out.",2026-03-05 19:00:00,2026-03-06 18:00:00,2026-03-06 18:00:00,2026-03-05,12:01:20,23.0000000002328,0,0,0,,,,4500.0,12,24.0,24H Night,0,0.0,0, (Strict),False,18000.0,5500.0,4.0,5800.0,2.0,15.0,0.2857142857142857,0.5,0.2857142857142857,3,1.0,6.123233995736766e-17,2026,3,10,64,0,0,Festival,False,Standard,Tier 2,High,1.0,0.0,0.0,,,False,False,Festival,0,7,7,0,0,0,0,0,summer,1,0,24H Night,24.0,1.0,24H,0,0.0,4500.0,1.0,0,1.0,1.0,0,1,0,Clear,0,Same Day,0.0,26.0,20.0,60.0,4.2,25.0,60.0,75.0,5606.666666666667,4160.0,6511.538461538462,5606.666666666667,4645.833333333333,5606.666666666667,4357.142857142857,0.9400000000000001,1,1.387,1462.82,3776.470588235294,3600.0,3776.470588235294,3600.0,1107.6604916245242,17.0,1.0,3000.0,4400.0,0,0,0,0,0,0,0,1,0,0,0,0,0,0,1.0,0.24166666666666667,91.0,0.5714171430857098,-0.2142857142857143,32.9641714308571,0.0,1,5,1.891,1.2,1.067,0.8,0,8500.0,0,0
Booked by Sandeep,"Booking confirmed ✅ 
Farm number 11
₹2500 advance received

7 Mar 2026 at 7:00 PM to 8 Mar 2026 at 6:00 PM
10 Persons Max
Rent: ₹7000
Deposit: ₹2000

Deposit Refund after check out.",2026-03-07 19:00:00,2026-03-08 18:00:00,2026-03-08 18:00:00,2026-03-06,17:09:53,23.0000000002328,0,1,0,,,,7000.0,10,24.0,24H Night,1,0.0,0, (Strict),False,4500.0,18000.0,1.0,6200.0,3.0,16.0,0.42857142857142855,0.5333333333333333,0.42857142857142855,3,1.0,6.123233995736766e-17,2026,4,10,65,1,0,Festival,False,Standard,Tier 2,High,1.0,0.0,0.0,,,False,False,Festival,0,7,7,0,0,0,0,0,summer,1,0,24H Night,24.0,1.0,24H,0,0.0,7000.0,1.0,0,1.0,1.0,0,1,0,Clear,0,Last Minute,0.0,26.0,20.0,60.0,4.2,25.0,100.0,75.0,5551.111111111111,8607.142857142857,6415.384615384615,5551.111111111111,4541.666666666667,5551.111111111111,8666.666666666666,0.9,1,1.387,1462.82,5239.285714285715,5100.0,5239.285714285715,5100.0,2173.2957198030563,28.0,1.0,3400.0,6575.0,1,0,0,0,0,0,0,0,1,0,0,0,0,0,1.0,0.24166666666666667,91.0,0.8035563618896432,-0.10476190476190478,55.28556361889643,0.0,1,5,1.891,1.2,1.067,0.8,0,8500.0,0,0
Booked by Drupal,"Booking confirmed ✅ 
Farm number 11
₹500 advance received

7 Mar 2026 at 2:00 PM to 7 Mar 2026 at 6:00 PM
2 Persons Max
Rent: ₹1500
Deposit: ₹500

Deposit Refund after check out.",2026-03-07 14:00:00,2026-03-07 18:00:00,2026-03-07 18:00:00,2026-03-06,17:11:48,3.99999999976717,0,0,0,,,,1500.0,2,12.0,Couple Half Day,0,0.0,1,Percentile (Month),False,2000.0,1500.0,0.0,1700.0,4.0,17.0,0.5714285714285714,0.5666666666666667,0.5714285714285714,3,1.0,6.123233995736766e-17,2026,4,10,65,0,0,Festival,False,Standard,Tier 2,High,1.0,0.0,0.0,,,False,False,Festival,0,7,7,0,0,0,0,0,summer,1,0,12H Day,12.0,0.5,12H,0,0.0,3000.0,1.0,0,1.0,1.0,1,0,0,Clear,0,Same Day,0.0,26.0,20.0,60.0,4.2,25.0,60.0,75.0,3234.2105263157896,3234.2105263157896,2875.0,3234.2105263157896,3090.625,3234.2105263157896,2875.0,0.91,1,0.77,-727.5,3165.0,3150.0,3165.0,3150.0,566.6911759405549,10.0,1.0,2925.0,3375.0,0,0,0,0,0,0,0,1,0,0,0,0,0,0,1.0,0.24166666666666667,91.0,1.0083855663051324,0.004761904761904745,37.333855663051324,0.0,1,5,1.891,1.2,1.067,0.8,0,8500.0,0,0
Booked by Dipak Prajapati,"Booking confirmed ✅ 
Farm number 11
₹1000 advance received

8 Mar 2026 at 7:00 PM to 9 Mar 2026 at 8:00 AM
7 Persons Max
Rent: ₹2500
Deposit: ₹1000

Deposit Refund after check out.",2026-03-08 19:00:00,2026-03-09 08:00:00,2026-03-09 08:00:00,2026-03-07,20:43:09,13.0000000004657,0,0,0,,,,2500.0,7,12.0,24H Night,0,0.0,1,Percentile (Strict),False,7000.0,4500.0,1.0,6100.0,5.0,18.0,0.7142857142857143,0.6,0.7142857142857143,3,1.0,6.123233995736766e-17,2026,5,10,66,0,0,Festival,False,Standard,Tier 2,High,1.0,0.0,0.0,,,False,False,Festival,0,7,7,0,0,0,0,0,summer,1,0,24H Night,24.0,0.5,12H,0,0.0,5000.0,1.0,0,0.5,0.95,0,1,0,Clear,0,Same Day,0.0,26.0,20.0,60.0,4.2,25.0,60.0,75.0,5651.111111111111,4226.666666666667,4235.294117647059,5651.111111111111,4729.166666666667,5651.111111111111,3791.6666666666665,0.99,1,1.387,1462.82,3776.470588235294,3600.0,3776.470588235294,3600.0,1107.6604916245242,17.0,1.0,3000.0,4400.0,0,0,1,0,0,0,0,1,0,0,0,0,0,0,1.0,0.24166666666666667,91.0,1.1904563495370317,0.11428571428571432,39.15456349537032,0.0,1,5,1.891,1.2,1.067,0.8,0,8500.0,0,0
Booked by Roshan Modi,"Booking confirmed ✅ 
Farm number 11
₹1000 advance received

9 Mar 2026 at 9:00 AM to 9 Mar 2026 at 6:30 PM
10 Persons Max
Rent: ₹4000
Deposit: ₹2000

Deposit Refund after check out.",2026-03-09 09:00:00,2026-03-09 18:30:00,2026-03-09 18:30:00,2026-03-08,18:39:03,9.50000000023283,0,0,0,,,,4000.0,10,12.0,12H Day,0,0.0,0, (Strict),False,2500.0,2500.0,1.0,3200.0,5.0,19.0,0.7142857142857143,0.6333333333333333,0.7142857142857143,3,1.0,6.123233995736766e-17,2026,6,10,67,0,0,Festival,False,Standard,Tier 2,High,1.0,0.0,0.0,,,False,False,Festival,0,7,7,0,0,0,0,0,summer,1,0,12H Day,12.0,0.5,12H,0,0.0,8000.0,1.0,0,1.0,1.0,0,1,0,Clear,0,Same Day,0.0,26.0,20.0,60.0,4.2,25.0,60.0,75.0,3102.6315789473683,3102.6315789473683,3166.6666666666665,3102.6315789473683,2934.375,3102.6315789473683,3166.6666666666665,0.7,3,0.77,-727.5,3165.0,3150.0,3165.0,3150.0,566.6911759405549,10.0,1.0,2925.0,3375.0,0,0,0,1,0,0,0,1,0,0,0,0,0,0,1.0,0.24166666666666667,91.0,1.1278017414762627,0.080952380952381,38.52801741476263,0.0,1,5,1.891,1.2,1.067,0.8,0,8500.0,0,0
Booked by Mahek,"₹1000 advance received 

11 Mar 2026 at 9:00 AM to 11 Mar 2026 at 6:00 PM
2 Persons Max with pool
Rent: ₹2500
Deposit: ₹1000

Deposit Refund after check out.",2026-03-11 09:00:00,2026-03-11 18:00:00,2026-03-11 18:00:00,2026-03-10,19:49:16,9.0,0,0,0,,,,2500.0,2,12.0,Couple Half Day,0,0.0,0, (Month),False,1500.0,2000.0,2.0,1700.0,6.0,19.0,0.8571428571428571,0.6333333333333333,0.8571428571428571,3,1.0,6.123233995736766e-17,2026,1,11,69,0,0,Festival,False,Standard,Tier 2,High,1.0,0.0,0.0,,,False,False,Festival,0,7,7,0,0,0,0,0,summer,1,0,12H Day,12.0,0.5,12H,0,0.0,5000.0,1.0,0,1.0,1.0,1,0,0,Clear,0,Same Day,0.0,26.0,20.0,60.0,4.2,25.0,60.0,75.0,3181.5789473684213,3181.5789473684213,2625.0,3181.5789473684213,3028.125,3181.5789473684213,2625.0,0.91,1,0.77,-727.5,3165.0,3150.0,3165.0,3150.0,566.6911759405549,10.0,1.0,2925.0,3375.0,0,0,0,0,0,0,0,1,0,0,0,0,0,0,1.0,0.24166666666666667,91.0,1.353362089771515,0.2238095238095238,40.78362089771515,0.0,1,5,1.891,1.2,1.067,0.8,0,8500.0,0,0
Booked by Bhargav kachhadiya,"Booking confirmed ✅ 
Farm number 11
₹3000 advance received
16 person max

Rent: ₹8500
Deposit: ₹2000

Deposit Refund after check out.",2026-03-14 19:00:00,2026-03-15 18:00:00,2026-03-15 18:00:00,2026-03-10,13:50:35,23.0000000002328,0,1,0,,,,8500.0,16,24.0,24H Night,4,0.0,0, (Strict),False,2500.0,7000.0,0.0,6600.0,7.0,20.0,1.0,0.6666666666666666,1.0,3,1.0,6.123233995736766e-17,2026,1,11,69,1,0,Festival,False,Standard,Tier 2,High,1.0,0.0,0.0,,,False,False,Festival,0,7,7,0,0,0,0,0,summer,1,0,24H Night,24.0,1.0,24H,0,0.0,8500.0,1.0,0,1.0,1.0,0,0,1,Clear,1,Standard,0.0,26.0,20.0,60.0,4.2,25.0,100.0,90.0,5517.777777777777,8500.0,5517.777777777777,5517.777777777777,6252.941176470588,5517.777777777777,8500.0,0.6,5,1.387,1462.82,5239.285714285715,5100.0,5239.285714285715,5100.0,2173.2957198030563,28.0,1.0,3400.0,6575.0,0,0,0,0,0,0,0,0,0,1,0,0,0,0,1.0,0.24166666666666667,91.0,1.499977500337495,0.33333333333333337,62.24977500337495,0.0,1,5,1.891,1.2,1.067,0.8,0,8500.0,0,0
Booked by Dhruv Gol,"Booking confirmed ✅ 
Farm number 11
₹1000 advance received

12 Mar 2026 at 9:00 AM to 12 Mar 2026 at 6:00 PM
6 Persons Max
Rent: ₹3500
Deposit: ₹1000

Deposit Refund after check out.",2026-03-12 09:00:00,2026-03-12 18:00:00,2026-03-12 18:00:00,2026-03-11,13:30:16,9.0,0,0,0,,,,3500.0,6,12.0,12H Day,0,0.0,0, (Strict),False,4000.0,2500.0,1.0,3150.0,8.0,20.0,1.0,0.6666666666666666,1.1428571428571428,3,1.0,6.123233995736766e-17,2026,2,11,70,0,0,Festival,False,Standard,Tier 2,High,1.0,0.0,0.0,,,False,False,Festival,0,7,7,0,0,0,0,0,summer,1,0,12H Day,12.0,0.5,12H,0,0.0,7000.0,1.0,0,1.0,1.0,0,1,0,Clear,0,Same Day,0.0,26.0,20.0,60.0,4.2,25.0,60.0,75.0,3128.9473684210525,3128.9473684210525,3295.0,3128.9473684210525,2965.625,3128.9473684210525,3118.75,0.9500000000000001,1,0.77,-727.5,3165.0,3150.0,3165.0,3150.0,566.6911759405549,10.0,1.0,2925.0,3375.0,0,0,0,0,0,0,0,1,0,0,0,0,0,0,1.0,0.24166666666666667,91.0,1.7142600003857087,0.33333333333333337,44.39260000385708,0.0,1,5,1.891,1.2,1.067,0.8,0,8500.0,0,0
Booked by Sagar Tejani,"Booking confirmed ✅ 
Farm number 11
₹2000 advance received

10 Persons Max
Rent: ₹5000
Deposit: ₹2000

Deposit Refund after check out.",2026-03-16 19:00:00,2026-03-17 18:00:00,2026-03-17 18:00:00,2026-03-14,18:45:04,23.0000000002328,0,0,0,,,,5000.0,10,24.0,24H Night,2,0.0,0, (Strict),False,8500.0,2500.0,3.0,6650.0,5.0,20.0,0.7142857142857143,0.6666666666666666,0.7142857142857143,3,1.0,6.123233995736766e-17,2026,5,11,73,0,0,Festival,False,Standard,Tier 2,High,1.0,0.0,0.0,,,False,False,Festival,0,7,7,0,0,0,0,0,summer,1,0,24H Night,24.0,1.0,24H,0,0.0,5000.0,1.0,0,1.0,1.0,0,1,0,Clear,0,Last Minute,0.0,26.0,20.0,60.0,4.2,25.0,60.0,90.0,5595.555555555556,4143.333333333333,6492.307692307692,5595.555555555556,4625.0,5595.555555555556,4285.714285714285,0.9400000000000001,1,1.387,1462.82,3776.470588235294,3600.0,3776.470588235294,3600.0,1107.6604916245242,17.0,1.0,3000.0,4400.0,0,0,1,0,0,0,0,0,1,0,0,0,0,0,1.0,0.24166666666666667,91.0,1.071412500241068,0.04761904761904767,37.96412500241068,0.0,1,5,1.891,1.2,1.067,0.8,0,8500.0,0,0
Booked by Nikunj,"Booking confirmed ✅ 
Farm number 11
₹3000 advance received

21 Mar 2026 at 7:00 PM to 22 Mar 2026 at 6:00 PM
14 Persons Max
Rent: ₹10000
Deposit: ₹2000

Deposit Refund after check out.",2026-03-21 19:00:00,2026-03-22 18:00:00,2026-03-22 18:00:00,2026-03-15,12:37:59,23.0000000002328,0,1,0,,,,10000.0,14,24.0,24H Night,6,0.0,0, (Strict),False,5000.0,8500.0,1.0,7150.0,5.0,19.0,0.7142857142857143,0.6333333333333333,0.7142857142857143,3,1.0,6.123233995736766e-17,2026,6,11,74,1,0,Festival,False,Standard,Tier 2,High,1.0,0.0,0.0,,,False,False,Festival,0,7,7,0,0,0,0,0,summer,1,0,24H Night,24.0,1.0,24H,0,0.0,10000.0,1.0,0,1.0,1.0,0,0,1,Clear,1,Standard,0.0,26.0,20.0,60.0,4.2,25.0,100.0,90.0,5484.444444444444,8392.857142857143,6300.0,5484.444444444444,6164.705882352941,5484.444444444444,9250.0,0.91,1,1.387,1462.82,5239.285714285715,5100.0,5239.285714285715,5100.0,2173.2957198030563,28.0,1.0,3400.0,6575.0,0,0,0,0,1,0,0,0,0,1,0,0,0,0,1.0,0.24166666666666667,91.0,1.1278017414762627,0.080952380952381,58.52801741476263,0.0,1,5,1.891,1.2,1.067,0.8,0,8500.0,0,0
Booked by Keyur,"Booking confirmed ✅ 
Farm number 11
₹1000 advance received

15 Mar 2026 at 7:00 PM to 16 Mar 2026 at 8:00 AM
4 Persons Max
Rent: ₹2500
Deposit: ₹1000

Deposit Refund after check out.",2026-03-15 19:00:00,2026-03-16 08:00:00,2026-03-16 08:00:00,2026-03-15,17:59:08,13.0000000004657,0,0,0,,,,2500.0,4,12.0,24H Night,0,0.0,1,Percentile (Strict),False,10000.0,5000.0,0.0,6650.0,6.0,20.0,0.8571428571428571,0.6666666666666666,0.8571428571428571,3,1.0,6.123233995736766e-17,2026,6,11,74,0,0,Festival,False,Standard,Tier 2,High,1.0,0.0,0.0,,,False,False,Festival,0,7,7,0,0,0,0,0,summer,1,0,24H Night,24.0,0.5,12H,0,0.0,5000.0,1.0,0,0.5,0.95,0,1,0,Clear,0,Same Day,0.0,26.0,20.0,60.0,4.2,25.0,60.0,75.0,5651.111111111111,4226.666666666667,4235.294117647059,5651.111111111111,4729.166666666667,5651.111111111111,3791.6666666666665,0.99,1,1.387,1462.82,3776.470588235294,3600.0,3776.470588235294,3600.0,1107.6604916245242,17.0,1.0,3000.0,4400.0,0,0,0,0,1,0,0,1,0,0,0,0,0,0,1.0,0.24166666666666667,91.0,1.2856950002892815,0.19047619047619047,40.106950002892816,0.0,1,5,1.891,1.2,1.067,0.8,0,8500.0,0,0
Booked by krutarth modi,"Booking confirmed ✅ 
Farm nunber 11
₹1000 advanve received

16 Mar 2026 at 9:00 AM to 16 Mar 2026 at 6:00 PM
6 Persons Max
Rent: ₹3500
Deposit: ₹1000

Deposit Refund after check out.",2026-03-16 09:00:00,2026-03-16 18:00:00,2026-03-16 18:00:00,2026-03-15,09:34:47,9.0,0,0,0,,,,3500.0,6,12.0,12H Day,0,0.0,0, (Strict),False,3500.0,4000.0,0.0,3200.0,7.0,21.0,1.0,0.7,1.0,3,1.0,6.123233995736766e-17,2026,6,11,74,0,0,Festival,False,Standard,Tier 2,High,1.0,0.0,0.0,,,False,False,Festival,0,7,7,0,0,0,0,0,summer,1,0,12H Day,12.0,0.5,12H,0,0.0,7000.0,1.0,0,1.0,1.0,0,1,0,Clear,0,Same Day,0.0,26.0,20.0,60.0,4.2,25.0,60.0,75.0,3128.9473684210525,3128.9473684210525,3295.0,3128.9473684210525,2965.625,3128.9473684210525,3118.75,0.9500000000000001,1,0.77,-727.5,3165.0,3150.0,3165.0,3150.0,566.6911759405549,10.0,1.0,2925.0,3375.0,0,0,0,1,0,0,0,1,0,0,0,0,0,0,1.0,0.24166666666666667,91.0,1.4285510206997045,0.30000000000000004,41.535510206997046,0.0,1,5,1.891,1.2,1.067,0.8,0,8500.0,0,0
Booked by Rabindra,"Booking confirmed ✅ 
Farm number 11
₹1000 advance received

17 Mar 2026 at 7:00 PM to 18 Mar 2026 at 8:00 AM
11 Persons Max
Rent: ₹3000
Deposit: ₹2000

Deposit Refund after check out.",2026-03-17 19:00:00,2026-03-18 08:00:00,2026-03-18 08:00:00,2026-03-16,22:36:27,13.0000000004657,0,0,0,,,,3000.0,11,12.0,24H Night,0,0.0,0, (Strict),False,2500.0,10000.0,1.0,6650.0,8.0,22.0,1.0,0.7333333333333333,1.1428571428571428,3,1.0,6.123233995736766e-17,2026,0,12,75,0,0,Festival,False,Standard,Tier 2,High,1.0,0.0,0.0,,,False,False,Festival,0,7,7,0,0,0,0,0,summer,1,0,24H Night,24.0,0.5,12H,0,0.0,6000.0,1.0,0,0.5,0.95,0,1,0,Clear,0,Same Day,0.0,26.0,20.0,60.0,4.2,25.0,60.0,75.0,5640.0,4210.0,6569.2307692307695,5640.0,4708.333333333333,5640.0,4571.428571428572,0.9400000000000001,1,1.387,1462.82,3776.470588235294,3600.0,3776.470588235294,3600.0,1107.6604916245242,17.0,1.0,3000.0,4400.0,0,0,0,0,0,0,0,1,0,0,0,0,0,0,1.0,0.24166666666666667,91.0,1.5584203072555505,0.2666666666666667,42.8342030725555,0.0,1,5,1.891,1.2,1.067,0.8,0,8500.0,0,0
Booked by Pratham Jariwala,"Booking confirmed 
Farm number 11
₹2000 received 

8 Persons Max
Rent: ₹5500
Deposit: ₹2000

Deposit Refund after check out.",2026-03-20 19:00:00,2026-03-21 18:00:00,2026-03-21 18:00:00,2026-03-18,17:26:41,23.0000000002328,0,0,0,,,,5500.0,8,24.0,24H Night,2,0.0,0, (Strict),False,3000.0,2500.0,2.0,6650.0,6.0,21.0,0.8571428571428571,0.7,0.8571428571428571,3,1.0,6.123233995736766e-17,2026,2,12,77,0,0,Festival,False,Standard,Tier 2,High,1.0,0.0,0.0,,,False,False,Festival,0,7,7,0,0,0,0,0,summer,1,0,24H Night,24.0,1.0,24H,0,0.0,5500.0,1.0,0,1.0,1.0,0,1,0,Clear,0,Last Minute,0.0,26.0,20.0,60.0,4.2,25.0,60.0,90.0,5584.444444444444,4126.666666666667,4058.823529411765,5584.444444444444,4604.166666666667,5584.444444444444,3541.6666666666665,0.99,1,1.387,1462.82,3776.470588235294,3600.0,3776.470588235294,3600.0,1107.6604916245242,17.0,1.0,3000.0,4400.0,0,0,0,0,0,0,0,0,1,0,0,0,0,0,1.0,0.24166666666666667,91.0,1.2244723034568894,0.15714285714285714,39.49472303456889,0.0,1,5,1.891,1.2,1.067,0.8,0,8500.0,0,0
Booked by Sisham,"Booking done ✅ 
₹1000 advance received

23 Mar 2026 at 10:00 AM to 23 Mar 2026 at 6:00 PM
4 Persons Max
Rent: ₹4000
Deposit: ₹2000

Deposit Refund after check out.",2026-03-23 10:00:00,2026-03-23 18:00:00,2026-03-23 18:00:00,2026-03-18,20:20:12,8.00000000023283,0,0,0,,,,4000.0,4,12.0,12H Day,4,0.0,0, (Strict),False,3500.0,3500.0,0.0,3350.0,7.0,22.0,1.0,0.7333333333333333,1.0,3,1.0,6.123233995736766e-17,2026,2,12,77,0,0,Festival,False,Standard,Tier 2,High,1.0,0.0,0.0,,,False,False,Festival,0,7,7,0,0,0,0,0,summer,1,0,12H Day,12.0,0.5,12H,0,0.0,8000.0,1.0,0,1.0,1.0,0,1,0,Clear,1,Standard,0.0,26.0,20.0,60.0,4.2,25.0,60.0,90.0,3102.6315789473683,3102.6315789473683,3245.0,3102.6315789473683,4000.0,3102.6315789473683,3245.0,0.7699999999999999,3,0.77,-727.5,3165.0,3150.0,3165.0,3150.0,566.6911759405549,10.0,1.0,2925.0,3375.0,0,0,0,0,0,0,0,0,0,1,0,0,0,0,1.0,0.24166666666666667,91.0,1.3636177688486069,0.2666666666666667,40.88617768848607,0.0,1,5,1.891,1.2,1.067,0.8,0,8500.0,0,0
Booked by Jayesh Ladumor,"Booking confirmed ✅ 
Farm number 11
₹1000 advance received 

4 Persons Max
Rent: ₹3000
Deposit: ₹1000

Deposit Refund after check out.",2026-03-18 19:00:00,2026-03-19 08:00:00,2026-03-19 08:00:00,2026-03-18,14:04:48,13.0000000004657,0,0,0,,,,3000.0,4,12.0,24H Night,0,0.0,0, (Strict),False,5500.0,3000.0,0.0,5150.0,8.0,23.0,1.0,0.7666666666666667,1.1428571428571428,3,1.0,6.123233995736766e-17,2026,2,12,77,0,0,Festival,False,Standard,Tier 2,High,1.0,0.0,0.0,,,False,False,Festival,0,7,7,0,0,0,0,0,summer,1,0,24H Night,24.0,0.5,12H,0,0.0,6000.0,1.0,0,0.5,0.95,0,1,0,Clear,0,Same Day,0.0,26.0,20.0,60.0,4.2,25.0,60.0,75.0,5640.0,4210.0,4205.882352941177,5640.0,4708.333333333333,5640.0,3750.0,0.99,1,1.387,1462.82,3776.470588235294,3600.0,3776.470588235294,3600.0,1107.6604916245242,17.0,1.0,3000.0,4400.0,0,0,0,0,0,0,0,1,0,0,0,0,0,0,1.0,0.24166666666666667,91.0,1.4906637863729726,0.23333333333333328,42.15663786372973,0.0,1,5,1.891,1.2,1.067,0.8,0,8500.0,0,0
Booked by Rabindra,"10 Persons Max
Rent: ₹3000
Deposit: ₹1000

Deposit Refund after check out.",2026-03-22 20:00:00,2026-03-23 08:00:00,2026-03-23 08:00:00,2026-03-19,14:25:23,12.0,0,0,0,,,,3000.0,10,12.0,12H Night,3,0.0,0, (Month),False,3000.0,3500.0,1.0,2790.0,9.0,23.0,1.0,0.7666666666666667,1.2857142857142858,3,1.0,6.123233995736766e-17,2026,3,12,78,0,0,Festival,False,Standard,Tier 2,High,1.0,0.0,0.0,,,False,False,Festival,0,7,7,0,0,0,0,0,summer,1,0,12H Night,12.0,0.5,12H,0,0.0,6000.0,1.0,0,1.0,1.0,0,1,0,Clear,1,Last Minute,0.0,26.0,20.0,60.0,4.2,25.0,60.0,90.0,3000.0,3000.0,3000.0,3000.0,3000.0,3000.0,2723.943661971831,0.4,7,1.022,60.0,2760.0,2760.0,2760.0,2760.0,0.0,1.0,0.2,2760.0,2760.0,0,0,0,0,0,0,0,0,1,0,0,0,0,0,1.0,0.24166666666666667,91.0,1.6769967596695945,0.23333333333333328,44.01996759669595,0.0,1,5,1.891,1.2,1.067,0.8,0,8500.0,0,0
Booked by Maurya Jitendra,"
15 Persons Max
Rent: ₹3300
Deposit: ₹2000

Deposit Refund after check out.",2026-03-20 10:00:00,2026-03-20 18:00:00,2026-03-20 18:00:00,2026-03-20,22:34:02,8.00000000023283,Ram Navami,0,0,,,,3300.0,15,12.0,12H Day,0,0.0,0, (Strict),False,4000.0,3500.0,1.0,3230.0,10.0,24.0,1.0,0.8,1.4285714285714286,3,1.0,6.123233995736766e-17,2026,4,12,79,0,1,Festival,True,Standard,Tier 2,High,1.0,0.0,0.0,,,False,False,Festival,0,7,7,0,1,0,0,0,summer,1,0,12H Day,12.0,0.5,12H,0,0.0,6600.0,1.0,0,1.0,1.0,0,0,1,Clear,0,Same Day,0.0,26.0,20.0,60.0,4.2,25.0,60.0,75.0,3147.5,3147.5,3375.0,3147.5,2997.0588235294117,3147.5,3375.0,0.61,4,0.77,-727.5,3165.0,3150.0,3165.0,3150.0,566.6911759405549,10.0,1.0,2925.0,3375.0,0,0,0,0,0,0,0,1,0,0,0,0,0,0,1.0,0.24166666666666667,91.0,1.7856919645647287,0.19999999999999996,60.10691964564729,0.5,1,5,1.891,1.2,1.067,0.8,0,8500.0,0,0
Booked by Arpit singh,"Booking confirmed ✅ 
Farm number 11
₹2000 advance received

30 Mar 2026 at 7:00 PM to 31 Mar 2026 at 6:00 PM
11 Persons Max
Rent: ₹5500
Deposit: ₹2000

Deposit Refund after check out.",2026-03-30 19:00:00,2026-03-31 18:00:00,2026-03-31 18:00:00,2026-03-20,22:06:55,23.0000000002328,0,0,0,,,,5500.0,11,24.0,24H Night,9,0.0,0, (Strict),False,3000.0,5500.0,0.0,5250.0,11.0,25.0,1.0,0.8333333333333334,1.5714285714285714,3,1.0,6.123233995736766e-17,2026,4,12,79,0,0,Festival,False,Standard,Tier 2,High,1.0,0.0,0.0,,,False,False,Festival,0,7,7,0,0,0,0,0,summer,1,0,24H Night,24.0,1.0,24H,0,0.0,5500.0,1.0,0,1.0,1.0,0,1,0,Clear,2,Standard,0.0,26.0,20.0,60.0,4.2,25.0,60.0,90.0,5584.444444444444,4126.666666666667,6473.076923076923,5584.444444444444,6429.411764705882,5584.444444444444,4550.0,0.93,1,1.387,1462.82,3776.470588235294,3600.0,3776.470588235294,3600.0,1107.6604916245242,17.0,1.0,3000.0,4400.0,1,0,0,0,0,0,0,0,0,0,1,0,0,0,1.0,0.24166666666666667,91.0,1.8856916574143967,0.16666666666666663,46.106916574143966,0.0,1,5,1.891,1.2,1.067,0.8,0,8500.0,0,0
Booked by Kamlesh,"Booking confirmed ✅ 
Farm number 11
₹1000 advance received

24 Mar 2026 at 9:00 AM to 24 Mar 2026 at 6:00 PM
4 Persons Max
Rent: ₹4000
Deposit: ₹2000

Deposit Refund after check out.",2026-03-24 09:00:00,2026-03-24 18:00:00,2026-03-24 18:00:00,2026-03-21,10:04:38,9.0,0,0,0,,,,4000.0,4,12.0,12H Day,2,0.0,0, (Strict),False,3300.0,4000.0,1.0,3380.0,11.0,26.0,1.0,0.8666666666666667,1.5714285714285714,3,1.0,6.123233995736766e-17,2026,5,12,80,0,0,Festival,False,Standard,Tier 2,High,1.0,0.0,0.0,,,False,False,Festival,0,7,7,0,0,0,0,0,summer,1,0,12H Day,12.0,0.5,12H,0,0.0,8000.0,1.0,0,1.0,1.0,0,1,0,Clear,0,Last Minute,0.0,26.0,20.0,60.0,4.2,25.0,60.0,90.0,3102.6315789473683,3102.6315789473683,3245.0,3102.6315789473683,2934.375,3102.6315789473683,3056.25,0.9500000000000001,1,0.77,-727.5,3165.0,3150.0,3165.0,3150.0,566.6911759405549,10.0,1.0,2925.0,3375.0,0,1,0,0,0,0,0,0,1,0,0,0,0,0,1.0,0.24166666666666667,91.0,1.813165892041905,0.1333333333333333,45.38165892041905,0.0,1,5,1.891,1.2,1.067,0.8,0,8500.0,0,0
Booked by Sisham,"19 Mar 2026 at 2:00 PM to 20 Mar 2026 at 8:00 AM
4 Persons Max
Rent: ₹3800
Deposit: ₹1000

Deposit Refund after check out.",2026-03-19 14:00:00,2026-03-20 08:00:00,2026-03-20 08:00:00,2026-03-22,23:13:12,18.0,Ram Navami,0,0,,,,3800.0,4,24.0,24H Day,-3,0.0,0, (Month),False,4000.0,4000.0,1.0,3630.0,9.0,27.0,1.0,0.9,1.2857142857142858,3,1.0,6.123233995736766e-17,2026,6,12,81,0,1,Festival,True,Standard,Tier 2,High,1.0,0.0,0.0,,,False,False,Festival,0,7,7,0,1,0,0,0,summer,1,0,24H Day,24.0,1.0,24H,0,0.0,3800.0,1.0,0,1.0,1.0,0,1,0,Clear,0,Same Day,0.0,26.0,20.0,60.0,4.2,25.0,60.0,75.0,3764.285714285714,3764.285714285714,3764.285714285714,3764.285714285714,3764.285714285714,3764.285714285714,3764.285714285714,0.4,7,1.25,0.0,8500.0,8500.0,8500.0,8500.0,0.0,0.0,0.5,7225.0,9775.0,0,0,0,1,0,0,0,1,0,0,0,0,0,0,1.0,0.24166666666666667,91.0,1.4285555557319205,0.09999999999999998,56.535555557319206,0.5,1,5,1.891,1.2,1.067,0.8,0,8500.0,0,0
Booked by Mahesh Bhuva,"

Farm number 11
₹4000 received 

11 Persons Max
Rent: ₹10000
Deposit: ₹2000

Deposit Refund after check out.",2026-03-28 19:00:00,2026-03-29 18:00:00,2026-03-29 18:00:00,2026-03-23,10:43:50,23.0000000002328,0,1,0,,,,10000.0,11,24.0,24H Night,5,0.0,0, (Strict),False,5500.0,3000.0,1.0,5550.0,9.0,28.0,1.0,0.9333333333333333,1.2857142857142858,3,1.0,6.123233995736766e-17,2026,0,13,82,1,0,Festival,False,Standard,Tier 2,High,1.0,0.0,0.0,,,False,False,Festival,0,7,7,0,0,0,0,0,summer,1,0,24H Night,24.0,1.0,24H,0,0.0,10000.0,1.0,0,1.0,1.0,0,1,0,Clear,1,Standard,0.0,26.0,20.0,60.0,4.2,25.0,100.0,90.0,5484.444444444444,8392.857142857143,6300.0,5484.444444444444,6164.705882352941,5484.444444444444,9250.0,0.91,1,1.387,1462.82,5239.285714285715,5100.0,5239.285714285715,5100.0,2173.2957198030563,28.0,1.0,3400.0,6575.0,0,0,0,0,0,0,0,0,0,1,0,0,0,0,1.0,0.24166666666666667,91.0,1.3775362610910802,0.06666666666666665,61.025362610910804,0.0,1,5,1.891,1.2,1.067,0.8,0,8500.0,0,0
Booked by Neha,"₹1000 received 

10 Persons Max
Rent: ₹3000
Deposit: ₹1000

Deposit Refund after check out.",2026-03-28 09:00:00,2026-03-28 18:00:00,2026-03-28 18:00:00,2026-03-27,13:18:21,9.0,0,0,0,,,,3000.0,10,12.0,12H Day,0,0.0,0, (Strict),False,4000.0,3300.0,4.0,3430.0,4.0,24.0,0.5714285714285714,0.8,0.5714285714285714,3,1.0,6.123233995736766e-17,2026,4,13,86,0,0,Festival,False,Standard,Tier 2,High,1.0,0.0,0.0,,,False,False,Festival,0,7,7,0,0,0,0,0,summer,1,0,12H Day,12.0,0.5,12H,0,0.0,6000.0,1.0,0,1.0,1.0,0,1,0,Clear,0,Same Day,0.0,26.0,20.0,60.0,4.2,25.0,60.0,75.0,3155.2631578947367,3155.2631578947367,3500.0,3155.2631578947367,2996.875,3155.2631578947367,3500.0,0.7,3,0.77,-727.5,3165.0,3150.0,3165.0,3150.0,566.6911759405549,10.0,1.0,2925.0,3375.0,0,0,0,0,0,0,0,1,0,0,0,0,0,0,1.0,0.24166666666666667,91.0,0.7142767858258914,-0.22857142857142865,34.392767858258914,0.0,1,5,1.891,1.2,1.067,0.8,0,8500.0,0,0
Booked by Mahi ,"₹5000 received 

2 Persons Max
Rent: ₹4000
Deposit: ₹1000

Deposit Refund after check out.",2026-04-01 09:00:00,2026-04-01 18:00:00,2026-04-01 18:00:00,2026-03-28,23:09:07,9.0,0,0,0,,,,4000.0,2,12.0,Couple Half Day,3,0.0,0, (Strict),False,2500.0,1500.0,1.0,1950.0,4.0,25.0,0.5714285714285714,0.8333333333333334,0.5714285714285714,3,1.0,6.123233995736766e-17,2026,5,13,87,0,0,Festival,False,Standard,Tier 2,High,1.0,0.0,0.0,,,False,False,Festival,0,7,7,0,0,0,0,0,summer,1,0,12H Day,12.0,0.5,12H,0,0.0,8000.0,1.0,0,1.0,1.0,1,0,0,Clear,1,Last Minute,0.0,26.0,20.0,60.0,4.2,25.0,60.0,90.0,3102.6315789473683,3102.6315789473683,2250.0,3102.6315789473683,2934.375,3102.6315789473683,2250.0,0.91,1,0.77,-727.5,3165.0,3150.0,3165.0,3150.0,566.6911759405549,10.0,1.0,2925.0,3375.0,0,1,0,0,0,0,0,0,1,0,0,0,0,0,1.0,0.24166666666666667,91.0,0.6857060572415988,-0.261904761904762,34.10706057241599,0.0,1,5,1.891,1.2,1.067,0.8,0,8500.0,0,0
Booked by Imran Mansuri,"Booking confirmed ✅ 
Farm number 11
₹1000 received 

15 Persons Max
Rent: ₹4500
Deposit: ₹1000

Deposit Refund after check out.",2026-03-29 19:00:00,2026-03-30 18:00:00,2026-03-30 18:00:00,2026-03-28,14:32:44,23.0000000002328,0,0,0,,,,4500.0,15,24.0,24H Night,1,0.0,0, (Strict),False,10000.0,5500.0,0.0,5750.0,5.0,26.0,0.7142857142857143,0.8666666666666667,0.7142857142857143,3,1.0,6.123233995736766e-17,2026,5,13,87,0,0,Festival,False,Standard,Tier 2,High,1.0,0.0,0.0,,,False,False,Festival,0,7,7,0,0,0,0,0,summer,1,0,24H Night,24.0,1.0,24H,0,0.0,4500.0,1.0,0,1.0,1.0,0,0,1,Clear,0,Last Minute,0.0,26.0,20.0,60.0,4.2,25.0,60.0,75.0,5606.666666666667,4160.0,6511.538461538462,5606.666666666667,4645.833333333333,5606.666666666667,4357.142857142857,0.9400000000000001,1,1.387,1462.82,3776.470588235294,3600.0,3776.470588235294,3600.0,1107.6604916245242,17.0,1.0,3000.0,4400.0,0,0,1,0,0,0,0,0,1,0,0,0,0,0,1.0,0.24166666666666667,91.0,0.8241663145645023,-0.1523809523809524,35.49166314564502,0.0,1,5,1.891,1.2,1.067,0.8,0,8500.0,0,0
Booked by Paresh Jasani,"Booking confirmed ✅ 
Farm number 11
₹4000 advance received

4 Apr 2026 at 7:00 PM to 5 Apr 2026 at 6:00 PM
12 Persons Max
Rent: ₹12000
Deposit: ₹2000

Deposit Refund after check out.",2026-04-04 19:00:00,2026-04-05 18:00:00,2026-04-05 18:00:00,2026-03-29,13:21:34,23.0000000002328,0,1,0,,,,12000.0,12,24.0,24H Night,6,0.0,0, (Strict),False,4500.0,10000.0,1.0,6100.0,5.0,27.0,0.7142857142857143,0.9,0.7142857142857143,3,1.0,6.123233995736766e-17,2026,6,13,88,1,0,Festival,False,Standard,Tier 2,High,1.0,0.0,0.0,,,False,False,Festival,0,7,7,0,0,0,0,0,summer,1,0,24H Night,24.0,1.0,24H,0,0.0,12000.0,1.0,0,1.0,1.0,0,1,0,Clear,1,Standard,0.0,26.0,20.0,60.0,4.2,25.0,100.0,90.0,5440.0,8250.0,6223.076923076923,5440.0,6047.058823529412,5440.0,8750.0,0.91,1,1.387,1462.82,5239.285714285715,5100.0,5239.285714285715,5100.0,2173.2957198030563,28.0,1.0,3400.0,6575.0,0,0,0,0,1,0,0,0,0,1,0,0,0,0,1.0,0.24166666666666667,91.0,0.7936419754066225,-0.18571428571428572,55.18641975406622,0.0,1,5,1.891,1.2,1.067,0.8,0,8500.0,0,0
Booked by Devendra,"
₹2000 received 

7 Persons Max
Rent: ₹4000
Deposit: ₹2000

Deposit Refund after check out.",2026-04-11 09:00:00,2026-04-11 18:00:00,2026-04-11 18:00:00,2026-03-29,11:23:45,9.0,0,0,0,,,,4000.0,7,12.0,12H Day,12,0.0,0, (Strict),False,3000.0,4000.0,0.0,3430.0,6.0,28.0,0.8571428571428571,0.9333333333333333,0.8571428571428571,3,1.0,6.123233995736766e-17,2026,6,13,88,0,0,Festival,False,Standard,Tier 2,High,1.0,0.0,0.0,,,False,False,Festival,0,7,7,0,0,0,0,0,summer,1,0,12H Day,12.0,0.5,12H,0,0.0,8000.0,1.0,0,1.0,1.0,0,1,0,Clear,2,Standard,0.0,26.0,20.0,60.0,4.2,25.0,60.0,90.0,3102.6315789473683,3102.6315789473683,3245.0,3102.6315789473683,4000.0,3102.6315789473683,3245.0,0.7699999999999999,3,0.77,-727.5,3165.0,3150.0,3165.0,3150.0,566.6911759405549,10.0,1.0,2925.0,3375.0,0,0,0,1,0,0,0,0,0,0,1,0,0,0,1.0,0.24166666666666667,91.0,0.9183575073940534,-0.07619047619047625,36.43357507394053,0.0,1,5,1.891,1.2,1.067,0.8,0,8500.0,0,0
Booked by Vivek Vala,"
Farm number 11
₹500 received 

2 Persons Max
Rent: ₹3000
Deposit: ₹1000

Deposit Refund after check out.",2026-04-03 19:00:00,2026-04-04 08:00:00,2026-04-04 08:00:00,2026-03-30,12:07:37,13.0000000004657,0,0,0,,,,3000.0,2,12.0,Couple Full Night,4,0.0,0, (Month),False,3500.0,3000.0,1.0,3357.1428571428573,6.0,29.0,0.8571428571428571,0.9666666666666667,0.8571428571428571,3,1.0,6.123233995736766e-17,2026,0,14,89,0,0,Festival,False,Standard,Tier 2,High,1.0,0.0,0.0,,,False,False,Festival,0,7,7,0,0,0,0,0,summer,1,0,12H Night,12.0,0.5,12H,0,0.0,6000.0,1.0,0,1.0,1.0,1,0,0,Clear,1,Standard,0.0,26.0,20.0,60.0,4.2,25.0,60.0,90.0,3000.0,3000.0,3000.0,3000.0,3000.0,3000.0,2723.943661971831,0.4,7,1.022,60.0,2760.0,2760.0,2760.0,2760.0,0.0,1.0,0.2,2760.0,2760.0,0,0,0,0,0,0,0,0,0,1,0,0,0,0,1.0,0.24166666666666667,91.0,0.8866903347305274,-0.10952380952380958,36.116903347305275,0.0,1,5,1.891,1.2,1.067,0.8,0,8500.0,0,0
Booked by Viraj Pansuriya,"Booking confirmed ✅ 
Farm number 11
₹2000 advance received

10 Persons Max
Rent: ₹5000
Deposit: ₹2000

Deposit Refund after check out.",2026-04-02 19:00:00,2026-04-03 18:00:00,2026-04-03 18:00:00,2026-04-01,13:12:31,23.0000000002328,0,0,0,,,,5000.0,10,24.0,24H Night,1,0.0,0, (Strict),False,12000.0,4500.0,2.0,6100.0,7.0,29.0,1.0,0.9666666666666667,1.0,4,0.8660254037844387,-0.49999999999999983,2026,2,14,91,0,0,Festival,False,Standard,Tier 2,High,1.0,0.0,0.0,,,False,False,Festival,0,7,7,0,0,0,0,0,summer,1,0,24H Night,24.0,1.0,24H,0,0.0,5000.0,1.0,0,1.0,1.0,0,1,0,Clear,0,Last Minute,0.0,26.0,20.0,60.0,4.2,25.0,60.0,75.0,6326.666666666667,5194.594594594595,6691.428571428572,6326.666666666667,5932.35294117647,6326.666666666667,4910.0,1.0,1,1.477,2158.33,4520.833333333333,4400.0,4520.833333333333,4400.0,577.8364193577901,24.0,1.0,4275.0,4750.0,0,0,0,0,0,0,0,0,1,0,0,0,0,0,1.0,0.20833333333333334,95.0,1.0344720571856154,0.033333333333333326,36.59472057185616,0.0,1,5,1.891,1.2,1.067,0.8,0,8500.0,0,0
Booked by Saurabh Sharma,"
₹1000 received 

2 Persons Max
Rent: ₹4000
Deposit: ₹1000

Deposit Refund after check out.",2026-04-06 09:00:00,2026-04-06 18:00:00,2026-04-06 18:00:00,2026-04-04,13:10:09,9.0,0,0,0,,,,4000.0,2,12.0,Couple Half Day,1,0.0,0, (Strict),False,4000.0,2500.0,3.0,2150.0,5.0,29.0,0.7142857142857143,0.9666666666666667,0.7142857142857143,4,0.8660254037844387,-0.49999999999999983,2026,5,14,94,0,0,Festival,False,Standard,Tier 2,High,1.0,0.0,0.0,,,False,False,Festival,0,7,7,0,0,0,0,0,summer,1,0,12H Day,12.0,0.5,12H,0,0.0,8000.0,1.0,0,1.0,1.0,1,0,0,Clear,0,Last Minute,0.0,26.0,20.0,60.0,4.2,25.0,60.0,75.0,3187.5,3187.5,3187.5,3187.5,3071.4285714285716,3187.5,2916.6666666666665,0.93,1,1.281,860.0,3060.0,3000.0,3060.0,3000.0,620.8289389425813,15.0,1.0,2500.0,3450.0,0,1,0,0,0,0,0,0,1,0,0,0,0,0,1.0,0.20833333333333334,95.0,0.7389086122754396,-0.2523809523809524,33.63908612275439,0.0,1,5,1.891,1.2,1.067,0.8,0,8500.0,0,0
Booked by Mukesh Sharma,"Booking confirmed ✅ 
Farm number 11
₹1000 advance received

2 Persons Max
Rent: ₹2500
Deposit: ₹1000

Deposit Refund after check out.",2026-04-08 11:00:00,2026-04-08 18:00:00,2026-04-08 18:00:00,2026-04-07,20:57:10,6.99999999976717,0,0,0,,,,2500.0,2,12.0,Couple Half Day,0,0.0,0, (Strict),False,4000.0,4000.0,3.0,2250.0,3.0,26.0,0.42857142857142855,0.8666666666666667,0.42857142857142855,4,0.8660254037844387,-0.49999999999999983,2026,1,15,97,0,0,Festival,False,Standard,Tier 2,High,1.0,0.0,0.0,,,False,False,Festival,0,7,7,0,0,0,0,0,summer,1,0,12H Day,12.0,0.5,12H,0,0.0,5000.0,1.0,0,1.0,1.0,1,0,0,Clear,0,Same Day,0.0,26.0,20.0,60.0,4.2,25.0,60.0,75.0,3281.25,3281.25,3375.0,3281.25,3178.5714285714284,3281.25,3166.6666666666665,0.93,1,1.281,860.0,3060.0,3000.0,3060.0,3000.0,620.8289389425813,15.0,1.0,2500.0,3450.0,0,0,0,0,0,0,0,1,0,0,0,0,0,0,1.0,0.20833333333333334,95.0,0.4944997887387014,-0.43809523809523815,31.194997887387014,0.0,1,5,1.891,1.2,1.067,0.8,0,8500.0,0,0
Booked by Chirag,"Booking confirmed ✅ 
Farm number 11
₹1000 advance received

₹5000 payment pending (₹1000 security deposit)

22 Apr 2026 at 7:00 PM to 23 Apr 2026 at 6:00 PM
15 Persons Max
Rent: ₹5000
Deposit: ₹2000

Deposit Refund after check out.",2026-04-22 19:00:00,2026-04-23 18:00:00,2026-04-23 18:00:00,2026-04-07,13:00:25,23.0000000002328,0,0,1,,,,5000.0,15,24.0,24H Night,15,0.0,0, (Strict),False,5000.0,12000.0,0.0,5600.0,4.0,27.0,0.5714285714285714,0.9,0.5714285714285714,4,0.8660254037844387,-0.49999999999999983,2026,1,15,97,0,0,Festival,False,Standard,Tier 2,High,1.0,0.0,0.0,,,False,False,Festival,0,7,7,0,0,0,0,1,summer,1,0,24H Night,24.0,1.0,24H,0,0.0,5000.0,1.0,0,1.0,1.0,0,0,1,Clear,2,Advance,0.0,26.0,20.0,60.0,4.2,25.0,60.0,95.0,6326.666666666667,5194.594594594595,6691.428571428572,6326.666666666667,9100.0,6326.666666666667,7666.666666666667,0.9,1,1.477,2158.33,4520.833333333333,4400.0,4520.833333333333,4400.0,577.8364193577901,24.0,1.0,4275.0,4750.0,0,0,0,0,0,0,0,0,0,0,0,1,0,0,1.0,0.20833333333333334,95.0,0.634913580325298,-0.3285714285714286,32.59913580325298,0.0,1,5,1.891,1.2,1.067,0.8,0,8500.0,0,0
Booked by Vaibhav kadvane,"Booking confirmed ✅ 
Farm number 11
₹2000 advance received

9 Apr 2026 at 7:00 PM to 10 Apr 2026 at 6:00 PM
7 Persons Max
Rent: ₹5000
Deposit: ₹2000

Deposit Refund after check out.",2026-04-09 19:00:00,2026-04-10 18:00:00,2026-04-10 18:00:00,2026-04-07,15:53:01,23.0000000002328,0,0,0,,,,5000.0,7,24.0,24H Night,2,0.0,0, (Strict),False,5000.0,5000.0,0.0,5850.0,5.0,28.0,0.7142857142857143,0.9333333333333333,0.7142857142857143,4,0.8660254037844387,-0.49999999999999983,2026,1,15,97,0,0,Festival,False,Standard,Tier 2,High,1.0,0.0,0.0,,,False,False,Festival,0,7,7,0,0,0,0,0,summer,1,0,24H Night,24.0,1.0,24H,0,0.0,5000.0,1.0,0,1.0,1.0,0,1,0,Clear,0,Last Minute,0.0,26.0,20.0,60.0,4.2,25.0,60.0,90.0,6326.666666666667,5194.594594594595,5055.555555555556,6326.666666666667,5932.35294117647,6326.666666666667,5062.5,0.9500000000000001,1,1.477,2158.33,4520.833333333333,4400.0,4520.833333333333,4400.0,577.8364193577901,24.0,1.0,4275.0,4750.0,0,0,0,0,0,0,0,0,1,0,0,0,0,0,1.0,0.20833333333333334,95.0,0.7652979228283779,-0.21904761904761905,33.90297922828378,0.0,1,5,1.891,1.2,1.067,0.8,0,8500.0,0,0
Booked by Yash Galani,"
Farm number 11
₹4000 received 

10 Persons Max
Rent: ₹12000
Deposit: ₹2000

Deposit Refund after check out.",2026-04-11 19:00:00,2026-04-12 18:00:00,2026-04-12 18:00:00,2026-04-07,17:19:29,23.0000000002328,0,1,0,,,,12000.0,10,24.0,24H Night,4,0.0,0, (Strict),False,5000.0,5000.0,0.0,6750.0,6.0,29.0,0.8571428571428571,0.9666666666666667,0.8571428571428571,4,0.8660254037844387,-0.49999999999999983,2026,1,15,97,1,0,Festival,False,Standard,Tier 2,High,1.0,0.0,0.0,,,False,False,Festival,0,7,7,0,0,0,0,0,summer,1,0,24H Night,24.0,1.0,24H,0,0.0,12000.0,1.0,0,1.0,1.0,0,1,0,Clear,1,Standard,0.0,26.0,20.0,60.0,4.2,25.0,100.0,90.0,6171.111111111111,11500.0,6491.428571428572,6171.111111111111,5125.0,6171.111111111111,11500.0,0.74,3,1.477,2158.33,6679.166666666667,5200.0,6679.166666666667,5200.0,3224.90029056062,24.0,1.0,4200.0,10150.0,0,0,0,0,0,0,0,0,0,1,0,0,0,0,1.0,0.20833333333333334,95.0,0.8866903347305274,-0.10952380952380958,55.116903347305275,0.0,1,5,1.891,1.2,1.067,0.8,0,8500.0,0,0
Booked by Ravi Gauswami,"
Farm number 11
₹1000 received 

10 Persons Max
Rent: ₹5000
Deposit: ₹2000

Deposit Refund after check out.",2026-04-13 09:00:00,2026-04-14 08:00:00,2026-04-14 08:00:00,2026-04-08,13:50:00,23.0000000002328,0,0,0,,,,5000.0,10,24.0,24H Day,4,0.0,0, (Month),False,3800.0,4000.0,1.0,3780.0,6.0,30.0,0.8571428571428571,1.0,0.8571428571428571,4,0.8660254037844387,-0.49999999999999983,2026,2,15,98,0,0,Festival,False,Standard,Tier 2,High,1.0,0.0,0.0,,,False,False,Festival,0,7,7,0,0,0,0,0,summer,1,0,24H Day,24.0,1.0,24H,0,0.0,5000.0,1.0,0,1.0,1.0,0,1,0,Clear,1,Standard,0.0,26.0,20.0,60.0,4.2,25.0,60.0,90.0,3500.0,3500.0,4000.0,3500.0,3500.0,3500.0,3669.230769230769,0.4,7,0.94,-231.68,3860.992498557415,3860.992498557415,3860.992498557415,3860.992498557415,1217.6272685613935,2.0,0.4,3430.496249278707,4291.4887478361225,0,0,0,0,0,0,0,0,0,1,0,0,0,0,1.0,0.20833333333333334,95.0,0.8571342857999991,-0.1428571428571429,34.821342857999994,0.0,1,5,1.891,1.2,1.067,0.8,0,8500.0,0,0
Booked by Manthan,"Booking confirmed ✅ 
₹1000 advance received

14 Apr 2026 at 12:00 PM to 14 Apr 2026 at 6:00 PM
2 Persons Max
Rent: ₹3500
Deposit: ₹1000

Deposit Refund after check out.",2026-04-14 12:00:00,2026-04-14 18:00:00,2026-04-14 18:00:00,2026-04-09,09:13:17,6.0,0,0,0,,,,3500.0,2,12.0,Couple Half Day,5,0.0,0, (Strict),False,2500.0,4000.0,1.0,2450.0,7.0,29.0,1.0,0.9666666666666667,1.0,4,0.8660254037844387,-0.49999999999999983,2026,3,15,99,0,0,Festival,False,Standard,Tier 2,High,1.0,0.0,0.0,,,False,False,Festival,0,7,7,0,0,0,0,0,summer,1,0,12H Day,12.0,0.5,12H,0,0.0,7000.0,1.0,0,1.0,1.0,1,0,0,Clear,1,Standard,0.0,26.0,20.0,60.0,4.2,25.0,60.0,90.0,3218.75,3218.75,3250.0,3218.75,4500.0,3218.75,3250.0,0.75,3,1.281,860.0,3060.0,3000.0,3060.0,3000.0,620.8289389425813,15.0,1.0,2500.0,3450.0,0,0,0,0,0,0,0,0,0,1,0,0,0,0,1.0,0.20833333333333334,95.0,1.0344720571856154,0.033333333333333326,36.59472057185616,0.0,1,5,1.891,1.2,1.067,0.8,0,8500.0,0,0
Booked by Urvashi Rawal,"
2 Persons Max
Rent: ₹2500
Deposit: ₹1000

Deposit Refund after check out.",2026-04-09 14:00:00,2026-04-09 18:00:00,2026-04-09 18:00:00,2026-04-09,14:49:41,3.99999999976717,0,0,0,,,,2500.0,2,12.0,Couple Half Day,0,0.0,0, (Strict),False,3500.0,2500.0,0.0,2550.0,8.0,30.0,1.0,1.0,1.1428571428571428,4,0.8660254037844387,-0.49999999999999983,2026,3,15,99,0,0,Festival,False,Standard,Tier 2,High,1.0,0.0,0.0,,,False,False,Festival,0,7,7,0,0,0,0,0,summer,1,0,12H Day,12.0,0.5,12H,0,0.0,5000.0,1.0,0,1.0,1.0,1,0,0,Clear,0,Same Day,0.0,26.0,20.0,60.0,4.2,25.0,60.0,75.0,3281.25,3281.25,3375.0,3281.25,3178.5714285714284,3281.25,3166.6666666666665,0.93,1,1.281,860.0,3060.0,3000.0,3060.0,3000.0,620.8289389425813,15.0,1.0,2500.0,3450.0,0,0,0,0,0,0,0,1,0,0,0,0,0,0,1.0,0.20833333333333334,95.0,1.1428457143999988,0.0,37.678457143999985,0.0,1,5,1.891,1.2,1.067,0.8,0,8500.0,0,0
Booked by Krish Bhutvala,"Booking confirmed ✅ 
Farm number 11
₹2000 received 

10 Persons Max
Rent: ₹5000
Deposit: ₹2000

Deposit Refund after check out.",2026-04-15 19:00:00,2026-04-16 18:00:00,2026-04-16 18:00:00,2026-04-13,11:09:13,23.0000000002328,0,0,1,,,,5000.0,10,24.0,24H Night,2,0.0,0, (Strict),False,12000.0,5000.0,4.0,6700.0,8.0,29.0,1.0,0.9666666666666667,1.1428571428571428,4,0.8660254037844387,-0.49999999999999983,2026,0,16,103,0,0,Festival,False,Standard,Tier 2,High,1.0,0.0,0.0,,,False,False,Festival,0,7,7,0,0,0,0,1,summer,1,0,24H Night,24.0,1.0,24H,0,0.0,5000.0,1.0,0,1.0,1.0,0,1,0,Clear,0,Last Minute,0.0,26.0,20.0,60.0,4.2,25.0,60.0,90.0,6326.666666666667,5194.594594594595,6691.428571428572,6326.666666666667,5932.35294117647,6326.666666666667,4910.0,1.0,1,1.477,2158.33,4520.833333333333,4400.0,4520.833333333333,4400.0,577.8364193577901,24.0,1.0,4275.0,4750.0,0,0,0,0,0,0,0,0,1,0,0,0,0,0,1.0,0.20833333333333334,95.0,1.182253779640703,0.033333333333333326,38.07253779640703,0.0,1,5,1.891,1.2,1.067,0.8,0,8500.0,0,0
Booked by Jayesh Kumbhare,"
2 Persons Max
Rent: ₹3000
Deposit: ₹1000

Deposit Refund after check out.",2026-04-15 12:00:00,2026-04-15 18:00:00,2026-04-15 18:00:00,2026-04-15,12:12:01,6.0,0,0,1,,,,3000.0,2,12.0,Couple Half Day,0,0.0,0, (Strict),False,2500.0,3500.0,2.0,2700.0,4.0,26.0,0.5714285714285714,0.8666666666666667,0.5714285714285714,4,0.8660254037844387,-0.49999999999999983,2026,2,16,105,0,0,Festival,False,Standard,Tier 2,High,1.0,0.0,0.0,,,False,False,Festival,0,7,7,0,0,0,0,1,summer,1,0,12H Day,12.0,0.5,12H,0,0.0,6000.0,1.0,0,1.0,1.0,1,0,0,Clear,0,Same Day,0.0,26.0,20.0,60.0,4.2,25.0,60.0,75.0,3250.0,3250.0,3312.5,3250.0,3142.8571428571427,3250.0,3083.3333333333335,0.93,1,1.281,860.0,3060.0,3000.0,3060.0,3000.0,620.8289389425813,15.0,1.0,2500.0,3450.0,0,0,0,0,0,0,0,1,0,0,0,0,0,0,1.0,0.20833333333333334,95.0,0.6593330516516018,-0.2952380952380953,32.84333051651602,0.0,1,5,1.891,1.2,1.067,0.8,0,8500.0,0,0
Booked by Agent 7SeasFarm,"Booking confirmed ✅ 
Farm number 11
₹2000 advance received

17 Apr 2026 at 7:00 PM to 18 Apr 2026 at 6:00 PM
10 Persons Max
Rent: ₹5000
Deposit: ₹2000

Deposit Refund after check out.",2026-04-17 19:00:00,2026-04-18 18:00:00,2026-04-18 18:00:00,2026-04-16,22:58:13,23.0000000002328,0,0,1,,,,5000.0,10,24.0,24H Night,0,0.0,0, (Strict),False,5000.0,12000.0,1.0,6900.0,3.0,27.0,0.42857142857142855,0.9,0.42857142857142855,4,0.8660254037844387,-0.49999999999999983,2026,3,16,106,0,0,Festival,False,Standard,Tier 2,High,1.0,0.0,0.0,,,False,False,Festival,0,7,7,0,0,0,0,1,summer,1,0,24H Night,24.0,1.0,24H,0,0.0,5000.0,1.0,0,1.0,1.0,0,1,0,Clear,0,Same Day,0.0,26.0,20.0,60.0,4.2,25.0,60.0,75.0,6326.666666666667,5194.594594594595,6691.428571428572,6326.666666666667,5932.35294117647,6326.666666666667,4910.0,1.0,1,1.477,2158.33,4520.833333333333,4400.0,4520.833333333333,4400.0,577.8364193577901,24.0,1.0,4275.0,4750.0,0,0,0,0,0,0,0,1,0,0,0,0,0,0,1.0,0.20833333333333334,95.0,0.47618518524397346,-0.4714285714285715,31.011851852439733,0.0,1,5,1.891,1.2,1.067,0.8,0,8500.0,0,0
Booked by Rajesh Patel,"Booking confirmed ✅ 
Farm number 11
₹2000 advance received

19 Apr 2026 at 7:00 PM to 20 Apr 2026 at 6:00 PM
12 Persons Max
Rent: ₹5000
Deposit: ₹2000

Deposit Refund after check out.",2026-04-19 19:00:00,2026-04-20 18:00:00,2026-04-20 18:00:00,2026-04-16,21:24:11,23.0000000002328,0,0,1,,,,5000.0,12,24.0,24H Night,2,0.0,0, (Strict),False,5000.0,5000.0,0.0,6850.0,4.0,28.0,0.5714285714285714,0.9333333333333333,0.5714285714285714,4,0.8660254037844387,-0.49999999999999983,2026,3,16,106,0,0,Festival,False,Standard,Tier 2,High,1.0,0.0,0.0,,,False,False,Festival,0,7,7,0,0,0,0,1,summer,1,0,24H Night,24.0,1.0,24H,0,0.0,5000.0,1.0,0,1.0,1.0,0,1,0,Clear,0,Last Minute,0.0,26.0,20.0,60.0,4.2,25.0,60.0,90.0,6326.666666666667,5194.594594594595,6691.428571428572,6326.666666666667,5932.35294117647,6326.666666666667,4910.0,1.0,1,1.477,2158.33,4520.833333333333,4400.0,4520.833333333333,4400.0,577.8364193577901,24.0,1.0,4275.0,4750.0,0,0,0,0,0,0,0,0,1,0,0,0,0,0,1.0,0.20833333333333334,95.0,0.6122383382627022,-0.36190476190476195,32.37238338262702,0.0,1,5,1.891,1.2,1.067,0.8,0,8500.0,0,0
Booked by Dilip Sisara,"
Farm number 11
₹1000 received 

5 Persons Max
Rent: ₹4000
3500 aana, 500 aagal na booking cancel na
Deposit: ₹1000

Deposit Refund after check out.",2026-04-17 10:30:00,2026-04-17 18:00:00,2026-04-17 18:00:00,2026-04-17,09:53:46,7.5,0,0,1,,,,4000.0,5,12.0,12H Day,0,0.0,0, (Strict),False,4000.0,3000.0,1.0,3580.0,5.0,26.0,0.7142857142857143,0.8666666666666667,0.7142857142857143,4,0.8660254037844387,-0.49999999999999983,2026,4,16,107,0,0,Festival,False,Standard,Tier 2,High,1.0,0.0,0.0,,,False,False,Festival,0,7,7,0,0,0,0,1,summer,1,0,12H Day,12.0,0.5,12H,0,0.0,8000.0,1.0,0,1.0,1.0,0,1,0,Clear,0,Same Day,0.0,26.0,20.0,60.0,4.2,25.0,60.0,75.0,3187.5,3187.5,3071.4285714285716,3187.5,3071.4285714285716,3187.5,3071.4285714285716,0.9400000000000001,1,1.281,860.0,3060.0,3000.0,3060.0,3000.0,620.8289389425813,15.0,1.0,2500.0,3450.0,0,0,0,0,0,0,0,1,0,0,0,0,0,0,1.0,0.20833333333333334,95.0,0.8241663145645023,-0.1523809523809524,34.49166314564502,0.0,1,5,1.891,1.2,1.067,0.8,0,8500.0,0,0
Booked by Agent Fenil,"Booking confirmed ✅ 
Farm number 11
₹5000 advance received

18 Apr 2026 at 7:00 PM to 19 Apr 2026 at 6:00 PM
15 Persons Max
Rent: ₹11000
Deposit: ₹2000

Deposit Refund after check out.",2026-04-18 19:00:00,2026-04-19 18:00:00,2026-04-19 18:00:00,2026-04-17,22:17:15,23.0000000002328,0,1,1,,,,11000.0,15,24.0,24H Night,0,0.0,0, (Strict),False,5000.0,5000.0,0.0,6950.0,6.0,27.0,0.8571428571428571,0.9,0.8571428571428571,4,0.8660254037844387,-0.49999999999999983,2026,4,16,107,1,0,Festival,False,Standard,Tier 2,High,1.0,0.0,0.0,,,False,False,Festival,0,7,7,1,0,0,0,1,summer,1,0,24H Night,24.0,1.0,24H,0,0.0,11000.0,1.0,0,1.0,1.0,0,0,1,Clear,0,Same Day,0.0,26.0,20.0,60.0,4.2,25.0,100.0,75.0,6193.333333333333,11642.857142857143,6520.0,6193.333333333333,5755.882352941177,6193.333333333333,11750.0,0.91,1,1.477,2158.33,6679.166666666667,5200.0,6679.166666666667,5200.0,3224.90029056062,24.0,1.0,4200.0,10150.0,1,0,0,0,0,0,0,1,0,0,0,0,0,0,1.0,0.20833333333333334,95.0,0.9523703704879469,-0.04285714285714293,55.773703704879466,0.0,1,5,1.891,1.2,1.067,0.8,0,8500.0,0,0
Booked by Kuldeep Vaghasiya,"Booking confirmed ✅ 
Farm number 11
₹2000 receives 

8 Persons Max
Rent: ₹5000
Deposit: ₹2000

Deposit Refund after check out.",2026-04-21 19:00:00,2026-04-22 18:00:00,2026-04-22 18:00:00,2026-04-20,16:37:21,23.0000000002328,0,0,1,,,,5000.0,8,24.0,24H Night,1,0.0,0, (Strict),False,11000.0,5000.0,3.0,7000.0,6.0,24.0,0.8571428571428571,0.8,0.8571428571428571,4,0.8660254037844387,-0.49999999999999983,2026,0,17,110,0,0,Festival,False,Standard,Tier 2,High,1.0,0.0,0.0,,,False,False,Festival,0,7,7,0,0,0,0,1,summer,1,0,24H Night,24.0,1.0,24H,0,0.0,5000.0,1.0,0,1.0,1.0,0,1,0,Clear,0,Last Minute,0.0,26.0,20.0,60.0,4.2,25.0,60.0,75.0,6326.666666666667,5194.594594594595,5055.555555555556,6326.666666666667,5932.35294117647,6326.666666666667,5062.5,0.9500000000000001,1,1.477,2158.33,4520.833333333333,4400.0,4520.833333333333,4400.0,577.8364193577901,24.0,1.0,4275.0,4750.0,0,0,0,0,0,0,0,0,1,0,0,0,0,0,1.0,0.20833333333333334,95.0,1.071415178738837,0.05714285714285705,36.964151787388374,0.0,1,5,1.891,1.2,1.067,0.8,0,8500.0,0,0
Booked by agent jatin,"25 Apr 2026 at 7:00 PM to 26 Apr 2026 at 6:00 PM
15 Persons Max
Rent: ₹12000
Deposit: ₹2000

Deposit Refund after check out.",2026-04-25 19:00:00,2026-04-26 18:00:00,2026-04-26 18:00:00,2026-04-21,22:10:16,23.0000000002328,0,1,1,,,,12000.0,15,24.0,24H Night,3,0.0,0, (Strict),False,5000.0,11000.0,1.0,7000.0,7.0,24.0,1.0,0.8,1.0,4,0.8660254037844387,-0.49999999999999983,2026,1,17,111,1,0,Festival,False,Standard,Tier 2,High,1.0,0.0,0.0,,,False,False,Festival,0,7,7,1,0,0,0,1,summer,1,0,24H Night,24.0,1.0,24H,0,0.0,12000.0,1.0,0,1.0,1.0,0,0,1,Clear,1,Last Minute,0.0,26.0,20.0,60.0,4.2,25.0,100.0,90.0,6171.111111111111,11500.0,6491.428571428572,6171.111111111111,5726.470588235294,6171.111111111111,11500.0,0.91,1,1.477,2158.33,6679.166666666667,5200.0,6679.166666666667,5200.0,3224.90029056062,24.0,1.0,4200.0,10150.0,0,0,0,0,0,0,0,0,1,0,0,0,0,0,1.0,0.20833333333333334,95.0,1.2499843751953101,0.19999999999999996,58.7498437519531,0.0,1,5,1.891,1.2,1.067,0.8,0,8500.0,0,0
Booked by Rashmi,"Booking confirmed ✅ 
Farm number 11

₹5500 advance received

25 Apr 2026 at 10:00 AM to 25 Apr 2026 at 6:00 PM
2 Persons Max
Rent: ₹4500
Deposit: ₹1000

Deposit Refund after check out.",2026-04-25 10:00:00,2026-04-25 18:00:00,2026-04-25 18:00:00,2026-04-22,15:43:34,8.00000000023283,0,0,1,,,,4500.0,2,12.0,Couple Half Day,2,0.0,0, (Strict),False,3000.0,2500.0,1.0,3000.0,7.0,24.0,1.0,0.8,1.0,4,0.8660254037844387,-0.49999999999999983,2026,2,17,112,0,0,Festival,False,Standard,Tier 2,High,1.0,0.0,0.0,,,False,False,Festival,0,7,7,0,0,0,0,1,summer,1,0,12H Day,12.0,0.5,12H,0,0.0,9000.0,1.0,0,1.0,1.0,1,0,0,Clear,0,Last Minute,0.0,26.0,20.0,60.0,4.2,25.0,60.0,90.0,3156.25,3156.25,3125.0,3156.25,3035.714285714286,3156.25,2833.3333333333335,0.93,1,1.281,860.0,3060.0,3000.0,3060.0,3000.0,620.8289389425813,15.0,1.0,2500.0,3450.0,0,0,0,0,0,0,0,0,1,0,0,0,0,0,1.0,0.20833333333333334,95.0,1.2499843751953101,0.19999999999999996,38.7498437519531,0.0,1,5,1.891,1.2,1.067,0.8,0,8500.0,0,0
Booked by Dipesh Bhaliya,"Booking confirmed ✅ 
Farm number 11
₹2000 received 

2 Persons Max
Rent: ₹5000
Deposit: ₹2000

Deposit Refund after check out.",2026-04-23 19:00:00,2026-04-24 18:00:00,2026-04-24 18:00:00,2026-04-23,13:06:03,23.0000000002328,0,0,1,,,,5000.0,2,24.0,Couple Full Night,0,0.0,0, (Month),False,3000.0,3500.0,1.0,3562.5,6.0,25.0,0.8571428571428571,0.8333333333333334,0.8571428571428571,4,0.8660254037844387,-0.49999999999999983,2026,3,17,113,0,0,Festival,False,Standard,Tier 2,High,1.0,0.0,0.0,,,False,False,Festival,0,7,7,0,0,0,0,1,summer,1,0,12H Night,12.0,1.0,24H,0,0.0,5000.0,1.0,0,1.0,1.0,1,0,0,Clear,0,Same Day,0.0,26.0,20.0,60.0,4.2,25.0,60.0,75.0,3500.0,3500.0,3500.0,3500.0,3500.0,3500.0,3500.0,0.51,5,0.801,-746.0,3746.0,3470.0,3746.0,3470.0,791.5048957523888,5.0,1.0,3260.0,4000.0,0,0,0,0,0,0,0,1,0,0,0,0,0,0,1.0,0.20833333333333334,95.0,1.028559085862398,0.023809523809523725,36.53559085862398,0.0,1,5,1.891,1.2,1.067,0.8,0,8500.0,0,0
Booked by Viraj ,"Booking confirmed ✅ 
Farm number 11
₹1000 received 

12 Persons Max
Rent: ₹3000
Deposit: ₹1000

Deposit Refund after check out.",2026-04-24 19:00:00,2026-04-25 08:00:00,2026-04-25 08:00:00,2026-04-24,12:39:46,13.0000000004657,0,0,1,,,,3000.0,12,12.0,24H Night,0,0.0,2,"MAD, Percentile (Strict)",True,12000.0,5000.0,1.0,6800.0,5.0,26.0,0.7142857142857143,0.8666666666666667,0.7142857142857143,4,0.8660254037844387,-0.49999999999999983,2026,4,17,114,0,0,Festival,False,Standard,Tier 2,High,1.0,0.0,0.0,,,False,False,Festival,0,7,7,0,0,0,0,1,summer,1,0,24H Night,24.0,0.5,12H,0,0.0,6000.0,1.0,0,0.5,0.95,0,1,0,Clear,0,Same Day,0.0,26.0,20.0,60.0,4.2,25.0,60.0,75.0,6371.111111111111,5248.648648648648,6748.571428571428,6371.111111111111,5991.176470588235,6371.111111111111,5010.0,1.0,1,1.477,2158.33,4520.833333333333,4400.0,4520.833333333333,4400.0,577.8364193577901,24.0,1.0,4275.0,4750.0,1,0,0,0,0,0,0,1,0,0,0,0,0,0,1.0,0.20833333333333334,95.0,0.8241663145645023,-0.1523809523809524,34.49166314564502,0.0,1,5,1.891,1.2,1.067,0.8,0,8500.0,0,0
Booked by Chirag paneriya,"
2 Persons Max
Rent: ₹2000
Deposit: ₹500

Deposit Refund after check out.",2026-04-27 14:00:00,2026-04-27 18:00:00,2026-04-27 18:00:00,2026-04-27,13:19:05,3.99999999976717,0,0,1,,,,2000.0,2,12.0,Couple Half Day,0,0.0,0, (Strict),False,4500.0,3000.0,3.0,3000.0,5.0,24.0,0.7142857142857143,0.8,0.7142857142857143,4,0.8660254037844387,-0.49999999999999983,2026,0,18,117,0,0,Festival,False,Standard,Tier 2,High,1.0,0.0,0.0,,,False,False,Festival,0,7,7,0,0,0,0,1,summer,1,0,12H Day,12.0,0.5,12H,0,0.0,4000.0,1.0,0,1.0,1.0,1,0,0,Clear,0,Same Day,0.0,26.0,20.0,60.0,4.2,25.0,60.0,75.0,3312.5,3312.5,3437.5,3312.5,3214.285714285714,3312.5,3250.0,0.93,1,1.281,860.0,3060.0,3000.0,3060.0,3000.0,620.8289389425813,15.0,1.0,2500.0,3450.0,0,0,0,0,0,0,0,1,0,0,0,0,0,0,1.0,0.20833333333333334,95.0,0.8928459822823643,-0.08571428571428574,35.17845982282364,0.0,1,5,1.891,1.2,1.067,0.8,0,8500.0,0,0
Booked by Vinod dave,"
₹6500 received 

12 Persons Max
Rent: ₹4500
Deposit: ₹2000

Deposit Refund after check out.",2026-04-27 20:00:00,2026-04-28 18:00:00,2026-04-28 18:00:00,2026-04-27,19:53:57,21.9999999997672,0,0,1,,,,4500.0,12,24.0,24H Night,0,0.0,0, (Strict),False,3000.0,12000.0,0.0,6750.0,6.0,25.0,0.8571428571428571,0.8333333333333334,0.8571428571428571,4,0.8660254037844387,-0.49999999999999983,2026,0,18,117,0,0,Festival,False,Standard,Tier 2,High,1.0,0.0,0.0,,,False,False,Festival,0,7,7,0,0,0,0,1,summer,1,0,24H Night,24.0,1.0,24H,0,0.0,4500.0,1.0,0,1.0,1.0,0,1,0,Clear,0,Same Day,0.0,26.0,20.0,60.0,4.2,25.0,60.0,75.0,6337.777777777777,5208.108108108108,6705.714285714285,6337.777777777777,5947.058823529412,6337.777777777777,4935.0,1.0,1,1.477,2158.33,4520.833333333333,4400.0,4520.833333333333,4400.0,577.8364193577901,24.0,1.0,4275.0,4750.0,0,0,0,0,0,0,0,1,0,0,0,0,0,0,1.0,0.20833333333333334,95.0,1.028559085862398,0.023809523809523725,36.53559085862398,0.0,1,5,1.891,1.2,1.067,0.8,0,8500.0,0,0
Booked by Chintan Makvana,"Booking confirmed
Farm number 11
₹1000 advance received

28 Apr 2026 at 7:00 PM to 29 Apr 2026 at 6:00 PM
12 Persons Max
Rent: ₹5500
Deposit: ₹2000

Deposit Refund after check out.",2026-04-28 19:00:00,2026-04-29 18:00:00,2026-04-29 18:00:00,2026-04-27,21:03:34,23.0000000002328,0,0,1,,,,5500.0,12,24.0,24H Night,0,0.0,0, (Strict),False,4500.0,3000.0,0.0,6800.0,7.0,26.0,1.0,0.8666666666666667,1.0,4,0.8660254037844387,-0.49999999999999983,2026,0,18,117,0,0,Festival,False,Standard,Tier 2,High,1.0,0.0,0.0,,,False,False,Festival,0,7,7,0,0,0,0,1,summer,1,0,24H Night,24.0,1.0,24H,0,0.0,5500.0,1.0,0,1.0,1.0,0,1,0,Clear,0,Same Day,0.0,26.0,20.0,60.0,4.2,25.0,60.0,75.0,6315.555555555556,5181.081081081081,6677.142857142857,6315.555555555556,5917.64705882353,6315.555555555556,4885.0,1.0,1,1.477,2158.33,4520.833333333333,4400.0,4520.833333333333,4400.0,577.8364193577901,24.0,1.0,4275.0,4750.0,0,0,0,0,0,0,0,1,0,0,0,0,0,0,1.0,0.20833333333333334,95.0,1.1538328403903033,0.1333333333333333,37.78832840390303,0.0,1,5,1.891,1.2,1.067,0.8,0,8500.0,0,0
Booked by Manthan Dave,"Booking confirmed ✅ 
Farm number 11
₹2000 advance received

30 Apr 2026 at 7:00 PM to 1 May 2026 at 6:00 PM
10 Persons Max
Rent: ₹5000
Deposit: ₹2000

Deposit Refund after check out.",2026-04-30 19:00:00,2026-05-01 18:00:00,2026-05-01 18:00:00,2026-04-29,19:30:04,23.0000000002328,0,0,1,,,,5000.0,10,24.0,24H Night,0,0.0,0, (Strict),False,5500.0,4500.0,2.0,6100.0,6.0,24.0,0.8571428571428571,0.8,0.8571428571428571,4,0.8660254037844387,-0.49999999999999983,2026,2,18,119,0,0,Festival,False,Standard,Tier 2,High,1.0,0.0,0.0,,,False,False,Festival,0,7,7,0,0,0,0,1,summer,1,0,24H Night,24.0,1.0,24H,0,0.0,5000.0,1.0,0,1.0,1.0,0,1,0,Clear,0,Same Day,0.0,26.0,20.0,60.0,4.2,25.0,60.0,75.0,6326.666666666667,5194.594594594595,6691.428571428572,6326.666666666667,5932.35294117647,6326.666666666667,4910.0,1.0,1,1.477,2158.33,4520.833333333333,4400.0,4520.833333333333,4400.0,577.8364193577901,24.0,1.0,4275.0,4750.0,0,0,0,0,0,0,0,1,0,0,0,0,0,0,1.0,0.20833333333333334,95.0,1.071415178738837,0.05714285714285705,36.964151787388374,0.0,1,5,1.891,1.2,1.067,0.8,0,8500.0,0,0
Booked by Dhaduk Pushpa,"Booking confirmed ✅ 
Farm number 11
₹6000 advance received

2 May 2026 at 7:00 PM to 3 May 2026 at 6:00 PM
15 Persons Max
Rent: ₹13500
Deposit: ₹2000

Deposit Refund after check out.",2026-05-02 19:00:00,2026-05-03 18:00:00,2026-05-03 18:00:00,2026-04-29,14:23:52,23.0000000002328,0,1,1,,,,13500.0,15,24.0,24H Night,3,0.0,0, (Strict),False,5000.0,5500.0,0.0,6950.0,7.0,25.0,1.0,0.8333333333333334,1.0,4,0.8660254037844387,-0.49999999999999983,2026,2,18,119,1,0,Festival,False,Standard,Tier 2,High,1.0,0.0,0.0,,,False,False,Festival,0,7,7,1,0,0,0,1,summer,1,0,24H Night,24.0,1.0,24H,0,0.0,13500.0,1.0,0,1.0,1.0,0,0,1,Clear,1,Last Minute,0.0,26.0,20.0,60.0,4.2,25.0,100.0,90.0,6137.777777777777,11285.714285714286,6448.571428571428,6137.777777777777,5682.35294117647,6137.777777777777,11125.0,0.91,1,1.477,2158.33,6679.166666666667,5200.0,6679.166666666667,5200.0,3224.90029056062,24.0,1.0,4200.0,10150.0,0,0,0,0,0,0,0,0,1,0,0,0,0,0,1.0,0.20833333333333334,95.0,1.199985600172798,0.16666666666666663,58.24985600172798,0.0,1,5,1.891,1.2,1.067,0.8,0,8500.0,0,0
Booked by Agent 7SeasFarm,"Booking confirmed ✅ 
Farm number 11
₹2000 advance received

10 Persons Max
Rent: ₹4500
Deposit: ₹2000

Deposit Refund after check out.",2026-05-01 19:00:00,2026-05-02 18:00:00,2026-05-02 18:00:00,2026-05-01,18:18:11,23.0000000002328,0,0,1,,,,4500.0,10,24.0,24H Night,0,0.0,0, (Strict),False,13500.0,5000.0,2.0,6900.0,6.0,25.0,0.8571428571428571,0.8333333333333334,0.8571428571428571,5,0.49999999999999994,-0.8660254037844387,2026,4,18,121,0,0,Festival,False,Standard,Tier 2,High,1.0,0.0,0.0,,,False,False,Festival,0,7,7,0,0,1,1,1,summer,1,0,24H Night,24.0,1.0,24H,0,0.0,4500.0,1.0,0,1.0,1.0,0,1,0,Clear,0,Same Day,0.0,26.0,20.0,60.0,4.2,25.0,60.0,75.0,6743.055555555556,5405.172413793103,7130.434782608696,6743.055555555556,6655.555555555556,6743.055555555556,5250.0,1.0,1,1.534,2564.1,4802.5641025641025,4600.0,4802.5641025641025,4600.0,1331.893622172104,39.0,1.0,4400.0,5300.0,1,0,0,0,0,0,0,1,0,0,0,0,0,0,1.0,0.2833333333333333,86.0,1.028559085862398,0.023809523809523725,38.78559085862398,0.0,1,5,1.891,1.2,1.067,0.8,0,8500.0,0,0
Booked by Drashti Chotaliya,"
₹2000 received 

18 Persons Max
Rent: ₹3500
Deposit: ₹2000

Deposit Refund after check out.",2026-05-04 09:00:00,2026-05-04 18:00:00,2026-05-04 18:00:00,2026-05-01,16:36:04,9.0,0,0,1,,,,3500.0,18,12.0,12H Day,2,0.0,0, (Strict),False,4000.0,4000.0,0.0,3680.0,7.0,26.0,1.0,0.8666666666666667,1.0,5,0.49999999999999994,-0.8660254037844387,2026,4,18,121,0,0,Festival,False,Standard,Tier 2,High,1.0,0.0,0.0,,,False,False,Festival,0,7,7,0,0,1,1,1,summer,1,0,12H Day,12.0,0.5,12H,0,0.0,7000.0,1.0,0,1.0,1.0,0,0,1,Clear,0,Last Minute,0.0,26.0,20.0,60.0,4.2,25.0,60.0,90.0,3891.6666666666665,3891.6666666666665,2550.0,3891.6666666666665,3503.125,3891.6666666666665,3891.6666666666665,0.6,5,0.931,-228.57,3303.5714285714284,2950.0,3303.5714285714284,2950.0,1902.6766859949096,14.0,1.0,2175.0,3400.0,0,0,0,0,0,0,0,0,1,0,0,0,0,0,1.0,0.2833333333333333,86.0,1.1538328403903033,0.1333333333333333,40.03832840390303,0.0,1,5,1.891,1.2,1.067,0.8,0,8500.0,0,0
Booked by Lalji,"
Farm number 11
₹5000 advance received

6 Persons Max
Rent: ₹5000
Deposit: ₹2000

Deposit Refund after check out.",2026-05-05 19:00:00,2026-05-06 18:00:00,2026-05-06 18:00:00,2026-05-02,14:12:00,23.0000000002328,0,0,1,,,,5000.0,6,24.0,24H Night,3,0.0,0, (Strict),False,4500.0,13500.0,1.0,6900.0,8.0,27.0,1.0,0.9,1.1428571428571428,5,0.49999999999999994,-0.8660254037844387,2026,5,18,122,0,0,Festival,False,Standard,Tier 2,High,1.0,0.0,0.0,,,False,False,Festival,0,7,7,0,0,1,1,1,summer,1,0,24H Night,24.0,1.0,24H,0,0.0,5000.0,1.0,0,1.0,1.0,0,1,0,Clear,1,Last Minute,0.0,26.0,20.0,60.0,4.2,25.0,60.0,90.0,6736.111111111111,5396.551724137931,5423.076923076923,6736.111111111111,6644.444444444444,6736.111111111111,4285.714285714285,0.9400000000000001,1,1.534,2564.1,4802.5641025641025,4600.0,4802.5641025641025,4600.0,1331.893622172104,39.0,1.0,4400.0,5300.0,0,0,1,0,0,0,0,0,1,0,0,0,0,0,1.0,0.2833333333333333,86.0,1.269827160650596,0.09999999999999998,41.19827160650596,0.0,1,5,1.891,1.2,1.067,0.8,0,8500.0,0,0
Booked by Dev Ajudiya,"Booking confirmed ✅ 
Farm number 11
₹2000 advance received

8 May 2026 at 7:00 PM to 9 May 2026 at 6:00 PM
10 Persons Max
Rent: ₹6000
Deposit: ₹2000

Deposit Refund after check out.",2026-05-08 19:00:00,2026-05-09 18:00:00,2026-05-09 18:00:00,2026-05-03,21:39:16,23.0000000002328,0,0,1,,,,6000.0,10,24.0,24H Night,4,0.0,0, (Strict),False,5000.0,4500.0,1.0,6400.0,9.0,28.0,1.0,0.9333333333333333,1.2857142857142858,5,0.49999999999999994,-0.8660254037844387,2026,6,18,123,0,0,Festival,False,Standard,Tier 2,High,1.0,0.0,0.0,,,False,False,Festival,0,7,7,0,0,1,1,1,summer,1,0,24H Night,24.0,1.0,24H,0,0.0,6000.0,1.0,0,1.0,1.0,0,1,0,Clear,1,Standard,0.0,26.0,20.0,60.0,4.2,25.0,60.0,90.0,6722.222222222223,5379.310344827586,7097.826086956522,6722.222222222223,6923.076923076923,6722.222222222223,5678.571428571428,1.0,1,1.534,2564.1,4802.5641025641025,4600.0,4802.5641025641025,4600.0,1331.893622172104,39.0,1.0,4400.0,5300.0,0,0,0,0,1,0,0,0,0,1,0,0,0,0,1.0,0.2833333333333333,86.0,1.3775362610910802,0.06666666666666665,42.275362610910804,0.0,1,5,1.891,1.2,1.067,0.8,0,8500.0,0,0
Booked by Gediya Harekrishna,"Booking confirmed ✅ 
Farm number 11
₹2000 received 

2 Persons Max
Rent: ₹5500
Customer rate - 3500, 1000+1000 cancelled booking
Deposit: ₹1000

Deposit Refund after check out.",2026-05-05 09:00:00,2026-05-05 18:00:00,2026-05-05 18:00:00,2026-05-04,20:51:45,9.0,0,0,1,,,,5500.0,2,12.0,Couple Half Day,0,0.0,0, (Month),False,2000.0,4500.0,1.0,3400.0,7.0,28.0,1.0,0.9333333333333333,1.0,5,0.49999999999999994,-0.8660254037844387,2026,0,19,124,0,0,Festival,False,Standard,Tier 2,High,1.0,0.0,0.0,,,False,False,Festival,0,7,7,0,0,1,1,1,summer,1,0,12H Day,12.0,0.5,12H,0,0.0,11000.0,1.0,0,1.0,1.0,1,0,0,Clear,0,Same Day,0.0,26.0,20.0,60.0,4.2,25.0,60.0,75.0,3780.5555555555557,3780.5555555555557,2000.0,3780.5555555555557,3378.125,3780.5555555555557,3780.5555555555557,0.6,5,0.931,-228.57,3303.5714285714284,2950.0,3303.5714285714284,2950.0,1902.6766859949096,14.0,1.0,2175.0,3400.0,0,0,0,0,0,0,0,1,0,0,0,0,0,0,1.0,0.2833333333333333,86.0,1.071417091959729,0.06666666666666665,39.214170919597294,0.0,1,5,1.891,1.2,1.067,0.8,0,8500.0,0,0
Booked by Krunal Jadav,"Booking confirmed ✅ 
Farm number 11
₹2000 received 

14 Persons Max
Rent: ₹5000
Deposit: ₹2000

Deposit Refund after check out.",2026-05-06 19:00:00,2026-05-07 18:00:00,2026-05-07 18:00:00,2026-05-04,13:00:05,23.0000000002328,0,0,1,,,,5000.0,14,24.0,24H Night,2,0.0,0, (Strict),False,6000.0,5000.0,0.0,6400.0,8.0,29.0,1.0,0.9666666666666667,1.1428571428571428,5,0.49999999999999994,-0.8660254037844387,2026,0,19,124,0,0,Festival,False,Standard,Tier 2,High,1.0,0.0,0.0,,,False,False,Festival,0,7,7,0,0,1,1,1,summer,1,0,24H Night,24.0,1.0,24H,0,0.0,5000.0,1.0,0,1.0,1.0,0,0,1,Clear,0,Last Minute,0.0,26.0,20.0,60.0,4.2,25.0,60.0,90.0,6736.111111111111,5396.551724137931,7119.565217391304,6736.111111111111,6644.444444444444,6736.111111111111,5225.0,1.0,1,1.534,2564.1,4802.5641025641025,4600.0,4802.5641025641025,4600.0,1331.893622172104,39.0,1.0,4400.0,5300.0,0,0,0,0,0,0,0,0,1,0,0,0,0,0,1.0,0.2833333333333333,86.0,1.182253779640703,0.033333333333333326,40.32253779640703,0.0,1,5,1.891,1.2,1.067,0.8,0,8500.0,0,0
Booked by Dhaval Rajput,"Booking confirmed ✅ 
Farm number 11
₹2000 advance received

7 Persons Max
Rent: ₹5500
Deposit: ₹2000

Deposit Refund after check out.",2026-05-11 19:00:00,2026-05-12 18:00:00,2026-05-12 18:00:00,2026-05-05,11:03:01,23.0000000002328,0,0,1,,,,5500.0,7,24.0,24H Night,6,0.0,0, (Strict),False,5000.0,6000.0,1.0,5750.0,9.0,30.0,1.0,1.0,1.2857142857142858,5,0.49999999999999994,-0.8660254037844387,2026,1,19,125,0,0,Festival,False,Standard,Tier 2,High,1.0,0.0,0.0,,,False,False,Festival,0,7,7,0,0,1,1,1,summer,1,0,24H Night,24.0,1.0,24H,0,0.0,5500.0,1.0,0,1.0,1.0,0,1,0,Clear,1,Standard,0.0,26.0,20.0,60.0,4.2,25.0,60.0,90.0,6729.166666666667,5387.931034482759,5384.615384615385,6729.166666666667,6942.307692307692,6729.166666666667,6250.0,0.91,1,1.534,2564.1,4802.5641025641025,4600.0,4802.5641025641025,4600.0,1331.893622172104,39.0,1.0,4400.0,5300.0,0,0,0,0,0,0,0,0,0,1,0,0,0,0,1.0,0.2833333333333333,86.0,1.2857014286999988,0.0,41.35701428699999,0.0,1,5,1.891,1.2,1.067,0.8,0,8500.0,0,0
Booked by Ghanshyam rudani,"Booking confirmed ✅ 
₹2000 received 
Farm number 11

10 Persons Max
Rent: ₹5000
Deposit: ₹2000

Deposit Refund after check out.",2026-05-07 19:00:00,2026-05-08 18:00:00,2026-05-08 18:00:00,2026-05-06,15:02:43,23.0000000002328,0,0,1,,,,5000.0,10,24.0,24H Night,1,0.0,0, (Strict),False,5500.0,5000.0,1.0,5950.0,8.0,31.0,1.0,1.0,1.1428571428571428,5,0.49999999999999994,-0.8660254037844387,2026,2,19,126,0,0,Festival,False,Standard,Tier 2,High,1.0,0.0,0.0,,,False,False,Festival,0,7,7,0,0,1,1,1,summer,1,0,24H Night,24.0,1.0,24H,0,0.0,5000.0,1.0,0,1.0,1.0,0,1,0,Clear,0,Last Minute,0.0,26.0,20.0,60.0,4.2,25.0,60.0,75.0,6736.111111111111,5396.551724137931,7119.565217391304,6736.111111111111,6644.444444444444,6736.111111111111,5225.0,1.0,1,1.534,2564.1,4802.5641025641025,4600.0,4802.5641025641025,4600.0,1331.893622172104,39.0,1.0,4400.0,5300.0,0,0,0,0,0,0,0,0,1,0,0,0,0,0,1.0,0.2833333333333333,86.0,1.105980080377102,0.0,39.55980080377102,0.0,1,5,1.891,1.2,1.067,0.8,0,8500.0,0,0
Booked by Jasmin Sorathiya,"Booking confirmed ✅ 
Farm number 11

₹6000 advance received

9 May 2026 at 7:00 PM to 10 May 2026 at 6:00 PM
18 Persons Max
Rent: ₹13500
Deposit: ₹2000

Deposit Refund after check out.",2026-05-09 19:00:00,2026-05-10 18:00:00,2026-05-10 18:00:00,2026-05-06,17:33:02,23.0000000002328,0,1,1,,,,13500.0,18,24.0,24H Night,3,0.0,0, (Strict),False,5000.0,5500.0,0.0,6850.0,9.0,32.0,1.0,1.0,1.2857142857142858,5,0.49999999999999994,-0.8660254037844387,2026,2,19,126,1,0,Festival,False,Standard,Tier 2,High,1.0,0.0,0.0,,,False,False,Festival,0,7,7,1,0,1,1,1,summer,1,0,24H Night,24.0,1.0,24H,0,0.0,13500.0,1.0,0,1.0,1.0,0,0,1,Clear,1,Last Minute,0.0,26.0,20.0,60.0,4.2,25.0,100.0,90.0,6618.055555555556,12192.307692307691,6227.272727272727,6618.055555555556,6455.555555555556,6618.055555555556,12192.307692307691,0.6,5,1.534,2564.1,7366.666666666667,5400.0,7366.666666666667,5400.0,3740.2094415509227,33.0,1.0,4400.0,11200.0,0,0,0,0,0,0,0,0,1,0,0,0,0,0,1.0,0.2833333333333333,86.0,1.2053458427398671,0.0,60.553458427398674,0.0,1,5,1.891,1.2,1.067,0.8,0,8500.0,0,0
Booked by Sweta Patel,"Booking confirmed ✅ 
Farm number 11
₹2000 advance received

15 May 2026 at 7:00 PM to 16 May 2026 at 6:00 PM
8 Persons Max
Rent: ₹6500
Deposit: ₹2000

Deposit Refund after check out.",2026-05-15 19:00:00,2026-05-16 18:00:00,2026-05-16 18:00:00,2026-05-09,09:55:04,23.0000000002328,0,0,1,,,,6500.0,8,24.0,24H Night,6,0.0,1,Percentile (Strict),False,13500.0,5000.0,3.0,6950.0,7.0,26.0,1.0,0.8666666666666667,1.0,5,0.49999999999999994,-0.8660254037844387,2026,5,19,129,0,0,Festival,False,Standard,Tier 2,High,1.0,0.0,0.0,,,False,False,Festival,0,7,7,0,0,1,1,1,summer,1,0,24H Night,24.0,1.0,24H,0,0.0,6500.0,1.0,0,1.0,1.0,0,1,0,Clear,1,Standard,0.0,26.0,20.0,60.0,4.2,25.0,60.0,90.0,6715.277777777777,5370.689655172414,5307.692307692308,6715.277777777777,6903.846153846154,6715.277777777777,6000.0,0.91,1,1.534,2564.1,4802.5641025641025,4600.0,4802.5641025641025,4600.0,1331.893622172104,39.0,1.0,4400.0,5300.0,0,0,1,0,0,0,0,0,0,1,0,0,0,0,1.0,0.2833333333333333,86.0,1.1538328403903033,0.1333333333333333,40.03832840390303,0.0,1,5,1.891,1.2,1.067,0.8,0,8500.0,0,0
Booked by Ankuj Sojitra,"Booking confirmed ✅ 
Farm number 11
₹2000 advance received

10 May 2026 at 8:00 PM to 11 May 2026 at 8:00 AM - Only Night
10 Persons Max
Rent: ₹4000
Deposit: ₹2000

Deposit Refund after check out.",2026-05-10 20:00:00,2026-05-11 08:00:00,2026-05-11 08:00:00,2026-05-09,23:15:00,12.0,0,0,1,,,,4000.0,10,12.0,12H Night,0,0.0,0, (Month),False,3000.0,3000.0,0.0,2940.0,8.0,27.0,1.0,0.9,1.1428571428571428,5,0.49999999999999994,-0.8660254037844387,2026,5,19,129,0,0,Festival,False,Standard,Tier 2,High,1.0,0.0,0.0,,,False,False,Festival,0,7,7,0,0,1,1,1,summer,1,0,12H Night,12.0,0.5,12H,0,0.0,8000.0,1.0,0,1.0,1.0,0,1,0,Clear,0,Same Day,0.0,26.0,20.0,60.0,4.2,25.0,60.0,75.0,3166.6666666666665,3166.6666666666665,3250.0,3166.6666666666665,3166.6666666666665,3166.6666666666665,3250.0,0.91,1,1.627,1529.17,2437.5,2130.0,2437.5,2130.0,952.7635243507874,4.0,0.8,1917.5,2650.0,0,0,1,0,0,0,0,1,0,0,0,0,0,0,1.0,0.2833333333333333,86.0,1.269827160650596,0.09999999999999998,41.19827160650596,0.0,1,5,1.891,1.2,1.067,0.8,0,8500.0,0,0
Booked by Gediya Chirag,"Booking confirmed ✅ 
Farm number 11
₹2000 advance received

17 Persons Max
Rent: ₹6000
Deposit: ₹2000

Deposit Refund after check out.",2026-05-12 19:00:00,2026-05-13 18:00:00,2026-05-13 18:00:00,2026-05-10,14:41:23,23.0000000002328,0,0,1,,,,6000.0,17,24.0,24H Night,2,0.0,0, (Strict),False,6500.0,13500.0,1.0,7050.0,8.0,28.0,1.0,0.9333333333333333,1.1428571428571428,5,0.49999999999999994,-0.8660254037844387,2026,6,19,130,0,0,Festival,False,Standard,Tier 2,High,1.0,0.0,0.0,,,False,False,Festival,0,7,7,0,0,1,1,1,summer,1,0,24H Night,24.0,1.0,24H,0,0.0,6000.0,1.0,0,1.0,1.0,0,0,1,Clear,0,Last Minute,0.0,26.0,20.0,60.0,4.2,25.0,60.0,90.0,6722.222222222223,5379.310344827586,6909.090909090909,6722.222222222223,6622.222222222223,6722.222222222223,5666.666666666667,0.93,1,1.534,2564.1,4802.5641025641025,4600.0,4802.5641025641025,4600.0,1331.893622172104,39.0,1.0,4400.0,5300.0,0,0,0,0,1,0,0,0,1,0,0,0,0,0,1.0,0.2833333333333333,86.0,1.2244766765254045,0.06666666666666665,40.74476676525404,0.0,1,5,1.891,1.2,1.067,0.8,0,8500.0,0,0
Booked by Jay Patel,"Booking confirmed ✅ 
Farm number 11
₹2000 advance received

11 May 2026 at 9:00 AM to 11 May 2026 at 6:00 PM
10 Persons Max
Rent: ₹4000
Deposit: ₹2000

Deposit Refund after check out.",2026-05-11 09:00:00,2026-05-11 18:00:00,2026-05-11 18:00:00,2026-05-10,22:21:32,9.0,0,0,1,,,,4000.0,10,12.0,12H Day,0,0.0,0, (Strict),False,3500.0,4000.0,0.0,3680.0,9.0,29.0,1.0,0.9666666666666667,1.2857142857142858,5,0.49999999999999994,-0.8660254037844387,2026,6,19,130,0,0,Festival,False,Standard,Tier 2,High,1.0,0.0,0.0,,,False,False,Festival,0,7,7,0,0,1,1,1,summer,1,0,12H Day,12.0,0.5,12H,0,0.0,8000.0,1.0,0,1.0,1.0,0,1,0,Clear,0,Same Day,0.0,26.0,20.0,60.0,4.2,25.0,60.0,75.0,3863.8888888888887,3863.8888888888887,4611.111111111111,3863.8888888888887,3471.875,3863.8888888888887,3928.5714285714284,0.9400000000000001,1,0.931,-228.57,3303.5714285714284,2950.0,3303.5714285714284,2950.0,1902.6766859949096,14.0,1.0,2175.0,3400.0,0,0,0,1,0,0,0,1,0,0,0,0,0,0,1.0,0.2833333333333333,86.0,1.3300355020957912,0.033333333333333326,41.80035502095791,0.0,1,5,1.891,1.2,1.067,0.8,0,8500.0,0,0
Booked by Sahil Khimani,"Booking confirmed ✅ 
Farm number 11
₹2000 advance received

20 May 2026 at 7:00 PM to 21 May 2026 at 6:00 PM
15 Persons Max
Rent: ₹6000
Deposit: ₹2000

Deposit Refund after check out.",2026-05-20 19:00:00,2026-05-21 18:00:00,2026-05-21 18:00:00,2026-05-10,08:44:59,23.0000000002328,0,0,1,,,,6000.0,15,24.0,24H Night,10,0.0,0, (Strict),False,6000.0,6500.0,0.0,6300.0,10.0,30.0,1.0,1.0,1.4285714285714286,5,0.49999999999999994,-0.8660254037844387,2026,6,19,130,0,0,Festival,False,Standard,Tier 2,High,1.0,0.0,0.0,,,False,False,Festival,0,7,7,0,0,1,1,1,summer,1,0,24H Night,24.0,1.0,24H,0,0.0,6000.0,1.0,0,1.0,1.0,0,0,1,Clear,2,Standard,0.0,26.0,20.0,60.0,4.2,25.0,60.0,90.0,6722.222222222223,5379.310344827586,7097.826086956522,6722.222222222223,6923.076923076923,6722.222222222223,5678.571428571428,1.0,1,1.534,2564.1,4802.5641025641025,4600.0,4802.5641025641025,4600.0,1331.893622172104,39.0,1.0,4400.0,5300.0,0,0,0,0,1,0,0,0,0,0,1,0,0,0,1.0,0.2833333333333333,86.0,1.4285571429999986,0.0,42.78557142999998,0.0,1,5,1.891,1.2,1.067,0.8,0,8500.0,0,0
Booked by Moksha Navik,"Booking confirmed ✅ 
Farm number 11
₹2000 advance received 

14 May 2026 at 7:00 PM to 15 May 2026 at 6:00 PM
8 Persons Max
Rent: ₹6000
Deposit: ₹2000

Deposit Refund after check out.",2026-05-14 19:00:00,2026-05-15 18:00:00,2026-05-15 18:00:00,2026-05-11,22:33:37,23.0000000002328,0,0,1,,,,6000.0,8,24.0,24H Night,2,0.0,0, (Strict),False,6000.0,6000.0,1.0,6450.0,9.0,31.0,1.0,1.0,1.2857142857142858,5,0.49999999999999994,-0.8660254037844387,2026,0,20,131,0,0,Festival,False,Standard,Tier 2,High,1.0,0.0,0.0,,,False,False,Festival,0,7,7,0,0,1,1,1,summer,1,0,24H Night,24.0,1.0,24H,0,0.0,6000.0,1.0,0,1.0,1.0,0,1,0,Clear,0,Last Minute,0.0,26.0,20.0,60.0,4.2,25.0,60.0,90.0,6722.222222222223,5379.310344827586,5346.153846153846,6722.222222222223,6622.222222222223,6722.222222222223,4142.857142857143,0.9400000000000001,1,1.534,2564.1,4802.5641025641025,4600.0,4802.5641025641025,4600.0,1331.893622172104,39.0,1.0,4400.0,5300.0,0,0,0,0,0,0,0,0,1,0,0,0,0,0,1.0,0.2833333333333333,86.0,1.24422759042424,0.0,40.9422759042424,0.0,1,5,1.891,1.2,1.067,0.8,0,8500.0,0,0
Booked by Rishabh Patel,"Booking confirmed ✅ 
Farm number 11
₹2000 advance received

13 May 2026 at 7:00 PM to 14 May 2026 at 7:00 PM
8 Persons Max
Rent: ₹6000
Deposit: ₹2000

Deposit Refund after check out.",2026-05-13 19:00:00,2026-05-14 19:00:00,2026-05-14 19:00:00,2026-05-12,22:07:58,24.0,0,0,1,,,,6000.0,8,24.0,24H Night,0,0.0,0, (Strict),False,6000.0,6000.0,1.0,6550.0,9.0,32.0,1.0,1.0,1.2857142857142858,5,0.49999999999999994,-0.8660254037844387,2026,1,20,132,0,0,Festival,False,Standard,Tier 2,High,1.0,0.0,0.0,,,False,False,Festival,0,7,7,0,0,1,1,1,summer,1,0,24H Night,24.0,1.0,24H,0,0.0,6000.0,1.0,0,1.0,1.0,0,1,0,Clear,0,Same Day,0.0,26.0,20.0,60.0,4.2,25.0,60.0,75.0,6722.222222222223,5379.310344827586,5346.153846153846,6722.222222222223,6622.222222222223,6722.222222222223,4142.857142857143,0.9400000000000001,1,1.534,2564.1,4802.5641025641025,4600.0,4802.5641025641025,4600.0,1331.893622172104,39.0,1.0,4400.0,5300.0,0,0,0,0,0,0,0,1,0,0,0,0,0,0,1.0,0.2833333333333333,86.0,1.2053458427398671,0.0,40.553458427398674,0.0,1,5,1.891,1.2,1.067,0.8,0,8500.0,0,0
Booked by Vijay Makvana,"Booking confirmed ✅ 
Farm number 11
₹7000 advance received

15 Persons Max
Rent: ₹14000
Deposit: ₹2000

Deposit Refund after check out.",2026-05-16 19:00:00,2026-05-17 18:00:00,2026-05-17 18:00:00,2026-05-13,16:18:02,23.0000000002328,0,1,1,,,,14000.0,15,24.0,24H Night,3,0.0,0, (Strict),False,6000.0,6000.0,1.0,7350.0,8.0,32.0,1.0,1.0,1.1428571428571428,5,0.49999999999999994,-0.8660254037844387,2026,2,20,133,1,0,Festival,False,Standard,Tier 2,High,1.0,0.0,0.0,,,False,False,Festival,0,7,7,1,0,1,1,1,summer,1,0,24H Night,24.0,1.0,24H,0,0.0,14000.0,1.0,0,1.0,1.0,0,0,1,Clear,1,Last Minute,0.0,26.0,20.0,60.0,4.2,25.0,100.0,90.0,6611.111111111111,12153.846153846154,6923.913043478261,6611.111111111111,6444.444444444444,6611.111111111111,11833.333333333334,0.93,1,1.534,2564.1,7366.666666666667,5400.0,7366.666666666667,5400.0,3740.2094415509227,33.0,1.0,4400.0,11200.0,0,0,0,0,0,0,0,0,1,0,0,0,0,0,1.0,0.2833333333333333,86.0,1.071418526879882,0.0,59.21418526879882,0.0,1,5,1.891,1.2,1.067,0.8,0,8500.0,0,0
Booked by Bhupendra Mishra,"Booking confirmed ✅ 
Farm number 11
₹2000 advance received 

18 May 2026 at 7:00 PM to 19 May 2026 at 6:00 PM - Sanj to Sanj
10 Persons Max
Rent: ₹6000
Deposit: ₹2000

Deposit Refund after check out.",2026-05-18 19:00:00,2026-05-19 18:00:00,2026-05-19 18:00:00,2026-05-13,21:11:48,23.0000000002328,0,0,1,,,,6000.0,10,24.0,24H Night,4,0.0,0, (Strict),False,14000.0,6000.0,0.0,7450.0,9.0,33.0,1.0,1.0,1.2857142857142858,5,0.49999999999999994,-0.8660254037844387,2026,2,20,133,0,0,Festival,False,Standard,Tier 2,High,1.0,0.0,0.0,,,False,False,Festival,0,7,7,0,0,1,1,1,summer,1,0,24H Night,24.0,1.0,24H,0,0.0,6000.0,1.0,0,1.0,1.0,0,1,0,Clear,1,Standard,0.0,26.0,20.0,60.0,4.2,25.0,60.0,90.0,6722.222222222223,5379.310344827586,7097.826086956522,6722.222222222223,6923.076923076923,6722.222222222223,5678.571428571428,1.0,1,1.534,2564.1,4802.5641025641025,4600.0,4802.5641025641025,4600.0,1331.893622172104,39.0,1.0,4400.0,5300.0,0,0,0,0,0,0,0,0,0,1,0,0,0,0,1.0,0.2833333333333333,86.0,1.168820543189867,0.0,40.18820543189867,0.0,1,5,1.891,1.2,1.067,0.8,0,8500.0,0,0
Booked by Hetal Patel,"Booking confirmed ✅ 
Farm number 11
₹2000 advance received

22 May 2026 at 7:00 PM to 23 May 2026 at 6:00 PM
4 Persons Max
Rent: ₹6000
Deposit: ₹2000

Deposit Refund after check out.",2026-05-22 19:00:00,2026-05-23 18:00:00,2026-05-23 18:00:00,2026-05-14,19:49:39,23.0000000002328,0,0,1,,,,6000.0,4,24.0,24H Night,7,0.0,0, (Strict),False,6000.0,14000.0,1.0,7500.0,10.0,34.0,1.0,1.0,1.4285714285714286,5,0.49999999999999994,-0.8660254037844387,2026,3,20,134,0,0,Festival,False,Standard,Tier 2,High,1.0,0.0,0.0,,,False,False,Festival,0,7,7,0,0,1,1,1,summer,1,0,24H Night,24.0,1.0,24H,0,0.0,6000.0,1.0,0,1.0,1.0,0,1,0,Clear,1,Standard,0.0,26.0,20.0,60.0,4.2,25.0,60.0,90.0,6722.222222222223,5379.310344827586,5346.153846153846,6722.222222222223,6923.076923076923,6722.222222222223,6125.0,0.91,1,1.534,2564.1,4802.5641025641025,4600.0,4802.5641025641025,4600.0,1331.893622172104,39.0,1.0,4400.0,5300.0,0,0,0,0,0,0,0,0,0,1,0,0,0,0,1.0,0.2833333333333333,86.0,1.2604930796829104,0.0,41.1049307968291,0.0,1,5,1.891,1.2,1.067,0.8,0,8500.0,0,0
Booked by Janvi Patel,"Booking confirmed ✅ 
Farm number 11
₹2000 advance received

17 May 2026 at 7:00 PM to 18 May 2026 at 6:00 PM
10 Persons Max
Rent: ₹6000
Deposit: ₹2000

Deposit Refund after check out.",2026-05-17 19:00:00,2026-05-18 18:00:00,2026-05-18 18:00:00,2026-05-14,22:12:57,23.0000000002328,0,0,1,,,,6000.0,10,24.0,24H Night,2,0.0,0, (Strict),False,6000.0,6000.0,0.0,7600.0,11.0,35.0,1.0,1.0,1.5714285714285714,5,0.49999999999999994,-0.8660254037844387,2026,3,20,134,0,0,Festival,False,Standard,Tier 2,High,1.0,0.0,0.0,,,False,False,Festival,0,7,7,0,0,1,1,1,summer,1,0,24H Night,24.0,1.0,24H,0,0.0,6000.0,1.0,0,1.0,1.0,0,1,0,Clear,0,Last Minute,0.0,26.0,20.0,60.0,4.2,25.0,60.0,90.0,6722.222222222223,5379.310344827586,7097.826086956522,6722.222222222223,6622.222222222223,6722.222222222223,5175.0,1.0,1,1.534,2564.1,4802.5641025641025,4600.0,4802.5641025641025,4600.0,1331.893622172104,39.0,1.0,4400.0,5300.0,0,0,0,0,0,0,0,0,1,0,0,0,0,0,1.0,0.2833333333333333,86.0,1.3469272304196573,0.0,41.96927230419657,0.0,1,5,1.891,1.2,1.067,0.8,0,8500.0,0,0
Booked by Vinay Gundariya,"Booking confirmed ✅ 
Farm number 11
₹2000 advance received

21 May 2026 at 7:00 PM to 22 May 2026 at 6:00 PM
10 Persons Max
Rent: ₹6000
Deposit: ₹2000

Deposit Refund after check out.",2026-05-21 19:00:00,2026-05-22 18:00:00,2026-05-22 18:00:00,2026-05-15,17:45:57,23.0000000002328,0,0,1,,,,6000.0,10,24.0,24H Night,6,0.0,0, (Strict),False,6000.0,6000.0,1.0,6850.0,12.0,35.0,1.0,1.0,1.7142857142857142,5,0.49999999999999994,-0.8660254037844387,2026,4,20,135,0,0,Festival,False,Standard,Tier 2,High,1.0,0.0,0.0,,,False,False,Festival,0,7,7,0,0,1,1,1,summer,1,0,24H Night,24.0,1.0,24H,0,0.0,6000.0,1.0,0,1.0,1.0,0,1,0,Clear,1,Standard,0.0,26.0,20.0,60.0,4.2,25.0,60.0,90.0,6722.222222222223,5379.310344827586,7097.826086956522,6722.222222222223,6923.076923076923,6722.222222222223,5678.571428571428,1.0,1,1.534,2564.1,4802.5641025641025,4600.0,4802.5641025641025,4600.0,1331.893622172104,39.0,1.0,4400.0,5300.0,1,0,0,0,0,0,0,0,0,1,0,0,0,0,1.0,0.2833333333333333,86.0,1.469375160457808,0.0,43.19375160457808,0.0,1,5,1.891,1.2,1.067,0.8,0,8500.0,0,0
Booked by Devani Uttam,"Booking confirmed ✅
Farm number 11
₹2000 advance received

19 May 2026 at 7:00 PM to 20 May 2026 at 6:00 PM
12 Persons Max
Rent: ₹6500
Deposit: ₹2000

Deposit Refund after check out.",2026-05-19 19:00:00,2026-05-20 18:00:00,2026-05-20 18:00:00,2026-05-16,00:45:10,23.0000000002328,0,0,1,,,,6500.0,12,24.0,24H Night,3,0.0,1,Percentile (Strict),False,6000.0,6000.0,1.0,6850.0,11.0,34.0,1.0,1.0,1.5714285714285714,5,0.49999999999999994,-0.8660254037844387,2026,5,20,136,0,0,Festival,False,Standard,Tier 2,High,1.0,0.0,0.0,,,False,False,Festival,0,7,7,0,0,1,1,1,summer,1,0,24H Night,24.0,1.0,24H,0,0.0,6500.0,1.0,0,1.0,1.0,0,1,0,Clear,1,Last Minute,0.0,26.0,20.0,60.0,4.2,25.0,60.0,90.0,6715.277777777777,5370.689655172414,7086.95652173913,6715.277777777777,6611.111111111111,6715.277777777777,5150.0,1.0,1,1.534,2564.1,4802.5641025641025,4600.0,4802.5641025641025,4600.0,1331.893622172104,39.0,1.0,4400.0,5300.0,0,0,1,0,0,0,0,0,1,0,0,0,0,0,1.0,0.2833333333333333,86.0,1.3865423876512013,0.0,42.36542387651201,0.0,1,5,1.891,1.2,1.067,0.8,0,8500.0,0,0
Booked by Yash Parmar,"Booking confirmed ✅ 
Farm number 11
₹2000 advance received

26 May 2026 at 7:00 PM to 27 May 2026 at 6:00 PM
8 Persons Max
Rent: ₹6500
Deposit: ₹2000

Deposit Refund after check out.",2026-05-26 19:00:00,2026-05-27 18:00:00,2026-05-27 18:00:00,2026-05-18,22:04:04,23.0000000002328,0,0,1,,,,6500.0,8,24.0,24H Night,7,0.0,1,Percentile (Strict),False,6500.0,6000.0,2.0,6900.0,8.0,33.0,1.0,1.0,1.1428571428571428,5,0.49999999999999994,-0.8660254037844387,2026,0,21,138,0,0,Festival,False,Standard,Tier 2,High,1.0,0.0,0.0,,,False,False,Festival,0,7,7,0,0,1,1,1,summer,1,0,24H Night,24.0,1.0,24H,0,0.0,6500.0,1.0,0,1.0,1.0,0,1,0,Clear,1,Standard,0.0,26.0,20.0,60.0,4.2,25.0,60.0,90.0,6715.277777777777,5370.689655172414,5307.692307692308,6715.277777777777,6903.846153846154,6715.277777777777,6000.0,0.91,1,1.534,2564.1,4802.5641025641025,4600.0,4802.5641025641025,4600.0,1331.893622172104,39.0,1.0,4400.0,5300.0,0,0,0,0,0,0,0,0,0,1,0,0,0,0,1.0,0.2833333333333333,86.0,1.0389515939465483,0.0,38.88951593946548,0.0,1,5,1.891,1.2,1.067,0.8,0,8500.0,0,0
Booked by Harshil Zalavadiya,"Booking confirmed ✅ 
Farm number 11
₹6000 received 

10 Persons Max
Rent: ₹14000
Deposit: ₹2000

Deposit Refund after check out.",2026-05-23 19:00:00,2026-05-24 18:00:00,2026-05-24 18:00:00,2026-05-19,15:01:36,23.0000000002328,0,1,1,,,,14000.0,10,24.0,24H Night,4,0.0,0, (Strict),False,6500.0,6500.0,1.0,7700.0,8.0,34.0,1.0,1.0,1.1428571428571428,5,0.49999999999999994,-0.8660254037844387,2026,1,21,139,1,0,Festival,False,Standard,Tier 2,High,1.0,0.0,0.0,,,False,False,Festival,0,7,7,1,0,1,1,1,summer,1,0,24H Night,24.0,1.0,24H,0,0.0,14000.0,1.0,0,1.0,1.0,0,1,0,Clear,1,Standard,0.0,26.0,20.0,60.0,4.2,25.0,100.0,90.0,6611.111111111111,12153.846153846154,6923.913043478261,6611.111111111111,6615.384615384615,6611.111111111111,12833.333333333334,0.9,1,1.534,2564.1,7366.666666666667,5400.0,7366.666666666667,5400.0,3740.2094415509227,33.0,1.0,4400.0,11200.0,0,0,0,0,0,0,0,0,0,1,0,0,0,0,1.0,0.2833333333333333,86.0,1.0083944637463282,0.0,58.58394463746328,0.0,1,5,1.891,1.2,1.067,0.8,0,8500.0,0,0
Booked by Ashok Sarvaiya,"Booking confirmed ✅ 
Farm number 11
₹2000 received 

15 Persons Max
Rent: ₹6500
Deposit: ₹2000

Deposit Refund after check out.",2026-05-25 19:00:00,2026-05-26 18:00:00,2026-05-26 18:00:00,2026-05-20,13:23:12,23.0000000002328,0,0,1,,,,6500.0,15,24.0,24H Night,5,0.0,1,Percentile (Strict),False,14000.0,6500.0,1.0,7750.0,7.0,34.0,1.0,1.0,1.0,5,0.49999999999999994,-0.8660254037844387,2026,2,21,140,0,0,Festival,False,Standard,Tier 2,High,1.0,0.0,0.0,,,False,False,Festival,0,7,7,0,0,1,1,1,summer,1,0,24H Night,24.0,1.0,24H,0,0.0,6500.0,1.0,0,1.0,1.0,0,0,1,Clear,1,Standard,0.0,26.0,20.0,60.0,4.2,25.0,60.0,90.0,6715.277777777777,5370.689655172414,7086.95652173913,6715.277777777777,6903.846153846154,6715.277777777777,5642.857142857143,1.0,1,1.534,2564.1,4802.5641025641025,4600.0,4802.5641025641025,4600.0,1331.893622172104,39.0,1.0,4400.0,5300.0,0,0,0,0,0,0,0,0,0,1,0,0,0,0,1.0,0.2833333333333333,86.0,0.8823451557780372,0.0,37.32345155778037,0.0,1,5,1.891,1.2,1.067,0.8,0,8500.0,0,0
Booked by Pinkal Bhandari,"Booking confirmed ✅ 
Farm number 11
₹2000 advance received

24 May 2026 at 7:00 PM to 25 May 2026 at 6:00 PM
15 Persons Max
Rent: ₹6500
Deposit: ₹2000

Deposit Refund after check out.",2026-05-24 19:00:00,2026-05-25 18:00:00,2026-05-25 18:00:00,2026-05-22,19:17:47,23.0000000002328,0,0,1,,,,6500.0,15,24.0,24H Night,1,0.0,1,Percentile (Strict),False,6500.0,14000.0,2.0,7800.0,5.0,33.0,0.7142857142857143,1.0,0.7142857142857143,5,0.49999999999999994,-0.8660254037844387,2026,4,21,142,0,0,Festival,False,Standard,Tier 2,High,1.0,0.0,0.0,,,False,False,Festival,0,7,7,0,0,1,1,1,summer,1,0,24H Night,24.0,1.0,24H,0,0.0,6500.0,1.0,0,1.0,1.0,0,0,1,Clear,0,Last Minute,0.0,26.0,20.0,60.0,4.2,25.0,60.0,75.0,6715.277777777777,5370.689655172414,7086.95652173913,6715.277777777777,6611.111111111111,6715.277777777777,5150.0,1.0,1,1.534,2564.1,4802.5641025641025,4600.0,4802.5641025641025,4600.0,1331.893622172104,39.0,1.0,4400.0,5300.0,1,0,0,0,0,0,0,0,1,0,0,0,0,0,1.0,0.2833333333333333,86.0,0.6493447462165928,-0.2857142857142857,34.993447462165925,0.0,1,5,1.891,1.2,1.067,0.8,0,8500.0,0,0
Booked by Parth Patel,"Booking confirmed ✅ 
Farm number 11
₹2000 advance received

28 May 2026 at 7:00 PM to 29 May 2026 at 6:00 PM
12 Persons Max
Rent: ₹6500
Deposit: ₹2000

Deposit Refund after check out.",2026-05-28 19:00:00,2026-05-29 18:00:00,2026-05-29 18:00:00,2026-05-24,17:06:56,23.0000000002328,0,0,1,,,,6500.0,12,24.0,24H Night,4,0.0,1,Percentile (Strict),False,6500.0,6500.0,2.0,7050.0,5.0,32.0,0.7142857142857143,1.0,0.7142857142857143,5,0.49999999999999994,-0.8660254037844387,2026,6,21,144,0,0,Festival,False,Standard,Tier 2,High,1.0,0.0,0.0,,,False,False,Festival,0,7,7,0,0,1,1,1,summer,1,0,24H Night,24.0,1.0,24H,0,0.0,6500.0,1.0,0,1.0,1.0,0,1,0,Clear,1,Standard,0.0,26.0,20.0,60.0,4.2,25.0,60.0,90.0,6715.277777777777,5370.689655172414,7086.95652173913,6715.277777777777,6903.846153846154,6715.277777777777,5642.857142857143,1.0,1,1.534,2564.1,4802.5641025641025,4600.0,4802.5641025641025,4600.0,1331.893622172104,39.0,1.0,4400.0,5300.0,0,0,0,0,1,0,0,0,0,1,0,0,0,0,1.0,0.2833333333333333,86.0,0.6696365792999261,-0.2857142857142857,35.19636579299926,0.0,1,5,1.891,1.2,1.067,0.8,0,8500.0,0,0
Booked by Arshil Siroya,"
Farm number 11
₹7000 advance received

15 Persons Max
Rent: ₹14000
Deposit: ₹2000

Deposit Refund after check out.",2026-05-30 19:00:00,2026-05-31 18:00:00,2026-05-31 18:00:00,2026-05-24,12:35:25,23.0000000002328,0,1,1,,,,14000.0,15,24.0,24H Night,6,0.0,0, (Strict),False,6500.0,6500.0,0.0,7850.0,6.0,33.0,0.8571428571428571,1.0,0.8571428571428571,5,0.49999999999999994,-0.8660254037844387,2026,6,21,144,1,0,Festival,False,Standard,Tier 2,High,1.0,0.0,0.0,,,False,False,Festival,0,7,7,1,0,1,1,1,summer,1,0,24H Night,24.0,1.0,24H,0,0.0,14000.0,1.0,0,1.0,1.0,0,0,1,Clear,1,Standard,0.0,26.0,20.0,60.0,4.2,25.0,100.0,90.0,6611.111111111111,12153.846153846154,6923.913043478261,6611.111111111111,6615.384615384615,6611.111111111111,12833.333333333334,0.9,1,1.534,2564.1,7366.666666666667,5400.0,7366.666666666667,5400.0,3740.2094415509227,33.0,1.0,4400.0,11200.0,0,0,0,0,1,0,0,0,0,1,0,0,0,0,1.0,0.2833333333333333,86.0,0.7792136954599113,-0.1428571428571429,56.292136954599115,0.0,1,5,1.891,1.2,1.067,0.8,0,8500.0,0,0
Booked by Mahesh Pipaliya,"Booking confirmed ✅ 
Farm number 11
₹2000 advance received

+91 9978808599

29 May 2026 at 7:00 PM to 30 May 2026 at 6:00 PM
15-17 Persons Max
Rent: ₹6500
Deposit: ₹2000

Deposit Refund after check out.",2026-05-29 19:00:00,2026-05-30 18:00:00,2026-05-30 18:00:00,2026-05-25,15:30:01,23.0000000002328,0,0,1,,,,6500.0,17,24.0,24H Night,4,0.0,1,Percentile (Strict),False,14000.0,6500.0,1.0,7900.0,6.0,34.0,0.8571428571428571,1.0,0.8571428571428571,5,0.49999999999999994,-0.8660254037844387,2026,0,22,145,0,0,Festival,False,Standard,Tier 2,High,1.0,0.0,0.0,,,False,False,Festival,0,7,7,0,0,1,1,1,summer,1,0,24H Night,24.0,1.0,24H,0,0.0,6500.0,1.0,0,1.0,1.0,0,0,1,Clear,1,Standard,0.0,26.0,20.0,60.0,4.2,25.0,60.0,90.0,6715.277777777777,5370.689655172414,6863.636363636364,6715.277777777777,6903.846153846154,6715.277777777777,5666.666666666667,0.76,3,1.534,2564.1,4802.5641025641025,4600.0,4802.5641025641025,4600.0,1331.893622172104,39.0,1.0,4400.0,5300.0,0,0,0,0,0,0,0,0,0,1,0,0,0,0,1.0,0.2833333333333333,86.0,0.7562958478097461,-0.1428571428571429,36.062958478097464,0.0,1,5,1.891,1.2,1.067,0.8,0,8500.0,0,0
Booked by Nilam Patel,"Booking confirmed ✅ 
Farm number 11
₹2000 advance received

1 Jun 2026 at 7:00 PM to 2 Jun 2026 at 6:00 PM
12 Persons Max
Rent: ₹6500
Deposit: ₹2000

Deposit Refund after check out.",2026-06-01 19:00:00,2026-06-02 18:00:00,2026-06-02 18:00:00,2026-05-25,13:38:20,23.0000000002328,0,0,1,,,,6500.0,12,24.0,24H Night,7,0.0,1,Percentile (Strict),False,6500.0,14000.0,0.0,7950.0,7.0,35.0,1.0,1.0,1.0,5,0.49999999999999994,-0.8660254037844387,2026,0,22,145,0,0,Festival,False,Standard,Tier 2,High,1.0,0.0,0.0,,,False,False,Festival,0,7,7,0,0,1,1,1,summer,1,0,24H Night,24.0,1.0,24H,0,0.0,6500.0,1.0,0,1.0,1.0,0,1,0,Clear,1,Standard,0.0,26.0,20.0,60.0,4.2,25.0,60.0,90.0,6715.277777777777,5370.689655172414,7086.95652173913,6715.277777777777,6903.846153846154,6715.277777777777,5642.857142857143,1.0,1,1.534,2564.1,4802.5641025641025,4600.0,4802.5641025641025,4600.0,1331.893622172104,39.0,1.0,4400.0,5300.0,0,0,0,0,0,0,0,0,0,1,0,0,0,0,1.0,0.2833333333333333,86.0,0.8571355102670547,0.0,37.071355102670545,0.0,1,5,1.891,1.2,1.067,0.8,0,8500.0,0,0
Booked by Chirag Bhalu,"Booking confirmed ✅ 
Farm number 11
₹2000 advance received

27 May 2026 at 7:00 PM to 28 May 2026 at 6:00 PM
22 Persons Max
Rent: ₹7000
Deposit: ₹2000

Deposit Refund after check out.",2026-05-27 19:00:00,2026-05-28 18:00:00,2026-05-28 18:00:00,2026-05-26,12:56:21,23.0000000002328,0,0,1,,,,7000.0,22,24.0,24H Night,1,0.0,1,Percentile (Strict),False,6500.0,6500.0,1.0,8050.0,7.0,36.0,1.0,1.0,1.0,5,0.49999999999999994,-0.8660254037844387,2026,1,22,146,0,0,Festival,False,Standard,Tier 2,High,1.0,0.0,0.0,,,False,False,Festival,0,7,7,0,0,1,1,1,summer,1,0,24H Night,24.0,1.0,24H,0,0.0,7000.0,1.0,0,1.0,1.0,0,0,1,Clear,0,Last Minute,0.0,26.0,20.0,60.0,4.2,25.0,60.0,75.0,6708.333333333333,5362.068965517241,6818.181818181818,6708.333333333333,6600.0,6708.333333333333,5500.0,0.93,1,1.534,2564.1,4802.5641025641025,4600.0,4802.5641025641025,4600.0,1331.893622172104,39.0,1.0,4400.0,5300.0,0,0,0,0,0,0,0,0,1,0,0,0,0,0,1.0,0.2833333333333333,86.0,0.8333263889467588,0.0,36.83326388946759,0.0,1,5,1.891,1.2,1.067,0.8,0,8500.0,0,0
Booked by Indrapratap Singh,"Booking confirmed 
Farm number 11
₹2000 advance received

+91 9664510245

31 May 2026 at 7:00 PM to 1 Jun 2026 at 7:00 AM
14 Persons Max
Rent: ₹4500
Deposit: ₹2000

Deposit Refund after check out.",2026-05-31 19:00:00,2026-06-01 07:00:00,2026-06-01 07:00:00,2026-05-30,22:09:00,12.0,0,0,1,,,,4500.0,14,12.0,12H Night,0,0.0,0, (Month),False,4000.0,3000.0,4.0,3070.0,6.0,32.0,0.8571428571428571,1.0,0.8571428571428571,5,0.49999999999999994,-0.8660254037844387,2026,5,22,150,0,0,Festival,False,Standard,Tier 2,High,1.0,0.0,0.0,,,False,False,Festival,0,7,7,0,0,1,1,1,summer,1,0,12H Night,12.0,0.5,12H,0,0.0,9000.0,1.0,0,1.0,1.0,0,0,1,Clear,0,Same Day,0.0,26.0,20.0,60.0,4.2,25.0,60.0,75.0,3083.3333333333335,3083.3333333333335,3125.0,3083.3333333333335,3083.3333333333335,3083.3333333333335,3125.0,0.91,1,1.627,1529.17,2437.5,2130.0,2437.5,2130.0,952.7635243507874,4.0,0.8,1917.5,2650.0,0,0,1,0,0,0,0,1,0,0,0,0,0,0,1.0,0.2833333333333333,86.0,0.8035638951599113,-0.1428571428571429,36.53563895159911,0.0,1,5,1.891,1.2,1.067,0.8,0,8500.0,0,0
Booked by Mahesh Gadhiya,"Booking confirmed
Farm number 11
₹2000 advance received

+91 9978774398

1 Jun 2026 at 9:00 AM to 1 Jun 2026 at 6:00 PM
10 Persons Max
Rent: ₹4500
Deposit: ₹2000

Deposit Refund after check out.",2026-06-01 09:00:00,2026-06-01 18:00:00,2026-06-01 18:00:00,2026-05-30,22:10:58,9.0,0,0,1,,,,4500.0,10,12.0,12H Day,1,0.0,0, (Strict),False,4000.0,3500.0,0.0,3780.0,7.0,33.0,1.0,1.0,1.0,5,0.49999999999999994,-0.8660254037844387,2026,5,22,150,0,0,Festival,False,Standard,Tier 2,High,1.0,0.0,0.0,,,False,False,Festival,0,7,7,0,0,1,1,1,summer,1,0,12H Day,12.0,0.5,12H,0,0.0,9000.0,1.0,0,1.0,1.0,0,1,0,Clear,0,Last Minute,0.0,26.0,20.0,60.0,4.2,25.0,60.0,75.0,3836.1111111111113,3836.1111111111113,4555.555555555556,3836.1111111111113,3440.625,3836.1111111111113,3857.1428571428573,0.9400000000000001,1,0.931,-228.57,3303.5714285714284,2950.0,3303.5714285714284,2950.0,1902.6766859949096,14.0,1.0,2175.0,3400.0,0,1,0,0,0,0,0,0,1,0,0,0,0,0,1.0,0.2833333333333333,86.0,0.9090826447032299,0.0,37.5908264470323,0.0,1,5,1.891,1.2,1.067,0.8,0,8500.0,0,0
Booked by Mehul Dholakiya,"Booking confirmed ✅ 
Farm number 11
₹2000 received 

2 Jun 2026 at 7:00 PM to 3 Jun 2026 at 6:00 PM
15 Persons Max
Rent: ₹6500
Deposit: ₹2000

Deposit Refund after check out.",2026-06-02 19:00:00,2026-06-03 18:00:00,2026-06-03 18:00:00,2026-05-31,21:44:58,23.0000000002328,0,0,1,,,,6500.0,15,24.0,24H Night,1,0.0,1,Percentile (Strict),False,7000.0,6500.0,1.0,8050.0,6.0,32.0,0.8571428571428571,1.0,0.8571428571428571,5,0.49999999999999994,-0.8660254037844387,2026,6,22,151,0,0,Festival,False,Standard,Tier 2,High,1.0,0.0,0.0,,,False,False,Festival,0,7,7,0,0,1,1,1,summer,1,0,24H Night,24.0,1.0,24H,0,0.0,6500.0,1.0,0,1.0,1.0,0,0,1,Clear,0,Last Minute,0.0,26.0,20.0,60.0,4.2,25.0,60.0,75.0,6715.277777777777,5370.689655172414,7086.95652173913,6715.277777777777,6611.111111111111,6715.277777777777,5150.0,1.0,1,1.534,2564.1,4802.5641025641025,4600.0,4802.5641025641025,4600.0,1331.893622172104,39.0,1.0,4400.0,5300.0,0,0,0,0,1,0,0,0,1,0,0,0,0,0,1.0,0.2833333333333333,86.0,0.8035638951599113,-0.1428571428571429,36.53563895159911,0.0,1,5,1.891,1.2,1.067,0.8,0,8500.0,0,0
Booked by Donda Krish,"Booking confirmed ✅ 
Farm number 11
₹2000 advance received

+91 9054348670

4 Jun 2026 at 7:00 PM to 5 Jun 2026 at 6:00 PM
10 Persons Max
Rent: ₹6500
Deposit: ₹2000

Deposit Refund after check out.",2026-06-04 19:00:00,2026-06-05 18:00:00,2026-06-05 18:00:00,2026-06-01,22:11:43,23.0000000002328,0,0,1,,,,6500.0,10,24.0,24H Night,2,0.0,1,Percentile (Strict),False,6500.0,7000.0,1.0,8050.0,5.0,32.0,0.7142857142857143,1.0,0.7142857142857143,6,1.2246467991473532e-16,-1.0,2026,0,23,152,0,0,Festival,False,Standard,Tier 2,High,1.0,0.0,0.0,,,False,False,Festival,0,7,7,0,0,0,0,1,monsoon,1,0,24H Night,24.0,1.0,24H,0,0.0,6500.0,1.0,0,1.0,1.0,0,1,0,Clear,0,Last Minute,0.0,26.0,20.0,60.0,4.2,25.0,60.0,90.0,5582.608695652174,4737.142857142857,5528.571428571428,5582.608695652174,5694.871794871795,5582.608695652174,4700.0,1.0,1,1.221,990.28,4487.5,4500.0,4487.5,4500.0,917.6115025244711,24.0,1.0,4150.0,5125.0,0,0,0,0,0,0,0,0,1,0,0,0,0,0,1.0,0.225,93.0,0.6696365792999261,-0.2857142857142857,33.44636579299926,0.0,1,5,1.891,1.2,1.067,0.8,0,8500.0,0,0
Booked by Feni Patel,"Booking confirmed ✅ 
Farm number 11
₹2000 received 

+91 83200 93842

5 Jun 2026 at 7:00 PM to 6 Jun 2026 at 6:00 PM
15 Persons Max
Rent: ₹6500
Deposit: ₹2000

Deposit Refund after check out.",2026-06-05 19:00:00,2026-06-06 18:00:00,2026-06-06 18:00:00,2026-06-02,13:10:25,23.0000000002328,0,0,1,,,,6500.0,15,24.0,24H Night,3,0.0,1,Percentile (Strict),False,6500.0,6500.0,1.0,7300.0,5.0,32.0,0.7142857142857143,1.0,0.7142857142857143,6,1.2246467991473532e-16,-1.0,2026,1,23,153,0,0,Festival,False,Standard,Tier 2,High,1.0,0.0,0.0,,,False,False,Festival,0,7,7,0,0,0,0,1,monsoon,1,0,24H Night,24.0,1.0,24H,0,0.0,6500.0,1.0,0,1.0,1.0,0,0,1,Clear,1,Last Minute,0.0,26.0,20.0,60.0,4.2,25.0,60.0,90.0,5582.608695652174,4737.142857142857,5528.571428571428,5582.608695652174,5694.871794871795,5582.608695652174,4700.0,1.0,1,1.221,990.28,4487.5,4500.0,4487.5,4500.0,917.6115025244711,24.0,1.0,4150.0,5125.0,0,0,0,0,0,0,0,0,1,0,0,0,0,0,1.0,0.225,93.0,0.6696365792999261,-0.2857142857142857,33.44636579299926,0.0,1,5,1.891,1.2,1.067,0.8,0,8500.0,0,0
Booked by Henil Vaghasiya ,"Booking confirmed ✅ 
Farm number 11
₹2000 received 

+91 6356 671 228

8 Persons Max
Rent: ₹6000
Deposit: ₹2000

Deposit Refund after check out.",2026-06-03 19:00:00,2026-06-04 18:00:00,2026-06-04 18:00:00,2026-06-02,12:33:29,23.0000000002328,0,0,1,,,,6000.0,8,24.0,24H Night,1,0.0,0, (Strict),False,6500.0,6500.0,0.0,7250.0,6.0,33.0,0.8571428571428571,1.0,0.8571428571428571,6,1.2246467991473532e-16,-1.0,2026,1,23,153,0,0,Festival,False,Standard,Tier 2,High,1.0,0.0,0.0,,,False,False,Festival,0,7,7,0,0,0,0,1,monsoon,1,0,24H Night,24.0,1.0,24H,0,0.0,6000.0,1.0,0,1.0,1.0,0,1,0,Clear,0,Last Minute,0.0,26.0,20.0,60.0,4.2,25.0,60.0,75.0,5593.478260869565,4751.428571428572,4787.5,5593.478260869565,5707.692307692308,5593.478260869565,4460.0,0.92,1,1.221,990.28,4487.5,4500.0,4487.5,4500.0,917.6115025244711,24.0,1.0,4150.0,5125.0,0,0,0,0,0,0,0,0,1,0,0,0,0,0,1.0,0.225,93.0,0.7792136954599113,-0.1428571428571429,34.542136954599115,0.0,1,5,1.891,1.2,1.067,0.8,0,8500.0,0,0
Booked by Hemansu Bhaliya,"Booking confirmed ✅ 
Farm number 11
₹2000 advance received

10 Persons Max
Rent: ₹5200
Deposit: ₹2000

Deposit Refund after check out.",2026-06-08 19:00:00,2026-06-09 18:00:00,2026-06-09 18:00:00,2026-06-04,18:06:38,23.0000000002328,0,0,1,,,,5200.0,10,24.0,24H Night,4,0.0,0, (Strict),False,6000.0,6500.0,2.0,7120.0,7.0,31.0,1.0,1.0,1.0,6,1.2246467991473532e-16,-1.0,2026,3,23,155,0,0,Festival,False,Standard,Tier 2,High,1.0,0.0,0.0,,,False,False,Festival,0,7,7,0,0,0,0,1,monsoon,1,0,24H Night,24.0,1.0,24H,0,0.0,5200.0,1.0,0,1.0,1.0,0,1,0,Clear,1,Standard,0.0,26.0,20.0,60.0,4.2,25.0,60.0,90.0,5610.869565217391,4774.285714285715,5565.714285714285,5610.869565217391,4916.666666666667,5610.869565217391,4770.37037037037,0.7999999999999999,3,1.221,990.28,4487.5,4500.0,4487.5,4500.0,917.6115025244711,24.0,1.0,4150.0,5125.0,0,0,0,0,0,0,0,0,0,1,0,0,0,0,1.0,0.225,93.0,0.9677325703299644,0.0,36.427325703299644,0.0,1,5,1.891,1.2,1.067,0.8,0,8500.0,0,0
Booked by Rajesh Patel,"Booking confirmed ✅ 
Farm number 11
₹7000 received

+91 9924761194

18 Persons Max
Rent: ₹14000
Deposit: ₹2000

Deposit Refund after check out.",2026-06-06 19:00:00,2026-06-07 18:00:00,2026-06-07 18:00:00,2026-06-05,12:47:08,23.0000000002328,0,1,1,,,,14000.0,18,24.0,24H Night,1,0.0,0, (Strict),False,5200.0,6000.0,1.0,7870.0,8.0,30.0,1.0,1.0,1.1428571428571428,6,1.2246467991473532e-16,-1.0,2026,4,23,156,1,0,Festival,False,Standard,Tier 2,High,1.0,0.0,0.0,,,False,False,Festival,0,7,7,1,0,0,0,1,monsoon,1,0,24H Night,24.0,1.0,24H,0,0.0,14000.0,1.0,0,1.0,1.0,0,0,1,Clear,0,Last Minute,0.0,26.0,20.0,60.0,4.2,25.0,100.0,75.0,5419.565217391304,7700.0,5000.0,5419.565217391304,5502.5641025641025,5419.565217391304,7700.0,0.57,5,1.221,990.28,5477.777777777777,4200.0,5477.777777777777,4200.0,3125.8639831294067,27.0,1.0,3650.0,6200.0,1,0,0,0,0,0,0,0,1,0,0,0,0,0,1.0,0.225,93.0,1.1428457143999988,0.0,58.178457143999985,0.0,1,5,1.891,1.2,1.067,0.8,0,8500.0,0,0
Booked by Niraj Mavani,"
Farm number 11
₹2000 received 

12 Persons Max
Rent: ₹5000
Deposit: ₹2000

Deposit Refund after check out.",2026-06-09 19:00:00,2026-06-10 18:00:00,2026-06-10 18:00:00,2026-06-06,14:29:02,23.0000000002328,0,0,1,,,,5000.0,12,24.0,24H Night,3,0.0,0, (Strict),False,14000.0,5200.0,1.0,6970.0,7.0,31.0,1.0,1.0,1.0,6,1.2246467991473532e-16,-1.0,2026,5,23,157,0,0,Festival,False,Standard,Tier 2,High,1.0,0.0,0.0,,,False,False,Festival,0,7,7,0,0,0,0,1,monsoon,1,0,24H Night,24.0,1.0,24H,0,0.0,5000.0,1.0,0,1.0,1.0,0,1,0,Clear,1,Last Minute,0.0,26.0,20.0,60.0,4.2,25.0,60.0,90.0,5615.217391304348,4780.0,5571.428571428572,5615.217391304348,5733.333333333333,5615.217391304348,4762.5,1.0,1,1.221,990.28,4487.5,4500.0,4487.5,4500.0,917.6115025244711,24.0,1.0,4150.0,5125.0,0,0,1,0,0,0,0,0,1,0,0,0,0,0,1.0,0.225,93.0,0.9677325703299644,0.0,36.427325703299644,0.0,1,5,1.891,1.2,1.067,0.8,0,8500.0,0,0
Booked by Hitesh Sonar,"
Farm number 11
₹1000 received 

12 Persons Max
Rent: ₹5000
Deposit: ₹2000

Deposit Refund after check out.",2026-06-07 19:00:00,2026-06-08 18:00:00,2026-06-08 18:00:00,2026-06-06,15:56:11,23.0000000002328,0,0,1,,,,5000.0,12,24.0,24H Night,1,0.0,0, (Strict),False,5000.0,14000.0,0.0,6820.0,8.0,32.0,1.0,1.0,1.1428571428571428,6,1.2246467991473532e-16,-1.0,2026,5,23,157,0,0,Festival,False,Standard,Tier 2,High,1.0,0.0,0.0,,,False,False,Festival,0,7,7,0,0,0,0,1,monsoon,1,0,24H Night,24.0,1.0,24H,0,0.0,5000.0,1.0,0,1.0,1.0,0,1,0,Clear,0,Last Minute,0.0,26.0,20.0,60.0,4.2,25.0,60.0,75.0,5615.217391304348,4780.0,5571.428571428572,5615.217391304348,5733.333333333333,5615.217391304348,4762.5,1.0,1,1.221,990.28,4487.5,4500.0,4487.5,4500.0,917.6115025244711,24.0,1.0,4150.0,5125.0,0,0,1,0,0,0,0,0,1,0,0,0,0,0,1.0,0.225,93.0,1.071418526879882,0.0,37.46418526879882,0.0,1,5,1.891,1.2,1.067,0.8,0,8500.0,0,0
Booked by Piyush Bhadani,"Booking confirmed ✅ 
Farm number 11
₹2000 advance received

10 Persons Max
Rent: ₹5000
Deposit: ₹2000

Deposit Refund after check out.",2026-06-11 19:00:00,2026-06-12 18:00:00,2026-06-12 18:00:00,2026-06-07,21:02:44,23.0000000002328,0,0,0,,,,5000.0,10,24.0,24H Night,3,0.0,0, (Strict),False,5000.0,5000.0,1.0,6670.0,8.0,33.0,1.0,1.0,1.1428571428571428,6,1.2246467991473532e-16,-1.0,2026,6,23,158,0,0,Festival,False,Standard,Tier 2,High,1.0,0.0,0.0,,,False,False,Festival,0,7,7,0,0,0,0,0,monsoon,0,0,24H Night,24.0,1.0,24H,0,0.0,5000.0,1.0,0,1.0,1.0,0,1,0,Clear,1,Last Minute,0.0,26.0,20.0,60.0,4.2,25.0,60.0,90.0,5615.217391304348,4780.0,5571.428571428572,5615.217391304348,5733.333333333333,5615.217391304348,4762.5,1.0,1,1.221,990.28,4487.5,4500.0,4487.5,4500.0,917.6115025244711,24.0,1.0,4150.0,5125.0,0,0,0,0,1,0,0,0,1,0,0,0,0,0,1.0,0.225,93.0,1.0389515939465483,0.0,37.13951593946548,0.0,1,5,1.891,1.2,1.067,0.8,0,8500.0,0,0
Booked by Rahul Sonvane,"Booking confirmed ✅ 
Farm number 11
₹2000 received 

10 Persons Max
Rent: ₹4000
Deposit: ₹2000

Deposit Refund after check out.",2026-06-11 09:00:00,2026-06-11 18:00:00,2026-06-11 18:00:00,2026-06-09,22:35:34,9.0,0,0,0,,,,4000.0,10,12.0,12H Day,1,0.0,0, (Strict),False,4500.0,4000.0,2.0,3830.0,6.0,29.0,0.8571428571428571,0.9666666666666667,0.8571428571428571,6,1.2246467991473532e-16,-1.0,2026,1,24,160,0,0,Festival,False,Standard,Tier 2,High,1.0,0.0,0.0,,,False,False,Festival,0,7,7,0,0,0,0,0,monsoon,0,0,12H Day,12.0,0.5,12H,0,0.0,8000.0,1.0,0,1.0,1.0,0,1,0,Clear,0,Last Minute,0.0,26.0,20.0,60.0,4.2,25.0,60.0,75.0,3245.4545454545455,3245.4545454545455,3666.6666666666665,3245.4545454545455,3284.2105263157896,3245.4545454545455,3666.6666666666665,0.7,3,1.278,754.17,2712.5,2550.0,2712.5,2550.0,725.9230577094833,8.0,1.0,2400.0,3100.0,0,0,0,0,0,0,0,0,1,0,0,0,0,0,1.0,0.225,93.0,0.8866903347305274,-0.10952380952380958,35.616903347305275,0.0,1,5,1.891,1.2,1.067,0.8,0,8500.0,0,0
Booked by Renisha Shingala,"Booking confirmed ✅ 
Farm number 11
₹2000 received

+91 9099854642

11 Persons Max
Rent: ₹4500
Deposit: ₹2000

Deposit Refund after check out.",2026-06-12 19:00:00,2026-06-13 18:00:00,2026-06-13 18:00:00,2026-06-10,11:30:18,23.0000000002328,0,0,0,,,,4500.0,11,24.0,24H Night,2,0.0,0, (Strict),False,5000.0,5000.0,1.0,6420.0,7.0,29.0,1.0,0.9666666666666667,1.0,6,1.2246467991473532e-16,-1.0,2026,2,24,161,0,0,Festival,False,Standard,Tier 2,High,1.0,0.0,0.0,,,False,False,Festival,0,7,7,0,0,0,0,0,monsoon,0,0,24H Night,24.0,1.0,24H,0,0.0,4500.0,1.0,0,1.0,1.0,0,1,0,Clear,0,Last Minute,0.0,26.0,20.0,60.0,4.2,25.0,60.0,90.0,5626.086956521739,4794.285714285715,5585.714285714285,5626.086956521739,5746.153846153846,5626.086956521739,4783.333333333333,1.0,1,1.221,990.28,4487.5,4500.0,4487.5,4500.0,917.6115025244711,24.0,1.0,4150.0,5125.0,0,0,0,0,0,0,0,0,1,0,0,0,0,0,1.0,0.225,93.0,1.0344720571856154,0.033333333333333326,37.09472057185616,0.0,1,5,1.891,1.2,1.067,0.8,0,8500.0,0,0
Booked by Harshit Kotadiya,"Booking confirmed ✅ 
Farm number 11
₹5000 received

+91 8866994302

10 Persons Max
Rent: ₹10000
Deposit: ₹2000

Deposit Refund after check out.",2026-06-13 19:00:00,2026-06-14 18:00:00,2026-06-14 18:00:00,2026-06-11,09:56:01,23.0000000002328,0,1,0,,,,10000.0,10,24.0,24H Night,2,0.0,0, (Strict),False,4500.0,5000.0,1.0,6770.0,7.0,29.0,1.0,0.9666666666666667,1.0,6,1.2246467991473532e-16,-1.0,2026,3,24,162,1,0,Festival,False,Standard,Tier 2,High,1.0,0.0,0.0,,,False,False,Festival,0,7,7,0,0,0,0,0,monsoon,1,0,24H Night,24.0,1.0,24H,0,0.0,10000.0,1.0,0,1.0,1.0,0,1,0,Clear,0,Last Minute,0.0,26.0,20.0,60.0,4.2,25.0,100.0,90.0,5506.521739130435,8100.0,5428.571428571428,5506.521739130435,5605.128205128205,5506.521739130435,9200.0,0.92,1,1.221,990.28,5477.777777777777,4200.0,5477.777777777777,4200.0,3125.8639831294067,27.0,1.0,3650.0,6200.0,0,0,0,0,0,0,0,0,1,0,0,0,0,0,1.0,0.225,93.0,1.0344720571856154,0.033333333333333326,57.09472057185616,0.0,1,5,1.891,1.2,1.067,0.8,0,8500.0,0,0
Booked by Kirtan Makvana,"Booking confirmed ✅ 
Farm number 11
₹2000 received

⁨‭+91 9016745734‬⁩

10 Persons Max
Rent: ₹4000
Deposit: ₹2000

Deposit Refund after check out.",2026-06-26 09:00:00,2026-06-26 18:00:00,2026-06-26 18:00:00,2026-06-11,18:11:04,9.0,0,0,0,,,,4000.0,10,12.0,12H Day,14,0.0,0, (Strict),False,4000.0,4500.0,0.0,3830.0,8.0,30.0,1.0,1.0,1.1428571428571428,6,1.2246467991473532e-16,-1.0,2026,3,24,162,0,0,Festival,False,Standard,Tier 2,High,1.0,0.0,0.0,,,False,False,Festival,0,7,7,0,0,0,0,0,monsoon,0,0,12H Day,12.0,0.5,12H,0,0.0,8000.0,1.0,0,1.0,1.0,0,1,0,Clear,2,Standard,0.0,26.0,20.0,60.0,4.2,25.0,60.0,90.0,3245.4545454545455,3245.4545454545455,3666.6666666666665,3245.4545454545455,2500.0,3245.4545454545455,3666.6666666666665,0.7,3,1.278,754.17,2712.5,2550.0,2712.5,2550.0,725.9230577094833,8.0,1.0,2400.0,3100.0,0,0,0,0,0,0,0,0,0,0,1,0,0,0,1.0,0.225,93.0,1.1428457143999988,0.0,38.178457143999985,0.0,1,5,1.891,1.2,1.067,0.8,0,8500.0,0,0
Booked by Bhavesh Chaudhari,"Booking confirmed ✅ 
Farm number 11
₹1000 received

+91 7621921808

7 Persons Max
Rent: ₹4500
Deposit: ₹2000

Deposit Refund after check out.",2026-06-15 19:00:00,2026-06-16 18:00:00,2026-06-16 18:00:00,2026-06-13,11:00:32,23.0000000002328,0,0,0,,,,4500.0,7,24.0,24H Night,2,0.0,0, (Strict),False,10000.0,4500.0,2.0,6570.0,6.0,27.0,0.8571428571428571,0.9,0.8571428571428571,6,1.2246467991473532e-16,-1.0,2026,5,24,164,0,0,Festival,False,Standard,Tier 2,High,1.0,0.0,0.0,,,False,False,Festival,0,7,7,0,0,0,0,0,monsoon,0,0,24H Night,24.0,1.0,24H,0,0.0,4500.0,1.0,0,1.0,1.0,0,1,0,Clear,0,Last Minute,0.0,26.0,20.0,60.0,4.2,25.0,60.0,90.0,5626.086956521739,4794.285714285715,4975.0,5626.086956521739,5746.153846153846,5626.086956521739,4760.0,0.92,1,1.221,990.28,4487.5,4500.0,4487.5,4500.0,917.6115025244711,24.0,1.0,4150.0,5125.0,0,0,1,0,0,0,0,0,1,0,0,0,0,0,1.0,0.225,93.0,0.9523703704879469,-0.04285714285714293,36.273703704879466,0.0,1,5,1.891,1.2,1.067,0.8,0,8500.0,0,0
Booked by Parasram,"Booking Confirmed
Farm number 11
₹1000 advance received

+91 9106339772

4 Persons Max
Rent: ₹3000
Deposit: ₹2000

Deposit Refund after check out.",2026-06-14 19:00:00,2026-06-15 08:00:00,2026-06-15 08:00:00,2026-06-14,22:09:41,13.0000000004657,0,0,0,,,,3000.0,4,12.0,24H Night,0,0.0,1,MAD (Strict),False,4500.0,10000.0,1.0,6220.0,6.0,27.0,0.8571428571428571,0.9,0.8571428571428571,6,1.2246467991473532e-16,-1.0,2026,6,24,165,0,0,Festival,False,Standard,Tier 2,High,1.0,0.0,0.0,,,False,False,Festival,0,7,7,0,0,0,0,0,monsoon,0,0,24H Night,24.0,0.5,12H,0,0.0,6000.0,1.0,0,0.5,0.95,0,1,0,Clear,0,Same Day,0.0,26.0,20.0,60.0,4.2,25.0,60.0,75.0,5658.695652173913,4837.142857142857,5162.5,5658.695652173913,5784.615384615385,5658.695652173913,5060.0,0.92,1,1.221,990.28,4487.5,4500.0,4487.5,4500.0,917.6115025244711,24.0,1.0,4150.0,5125.0,0,0,0,0,1,0,0,1,0,0,0,0,0,0,1.0,0.225,93.0,0.9523703704879469,-0.04285714285714293,36.273703704879466,0.0,1,5,1.891,1.2,1.067,0.8,0,8500.0,0,0
Booked by Dilip Kansara,"Booking Confirmed ✅ 
Farm number 11
₹2000 advance received

⁨‭+91 7878060650‬⁩

16 Jun 2026 at 7:00 PM to 17 Jun 2026 at 6:00 PM
15 Persons Max
Rent: ₹5000
Deposit: ₹2000

Deposit Refund after check out.",2026-06-16 19:00:00,2026-06-17 18:00:00,2026-06-17 18:00:00,2026-06-15,12:41:40,23.0000000002328,0,0,0,,,,5000.0,15,24.0,24H Night,1,0.0,0, (Strict),False,3000.0,4500.0,1.0,6120.0,7.0,27.0,1.0,0.9,1.0,6,1.2246467991473532e-16,-1.0,2026,0,25,166,0,0,Festival,False,Standard,Tier 2,High,1.0,0.0,0.0,,,False,False,Festival,0,7,7,0,0,0,0,0,monsoon,0,0,24H Night,24.0,1.0,24H,0,0.0,5000.0,1.0,0,1.0,1.0,0,0,1,Clear,0,Last Minute,0.0,26.0,20.0,60.0,4.2,25.0,60.0,75.0,5615.217391304348,4780.0,5571.428571428572,5615.217391304348,5733.333333333333,5615.217391304348,4762.5,1.0,1,1.221,990.28,4487.5,4500.0,4487.5,4500.0,917.6115025244711,24.0,1.0,4150.0,5125.0,0,0,0,0,0,0,0,0,1,0,0,0,0,0,1.0,0.225,93.0,1.1110987655692715,0.09999999999999998,37.86098765569272,0.0,1,5,1.891,1.2,1.067,0.8,0,8500.0,0,0
Booked by Karishma Patel,"Booking confirmed ✅ 
Farm number 11
₹2000 advance received

+91 9924033974

15 Persons Max
Rent: ₹5000
Deposit: ₹2000

Deposit Refund after check out.",2026-06-26 19:00:00,2026-06-27 17:00:00,2026-06-27 17:00:00,2026-06-15,10:31:20,22.0000000004657,0,0,0,,,,5000.0,15,24.0,24H Night,11,0.0,0, (Strict),False,5000.0,3000.0,0.0,6100.0,8.0,28.0,1.0,0.9333333333333333,1.1428571428571428,6,1.2246467991473532e-16,-1.0,2026,0,25,166,0,0,Festival,False,Standard,Tier 2,High,1.0,0.0,0.0,,,False,False,Festival,0,7,7,0,0,0,0,0,monsoon,0,0,24H Night,24.0,1.0,24H,0,0.0,5000.0,1.0,0,1.0,1.0,0,0,1,Clear,2,Standard,0.0,26.0,20.0,60.0,4.2,25.0,60.0,90.0,5615.217391304348,4780.0,5571.428571428572,5615.217391304348,4950.0,5615.217391304348,4777.777777777777,0.7999999999999999,3,1.221,990.28,4487.5,4500.0,4487.5,4500.0,917.6115025244711,24.0,1.0,4150.0,5125.0,0,0,0,0,0,0,0,0,0,0,1,0,0,0,1.0,0.225,93.0,1.2244766765254045,0.06666666666666665,38.99476676525404,0.0,1,5,1.891,1.2,1.067,0.8,0,8500.0,0,0
Booked by Akash Prajapati,"Booking confirmed ✅ 
Farm number 11
₹2000 received 

+91 9712252486

2 Persons Max
Rent: ₹4000
Deposit: ₹2000

Deposit Refund after check out.",2026-06-22 19:00:00,2026-06-23 18:00:00,2026-06-23 18:00:00,2026-06-15,10:33:35,23.0000000002328,0,0,0,,,,4000.0,2,24.0,Couple Full Night,7,0.0,0, (Month),False,5000.0,3000.0,0.0,3611.1111111111113,9.0,29.0,1.0,0.9666666666666667,1.2857142857142858,6,1.2246467991473532e-16,-1.0,2026,0,25,166,0,0,Festival,False,Standard,Tier 2,High,1.0,0.0,0.0,,,False,False,Festival,0,7,7,0,0,0,0,0,monsoon,0,0,12H Night,12.0,1.0,24H,0,0.0,4000.0,1.0,0,1.0,1.0,1,0,0,Clear,1,Standard,0.0,26.0,20.0,60.0,4.2,25.0,60.0,90.0,2550.0,2437.5,2375.0,2550.0,3000.0,2550.0,2375.0,0.71,3,0.865,-375.33,2773.3333333333335,2660.0,2773.3333333333335,2660.0,698.0735395835217,6.0,1.0,2365.0,2955.0,0,0,0,0,0,0,0,0,0,1,0,0,0,0,1.0,0.225,93.0,1.3300355020957912,0.033333333333333326,40.05035502095791,0.0,1,5,1.891,1.2,1.067,0.8,0,8500.0,0,0
Booked by Rudra Bhatt,"Booking confirmed ✅ 
Farm number 11
₹2000 advance received

+91 9979031422

21 Jun 2026 at 7:00 PM to 22 Jun 2026 at 5:00 PM
10 Persons Max
Rent: ₹4500
Deposit: ₹2000

Deposit Refund after check out.",2026-06-21 19:00:00,2026-06-22 17:00:00,2026-06-22 17:00:00,2026-06-15,20:36:12,22.0000000004657,0,0,0,,,,4500.0,10,24.0,24H Night,5,0.0,0, (Strict),False,5000.0,5000.0,0.0,5150.0,10.0,30.0,1.0,1.0,1.4285714285714286,6,1.2246467991473532e-16,-1.0,2026,0,25,166,0,0,Festival,False,Standard,Tier 2,High,1.0,0.0,0.0,,,False,False,Festival,0,7,7,0,0,0,0,0,monsoon,0,0,24H Night,24.0,1.0,24H,0,0.0,4500.0,1.0,0,1.0,1.0,0,1,0,Clear,1,Standard,0.0,26.0,20.0,60.0,4.2,25.0,60.0,90.0,5626.086956521739,4794.285714285715,5585.714285714285,5626.086956521739,5033.333333333333,5626.086956521739,4796.2962962962965,0.7999999999999999,3,1.221,990.28,4487.5,4500.0,4487.5,4500.0,917.6115025244711,24.0,1.0,4150.0,5125.0,0,0,0,0,0,0,0,0,0,1,0,0,0,0,1.0,0.225,93.0,1.4285571429999986,0.0,41.03557142999998,0.0,1,5,1.891,1.2,1.067,0.8,0,8500.0,0,0
Booked by Nitin Bhalia,"Booking confirmed
Farm number 11
₹2000 advance received

+91 9173537833

18 Jun 2026 at 7:00 PM to 19 Jun 2026 at 5:00 PM
7 Persons Max
Rent: ₹4300
Deposit: ₹2000

Deposit Refund after check out.",2026-06-18 19:00:00,2026-06-19 17:00:00,2026-06-19 17:00:00,2026-06-17,23:12:05,22.0000000004657,0,0,0,,,,4300.0,7,24.0,24H Night,0,0.0,0, (Strict),False,4500.0,5000.0,2.0,5080.0,9.0,30.0,1.0,1.0,1.2857142857142858,6,1.2246467991473532e-16,-1.0,2026,2,25,168,0,0,Festival,False,Standard,Tier 2,High,1.0,0.0,0.0,,,False,False,Festival,0,7,7,0,0,0,0,0,monsoon,0,0,24H Night,24.0,1.0,24H,0,0.0,4300.0,1.0,0,1.0,1.0,0,1,0,Clear,0,Same Day,0.0,26.0,20.0,60.0,4.2,25.0,60.0,75.0,5630.434782608696,4800.0,5000.0,5630.434782608696,5751.282051282052,5630.434782608696,4800.0,0.92,1,1.221,990.28,4487.5,4500.0,4487.5,4500.0,917.6115025244711,24.0,1.0,4150.0,5125.0,0,0,0,0,0,0,0,1,0,0,0,0,0,0,1.0,0.225,93.0,1.2857014286999988,0.0,39.60701428699999,0.0,1,5,1.891,1.2,1.067,0.8,0,8500.0,0,0
Booked by Kapil Fodar Agent,"Booking Confirmed
₹3500 advance received

+91 6358043669

4 Persons Max
Rent: ₹2500
Deposit: ₹1000

Deposit Refund after check out.",2026-06-17 21:00:00,2026-06-18 08:00:00,2026-06-18 08:00:00,2026-06-17,21:50:13,11.0000000002328,0,0,0,,,,2500.0,4,12.0,12H Night,0,0.0,0, (Month),False,4500.0,4000.0,0.0,3100.0,10.0,31.0,1.0,1.0,1.4285714285714286,6,1.2246467991473532e-16,-1.0,2026,2,25,168,0,0,Festival,False,Standard,Tier 2,High,1.0,0.0,0.0,,,False,False,Festival,0,7,7,0,0,0,0,0,monsoon,0,0,12H Night,12.0,0.5,12H,0,0.0,5000.0,1.0,0,1.0,1.0,0,1,0,Clear,0,Same Day,0.0,26.0,20.0,60.0,4.2,25.0,60.0,75.0,2700.0,2625.0,2000.0,2700.0,2500.0,2700.0,2625.0,0.55,5,0.865,-375.33,2773.3333333333335,2660.0,2773.3333333333335,2660.0,698.0735395835217,6.0,1.0,2365.0,2955.0,0,0,0,0,0,0,0,1,0,0,0,0,0,0,1.0,0.225,93.0,1.3824751004713778,0.0,40.574751004713775,0.0,1,5,1.891,1.2,1.067,0.8,0,8500.0,0,0
Booked by Sagar Balar,"Booking confirmed ✅ 
Farm number 11
₹5000 received 

+91 7434830016

10 Persons Max
Rent: ₹10000
Deposit: ₹2000

Deposit Refund after check out.",2026-06-20 19:00:00,2026-06-21 17:00:00,2026-06-21 17:00:00,2026-06-17,18:40:23,22.0000000004657,0,1,0,,,,10000.0,10,24.0,24H Night,3,0.0,0, (Strict),False,4300.0,4500.0,0.0,5580.0,11.0,32.0,1.0,1.0,1.5714285714285714,6,1.2246467991473532e-16,-1.0,2026,2,25,168,1,0,Festival,False,Standard,Tier 2,High,1.0,0.0,0.0,,,False,False,Festival,0,7,7,0,0,0,0,0,monsoon,1,0,24H Night,24.0,1.0,24H,0,0.0,10000.0,1.0,0,1.0,1.0,0,1,0,Clear,1,Last Minute,0.0,26.0,20.0,60.0,4.2,25.0,100.0,90.0,5506.521739130435,8100.0,5428.571428571428,5506.521739130435,5605.128205128205,5506.521739130435,9200.0,0.92,1,1.221,990.28,5477.777777777777,4200.0,5477.777777777777,4200.0,3125.8639831294067,27.0,1.0,3650.0,6200.0,0,0,0,0,0,0,0,0,1,0,0,0,0,0,1.0,0.225,93.0,1.4732004744598375,0.0,61.48200474459838,0.0,1,5,1.891,1.2,1.067,0.8,0,8500.0,0,0
Booked by Ankit Mandaviya,"Booking confirmed ✅ 
Farm number 11
₹2000 advance received

+91 7567064731

19 Jun 2026 at 7:00 PM to 20 Jun 2026 at 6:00 PM
10 Persons Max
Rent: ₹2000
Deposit: ₹2000

Deposit Refund after check out.",2026-06-19 19:00:00,2026-06-20 18:00:00,2026-06-20 18:00:00,2026-06-19,11:23:36,23.0000000002328,0,0,0,,,,2000.0,10,24.0,24H Night,0,0.0,3,"MAD, IQR, Percentile (Strict)",True,10000.0,4300.0,2.0,5280.0,10.0,31.0,1.0,1.0,1.4285714285714286,6,1.2246467991473532e-16,-1.0,2026,4,25,170,0,0,Festival,False,Standard,Tier 2,High,1.0,0.0,0.0,,,False,False,Festival,0,7,7,0,0,0,0,0,monsoon,0,0,24H Night,24.0,1.0,24H,0,0.0,2000.0,1.0,0,1.0,1.0,0,1,0,Clear,0,Same Day,0.0,26.0,20.0,60.0,4.2,25.0,60.0,75.0,5680.434782608696,4865.714285714285,5657.142857142857,5680.434782608696,5810.25641025641,5680.434782608696,4887.5,1.0,1,1.221,990.28,4487.5,4500.0,4487.5,4500.0,917.6115025244711,24.0,1.0,4150.0,5125.0,1,0,0,0,0,0,0,1,0,0,0,0,0,0,1.0,0.225,93.0,1.3824751004713778,0.0,40.574751004713775,0.0,1,5,1.891,1.2,1.067,0.8,0,8500.0,0,0
Booked by Rutish Vora,"Booking confirmed ✅ 
Farm number 11

Rutish Vora

27 Jun 2026 at 7:00 PM to 28 Jun 2026 at 6:00 PM
15 Persons Max
Rent: ₹6000
Deposit: ₹2000

Deposit Refund after check out.",2026-06-27 19:00:00,2026-06-28 18:00:00,2026-06-28 18:00:00,2026-06-25,12:39:41,23.0000000002328,0,1,0,,,,6000.0,15,24.0,24H Night,2,0.0,0, (Strict),False,2000.0,10000.0,6.0,5430.0,2.0,26.0,0.2857142857142857,0.8666666666666667,0.2857142857142857,6,1.2246467991473532e-16,-1.0,2026,3,26,176,1,0,Festival,False,Standard,Tier 2,High,1.0,0.0,0.0,,,False,False,Festival,0,7,7,0,0,0,0,0,monsoon,1,0,24H Night,24.0,1.0,24H,0,0.0,6000.0,1.0,0,1.0,1.0,0,0,1,Clear,0,Last Minute,0.0,26.0,20.0,60.0,4.2,25.0,100.0,90.0,5593.478260869565,8500.0,5542.857142857143,5593.478260869565,5707.692307692308,5593.478260869565,10000.0,0.92,1,1.221,990.28,5477.777777777777,4200.0,5477.777777777777,4200.0,3125.8639831294067,27.0,1.0,3650.0,6200.0,0,0,0,0,0,0,0,0,1,0,0,0,0,0,1.0,0.225,93.0,0.3296665258258009,-0.580952380952381,50.04666525825801,0.0,1,5,1.891,1.2,1.067,0.8,0,8500.0,0,0
Booked by Yashu Kachhadiya,"Booking confirmed ✅ 
Farm number 11
₹2000 received

+91 7984392732

10 Persons Max
Rent: ₹5000
Deposit: ₹2000

Deposit Refund after check out.",2026-07-04 19:00:00,2026-07-05 17:00:00,2026-07-05 17:00:00,2026-06-25,14:41:02,22.0000000004657,0,1,0,,,,5000.0,10,24.0,24H Night,9,0.0,0, (Strict),False,6000.0,2000.0,0.0,4930.0,3.0,27.0,0.42857142857142855,0.9,0.42857142857142855,6,1.2246467991473532e-16,-1.0,2026,3,26,176,1,0,Festival,False,Standard,Tier 2,High,1.0,0.0,0.0,,,False,False,Festival,0,7,7,0,0,0,0,0,monsoon,1,0,24H Night,24.0,1.0,24H,0,0.0,5000.0,1.0,0,1.0,1.0,0,1,0,Clear,2,Standard,0.0,26.0,20.0,60.0,4.2,25.0,94.55,90.0,5615.217391304348,8600.0,5571.428571428572,5615.217391304348,4950.0,5615.217391304348,8714.285714285714,0.74,3,1.221,990.28,5477.777777777777,4200.0,5477.777777777777,4200.0,3125.8639831294067,27.0,1.0,3650.0,6200.0,0,0,0,0,0,0,0,0,0,0,1,0,0,0,1.0,0.225,93.0,0.47618518524397346,-0.4714285714285715,51.51185185243973,0.0,1,5,1.891,1.2,1.067,0.8,0,8500.0,0,0
Booked by Rakesh Patel,"Booking confirmed ✅ 
Farm number 11
₹2000 advance received

‪+91 9909821210‬

28 Jun 2026 at 7:00 PM to 29 Jun 2026 at 5:00 PM
12 Persons Max
Rent: ₹4500
Deposit: ₹2000

Deposit Refund after check out.",2026-06-28 19:00:00,2026-06-29 17:00:00,2026-06-29 17:00:00,2026-06-26,23:03:29,22.0000000004657,0,0,0,,,,4500.0,12,24.0,24H Night,1,0.0,0, (Strict),False,5000.0,6000.0,1.0,4930.0,3.0,28.0,0.42857142857142855,0.9333333333333333,0.42857142857142855,6,1.2246467991473532e-16,-1.0,2026,4,26,177,0,0,Festival,False,Standard,Tier 2,High,1.0,0.0,0.0,,,False,False,Festival,0,7,7,0,0,0,0,0,monsoon,0,0,24H Night,24.0,1.0,24H,0,0.0,4500.0,1.0,0,1.0,1.0,0,1,0,Clear,0,Last Minute,0.0,26.0,20.0,60.0,4.2,25.0,60.0,75.0,5626.086956521739,4794.285714285715,5585.714285714285,5626.086956521739,5746.153846153846,5626.086956521739,4783.333333333333,1.0,1,1.221,990.28,4487.5,4500.0,4487.5,4500.0,917.6115025244711,24.0,1.0,4150.0,5125.0,1,0,0,0,0,0,0,0,1,0,0,0,0,0,1.0,0.225,93.0,0.4591787536970267,-0.5047619047619047,31.341787536970266,0.0,1,5,1.891,1.2,1.067,0.8,0,8500.0,0,0
Booked by Prit Nandaniya,"Booking confirmed ✅ 
Farm number 11
₹1000 advance received

‪+91 9913310754‬

29 Jun 2026 at 7:00 PM to 30 Jun 2026 at 6:00 PM
12 Persons Max
Rent: ₹4000
Deposit: ₹2000

Deposit Refund after check out.",2026-06-29 19:00:00,2026-06-30 18:00:00,2026-06-30 18:00:00,2026-06-28,13:00:15,23.0000000002328,0,0,0,,,,4000.0,12,24.0,24H Night,1,0.0,0, (Strict),False,4500.0,5000.0,2.0,5030.0,4.0,29.0,0.5714285714285714,0.9666666666666667,0.5714285714285714,6,1.2246467991473532e-16,-1.0,2026,6,26,179,0,0,Festival,False,Standard,Tier 2,High,1.0,0.0,0.0,,,False,False,Festival,0,7,7,0,0,0,0,0,monsoon,0,0,24H Night,24.0,1.0,24H,0,0.0,4000.0,1.0,0,1.0,1.0,0,1,0,Clear,0,Last Minute,0.0,26.0,20.0,60.0,4.2,25.0,60.0,75.0,5636.95652173913,4808.571428571428,5600.0,5636.95652173913,5758.974358974359,5636.95652173913,4804.166666666667,1.0,1,1.221,990.28,4487.5,4500.0,4487.5,4500.0,917.6115025244711,24.0,1.0,4150.0,5125.0,0,0,0,0,1,0,0,0,1,0,0,0,0,0,1.0,0.225,93.0,0.5911268898203516,-0.3952380952380953,32.66126889820352,0.0,1,5,1.891,1.2,1.067,0.8,0,8500.0,0,0
Booked by Pravin Gupta,"Booking confirmed ✅ 
Farm number 11

₹1000 advance received

‪+91 7600730042‬

1 Jul 2026 at 9:00 AM to 1 Jul 2026 at 6:00 PM
7 Persons Max
Rent: ₹3000
Deposit: ₹1000

Deposit Refund after check out.",2026-07-01 09:00:00,2026-07-01 18:00:00,2026-07-01 18:00:00,2026-06-29,22:21:38,9.0,0,0,0,,,,3000.0,7,12.0,12H Day,1,0.0,0, (Strict),False,4000.0,4000.0,1.0,3800.0,5.0,28.0,0.7142857142857143,0.9333333333333333,0.7142857142857143,6,1.2246467991473532e-16,-1.0,2026,0,27,180,0,0,Festival,False,Standard,Tier 2,High,1.0,0.0,0.0,,,False,False,Festival,0,7,7,0,0,0,0,0,monsoon,0,0,12H Day,12.0,0.5,12H,0,0.0,6000.0,1.0,0,1.0,1.0,0,1,0,Clear,0,Last Minute,0.0,26.0,20.0,60.0,4.2,25.0,50.0,75.0,3290.909090909091,3290.909090909091,3018.181818181818,3290.909090909091,3336.842105263158,3290.909090909091,3018.181818181818,0.98,1,1.278,754.17,2712.5,2550.0,2712.5,2550.0,725.9230577094833,8.0,1.0,2400.0,3100.0,0,0,0,0,0,0,0,0,1,0,0,0,0,0,1.0,0.225,93.0,0.7652979228283779,-0.21904761904761905,34.40297922828378,0.0,1,5,1.891,1.2,1.067,0.8,0,8500.0,0,0
Booked by Shailendra Shahu,"Booking confirmed ✅ 
Farm number 11
₹1000 received 

‪+91 9574219935‬

1 Jul 2026 at 8:00 PM to 2 Jul 2026 at 8:00 AM
13 Persons Max
Rent: ₹3000
Deposit: ₹1000

Deposit Refund after check out.",2026-07-01 20:00:00,2026-07-02 08:00:00,2026-07-02 08:00:00,2026-07-01,00:56:19,12.0,0,0,0,,,,3000.0,13,12.0,12H Night,0,0.0,1,MAD (Strict),False,2500.0,4500.0,2.0,3150.0,6.0,27.0,0.8571428571428571,0.9,0.8571428571428571,7,-0.4999999999999998,-0.8660254037844388,2026,2,27,182,0,0,Festival,False,Standard,Tier 2,High,1.0,0.0,0.0,,,False,False,Festival,0,7,7,0,0,0,0,0,monsoon,0,0,12H Night,12.0,0.5,12H,0,0.0,6000.0,1.0,0,1.0,1.0,0,0,1,Clear,0,Same Day,0.0,26.0,20.0,60.0,4.2,25.0,50.0,75.0,2500.0,2428.5714285714284,3000.0,2500.0,2333.3333333333335,2500.0,2428.5714285714284,0.54,5,1.137,321.67,2351.6666666666665,2000.0,2351.6666666666665,2000.0,641.1370108382971,6.0,1.0,2000.0,2547.5,0,0,0,0,0,0,0,1,0,0,0,0,0,0,1.0,0.19166666666666668,97.0,0.9523703704879469,-0.04285714285714293,35.273703704879466,0.0,1,5,1.891,1.2,1.067,0.8,0,8500.0,0,0
Booked by Vasisth Mistry ,"Booking confirmed ✅ 
₹1000 received 
Farm number 11

⁨‭+91 7383859789‬⁩

2 Persons Max
Rent: ₹2500
Deposit: ₹1000

Deposit Refund after check out.",2026-07-04 09:00:00,2026-07-04 17:00:00,2026-07-04 17:00:00,2026-07-01,15:58:03,8.00000000023283,0,0,0,,,,2500.0,2,12.0,Couple Half Day,2,0.0,0, (Strict),False,5500.0,2000.0,0.0,3400.0,7.0,28.0,1.0,0.9333333333333333,1.0,7,-0.4999999999999998,-0.8660254037844388,2026,2,27,182,0,0,Festival,False,Standard,Tier 2,High,1.0,0.0,0.0,,,False,False,Festival,0,7,7,0,0,0,0,0,monsoon,0,0,12H Day,12.0,0.5,12H,0,0.0,5000.0,1.0,0,1.0,1.0,1,0,0,Clear,0,Last Minute,0.0,26.0,20.0,60.0,4.2,25.0,50.0,90.0,2979.4117647058824,2979.4117647058824,2173.684210526316,2979.4117647058824,2180.9523809523807,2979.4117647058824,1986.6666666666667,1.0,1,0.895,-273.85,2620.0,2300.0,2620.0,2300.0,1295.1732255611703,20.0,1.0,2000.0,2550.0,0,0,0,0,0,0,0,0,1,0,0,0,0,0,1.0,0.19166666666666668,97.0,1.071417091959729,0.06666666666666665,36.464170919597294,0.0,1,5,1.891,1.2,1.067,0.8,0,8500.0,0,0
Booked by Vikas Singh,"Booking confirmed ✅ 
Farm number 11
₹2000 received 

⁨‭+91 8849013169‬⁩

8 Persons Max
Rent: ₹3500
Deposit: ₹1000

Deposit Refund after check out.",2026-07-17 09:00:00,2026-07-17 18:00:00,2026-07-17 18:00:00,2026-07-01,16:17:06,9.0,0,0,0,,,,3500.0,8,12.0,12H Day,15,0.0,0, (Strict),False,3000.0,4000.0,0.0,3750.0,8.0,29.0,1.0,0.9666666666666667,1.1428571428571428,7,-0.4999999999999998,-0.8660254037844388,2026,2,27,182,0,0,Festival,False,Standard,Tier 2,High,1.0,0.0,0.0,,,False,False,Festival,0,7,7,0,0,0,0,0,monsoon,0,0,12H Day,12.0,0.5,12H,0,0.0,7000.0,1.0,0,1.0,1.0,0,1,0,Clear,2,Advance,0.0,26.0,20.0,60.0,4.2,25.0,50.0,95.0,2950.0,2950.0,2611.1111111111113,2950.0,8000.0,2950.0,2611.1111111111113,0.76,3,0.895,-273.85,2620.0,2300.0,2620.0,2300.0,1295.1732255611703,20.0,1.0,2000.0,2550.0,0,0,0,0,0,0,0,0,0,0,0,1,0,0,1.0,0.19166666666666668,97.0,1.182253779640703,0.033333333333333326,37.57253779640703,0.0,1,5,1.891,1.2,1.067,0.8,0,8500.0,0,0
Booked by Devang Solanki,"Booking confirmed ✅ 
Farm number 11
₹1000 advance received

⁨‭+91 8758154377‬⁩

8 Jul 2026 at 7:00 PM to 10 Jul 2026 at 5:00 PM
10 Persons Max
Rent: ₹7500
Deposit: ₹2000

Deposit Refund after check out.",2026-07-08 19:00:00,2026-07-10 17:00:00,2026-07-10 17:00:00,2026-07-02,23:16:48,46.0000000004657,0,0,0,,,,7500.0,10,24.0,Extended Day,5,0.0,3,"MAD, IQR, Percentile (Month)",True,6000.0,23500.0,1.0,9500.0,7.0,28.0,1.0,0.9333333333333333,1.0,7,-0.4999999999999998,-0.8660254037844388,2026,3,27,183,0,0,Festival,False,Standard,Tier 2,High,1.0,0.0,0.0,,,False,False,Festival,0,7,7,0,0,0,0,0,monsoon,0,0,12H Day,12.0,1.0,24H,0,0.0,7500.0,1.0,0,1.0,1.0,0,1,0,Clear,1,Standard,0.0,26.0,20.0,60.0,4.2,25.0,50.0,90.0,2832.3529411764707,2832.3529411764707,3750.0,2832.3529411764707,3166.6666666666665,2832.3529411764707,2832.3529411764707,0.6,5,0.895,-273.85,2620.0,2300.0,2620.0,2300.0,1295.1732255611703,20.0,1.0,2000.0,2550.0,0,0,0,0,0,0,0,0,0,1,0,0,0,0,1.0,0.19166666666666668,97.0,1.071417091959729,0.06666666666666665,36.464170919597294,0.0,1,5,1.891,1.2,1.067,0.8,0,8500.0,0,0
Booked by Dhaval Kareliya,"Booking confirmed
Farm number 11
₹1000 advance received

⁨‭+91 9924299442‬⁩

6 Persons Max
Rent: ₹2500
Deposit: ₹1000

Deposit Refund after check out.",2026-07-05 20:00:00,2026-07-06 08:00:00,2026-07-06 08:00:00,2026-07-04,14:27:23,12.0,0,0,0,,,,2500.0,6,12.0,12H Night,1,0.0,0, (Strict),False,3000.0,2500.0,2.0,3180.0,7.0,28.0,1.0,0.9333333333333333,1.0,7,-0.4999999999999998,-0.8660254037844388,2026,5,27,185,0,0,Festival,False,Standard,Tier 2,High,1.0,0.0,0.0,,,False,False,Festival,0,7,7,0,0,0,0,0,monsoon,0,0,12H Night,12.0,0.5,12H,0,0.0,5000.0,1.0,0,1.0,1.0,0,1,0,Clear,0,Last Minute,0.0,26.0,20.0,60.0,4.2,25.0,50.0,75.0,2562.5,2500.0,2000.0,2562.5,2416.6666666666665,2562.5,2000.0,0.91,1,1.137,321.67,2351.6666666666665,2000.0,2351.6666666666665,2000.0,641.1370108382971,6.0,1.0,2000.0,2547.5,0,0,1,0,0,0,0,0,1,0,0,0,0,0,1.0,0.19166666666666668,97.0,1.071417091959729,0.06666666666666665,36.464170919597294,0.0,1,5,1.891,1.2,1.067,0.8,0,8500.0,0,0
Booked by Angesh,"Booking confirmed
Farm number 11
₹1000 advance received

+91 7084229643

12 Jul 2026 at 9:00 PM to 13 Jul 2026 at 8:00 AM
10 Persons Max
Rent: ₹3000
Deposit: ₹1000

Deposit Refund after check out.",2026-07-12 21:00:00,2026-07-13 08:00:00,2026-07-13 08:00:00,2026-07-04,09:09:15,11.0000000002328,0,0,0,,,,3000.0,10,12.0,12H Night,8,0.0,1,MAD (Strict),False,2500.0,3000.0,0.0,3180.0,8.0,29.0,1.0,0.9666666666666667,1.1428571428571428,7,-0.4999999999999998,-0.8660254037844388,2026,5,27,185,0,0,Festival,False,Standard,Tier 2,High,1.0,0.0,0.0,,,False,False,Festival,0,7,7,0,0,0,0,0,monsoon,0,0,12H Night,12.0,0.5,12H,0,0.0,6000.0,1.0,0,1.0,1.0,0,1,0,Clear,2,Standard,0.0,26.0,20.0,60.0,4.2,25.0,50.0,90.0,2500.0,2428.5714285714284,3000.0,2500.0,3000.0,2500.0,2428.5714285714284,0.54,5,1.137,321.67,2351.6666666666665,2000.0,2351.6666666666665,2000.0,641.1370108382971,6.0,1.0,2000.0,2547.5,0,0,1,0,0,0,0,0,0,0,1,0,0,0,1.0,0.19166666666666668,97.0,1.182253779640703,0.033333333333333326,37.57253779640703,0.0,1,5,1.891,1.2,1.067,0.8,0,8500.0,0,0
Booked by Dip Badgujar,"Booking confirmed ✅ 
Farm number 11
₹1000 received 

⁨‭+91 9574390401‬⁩

8 Persons Max
Rent: ₹3500
Deposit: ₹2000

Deposit Refund after check out.",2026-07-06 19:00:00,2026-07-07 18:00:00,2026-07-07 18:00:00,2026-07-05,01:13:39,23.0000000002328,0,0,0,,,,3500.0,8,24.0,24H Night,1,0.0,0, (Month+Slot),False,4000.0,4500.0,1.0,4880.0,8.0,29.0,1.0,0.9666666666666667,1.1428571428571428,7,-0.4999999999999998,-0.8660254037844388,2026,6,27,186,0,0,Festival,False,Standard,Tier 2,High,1.0,0.0,0.0,,,False,False,Festival,0,7,7,0,0,0,0,0,monsoon,0,0,24H Night,24.0,1.0,24H,0,0.0,3500.0,1.0,0,1.0,1.0,0,1,0,Clear,0,Last Minute,0.0,26.0,20.0,60.0,4.2,25.0,50.0,75.0,4218.75,3333.3333333333335,3785.714285714286,4218.75,4115.384615384615,4218.75,3333.3333333333335,0.9,1,1.493,1351.67,2740.0,2700.0,2740.0,2700.0,350.7135583350036,5.0,1.0,2400.0,3100.0,0,0,0,0,1,0,0,0,1,0,0,0,0,0,1.0,0.19166666666666668,97.0,1.182253779640703,0.033333333333333326,37.57253779640703,0.0,1,5,1.891,1.2,1.067,0.8,0,8500.0,0,0
Booked by Mayur Patil,"Booking confirmed ✅ 
Farm number 11
₹1000 advance received

+91 9998785401

13 Jul 2026 at 10:00 AM to 13 Jul 2026 at 5:00 PM
12 Persons Max
Rent: ₹3000
Deposit: ₹1000

Deposit Refund after check out.",2026-07-13 10:00:00,2026-07-13 17:00:00,2026-07-13 17:00:00,2026-07-09,17:24:49,7.00000000046566,0,0,0,,,,3000.0,12,12.0,12H Day,3,0.0,0, (Strict),False,3500.0,3000.0,4.0,3750.0,4.0,26.0,0.5714285714285714,0.8666666666666667,0.5714285714285714,7,-0.4999999999999998,-0.8660254037844388,2026,3,28,190,0,0,Festival,False,Standard,Tier 2,High,1.0,0.0,0.0,,,False,False,Festival,0,7,7,0,0,0,0,0,monsoon,0,0,12H Day,12.0,0.5,12H,0,0.0,6000.0,1.0,0,1.0,1.0,0,1,0,Clear,1,Last Minute,0.0,26.0,20.0,60.0,4.2,25.0,50.0,90.0,2964.705882352941,2964.705882352941,6000.0,2964.705882352941,2157.1428571428573,2964.705882352941,2964.705882352941,0.6,5,0.895,-273.85,2620.0,2300.0,2620.0,2300.0,1295.1732255611703,20.0,1.0,2000.0,2550.0,0,0,0,0,0,0,0,0,1,0,0,0,0,0,1.0,0.19166666666666668,97.0,0.6593330516516018,-0.2952380952380953,32.34333051651602,0.0,1,5,1.891,1.2,1.067,0.8,0,8500.0,0,0
Booked by Harshil Patel,"Booking Confirmed
Farm number 11

₹2000 advance received
+91 99248 16223

25 Jul 2026 at 7:00 PM to 26 Jul 2026 at 5:00 PM
12 Persons Max
Rent: ₹6000
Deposit: ₹2000

Deposit Refund after check out.",2026-07-25 19:00:00,2026-07-26 17:00:00,2026-07-26 17:00:00,2026-07-09,21:45:04,22.0000000004657,0,1,0,,,,6000.0,12,24.0,24H Night,15,0.0,0, (Strict),False,3500.0,4000.0,0.0,4980.0,5.0,27.0,0.7142857142857143,0.9,0.7142857142857143,7,-0.4999999999999998,-0.8660254037844388,2026,3,28,190,1,0,Festival,False,Standard,Tier 2,High,1.0,0.0,0.0,,,False,False,Festival,0,7,7,0,0,0,0,0,monsoon,1,0,24H Night,24.0,1.0,24H,0,0.0,6000.0,1.0,0,1.0,1.0,0,1,0,Clear,2,Advance,0.0,26.0,20.0,60.0,4.2,25.0,94.55,95.0,4062.5,4611.111111111111,4375.0,4062.5,4062.5,4062.5,5000.0,0.72,3,1.493,1351.67,4091.6666666666665,4150.0,4091.6666666666665,4150.0,845.8006785755068,12.0,1.0,3500.0,4900.0,0,0,0,0,0,0,0,0,0,0,0,1,0,0,1.0,0.19166666666666668,97.0,0.7936419754066225,-0.18571428571428572,53.68641975406622,0.0,1,5,1.891,1.2,1.067,0.8,0,8500.0,0,0
Booked by Prince Patel,"Booking confirmed
Farm number 11

₹1000 Advance received

+919033734506

11 Jul 2026 at 10:00 AM to 11 Jul 2026 at 5:00 PM
4 Persons Max
Rent: ₹2500
Deposit: ₹1000

Deposit Refund after check out.",2026-07-11 10:00:00,2026-07-11 17:00:00,2026-07-11 17:00:00,2026-07-10,21:23:06,7.00000000046566,0,0,0,,,,2500.0,4,12.0,12H Day,0,0.0,0, (Strict),False,3000.0,3500.0,1.0,3600.0,6.0,27.0,0.8571428571428571,0.9,0.8571428571428571,7,-0.4999999999999998,-0.8660254037844388,2026,4,28,191,0,0,Festival,False,Standard,Tier 2,High,1.0,0.0,0.0,,,False,False,Festival,0,7,7,0,0,0,0,0,monsoon,0,0,12H Day,12.0,0.5,12H,0,0.0,5000.0,1.0,0,1.0,1.0,0,1,0,Clear,0,Same Day,0.0,26.0,20.0,60.0,4.2,25.0,50.0,75.0,2979.4117647058824,2979.4117647058824,2722.222222222222,2979.4117647058824,2180.9523809523807,2979.4117647058824,2625.0,0.91,1,0.895,-273.85,2620.0,2300.0,2620.0,2300.0,1295.1732255611703,20.0,1.0,2000.0,2550.0,0,0,0,0,0,0,0,1,0,0,0,0,0,0,1.0,0.19166666666666668,97.0,0.9523703704879469,-0.04285714285714293,35.273703704879466,0.0,1,5,1.891,1.2,1.067,0.8,0,8500.0,0,0
Booked by Yogesh Bhatt,"Booking confirmed ✅ 
Farm number 11
₹2000 received 

+91 6359791441

11 Jul 2026 at 7:00 PM to 12 Jul 2026 at 5:00 PM
10 Persons Max
Rent: ₹5000
Deposit: ₹2000

Deposit Refund after check out.",2026-07-11 19:00:00,2026-07-12 17:00:00,2026-07-12 17:00:00,2026-07-11,11:25:13,22.0000000004657,0,1,0,,,,5000.0,10,24.0,24H Night,0,0.0,0, (Strict),False,6000.0,3500.0,1.0,5030.0,5.0,26.0,0.7142857142857143,0.8666666666666667,0.7142857142857143,7,-0.4999999999999998,-0.8660254037844388,2026,5,28,192,1,0,Festival,False,Standard,Tier 2,High,1.0,0.0,0.0,,,False,False,Festival,0,7,7,0,0,0,0,0,monsoon,1,0,24H Night,24.0,1.0,24H,0,0.0,5000.0,1.0,0,1.0,1.0,0,1,0,Clear,0,Same Day,0.0,26.0,20.0,60.0,4.2,25.0,94.55,75.0,4125.0,4722.222222222223,4500.0,4125.0,4000.0,4125.0,5000.0,0.91,1,1.493,1351.67,4091.6666666666665,4150.0,4091.6666666666665,4150.0,845.8006785755068,12.0,1.0,3500.0,4900.0,0,0,1,0,0,0,0,1,0,0,0,0,0,0,1.0,0.19166666666666668,97.0,0.8241663145645023,-0.1523809523809524,53.99166314564502,0.0,1,5,1.891,1.2,1.067,0.8,0,8500.0,0,0
Booked by Abhay Rana,"Booking confirmed ✅ 
Farm number  11
₹1000 advance received 

+91 79902 97397

10 Persons Max
Rent: ₹5500
Deposit: ₹2000

Deposit Refund after check out.",2026-07-18 19:00:00,2026-07-19 17:00:00,2026-07-19 17:00:00,2026-07-15,23:01:39,22.0000000004657,0,1,0,,,,5500.0,10,24.0,24H Night,2,0.0,0, (Strict),False,5000.0,6000.0,4.0,5150.0,5.0,21.0,0.7142857142857143,0.7,0.7142857142857143,7,-0.4999999999999998,-0.8660254037844388,2026,2,29,196,1,0,Festival,False,Standard,Tier 2,High,1.0,0.0,0.0,,,False,False,Festival,0,7,7,0,0,0,0,0,monsoon,1,0,24H Night,24.0,1.0,24H,0,0.0,5500.0,1.0,0,1.0,1.0,0,1,0,Clear,0,Last Minute,0.0,26.0,20.0,60.0,4.2,25.0,94.55,90.0,4093.75,4666.666666666667,4437.5,4093.75,3961.5384615384614,4093.75,4875.0,0.91,1,1.493,1351.67,4091.6666666666665,4150.0,4091.6666666666665,4150.0,845.8006785755068,12.0,1.0,3500.0,4900.0,0,0,0,0,0,0,0,0,1,0,0,0,0,0,1.0,0.19166666666666668,97.0,1.0203935862140747,0.014285714285714346,55.953935862140746,0.0,1,5,1.891,1.2,1.067,0.8,0,8500.0,0,0
Booked by Pradip Nayak,"Booking confirmed ✅ 
Farm number 11
₹1000 advance received

+91 7862033936

19 Jul 2026 at 7:00 PM to 20 Jul 2026 at 5:00 PM
8 Persons Max
Rent: ₹3500
Deposit: ₹1000

Deposit Refund after check out.",2026-07-19 19:00:00,2026-07-20 17:00:00,2026-07-20 17:00:00,2026-07-18,22:28:10,22.0000000004657,0,0,0,,,,3500.0,8,24.0,24H Night,0,0.0,0, (Month+Slot),False,5500.0,5000.0,3.0,4500.0,2.0,19.0,0.2857142857142857,0.6333333333333333,0.2857142857142857,7,-0.4999999999999998,-0.8660254037844388,2026,5,29,199,0,0,Festival,False,Standard,Tier 2,High,1.0,0.0,0.0,,,False,False,Festival,0,7,7,0,0,0,0,0,monsoon,0,0,24H Night,24.0,1.0,24H,0,0.0,3500.0,1.0,0,1.0,1.0,0,1,0,Clear,0,Same Day,0.0,26.0,20.0,60.0,4.2,25.0,50.0,75.0,4218.75,3333.3333333333335,3785.714285714286,4218.75,4115.384615384615,4218.75,3333.3333333333335,0.9,1,1.493,1351.67,2740.0,2700.0,2740.0,2700.0,350.7135583350036,5.0,1.0,2400.0,3100.0,0,0,1,0,0,0,0,1,0,0,0,0,0,0,1.0,0.19166666666666668,97.0,0.45112069659050497,-0.3476190476190476,30.26120696590505,0.0,1,5,1.891,1.2,1.067,0.8,0,8500.0,0,0
Booked by Aaditya Maurya,"Booking Confirmed
Farm number 11
₹1000 advance received

+91 9033644770


7 Persons Max
Rent: ₹3000
Deposit: ₹1000

Deposit Refund after check out.",2026-07-20 19:00:00,2026-07-21 08:00:00,2026-07-21 08:00:00,2026-07-20,16:45:16,13.0000000004657,0,0,0,,,,3000.0,7,12.0,24H Night,0,0.0,0, (Month+Slot),False,3500.0,5500.0,2.0,4600.0,3.0,19.0,0.42857142857142855,0.6333333333333333,0.42857142857142855,7,-0.4999999999999998,-0.8660254037844388,2026,0,30,201,0,0,Festival,False,Standard,Tier 2,High,1.0,0.0,0.0,,,False,False,Festival,0,7,7,0,0,0,0,0,monsoon,0,0,24H Night,24.0,0.5,12H,0,0.0,6000.0,1.0,0,0.5,0.95,0,1,0,Clear,0,Same Day,0.0,26.0,20.0,60.0,4.2,25.0,50.0,75.0,4250.0,3416.6666666666665,3857.1428571428573,4250.0,4153.846153846154,4250.0,3500.0,0.9,1,1.493,1351.67,2740.0,2700.0,2740.0,2700.0,350.7135583350036,5.0,1.0,2400.0,3100.0,0,0,0,0,0,0,0,1,0,0,0,0,0,0,1.0,0.19166666666666668,97.0,0.6766810448857575,-0.20476190476190476,32.516810448857576,0.0,1,5,1.891,1.2,1.067,0.8,0,8500.0,0,0
Booked by Jhanvi,"Booking confirmed ✅ 
Farm number 11
₹5000 advance received

+91 9328073695

3 Sep 2026 at 7:00 PM to 5 Sep 2026 at 5:00 PM
16 Persons Max
Rent: ₹14500
Deposit: ₹2000

Deposit Refund after check out.",2026-09-03 19:00:00,2026-09-05 17:00:00,2026-09-05 17:00:00,2026-07-21,08:52:25,46.0000000004657,0,0,0,,,,14500.0,16,24.0,Extended Day,44,0.0,3,"MAD, IQR, Percentile (Month)",True,7500.0,6000.0,1.0,10150.0,4.0,20.0,0.5714285714285714,0.6666666666666666,0.5714285714285714,7,-0.4999999999999998,-0.8660254037844388,2026,1,30,202,0,0,Festival,False,Standard,Tier 2,High,1.0,0.0,0.0,,,False,False,Festival,0,7,7,0,0,0,0,0,monsoon,0,0,12H Day,12.0,1.0,24H,0,0.0,14500.0,1.0,0,1.0,1.0,0,0,1,Clear,3,Far Advance,0.0,26.0,20.0,60.0,4.2,25.0,50.0,95.0,2626.470588235294,2626.470588235294,3500.0,2626.470588235294,2500.0,2626.470588235294,2626.470588235294,0.6,5,0.895,-273.85,2620.0,2300.0,2620.0,2300.0,1295.1732255611703,20.0,1.0,2000.0,2550.0,0,0,0,0,0,0,0,0,0,0,0,0,1,0,1.0,0.19166666666666668,97.0,0.8571300001928543,-0.09523809523809523,34.32130000192854,0.0,1,5,1.891,1.2,1.067,0.8,0,8500.0,0,0
Booked by Mayur Padmani,"Booking confirmed ✅ 
Farm number 11
₹1000 advance received

⁨‭+91 97273 33659‬⁩

2 Persons Max without pool 
Rent: ₹1500
Deposit: ₹1000

Deposit Refund after check out.",2026-07-24 10:00:00,2026-07-24 17:00:00,2026-07-24 17:00:00,2026-07-22,14:36:59,7.00000000046566,0,0,0,,,,1500.0,2,12.0,Couple Half Day,1,0.0,0, (Strict),False,2500.0,5500.0,1.0,3150.0,4.0,21.0,0.5714285714285714,0.7,0.5714285714285714,7,-0.4999999999999998,-0.8660254037844388,2026,2,30,203,0,0,Festival,False,Standard,Tier 2,High,1.0,0.0,0.0,,,False,False,Festival,0,7,7,0,0,0,0,0,monsoon,0,0,12H Day,12.0,0.5,12H,0,0.0,3000.0,1.0,0,1.0,1.0,1,0,0,Clear,0,Last Minute,0.0,26.0,20.0,60.0,4.2,25.0,50.0,75.0,3008.823529411765,3008.823529411765,2226.315789473684,3008.823529411765,2228.5714285714284,3008.823529411765,2053.3333333333335,1.0,1,0.895,-273.85,2620.0,2300.0,2620.0,2300.0,1295.1732255611703,20.0,1.0,2000.0,2550.0,0,0,0,0,0,0,0,0,1,0,0,0,0,0,1.0,0.19166666666666668,97.0,0.8163148689712596,-0.12857142857142856,33.9131486897126,0.0,1,5,1.891,1.2,1.067,0.8,0,8500.0,0,0
Booked by Kapil Fodar,"Booking Confirmed ✅
Farm number 11
₹3000 advance received

⁨‭+91 6358043669‬⁩

27 Jul 2026 at 11:00 PM to 28 Jul 2026 at 7:00 AM
3 Persons Max
Rent: ₹2000
Deposit: ₹1000

Deposit Refund after check out.",2026-07-27 23:00:00,2026-07-28 08:00:00,2026-07-28 08:00:00,2026-07-27,23:46:15,9.0,0,0,0,,,,2000.0,3,12.0,12H Night,0,0.0,0, (Strict),False,3000.0,2500.0,5.0,3100.0,3.0,19.0,0.42857142857142855,0.6333333333333333,0.42857142857142855,7,-0.4999999999999998,-0.8660254037844388,2026,0,31,208,0,0,Festival,False,Standard,Tier 2,High,1.0,0.0,0.0,,,False,False,Festival,0,7,7,0,0,0,0,0,monsoon,0,0,12H Night,12.0,0.5,12H,0,0.0,4000.0,1.0,0,1.0,1.0,0,1,0,Clear,0,Same Day,0.0,26.0,20.0,60.0,4.2,25.0,50.0,75.0,2625.0,2571.4285714285716,2125.0,2625.0,2500.0,2625.0,2125.0,0.91,1,1.137,321.67,2351.6666666666665,2000.0,2351.6666666666665,2000.0,641.1370108382971,6.0,1.0,2000.0,2547.5,0,0,0,0,0,0,0,1,0,0,0,0,0,0,1.0,0.19166666666666668,97.0,0.6766810448857575,-0.20476190476190476,32.516810448857576,0.0,1,5,1.891,1.2,1.067,0.8,0,8500.0,0,0
Booked by Mukesh,"Booking confirmed ✅ 
Farm number 11
₹1000 advance received

‪+91 7041401808‬

28 Jul 2026 at 9:00 AM to 28 Jul 2026 at 6:00 PM
6 Persons Max
Rent: ₹3000
Deposit: ₹1000

Deposit Refund after check out.",2026-07-28 09:00:00,2026-07-28 18:00:00,2026-07-28 18:00:00,2026-07-27,20:42:51,9.0,0,0,0,,,,3000.0,6,12.0,12H Day,0,0.0,0, (Strict),False,2500.0,3000.0,0.0,3500.0,4.0,20.0,0.5714285714285714,0.6666666666666666,0.5714285714285714,7,-0.4999999999999998,-0.8660254037844388,2026,0,31,208,0,0,Festival,False,Standard,Tier 2,High,1.0,0.0,0.0,,,False,False,Festival,0,7,7,0,0,0,0,0,monsoon,0,0,12H Day,12.0,0.5,12H,0,0.0,6000.0,1.0,0,1.0,1.0,0,1,0,Clear,0,Same Day,0.0,26.0,20.0,60.0,4.2,25.0,50.0,75.0,2964.705882352941,2964.705882352941,2666.6666666666665,2964.705882352941,2157.1428571428573,2964.705882352941,2500.0,0.91,1,0.895,-273.85,2620.0,2300.0,2620.0,2300.0,1295.1732255611703,20.0,1.0,2000.0,2550.0,0,0,0,0,0,0,0,1,0,0,0,0,0,0,1.0,0.19166666666666668,97.0,0.8571300001928543,-0.09523809523809523,34.32130000192854,0.0,1,5,1.891,1.2,1.067,0.8,0,8500.0,0,0
Booked by Anil Solanki,"Booking confirmed
Farm number 11
₹1000 advance received

+91 7490908028

28 Jul 2026 at 9:00 PM to 29 Jul 2026 at 6:00 PM
8 Persons Max
Rent: ₹3500
Deposit: ₹1000

Deposit Refund after check out.",2026-07-28 22:00:00,2026-07-29 17:00:00,2026-07-29 17:00:00,2026-07-28,22:54:50,19.0000000004657,0,0,0,,,,3500.0,8,24.0,24H Night,0,0.0,0, (Month+Slot),False,3000.0,3500.0,1.0,4350.0,4.0,20.0,0.5714285714285714,0.6666666666666666,0.5714285714285714,7,-0.4999999999999998,-0.8660254037844388,2026,1,31,209,0,0,Festival,False,Standard,Tier 2,High,1.0,0.0,0.0,,,False,False,Festival,0,7,7,0,0,0,0,0,monsoon,0,0,24H Night,24.0,1.0,24H,0,0.0,3500.0,1.0,0,1.0,1.0,0,1,0,Clear,0,Same Day,0.0,26.0,20.0,60.0,4.2,25.0,50.0,75.0,4218.75,3333.3333333333335,3785.714285714286,4218.75,4115.384615384615,4218.75,3333.3333333333335,0.9,1,1.493,1351.67,2740.0,2700.0,2740.0,2700.0,350.7135583350036,5.0,1.0,2400.0,3100.0,0,0,0,0,0,0,0,1,0,0,0,0,0,0,1.0,0.19166666666666668,97.0,0.8571300001928543,-0.09523809523809523,34.32130000192854,0.0,1,5,1.891,1.2,1.067,0.8,0,8500.0,0,0
Booked by Ankesh Jaiswal,"Booking confirmed
Farm number 11
₹1000 advance received

+91 8849023224

30 Jul 2026 at 9:00 AM to 30 Jul 2026 at 6:00 PM
2 Persons Max
Rent: ₹2000
Deposit: ₹1000

Deposit Refund after check out.",2026-07-30 09:00:00,2026-07-30 18:00:00,2026-07-30 18:00:00,2026-07-29,18:25:50,9.0,0,0,0,,,,2000.0,2,12.0,Couple Half Day,0,0.0,0, (Strict),False,1500.0,2500.0,1.0,2950.0,4.0,20.0,0.5714285714285714,0.6666666666666666,0.5714285714285714,7,-0.4999999999999998,-0.8660254037844388,2026,2,31,210,0,0,Festival,False,Standard,Tier 2,High,1.0,0.0,0.0,,,False,False,Festival,0,7,7,0,0,0,0,0,monsoon,0,0,12H Day,12.0,0.5,12H,0,0.0,4000.0,1.0,0,1.0,1.0,1,0,0,Clear,0,Same Day,0.0,26.0,20.0,60.0,4.2,25.0,50.0,75.0,2994.1176470588234,2994.1176470588234,2200.0,2994.1176470588234,2204.7619047619046,2994.1176470588234,2020.0,1.0,1,0.895,-273.85,2620.0,2300.0,2620.0,2300.0,1295.1732255611703,20.0,1.0,2000.0,2550.0,0,0,0,0,0,0,0,1,0,0,0,0,0,0,1.0,0.19166666666666668,97.0,0.8571300001928543,-0.09523809523809523,34.32130000192854,0.0,1,5,1.891,1.2,1.067,0.8,0,8500.0,0,0
Booked by Rashmi Limbachiya,"Booking confirmed
Farm number 11
₹2000 advance received

+91 9316762136

30 Jul 2026 at 7:00 PM to 31 Jul 2026 at 5:00 PM
2 Persons Max
Rent: ₹3500
Deposit: ₹1000

Deposit Refund after check out.",2026-07-30 19:00:00,2026-07-31 17:00:00,2026-07-31 17:00:00,2026-07-29,11:51:06,22.0000000004657,0,0,0,,,,3500.0,2,24.0,Couple Full Night,1,0.0,0, (Month),False,4000.0,5000.0,0.0,3600.0,5.0,21.0,0.7142857142857143,0.7,0.7142857142857143,7,-0.4999999999999998,-0.8660254037844388,2026,2,31,210,0,0,Festival,False,Standard,Tier 2,High,1.0,0.0,0.0,,,False,False,Festival,0,7,7,0,0,0,0,0,monsoon,0,0,12H Night,12.0,1.0,24H,0,0.0,3500.0,1.0,0,1.0,1.0,1,0,0,Clear,0,Last Minute,0.0,26.0,20.0,60.0,4.2,25.0,50.0,75.0,2437.5,2357.1428571428573,2437.5,2437.5,2250.0,2437.5,2357.1428571428573,0.54,5,1.137,321.67,2351.6666666666665,2000.0,2351.6666666666665,2000.0,641.1370108382971,6.0,1.0,2000.0,2547.5,0,0,0,0,0,0,0,0,1,0,0,0,0,0,1.0,0.19166666666666668,97.0,1.0203935862140747,0.014285714285714346,35.953935862140746,0.0,1,5,1.891,1.2,1.067,0.8,0,8500.0,0,0
Booked by Vasishtha,"Booking confirmed ✅
Farm number 11
₹1000 advance received

+91 7383859789

1 Aug 2026 at 10:00 AM to 1 Aug 2026 at 5:00 PM
2 Persons Max without pool
Rent: ₹1500
Deposit: ₹1000

Deposit Refund after check out.",2026-08-01 10:00:00,2026-08-01 17:00:00,2026-08-01 17:00:00,2026-07-29,22:18:00,7.00000000046566,0,0,0,,,,1500.0,2,12.0,Couple Half Day,2,0.0,0, (Month),False,2000.0,1500.0,0.0,2850.0,6.0,22.0,0.8571428571428571,0.7333333333333333,0.8571428571428571,7,-0.4999999999999998,-0.8660254037844388,2026,2,31,210,0,0,Festival,False,Standard,Tier 2,High,1.0,0.0,0.0,,,False,False,Festival,0,7,7,0,0,0,0,0,monsoon,0,0,12H Day,12.0,0.5,12H,0,0.0,3000.0,1.0,0,1.0,1.0,1,0,0,Clear,0,Last Minute,0.0,26.0,20.0,60.0,4.2,25.0,50.0,90.0,3008.823529411765,3008.823529411765,2226.315789473684,3008.823529411765,2228.5714285714284,3008.823529411765,2053.3333333333335,1.0,1,0.895,-273.85,2620.0,2300.0,2620.0,2300.0,1295.1732255611703,20.0,1.0,2000.0,2550.0,0,0,0,0,0,0,0,0,1,0,0,0,0,0,1.0,0.19166666666666668,97.0,1.1688152304416628,0.12380952380952381,37.438152304416626,0.0,1,5,1.891,1.2,1.067,0.8,0,8500.0,0,0
Booked by Gopal Patil,"Booking confirmed ✅ 
Farm number 11
₹2000 advance received

+91 8141043770

1 Aug 2026 at 7:00 PM to 2 Aug 2026 at 5:00 PM
8 Persons Max
Rent: ₹5500
Deposit: ₹2000

Deposit Refund after check out.",2026-08-01 19:00:00,2026-08-02 17:00:00,2026-08-02 17:00:00,2026-07-30,23:48:38,22.0000000004657,0,1,0,,,,5500.0,8,24.0,24H Night,1,0.0,0, (Strict),False,3500.0,3000.0,1.0,4400.0,7.0,23.0,1.0,0.7666666666666667,1.0,7,-0.4999999999999998,-0.8660254037844388,2026,3,31,211,1,0,Festival,False,Standard,Tier 2,High,1.0,0.0,0.0,,,False,False,Festival,0,7,7,0,0,0,0,0,monsoon,1,0,24H Night,24.0,1.0,24H,0,0.0,5500.0,1.0,0,1.0,1.0,0,1,0,Clear,0,Last Minute,0.0,26.0,20.0,60.0,4.2,25.0,94.55,75.0,4093.75,4666.666666666667,3500.0,4093.75,3961.5384615384614,4093.75,3666.6666666666665,0.7,3,1.493,1351.67,4091.6666666666665,4150.0,4091.6666666666665,4150.0,845.8006785755068,12.0,1.0,3500.0,4900.0,0,0,0,0,0,0,0,0,1,0,0,0,0,0,1.0,0.19166666666666668,97.0,1.3043308130763511,0.23333333333333328,58.79330813076351,0.0,1,5,1.891,1.2,1.067,0.8,0,8500.0,0,0
