selling_price,booking_date,person_count,duration_hours,commercial_slot,lead_days,competitor_price,booking_date_dt,slot_lag_price_1,slot_lag_price_2,days_since_last_booking,rolling_price_mean_30,bookings_last_7d,bookings_last_30d,occupancy_rate_7d,occupancy_rate_30d,booking_velocity,month,month_sin,month_cos,year,day_of_week,week_of_year,day_of_year,is_weekend,is_festival,festival_name,is_festival_eve,days_before_festival,days_after_festival,is_long_weekend,is_consecutive_holiday,is_school_vacation,is_local_vacation,is_vacation,season,is_peak_season,is_off_season,slot_type,slot_capacity_hours,commercial_units,duration_bucket,is_extended_booking,hours_over_24,effective_daily_rate,extended_discount_ratio,extended_stay,slot_utilization_ratio,opportunity_cost_factor,is_couple,is_family,is_corporate,weather_condition,lead_time_bucket,lead_time_cat,competitor_diff,temperature,rain_probability,humidity,wind_speed,cloud_cover,demand_score,business_confidence_score,month_slot_avg,month_weekend_slot_avg,month_guest_slot_avg,month_festival_slot_avg,month_leadtime_slot_avg,month_weather_slot_avg,hierarchical_fallback_avg,hierarchical_confidence_score,hierarchical_matched_level,slot_month_weekend_ratio,slot_month_weekend_diff,segment_mean,segment_median,segment_trimmed_mean,segment_weighted_median,segment_std,segment_count,segment_confidence,p25_price,p75_price,is_friday_night,is_saturday_day,is_saturday_night,is_sunday_day,is_sunday_night,is_holiday_bridge,wedding_season,is_same_day,is_lead_1_3d,is_lead_4_7d,is_lead_8_14d,is_lead_15_30d,is_lead_31_60d,is_lead_60d_plus,lead_time_demand_curve,current_occupancy_pct,remaining_inventory,booking_pace,occupancy_trend,demand_index,festival_importance_score,highest_revenue_weekday,highest_revenue_month,weekend_premium_ratio,summer_demand_ratio,winter_demand_ratio,rain_impact_ratio
3500.0,2023-12-01,8,23,24H Night,7,0.0,2023-12-01,8500.0,8500.0,0.0,3500.0,1.0,1.0,0.14285714285714285,0.03333333333333333,0.14285714285714285,12,-2.4492935982947064e-16,1.0,2023,4,48,335,0,0,,0,7,4,0,0,1,1,1,winter,1,1,24H Night,24.0,0.96,24H,0,0.0,3645.83,1.0,0,0.9583333333333334,0.9958,0,1,0,Clear,1,Standard,0.0,26.0,20.0,60.0,4.2,25.0,53.349999999999994,90.0,5675.0,3325.0,6950.0,5675.0,5675.0,5675.0,3325.0,0.51,5,2.039,3490.0,3360.0,3500.0,3360.0,3500.0,789.3034904268446,5.0,1.0,3500.0,3800.0,1,0,0,0,0,0,1,0,0,1,0,0,0,0,1.0,0.15,102.0,4.284428957027177,0.10952380952380952,77.34428957027177,0.0,5,5,1.479,1.2,1.067,0.693
4800.0,2023-12-02,8,23,24H Night,7,0.0,2023-12-02,3500.0,8500.0,1.0,4150.0,2.0,2.0,0.2857142857142857,0.06666666666666667,0.2857142857142857,12,-2.4492935982947064e-16,1.0,2023,5,48,336,1,0,,0,7,5,1,0,1,1,1,winter,1,0,24H Night,24.0,0.96,24H,0,0.0,5000.0,1.0,0,0.9583333333333334,0.9958,0,1,0,Clear,1,Standard,0.0,26.0,20.0,60.0,4.2,25.0,78.90465,90.0,5566.666666666667,7142.857142857143,6787.5,5566.666666666667,5566.666666666667,5566.666666666667,8600.0,0.92,1,2.039,3490.0,6850.0,4900.0,6850.0,4900.0,6778.748304180394,8.0,1.0,4500.0,5000.0,0,0,1,0,0,0,1,0,0,1,0,0,0,0,1.0,0.15,102.0,4.285071524985538,0.21904761904761905,97.35071524985538,0.0,5,5,1.479,1.2,1.067,0.693
2000.0,2023-12-04,2,7,12H Day,7,0.0,2023-12-04,8500.0,8500.0,2.0,2000.0,3.0,3.0,0.42857142857142855,0.1,0.42857142857142855,12,-2.4492935982947064e-16,1.0,2023,0,49,338,0,0,,0,7,7,0,0,1,1,1,winter,1,1,12H Day,12.0,0.29,12H,0,0.0,6896.55,1.0,0,0.5833333333333334,0.9583,1,0,0,Clear,1,Standard,0.0,26.0,20.0,60.0,4.2,25.0,53.349999999999994,90.0,2119.3548387096776,1996.0,1670.0,2120.689655172414,2119.3548387096776,2119.3548387096776,1681.25,1.0,1,1.319,637.18,1996.1538461538462,2000.0,1996.1538461538462,2000.0,589.5630715916792,26.0,1.0,1500.0,2500.0,0,0,0,0,0,0,1,0,0,1,0,0,0,0,1.0,0.15,102.0,4.285285757138571,0.3285714285714285,77.35285757138571,0.0,5,5,1.479,1.2,1.067,0.693
5000.0,2023-12-09,8,23,24H Night,7,0.0,2023-12-09,4800.0,3500.0,5.0,4433.333333333333,2.0,4.0,0.2857142857142857,0.13333333333333333,0.2857142857142857,12,-2.4492935982947064e-16,1.0,2023,5,49,343,1,0,,0,7,7,1,0,1,1,1,winter,1,0,24H Night,24.0,0.96,24H,0,0.0,5208.33,1.0,0,0.9583333333333334,0.9958,0,1,0,Clear,1,Standard,0.0,26.0,20.0,60.0,4.2,25.0,78.90465,90.0,5550.0,7114.285714285715,6762.5,5550.0,5550.0,5550.0,8560.0,0.92,1,2.039,3490.0,6850.0,4900.0,6850.0,4900.0,6778.748304180394,8.0,1.0,4500.0,5000.0,0,0,1,0,0,0,1,0,0,1,0,0,0,0,1.0,0.15,102.0,2.142696440624096,0.15238095238095237,75.92696440624096,0.0,5,5,1.479,1.2,1.067,0.693
2800.0,2023-12-12,8,12,12H Day,7,0.0,2023-12-12,2000.0,8500.0,3.0,2400.0,2.0,5.0,0.2857142857142857,0.16666666666666666,0.2857142857142857,12,-2.4492935982947064e-16,1.0,2023,1,50,346,0,0,,0,7,7,0,0,1,1,1,winter,1,1,12H Day,12.0,0.5,12H,0,0.0,5600.0,1.0,0,1.0,1.0,0,1,0,Clear,1,Standard,0.0,26.0,20.0,60.0,4.2,25.0,53.349999999999994,90.0,2093.548387096774,1964.0,2812.5,2093.103448275862,2093.548387096774,2093.548387096774,2700.0,0.92,1,1.319,637.18,1996.1538461538462,2000.0,1996.1538461538462,2000.0,589.5630715916792,26.0,1.0,1500.0,2500.0,0,0,0,0,0,0,1,0,0,1,0,0,0,0,1.0,0.15,102.0,1.7141828633139153,0.11904761904761904,51.641828633139156,0.0,5,5,1.479,1.2,1.067,0.693
2000.0,2023-12-14,2,8,12H Day,7,0.0,2023-12-14,2800.0,2000.0,2.0,2266.6666666666665,3.0,6.0,0.42857142857142855,0.2,0.42857142857142855,12,-2.4492935982947064e-16,1.0,2023,3,50,348,0,0,,0,7,7,0,0,1,1,1,winter,1,1,12H Day,12.0,0.33,12H,0,0.0,6060.61,1.0,0,0.6666666666666666,0.9667,1,0,0,Clear,1,Standard,0.0,26.0,20.0,60.0,4.2,25.0,53.349999999999994,90.0,2119.3548387096776,1996.0,1670.0,2120.689655172414,2119.3548387096776,2119.3548387096776,1681.25,1.0,1,1.319,637.18,1996.1538461538462,2000.0,1996.1538461538462,2000.0,589.5630715916792,26.0,1.0,1500.0,2500.0,0,0,0,0,0,0,1,0,0,1,0,0,0,0,1.0,0.15,102.0,2.142750005356875,0.22857142857142854,55.92750005356875,0.0,5,5,1.479,1.2,1.067,0.693
1200.0,2023-12-15,2,8,12H Day,7,0.0,2023-12-15,2000.0,2800.0,1.0,2000.0,4.0,7.0,0.5714285714285714,0.23333333333333334,0.5714285714285714,12,-2.4492935982947064e-16,1.0,2023,4,50,349,0,0,,0,7,7,0,0,1,1,1,winter,1,1,12H Day,12.0,0.33,12H,0,0.0,3636.36,1.0,0,0.6666666666666666,0.9667,1,0,0,Clear,1,Standard,0.0,26.0,20.0,60.0,4.2,25.0,53.349999999999994,90.0,2145.1612903225805,2028.0,1710.0,2148.2758620689656,2145.1612903225805,2145.1612903225805,1731.25,1.0,1,1.319,637.18,1996.1538461538462,2000.0,1996.1538461538462,2000.0,589.5630715916792,26.0,1.0,1500.0,2500.0,0,0,0,0,0,0,1,0,0,1,0,0,0,0,1.0,0.15,102.0,2.448874640066446,0.33809523809523806,58.98874640066446,0.0,5,5,1.479,1.2,1.067,0.693
2000.0,2023-12-18,2,8,12H Day,7,0.0,2023-12-18,1200.0,2000.0,3.0,2000.0,4.0,8.0,0.5714285714285714,0.26666666666666666,0.5714285714285714,12,-2.4492935982947064e-16,1.0,2023,0,51,352,0,0,,0,7,7,0,0,1,1,1,winter,1,1,12H Day,12.0,0.33,12H,0,0.0,6060.61,1.0,0,0.6666666666666666,0.9667,1,0,0,Clear,1,Standard,0.0,26.0,20.0,60.0,4.2,25.0,53.349999999999994,90.0,2119.3548387096776,1996.0,1670.0,2120.689655172414,2119.3548387096776,2119.3548387096776,1681.25,1.0,1,1.319,637.18,1996.1538461538462,2000.0,1996.1538461538462,2000.0,589.5630715916792,26.0,1.0,1500.0,2500.0,0,0,0,0,0,0,1,0,0,1,0,0,0,0,1.0,0.15,102.0,2.1427767887275655,0.30476190476190473,55.92776788727566,0.0,5,5,1.479,1.2,1.067,0.693
2500.0,2023-12-18,8,11,12H Night,7,0.0,2023-12-18,8500.0,8500.0,0.0,2500.0,5.0,9.0,0.7142857142857143,0.3,0.7142857142857143,12,-2.4492935982947064e-16,1.0,2023,0,51,352,0,0,,0,7,7,0,0,1,1,1,winter,1,1,12H Night,12.0,0.46,12H,0,0.0,5434.78,1.0,0,0.9166666666666666,0.9917,0,1,0,Clear,1,Standard,0.0,26.0,20.0,60.0,4.2,25.0,53.349999999999994,90.0,2625.0,2625.0,3250.0,2166.6666666666665,2625.0,2625.0,2625.0,0.51,5,1.25,0.0,2600.0,2500.0,2600.0,2500.0,821.5838362577492,5.0,1.0,2000.0,2500.0,0,0,0,0,0,0,1,0,0,1,0,0,0,0,1.0,0.15,102.0,2.3808730185184306,0.4142857142857143,58.3087301851843,0.0,5,5,1.479,1.2,1.067,0.693
2700.0,2023-12-20,2,10,12H Day,7,0.0,2023-12-20,2000.0,1200.0,2.0,2116.6666666666665,5.0,10.0,0.7142857142857143,0.3333333333333333,0.7142857142857143,12,-2.4492935982947064e-16,1.0,2023,2,51,354,0,0,,0,5,7,0,0,1,1,1,winter,1,1,12H Day,12.0,0.42,12H,0,0.0,6428.57,1.0,0,0.8333333333333334,0.9833,1,0,0,Clear,1,Standard,0.0,26.0,20.0,60.0,4.2,25.0,53.349999999999994,90.0,2096.7741935483873,1968.0,1635.0,2096.551724137931,2096.7741935483873,2096.7741935483873,1637.5,1.0,1,1.319,637.18,1996.1538461538462,2000.0,1996.1538461538462,2000.0,589.5630715916792,26.0,1.0,1500.0,2500.0,0,0,0,0,0,0,1,0,0,1,0,0,0,0,1.0,0.15,102.0,2.142792859071371,0.380952380952381,55.927928590713705,0.0,5,5,1.479,1.2,1.067,0.693
3300.0,2023-12-21,8,12,12H Day,7,0.0,2023-12-21,2700.0,2000.0,1.0,2285.714285714286,5.0,11.0,0.7142857142857143,0.36666666666666664,0.7142857142857143,12,-2.4492935982947064e-16,1.0,2023,3,51,355,0,0,,0,4,7,0,0,1,1,1,winter,1,1,12H Day,12.0,0.5,12H,0,0.0,6600.0,1.0,0,1.0,1.0,0,1,0,Clear,1,Standard,0.0,26.0,20.0,60.0,4.2,25.0,53.349999999999994,90.0,2077.4193548387098,1944.0,2750.0,2075.862068965517,2077.4193548387098,2077.4193548387098,2600.0,0.92,1,1.319,637.18,1996.1538461538462,2000.0,1996.1538461538462,2000.0,589.5630715916792,26.0,1.0,1500.0,2500.0,0,0,0,0,0,0,1,0,0,1,0,0,0,0,1.0,0.15,102.0,1.9479988208113805,0.34761904761904766,53.97998820811381,0.0,5,5,1.479,1.2,1.067,0.693
2000.0,2023-12-22,2,9,12H Day,7,0.0,2023-12-22,3300.0,2700.0,1.0,2250.0,5.0,12.0,0.7142857142857143,0.4,0.7142857142857143,12,-2.4492935982947064e-16,1.0,2023,4,51,356,0,0,,0,3,7,0,0,1,1,1,winter,1,1,12H Day,12.0,0.38,12H,0,0.0,5263.16,1.0,0,0.75,0.975,1,0,0,Clear,1,Standard,0.0,26.0,20.0,60.0,4.2,25.0,53.349999999999994,90.0,2119.3548387096776,1996.0,1670.0,2120.689655172414,2119.3548387096776,2119.3548387096776,1681.25,1.0,1,1.319,637.18,1996.1538461538462,2000.0,1996.1538461538462,2000.0,589.5630715916792,26.0,1.0,1500.0,2500.0,0,0,0,0,0,0,1,0,0,1,0,0,0,0,1.0,0.15,102.0,1.7856696439731863,0.3142857142857143,52.35669643973186,0.0,5,5,1.479,1.2,1.067,0.693
2800.0,2023-12-23,8,11,12H Day,7,0.0,2023-12-23,2000.0,3300.0,1.0,2311.1111111111113,6.0,13.0,0.8571428571428571,0.43333333333333335,0.8571428571428571,12,-2.4492935982947064e-16,1.0,2023,5,51,357,1,0,,0,2,7,1,0,1,1,1,winter,1,0,12H Day,12.0,0.46,12H,0,0.0,6086.96,1.0,0,0.9166666666666666,0.9917,0,1,0,Clear,1,Standard,0.0,26.0,20.0,60.0,4.2,25.0,78.90465,90.0,2093.548387096774,2600.0,2812.5,2093.103448275862,2093.548387096774,2093.548387096774,2600.0,0.52,5,1.319,637.18,2633.3333333333335,2400.0,2633.3333333333335,2400.0,1202.7745701779143,6.0,1.0,1625.0,3325.0,0,1,0,0,0,0,1,0,0,1,0,0,0,0,1.0,0.15,102.0,1.9779763324143067,0.42380952380952375,74.27976332414306,0.0,5,5,1.479,1.2,1.067,0.693
4500.0,2023-12-23,8,23,24H Night,7,0.0,2023-12-23,5000.0,4800.0,0.0,4450.0,7.0,14.0,1.0,0.4666666666666667,1.0,12,-2.4492935982947064e-16,1.0,2023,5,51,357,1,0,,0,2,7,1,0,1,1,1,winter,1,0,24H Night,24.0,0.96,24H,0,0.0,4687.5,1.0,0,0.9583333333333334,0.9958,0,1,0,Clear,1,Standard,0.0,26.0,20.0,60.0,4.2,25.0,78.90465,90.0,5591.666666666667,7185.714285714285,6825.0,5591.666666666667,5591.666666666667,5591.666666666667,8660.0,0.92,1,2.039,3490.0,6850.0,4900.0,6850.0,4900.0,6778.748304180394,8.0,1.0,4500.0,5000.0,0,0,1,0,0,0,1,0,0,1,0,0,0,0,1.0,0.15,102.0,2.1428112254737397,0.5333333333333333,75.9281122547374,0.0,5,5,1.479,1.2,1.067,0.693
2500.0,2023-12-27,8,12,12H Day,7,0.0,2023-12-27,2800.0,2000.0,4.0,2330.0,5.0,15.0,0.7142857142857143,0.5,0.7142857142857143,12,-2.4492935982947064e-16,1.0,2023,2,52,361,0,0,,0,4,2,0,0,1,1,1,winter,1,1,12H Day,12.0,0.5,12H,0,0.0,5000.0,1.0,0,1.0,1.0,0,1,0,Clear,1,Standard,0.0,26.0,20.0,60.0,4.2,25.0,53.349999999999994,90.0,2103.2258064516127,1976.0,2850.0,2103.448275862069,2103.2258064516127,2103.2258064516127,2760.0,0.92,1,1.319,637.18,1996.1538461538462,2000.0,1996.1538461538462,2000.0,589.5630715916792,26.0,1.0,1500.0,2500.0,0,0,0,0,0,0,1,0,0,1,0,0,0,0,1.0,0.15,102.0,1.4285428577142745,0.2142857142857143,48.785428577142746,0.0,5,5,1.479,1.2,1.067,0.693
2500.0,2023-12-28,8,12,12H Night,7,0.0,2023-12-28,2500.0,8500.0,1.0,2500.0,5.0,16.0,0.7142857142857143,0.5333333333333333,0.7142857142857143,12,-2.4492935982947064e-16,1.0,2023,3,52,362,0,0,,0,3,3,0,0,1,1,1,winter,1,1,12H Night,12.0,0.5,12H,0,0.0,5000.0,1.0,0,1.0,1.0,0,1,0,Clear,1,Standard,0.0,26.0,20.0,60.0,4.2,25.0,53.349999999999994,90.0,2625.0,2625.0,3250.0,2166.6666666666665,2625.0,2625.0,2625.0,0.51,5,1.25,0.0,2600.0,2500.0,2600.0,2500.0,821.5838362577492,5.0,1.0,2000.0,2500.0,0,0,0,0,0,0,1,0,0,1,0,0,0,0,1.0,0.15,102.0,1.3392606031494054,0.18095238095238098,47.892606031494054,0.0,5,5,1.479,1.2,1.067,0.693
2500.0,2023-12-29,8,12,12H Day,7,0.0,2023-12-29,2500.0,2800.0,1.0,2380.0,5.0,17.0,0.7142857142857143,0.5666666666666667,0.7142857142857143,12,-2.4492935982947064e-16,1.0,2023,4,52,363,0,0,,0,2,4,0,0,1,1,1,winter,1,1,12H Day,12.0,0.5,12H,0,0.0,5000.0,1.0,0,1.0,1.0,0,1,0,Clear,1,Standard,0.0,26.0,20.0,60.0,4.2,25.0,53.349999999999994,90.0,2103.2258064516127,1976.0,2850.0,2103.448275862069,2103.2258064516127,2103.2258064516127,2760.0,0.92,1,1.319,637.18,1996.1538461538462,2000.0,1996.1538461538462,2000.0,589.5630715916792,26.0,1.0,1500.0,2500.0,0,0,0,0,0,0,1,0,0,1,0,0,0,0,1.0,0.15,102.0,1.2604819578814157,0.14761904761904765,47.10481957881416,0.0,5,5,1.479,1.2,1.067,0.693
1500.0,2023-12-30,2,5,12H Day,7,0.0,2023-12-30,2500.0,2500.0,1.0,2250.0,4.0,18.0,0.5714285714285714,0.6,0.5714285714285714,12,-2.4492935982947064e-16,1.0,2023,5,52,364,1,0,,0,1,5,1,1,1,1,1,winter,1,0,12H Day,12.0,0.21,12H,0,0.0,7142.86,1.0,0,0.4166666666666667,0.9417,1,0,0,Clear,1,Standard,0.0,26.0,20.0,60.0,4.2,25.0,78.90465,90.0,2135.483870967742,2860.0,1695.0,2137.9310344827586,2135.483870967742,2135.483870967742,2860.0,0.52,5,1.319,637.18,2633.3333333333335,2400.0,2633.3333333333335,2400.0,1202.7745701779143,6.0,1.0,1625.0,3325.0,0,1,0,0,0,0,1,0,0,1,0,0,0,0,1.0,0.15,102.0,0.9523650796296252,-0.02857142857142858,64.02365079629625,0.0,5,5,1.479,1.2,1.067,0.693
1500.0,2024-01-02,2,3,12H Day,7,0.0,2024-01-02,1500.0,2500.0,3.0,2200.0,5.0,17.0,0.7142857142857143,0.5666666666666667,0.7142857142857143,1,0.49999999999999994,0.8660254037844387,2024,1,1,2,0,0,,0,7,1,0,1,0,1,1,winter,1,1,12H Day,12.0,0.12,12H,0,0.0,12500.0,1.0,0,0.25,0.925,1,0,0,Clear,1,Standard,0.0,26.0,20.0,60.0,4.2,25.0,53.349999999999994,90.0,2151.8518518518517,2178.2608695652175,1926.6666666666667,2080.769230769231,2151.8518518518517,2151.8518518518517,1991.6666666666667,0.99,1,0.93,-150.0,2150.0,2000.0,2150.0,2000.0,534.8709718443685,24.0,1.0,2000.0,2500.0,0,0,0,0,0,0,1,0,0,1,0,0,0,0,1.0,0.15833333333333333,101.0,1.2604819578814157,0.14761904761904765,47.35481957881416,0.0,5,5,1.479,1.2,1.067,0.693
8500.0,2024-01-03,2,48,24H Day,7,0.0,2024-01-03,8500.0,8500.0,1.0,8500.0,5.0,17.0,0.7142857142857143,0.5666666666666667,0.7142857142857143,1,0.49999999999999994,0.8660254037844387,2024,2,1,3,0,0,,0,7,2,0,0,0,1,1,winter,1,1,24H Day,24.0,2.0,48H,1,24.0,4250.0,0.95,1,1.0,1.0,1,0,0,Clear,1,Standard,0.0,26.0,20.0,60.0,4.2,25.0,53.349999999999994,90.0,8000.0,8000.0,8000.0,6000.0,8000.0,8000.0,4739.130434782609,0.4,7,0.941,-500.0,8500.0,8500.0,8500.0,8500.0,0.0,1.0,0.2,8500.0,8500.0,0,0,0,0,0,0,1,0,0,1,0,0,0,0,1.0,0.15833333333333333,101.0,1.2604819578814157,0.14761904761904765,47.35481957881416,0.0,5,5,1.479,1.2,1.067,0.693
3000.0,2024-01-05,8,23,24H Night,7,0.0,2024-01-05,4500.0,5000.0,2.0,4160.0,4.0,18.0,0.5714285714285714,0.6,0.5714285714285714,1,0.49999999999999994,0.8660254037844387,2024,4,1,5,0,0,,0,7,4,0,0,0,1,1,winter,1,1,24H Night,24.0,0.96,24H,0,0.0,3125.0,1.0,0,0.9583333333333334,0.9958,0,1,0,Clear,1,Standard,0.0,26.0,20.0,60.0,4.2,25.0,53.349999999999994,90.0,4642.857142857143,4666.666666666667,4562.5,4736.8421052631575,4642.857142857143,4642.857142857143,5000.0,0.9,1,1.028,125.0,4500.0,3900.0,4500.0,3900.0,1887.9736344675064,10.0,1.0,3500.0,4150.0,1,0,0,0,0,0,1,0,0,1,0,0,0,0,1.0,0.15833333333333333,101.0,0.9523650796296252,-0.02857142857142858,44.27365079629625,0.0,5,5,1.479,1.2,1.067,0.693
3000.0,2024-01-06,8,12,12H Night,7,0.0,2024-01-06,2500.0,2500.0,1.0,2666.6666666666665,4.0,19.0,0.5714285714285714,0.6333333333333333,0.5714285714285714,1,0.49999999999999994,0.8660254037844387,2024,5,1,6,1,0,,0,7,5,1,0,0,1,1,winter,1,0,12H Night,12.0,0.5,12H,0,0.0,6000.0,1.0,0,1.0,1.0,0,1,0,Clear,1,Standard,0.0,26.0,20.0,60.0,4.2,25.0,78.90465,90.0,2000.0,1750.0,2500.0,2000.0,2000.0,2000.0,2000.0,0.41000000000000003,6,0.963,-83.33,2166.6666666666665,2500.0,2166.6666666666665,2500.0,1040.8329997330663,3.0,0.6,1750.0,2750.0,0,0,1,0,0,0,1,0,0,1,0,0,0,0,1.0,0.15833333333333333,101.0,0.9022413931810099,-0.06190476190476191,63.7724139318101,0.0,5,5,1.479,1.2,1.067,0.693
2500.0,2024-01-08,8,12,12H Day,7,0.0,2024-01-08,1500.0,1500.0,2.0,2330.0,5.0,19.0,0.7142857142857143,0.6333333333333333,0.7142857142857143,1,0.49999999999999994,0.8660254037844387,2024,0,2,8,0,0,,0,6,7,0,0,0,1,1,winter,1,1,12H Day,12.0,0.5,12H,0,0.0,5000.0,1.0,0,1.0,1.0,0,1,0,Clear,1,Standard,0.0,26.0,20.0,60.0,4.2,25.0,53.349999999999994,90.0,2114.814814814815,2134.782608695652,2277.777777777778,2042.3076923076924,2114.814814814815,2114.814814814815,2187.5,0.9500000000000001,1,0.93,-150.0,2150.0,2000.0,2150.0,2000.0,534.8709718443685,24.0,1.0,2000.0,2500.0,0,0,0,0,0,0,1,0,0,1,0,0,0,0,1.0,0.15833333333333333,101.0,1.1278017414762627,0.080952380952381,46.02801741476263,0.0,5,5,1.479,1.2,1.067,0.693
2000.0,2024-01-09,2,9,12H Day,7,0.0,2024-01-09,2500.0,1500.0,1.0,2330.0,5.0,20.0,0.7142857142857143,0.6666666666666666,0.7142857142857143,1,0.49999999999999994,0.8660254037844387,2024,1,2,9,0,0,,0,5,7,0,0,0,1,1,winter,1,1,12H Day,12.0,0.38,12H,0,0.0,5263.16,1.0,0,0.75,0.975,1,0,0,Clear,1,Standard,0.0,26.0,20.0,60.0,4.2,25.0,53.349999999999994,90.0,2133.3333333333335,2156.521739130435,1893.3333333333333,2061.5384615384614,2133.3333333333335,2133.3333333333335,1950.0,0.99,1,0.93,-150.0,2150.0,2000.0,2150.0,2000.0,534.8709718443685,24.0,1.0,2000.0,2500.0,0,0,0,0,0,0,1,0,0,1,0,0,0,0,1.0,0.15833333333333333,101.0,1.071412500241068,0.04761904761904767,45.46412500241068,0.0,5,5,1.479,1.2,1.067,0.693
2500.0,2024-01-10,4,8,12H Day,7,0.0,2024-01-10,2000.0,2500.0,1.0,2310.0,5.0,21.0,0.7142857142857143,0.7,0.7142857142857143,1,0.49999999999999994,0.8660254037844387,2024,2,2,10,0,0,,0,4,7,0,0,0,1,1,winter,1,1,12H Day,12.0,0.33,12H,0,0.0,7575.76,1.0,0,0.6666666666666666,0.9667,0,1,0,Clear,1,Standard,0.0,26.0,20.0,60.0,4.2,25.0,53.349999999999994,90.0,2114.814814814815,2134.782608695652,2277.777777777778,2042.3076923076924,2114.814814814815,2114.814814814815,2187.5,0.9500000000000001,1,0.93,-150.0,2150.0,2000.0,2150.0,2000.0,534.8709718443685,24.0,1.0,2000.0,2500.0,0,0,0,0,0,0,1,0,0,1,0,0,0,0,1.0,0.15833333333333333,101.0,1.0203935862140747,0.014285714285714346,44.953935862140746,0.0,5,5,1.479,1.2,1.067,0.693
4000.0,2024-01-10,5,23,24H Night,7,0.0,2024-01-10,3000.0,4500.0,0.0,4133.333333333333,6.0,22.0,0.8571428571428571,0.7333333333333333,0.8571428571428571,1,0.49999999999999994,0.8660254037844387,2024,2,2,10,0,0,,0,4,7,0,0,0,1,1,winter,1,1,24H Night,24.0,0.96,24H,0,0.0,4166.67,1.0,0,0.9583333333333334,0.9958,0,1,0,Clear,1,Standard,0.0,26.0,20.0,60.0,4.2,25.0,53.349999999999994,90.0,4595.238095238095,4555.555555555556,4437.5,4684.210526315789,4595.238095238095,4595.238095238095,4666.666666666667,0.9,1,1.028,125.0,4500.0,3900.0,4500.0,3900.0,1887.9736344675064,10.0,1.0,3500.0,4150.0,0,0,0,0,0,0,1,0,0,1,0,0,0,0,1.0,0.15833333333333333,101.0,1.1688152304416628,0.12380952380952381,46.438152304416626,0.0,5,5,1.479,1.2,1.067,0.693
4500.0,2024-01-13,6,14,24H Night,7,0.0,2024-01-13,4000.0,3000.0,3.0,4185.714285714285,5.0,21.0,0.7142857142857143,0.7,0.7142857142857143,1,0.49999999999999994,0.8660254037844387,2024,5,2,13,1,0,,0,1,7,1,1,0,1,1,winter,1,0,24H Night,24.0,0.58,24H,0,0.0,7758.62,1.0,0,0.5833333333333334,0.9583,0,1,0,Clear,1,Standard,0.0,26.0,20.0,60.0,4.2,25.0,78.90465,90.0,4571.428571428572,4636.363636363636,4375.0,4657.894736842105,4571.428571428572,4571.428571428572,4333.333333333333,0.9,1,1.028,125.0,4625.0,5000.0,4625.0,5000.0,772.3929758166558,12.0,1.0,4000.0,5000.0,0,0,1,0,0,0,1,0,0,1,0,0,0,0,1.0,0.15833333333333333,101.0,1.0203935862140747,0.014285714285714346,64.95393586214075,0.0,5,5,1.479,1.2,1.067,0.693
10000.0,2024-01-14,8,36,24H Day,7,0.0,2024-01-14,8500.0,8500.0,1.0,9250.0,6.0,21.0,0.8571428571428571,0.7,0.8571428571428571,1,0.49999999999999994,0.8660254037844387,2024,6,2,14,1,1,Uttarayan (Makar Sankranti),0,1,7,1,1,0,1,1,winter,1,0,24H Day,24.0,1.5,48H,1,12.0,6666.67,0.95,1,1.0,1.0,0,1,0,Clear,1,Standard,0.0,26.0,20.0,60.0,4.2,25.0,78.90465,90.0,7250.0,6000.0,7250.0,7250.0,7250.0,7250.0,4673.913043478261,0.4,7,0.941,-500.0,8000.0,8000.0,8000.0,8000.0,2828.42712474619,2.0,0.4,7000.0,9000.0,0,0,0,1,0,0,1,0,0,1,0,0,0,0,1.0,0.15833333333333333,101.0,1.2244723034568894,0.15714285714285714,96.99472303456889,1.0,5,5,1.479,1.2,1.067,0.693
2200.0,2024-01-17,2,12,12H Day,7,0.0,2024-01-17,2500.0,2000.0,3.0,2200.0,3.0,20.0,0.42857142857142855,0.6666666666666666,0.42857142857142855,1,0.49999999999999994,0.8660254037844387,2024,2,3,17,0,0,,0,7,2,0,0,0,1,1,winter,1,1,12H Day,12.0,0.5,12H,0,0.0,4400.0,1.0,0,1.0,1.0,1,0,0,Clear,1,Standard,0.0,26.0,20.0,60.0,4.2,25.0,53.349999999999994,90.0,2125.925925925926,2147.8260869565215,1880.0,2053.846153846154,2125.925925925926,2125.925925925926,1933.3333333333333,0.99,1,0.93,-150.0,2150.0,2000.0,2150.0,2000.0,534.8709718443685,24.0,1.0,2000.0,2500.0,0,0,0,0,0,0,1,0,0,1,0,0,0,0,1.0,0.15833333333333333,101.0,0.6428475001446408,-0.23809523809523808,41.17847500144641,0.0,5,5,1.479,1.2,1.067,0.693
2200.0,2024-01-18,2,6,12H Day,7,0.0,2024-01-18,2200.0,2500.0,1.0,2220.0,4.0,21.0,0.5714285714285714,0.7,0.5714285714285714,1,0.49999999999999994,0.8660254037844387,2024,3,3,18,0,0,,0,7,3,0,0,0,1,1,winter,1,1,12H Day,12.0,0.25,12H,0,0.0,8800.0,1.0,0,0.5,0.95,1,0,0,Clear,1,Standard,0.0,26.0,20.0,60.0,4.2,25.0,53.349999999999994,90.0,2125.925925925926,2147.8260869565215,1880.0,2053.846153846154,2125.925925925926,2125.925925925926,1933.3333333333333,0.99,1,0.93,-150.0,2150.0,2000.0,2150.0,2000.0,534.8709718443685,24.0,1.0,2000.0,2500.0,0,0,0,0,0,0,1,0,0,1,0,0,0,0,1.0,0.15833333333333333,101.0,0.8163148689712596,-0.12857142857142856,42.9131486897126,0.0,5,5,1.479,1.2,1.067,0.693
3000.0,2024-01-21,10,23,24H Night,7,0.0,2024-01-21,4500.0,4000.0,3.0,4037.5,3.0,19.0,0.42857142857142855,0.6333333333333333,0.42857142857142855,1,0.49999999999999994,0.8660254037844387,2024,6,3,21,1,0,,0,5,6,1,0,0,1,1,winter,1,0,24H Night,24.0,0.96,24H,0,0.0,3125.0,1.0,0,0.9583333333333334,0.9958,0,1,0,Clear,1,Standard,0.0,26.0,20.0,60.0,4.2,25.0,78.90465,90.0,4642.857142857143,4772.727272727273,4700.0,4736.8421052631575,4642.857142857143,4642.857142857143,4800.0,0.92,1,1.028,125.0,4625.0,5000.0,4625.0,5000.0,772.3929758166558,12.0,1.0,4000.0,5000.0,0,0,0,0,1,0,1,0,0,1,0,0,0,0,1.0,0.15833333333333333,101.0,0.6766810448857575,-0.20476190476190476,61.516810448857576,0.0,5,5,1.479,1.2,1.067,0.693
2500.0,2024-01-22,4,6,12H Day,7,0.0,2024-01-22,2200.0,2200.0,1.0,2190.0,4.0,18.0,0.5714285714285714,0.6,0.5714285714285714,1,0.49999999999999994,0.8660254037844387,2024,0,4,22,0,0,,0,4,7,0,0,0,1,1,winter,1,1,12H Day,12.0,0.25,12H,0,0.0,10000.0,1.0,0,0.5,0.95,0,1,0,Clear,1,Standard,0.0,26.0,20.0,60.0,4.2,25.0,53.349999999999994,90.0,2114.814814814815,2134.782608695652,2277.777777777778,2042.3076923076924,2114.814814814815,2114.814814814815,2187.5,0.9500000000000001,1,0.93,-150.0,2150.0,2000.0,2150.0,2000.0,534.8709718443685,24.0,1.0,2000.0,2500.0,0,0,0,0,0,0,1,0,0,1,0,0,0,0,1.0,0.15833333333333333,101.0,0.9523650796296252,-0.02857142857142858,44.27365079629625,0.0,5,5,1.479,1.2,1.067,0.693
2200.0,2024-01-24,10,12,12H Day,7,0.0,2024-01-24,2500.0,2200.0,2.0,2160.0,4.0,19.0,0.5714285714285714,0.6333333333333333,0.5714285714285714,1,0.49999999999999994,0.8660254037844387,2024,2,4,24,0,0,,0,2,7,0,0,0,1,1,winter,1,1,12H Day,12.0,0.5,12H,0,0.0,4400.0,1.0,0,1.0,1.0,0,1,0,Clear,1,Standard,0.0,26.0,20.0,60.0,4.2,25.0,53.349999999999994,90.0,2125.925925925926,2147.8260869565215,4000.0,2053.846153846154,2125.925925925926,2125.925925925926,2147.8260869565215,0.6,5,0.93,-150.0,2150.0,2000.0,2150.0,2000.0,534.8709718443685,24.0,1.0,2000.0,2500.0,0,0,0,0,0,0,1,0,0,1,0,0,0,0,1.0,0.15833333333333333,101.0,0.9022413931810099,-0.06190476190476191,43.7724139318101,0.0,5,5,1.479,1.2,1.067,0.693
1500.0,2024-01-25,4,8,12H Day,7,0.0,2024-01-25,2200.0,2500.0,1.0,2060.0,4.0,20.0,0.5714285714285714,0.6666666666666666,0.5714285714285714,1,0.49999999999999994,0.8660254037844387,2024,3,4,25,0,0,,0,1,7,0,1,0,1,1,winter,1,1,12H Day,12.0,0.33,12H,0,0.0,4545.45,1.0,0,0.6666666666666666,0.9667,0,1,0,Clear,1,Standard,0.0,26.0,20.0,60.0,4.2,25.0,53.349999999999994,90.0,2151.8518518518517,2178.2608695652175,2388.8888888888887,2080.769230769231,2151.8518518518517,2151.8518518518517,2312.5,0.9500000000000001,1,0.93,-150.0,2150.0,2000.0,2150.0,2000.0,534.8709718443685,24.0,1.0,2000.0,2500.0,0,0,0,0,0,0,1,0,0,1,0,0,0,0,1.0,0.15833333333333333,101.0,0.8571300001928543,-0.09523809523809523,43.32130000192854,0.0,5,5,1.479,1.2,1.067,0.693
3500.0,2024-01-26,10,23,24H Night,7,0.0,2024-01-26,3000.0,4500.0,1.0,3977.777777777778,5.0,20.0,0.7142857142857143,0.6666666666666666,0.7142857142857143,1,0.49999999999999994,0.8660254037844387,2024,4,4,26,0,1,Republic Day,0,7,7,0,1,0,1,1,winter,1,0,24H Night,24.0,0.96,24H,0,0.0,3645.83,1.0,0,0.9583333333333334,0.9958,0,1,0,Clear,1,Standard,0.0,26.0,20.0,60.0,4.2,25.0,53.349999999999994,90.0,4619.047619047619,4611.111111111111,4650.0,4000.0,4619.047619047619,4619.047619047619,4875.0,0.61,4,1.028,125.0,4500.0,3900.0,4500.0,3900.0,1887.9736344675064,10.0,1.0,3500.0,4150.0,1,0,0,0,0,0,1,0,0,1,0,0,0,0,1.0,0.15833333333333333,101.0,1.071412500241068,0.04761904761904767,60.46412500241068,0.5,5,5,1.479,1.2,1.067,0.693
6000.0,2024-01-27,17,23,24H Night,7,0.0,2024-01-27,3500.0,3000.0,1.0,4180.0,6.0,20.0,0.8571428571428571,0.6666666666666666,0.8571428571428571,1,0.49999999999999994,0.8660254037844387,2024,5,4,27,1,0,,0,7,1,1,1,0,1,1,winter,1,0,24H Night,24.0,0.96,24H,0,0.0,6250.0,1.0,0,0.9583333333333334,0.9958,0,0,1,Clear,1,Standard,0.0,26.0,20.0,60.0,4.2,25.0,78.90465,90.0,4500.0,4500.0,4500.0,4578.9473684210525,4500.0,4500.0,4500.0,0.5800000000000001,5,1.028,125.0,4625.0,5000.0,4625.0,5000.0,772.3929758166558,12.0,1.0,4000.0,5000.0,0,0,1,0,0,0,1,0,0,1,0,0,0,0,1.0,0.15833333333333333,101.0,1.2856950002892815,0.19047619047619047,67.60695000289282,0.0,5,5,1.479,1.2,1.067,0.693
8000.0,2024-01-30,4,72,24H Night,7,0.0,2024-01-30,6000.0,3500.0,3.0,4630.0,5.0,19.0,0.7142857142857143,0.6333333333333333,0.7142857142857143,1,0.49999999999999994,0.8660254037844387,2024,1,5,30,0,0,,0,7,4,0,0,0,1,1,winter,1,1,24H Night,24.0,3.0,72H,1,48.0,2666.67,0.9,1,1.0,1.0,0,1,0,Clear,1,Standard,0.0,26.0,20.0,60.0,4.2,25.0,53.349999999999994,90.0,4404.761904761905,4111.111111111111,3937.5,4473.684210526316,4404.761904761905,4404.761904761905,3333.3333333333335,0.9,1,1.028,125.0,4500.0,3900.0,4500.0,3900.0,1887.9736344675064,10.0,1.0,3500.0,4150.0,0,0,0,0,0,0,1,0,0,1,0,0,0,0,1.0,0.15833333333333333,101.0,1.1278017414762627,0.080952380952381,46.02801741476263,0.0,5,5,1.479,1.2,1.067,0.693
3000.0,2024-02-03,10,12,12H Night,7,0.0,2024-02-03,3000.0,2500.0,4.0,2750.0,2.0,18.0,0.2857142857142857,0.6,0.2857142857142857,2,0.8660254037844386,0.5000000000000001,2024,5,5,34,1,0,,0,7,7,0,0,0,0,0,winter,1,0,12H Night,12.0,0.5,12H,0,0.0,6000.0,1.0,0,1.0,1.0,0,1,0,Clear,1,Standard,0.0,26.0,20.0,60.0,4.2,25.0,78.90465,90.0,2340.0,3000.0,3000.0,2340.0,2340.0,2340.0,2340.0,0.42000000000000004,6,1.379,825.0,3000.0,3000.0,3000.0,3000.0,0.0,2.0,0.4,3000.0,3000.0,0,0,1,0,0,0,1,0,0,1,0,0,0,0,1.0,0.16666666666666666,100.0,0.4761825398148126,-0.3142857142857143,59.761825398148126,0.0,5,5,1.479,1.2,1.067,0.693
3300.0,2024-02-04,5,12,12H Day,7,0.0,2024-02-04,1500.0,2200.0,1.0,2240.0,3.0,18.0,0.42857142857142855,0.6,0.42857142857142855,2,0.8660254037844386,0.5000000000000001,2024,6,5,35,1,0,,0,7,7,0,0,0,0,0,winter,1,0,12H Day,12.0,0.5,12H,0,0.0,6600.0,1.0,0,1.0,1.0,0,1,0,Clear,1,Standard,0.0,26.0,20.0,60.0,4.2,25.0,78.90465,90.0,2110.714285714286,2300.0,2433.3333333333335,2129.1666666666665,2110.714285714286,2110.714285714286,2833.3333333333335,0.9,1,1.192,397.1,2466.6666666666665,2500.0,2466.6666666666665,2500.0,852.4474568362948,6.0,1.0,1750.0,3100.0,0,0,0,1,0,0,1,0,0,1,0,0,0,0,1.0,0.16666666666666666,100.0,0.714273809722219,-0.17142857142857143,62.14273809722219,0.0,5,5,1.479,1.2,1.067,0.693
2500.0,2024-02-06,8,12,12H Day,7,0.0,2024-02-06,3300.0,1500.0,2.0,2340.0,3.0,18.0,0.42857142857142855,0.6,0.42857142857142855,2,0.8660254037844386,0.5000000000000001,2024,1,6,37,0,0,,0,7,7,0,0,0,0,0,winter,0,1,12H Day,12.0,0.5,12H,0,0.0,5000.0,1.0,0,1.0,1.0,0,1,0,Clear,1,Standard,0.0,26.0,20.0,60.0,4.2,25.0,53.349999999999994,90.0,2139.285714285714,2050.0,2500.0,2162.5,2139.285714285714,2139.285714285714,2242.8571428571427,0.9400000000000001,1,1.192,397.1,2069.5652173913045,2000.0,2069.5652173913045,2000.0,442.5492089830706,23.0,1.0,1700.0,2500.0,0,0,0,0,0,0,1,0,0,1,0,0,0,0,1.0,0.16666666666666666,100.0,0.714273809722219,-0.17142857142857143,42.14273809722219,0.0,5,5,1.479,1.2,1.067,0.693
2200.0,2024-02-06,8,12,12H Night,7,0.0,2024-02-06,3000.0,3000.0,0.0,2640.0,4.0,19.0,0.5714285714285714,0.6333333333333333,0.5714285714285714,2,0.8660254037844386,0.5000000000000001,2024,1,6,37,0,0,,0,7,7,0,0,0,0,0,winter,0,1,12H Night,12.0,0.5,12H,0,0.0,4400.0,1.0,0,1.0,1.0,0,1,0,Clear,1,Standard,0.0,26.0,20.0,60.0,4.2,25.0,53.349999999999994,90.0,2500.0,2166.6666666666665,1750.0,2500.0,2500.0,2500.0,2166.6666666666665,0.5,5,1.379,825.0,2175.0,2100.0,2175.0,2100.0,623.8322424070967,4.0,0.8,1875.0,2400.0,0,0,0,0,0,0,1,0,0,1,0,0,0,0,1.0,0.16666666666666666,100.0,0.9022413931810099,-0.06190476190476191,44.0224139318101,0.0,5,5,1.479,1.2,1.067,0.693
2000.0,2024-02-07,2,4,12H Day,7,0.0,2024-02-07,2500.0,3300.0,1.0,2290.0,5.0,19.0,0.7142857142857143,0.6333333333333333,0.7142857142857143,2,0.8660254037844386,0.5000000000000001,2024,2,6,38,0,0,,0,7,7,0,0,0,0,0,winter,0,1,12H Day,12.0,0.17,12H,0,0.0,11764.71,1.0,0,0.3333333333333333,0.9333,1,0,0,Clear,1,Standard,0.0,26.0,20.0,60.0,4.2,25.0,53.349999999999994,90.0,2157.1428571428573,2072.7272727272725,1814.2857142857142,2183.3333333333335,2157.1428571428573,2157.1428571428573,1877.7777777777778,0.96,1,1.192,397.1,2069.5652173913045,2000.0,2069.5652173913045,2000.0,442.5492089830706,23.0,1.0,1700.0,2500.0,0,0,0,0,0,0,1,0,0,1,0,0,0,0,1.0,0.16666666666666666,100.0,1.1278017414762627,0.080952380952381,46.27801741476263,0.0,5,5,1.479,1.2,1.067,0.693
2000.0,2024-02-08,4,6,12H Day,7,0.0,2024-02-08,2000.0,2500.0,1.0,2290.0,6.0,19.0,0.8571428571428571,0.6333333333333333,0.8571428571428571,2,0.8660254037844386,0.5000000000000001,2024,3,6,39,0,0,,0,7,7,0,0,0,0,0,winter,0,1,12H Day,12.0,0.25,12H,0,0.0,8000.0,1.0,0,0.5,0.95,0,1,0,Clear,1,Standard,0.0,26.0,20.0,60.0,4.2,25.0,53.349999999999994,90.0,2157.1428571428573,2072.7272727272725,2541.6666666666665,2183.3333333333335,2157.1428571428573,2157.1428571428573,2314.285714285714,0.9400000000000001,1,1.192,397.1,2069.5652173913045,2000.0,2069.5652173913045,2000.0,442.5492089830706,23.0,1.0,1700.0,2500.0,0,0,0,0,0,0,1,0,0,1,0,0,0,0,1.0,0.16666666666666666,100.0,1.353362089771515,0.2238095238095238,48.53362089771515,0.0,5,5,1.479,1.2,1.067,0.693
2000.0,2024-02-09,4,9,12H Day,7,0.0,2024-02-09,2000.0,2000.0,1.0,2240.0,7.0,18.0,1.0,0.6,1.0,2,0.8660254037844386,0.5000000000000001,2024,4,6,40,0,0,,0,6,7,0,0,0,0,0,winter,0,1,12H Day,12.0,0.38,12H,0,0.0,5263.16,1.0,0,0.75,0.975,0,1,0,Clear,1,Standard,0.0,26.0,20.0,60.0,4.2,25.0,53.349999999999994,90.0,2157.1428571428573,2072.7272727272725,2541.6666666666665,2183.3333333333335,2157.1428571428573,2157.1428571428573,2314.285714285714,0.9400000000000001,1,1.192,397.1,2069.5652173913045,2000.0,2069.5652173913045,2000.0,442.5492089830706,23.0,1.0,1700.0,2500.0,0,0,0,0,0,0,1,0,0,1,0,0,0,0,1.0,0.16666666666666666,100.0,1.6666388893518442,0.4,51.666388893518445,0.0,5,5,1.479,1.2,1.067,0.693
4500.0,2024-02-10,12,23,24H Night,7,0.0,2024-02-10,8000.0,6000.0,1.0,4600.0,7.0,19.0,1.0,0.6333333333333333,1.0,2,0.8660254037844386,0.5000000000000001,2024,5,6,41,1,0,,0,5,7,0,0,0,0,0,winter,1,0,24H Night,24.0,0.96,24H,0,0.0,4687.5,1.0,0,0.9583333333333334,0.9958,0,1,0,Clear,1,Standard,0.0,26.0,20.0,60.0,4.2,25.0,78.90465,90.0,4357.142857142857,4916.666666666667,4000.0,4357.142857142857,4357.142857142857,4357.142857142857,4500.0,0.9,1,1.234,919.64,4857.142857142857,5000.0,4857.142857142857,5000.0,801.7837257372731,7.0,1.0,4500.0,5250.0,0,0,1,0,0,0,1,0,0,1,0,0,0,0,1.0,0.16666666666666666,100.0,1.5789224380667675,0.3666666666666667,70.78922438066768,0.0,5,5,1.479,1.2,1.067,0.693
7000.0,2024-02-12,2,47,24H Night,7,0.0,2024-02-12,4500.0,8000.0,2.0,4800.0,7.0,19.0,1.0,0.6333333333333333,1.0,2,0.8660254037844386,0.5000000000000001,2024,0,7,43,0,0,,0,3,7,0,0,0,0,0,winter,0,1,24H Night,24.0,1.96,48H,1,23.0,3571.43,0.95,1,1.0,1.0,1,0,0,Clear,1,Standard,0.0,26.0,20.0,60.0,4.2,25.0,53.349999999999994,90.0,4178.571428571428,3500.0,3000.0,4178.571428571428,4178.571428571428,4178.571428571428,3500.0,0.54,5,1.234,919.64,3937.5,3500.0,3937.5,3500.0,1265.9694196261503,8.0,1.0,3500.0,3625.0,0,0,0,0,0,0,1,0,0,1,0,0,0,0,1.0,0.16666666666666666,100.0,1.5789224380667675,0.3666666666666667,50.789224380667676,0.0,5,5,1.479,1.2,1.067,0.693
2500.0,2024-02-15,4,12,12H Day,7,0.0,2024-02-15,2000.0,2000.0,3.0,2270.0,4.0,19.0,0.5714285714285714,0.6333333333333333,0.5714285714285714,2,0.8660254037844386,0.5000000000000001,2024,3,7,46,0,1,Maha Shivratri,0,3,7,0,1,0,0,0,winter,1,0,12H Day,12.0,0.5,12H,0,0.0,5000.0,1.0,0,1.0,1.0,0,1,0,Clear,1,Standard,0.0,26.0,20.0,60.0,4.2,25.0,53.349999999999994,90.0,2139.285714285714,2050.0,2500.0,1833.3333333333333,2139.285714285714,2139.285714285714,2275.0,0.65,4,1.192,397.1,2069.5652173913045,2000.0,2069.5652173913045,2000.0,442.5492089830706,23.0,1.0,1700.0,2500.0,0,0,0,0,0,0,1,0,0,1,0,0,0,0,1.0,0.16666666666666666,100.0,0.9022413931810099,-0.06190476190476191,59.0224139318101,0.5,5,5,1.479,1.2,1.067,0.693
2700.0,2024-02-16,2,8,12H Day,7,0.0,2024-02-16,2500.0,2000.0,1.0,2320.0,4.0,19.0,0.5714285714285714,0.6333333333333333,0.5714285714285714,2,0.8660254037844386,0.5000000000000001,2024,4,7,47,0,0,,0,2,1,0,1,0,0,0,winter,0,1,12H Day,12.0,0.33,12H,0,0.0,8181.82,1.0,0,0.6666666666666666,0.9667,1,0,0,Clear,1,Standard,0.0,26.0,20.0,60.0,4.2,25.0,53.349999999999994,90.0,2132.1428571428573,2040.909090909091,1764.2857142857142,2154.1666666666665,2132.1428571428573,2132.1428571428573,1800.0,0.96,1,1.192,397.1,2069.5652173913045,2000.0,2069.5652173913045,2000.0,442.5492089830706,23.0,1.0,1700.0,2500.0,0,0,0,0,0,0,1,0,0,1,0,0,0,0,1.0,0.16666666666666666,100.0,0.9022413931810099,-0.06190476190476191,44.0224139318101,0.0,5,5,1.479,1.2,1.067,0.693
6000.0,2024-02-17,22,23,24H Night,7,0.0,2024-02-17,7000.0,4500.0,1.0,4950.0,4.0,19.0,0.5714285714285714,0.6333333333333333,0.5714285714285714,2,0.8660254037844386,0.5000000000000001,2024,5,7,48,1,0,,0,1,2,1,1,0,0,0,winter,1,0,24H Night,24.0,0.96,24H,0,0.0,6250.0,1.0,0,0.9583333333333334,0.9958,0,0,1,Clear,1,Standard,0.0,26.0,20.0,60.0,4.2,25.0,78.90465,90.0,4250.0,4666.666666666667,4250.0,4250.0,4250.0,4250.0,4666.666666666667,0.53,5,1.234,919.64,4857.142857142857,5000.0,4857.142857142857,5000.0,801.7837257372731,7.0,1.0,4500.0,5250.0,0,0,1,0,0,0,1,0,0,1,0,0,0,0,1.0,0.16666666666666666,100.0,0.9022413931810099,-0.06190476190476191,64.02241393181009,0.0,5,5,1.479,1.2,1.067,0.693
2000.0,2024-02-20,4,8,12H Day,7,0.0,2024-02-20,2700.0,2500.0,3.0,2270.0,4.0,19.0,0.5714285714285714,0.6333333333333333,0.5714285714285714,2,0.8660254037844386,0.5000000000000001,2024,1,8,51,0,0,,0,6,2,0,0,0,0,0,winter,0,1,12H Day,12.0,0.33,12H,0,0.0,6060.61,1.0,0,0.6666666666666666,0.9667,0,1,0,Clear,1,Standard,0.0,26.0,20.0,60.0,4.2,25.0,53.349999999999994,90.0,2157.1428571428573,2072.7272727272725,2541.6666666666665,2183.3333333333335,2157.1428571428573,2157.1428571428573,2314.285714285714,0.9400000000000001,1,1.192,397.1,2069.5652173913045,2000.0,2069.5652173913045,2000.0,442.5492089830706,23.0,1.0,1700.0,2500.0,0,0,0,0,0,0,1,0,0,1,0,0,0,0,1.0,0.16666666666666666,100.0,0.9022413931810099,-0.06190476190476191,44.0224139318101,0.0,5,5,1.479,1.2,1.067,0.693
1700.0,2024-02-21,4,12,12H Day,7,0.0,2024-02-21,2000.0,2700.0,1.0,2220.0,5.0,19.0,0.7142857142857143,0.6333333333333333,0.7142857142857143,2,0.8660254037844386,0.5000000000000001,2024,2,8,52,0,0,,0,5,3,0,0,0,0,0,winter,0,1,12H Day,12.0,0.5,12H,0,0.0,3400.0,1.0,0,1.0,1.0,0,1,0,Clear,1,Standard,0.0,26.0,20.0,60.0,4.2,25.0,53.349999999999994,90.0,2167.8571428571427,2086.3636363636365,2566.6666666666665,2195.8333333333335,2167.8571428571427,2167.8571428571427,2357.1428571428573,0.9400000000000001,1,1.192,397.1,2069.5652173913045,2000.0,2069.5652173913045,2000.0,442.5492089830706,23.0,1.0,1700.0,2500.0,0,0,0,0,0,0,1,0,0,1,0,0,0,0,1.0,0.16666666666666666,100.0,1.1278017414762627,0.080952380952381,46.27801741476263,0.0,5,5,1.479,1.2,1.067,0.693
3000.0,2024-02-21,2,22,24H Night,7,0.0,2024-02-21,6000.0,7000.0,0.0,4950.0,6.0,20.0,0.8571428571428571,0.6666666666666666,0.8571428571428571,2,0.8660254037844386,0.5000000000000001,2024,2,8,52,0,0,,0,5,3,0,0,0,0,0,winter,0,1,24H Night,24.0,0.92,24H,0,0.0,3260.87,1.0,0,0.9166666666666666,0.9917,1,0,0,Clear,1,Standard,0.0,26.0,20.0,60.0,4.2,25.0,53.349999999999994,90.0,4464.285714285715,4071.4285714285716,7000.0,4464.285714285715,4464.285714285715,4464.285714285715,4071.4285714285716,0.54,5,1.234,919.64,3937.5,3500.0,3937.5,3500.0,1265.9694196261503,8.0,1.0,3500.0,3625.0,0,0,0,0,0,0,1,0,0,1,0,0,0,0,1.0,0.16666666666666666,100.0,1.2856950002892815,0.19047619047619047,47.856950002892816,0.0,5,5,1.479,1.2,1.067,0.693
4000.0,2024-02-22,15,24,24H Night,7,0.0,2024-02-22,3000.0,6000.0,1.0,4950.0,6.0,21.0,0.8571428571428571,0.7,0.8571428571428571,2,0.8660254037844386,0.5000000000000001,2024,3,8,53,0,0,,0,4,4,0,0,0,0,0,winter,0,1,24H Night,24.0,1.0,24H,0,0.0,4000.0,1.0,0,1.0,1.0,0,0,1,Clear,1,Standard,0.0,26.0,20.0,60.0,4.2,25.0,53.349999999999994,90.0,4392.857142857143,3928.5714285714284,4071.4285714285716,4392.857142857143,4392.857142857143,4392.857142857143,3500.0,0.9,1,1.234,919.64,3937.5,3500.0,3937.5,3500.0,1265.9694196261503,8.0,1.0,3500.0,3625.0,0,0,0,0,0,0,1,0,0,1,0,0,0,0,1.0,0.16666666666666666,100.0,1.2244723034568894,0.15714285714285714,47.24472303456889,0.0,5,5,1.479,1.2,1.067,0.693
5000.0,2024-02-24,12,24,24H Night,7,0.0,2024-02-24,4000.0,3000.0,2.0,5000.0,5.0,20.0,0.7142857142857143,0.6666666666666666,0.7142857142857143,2,0.8660254037844386,0.5000000000000001,2024,5,8,55,1,0,,0,2,6,0,0,0,0,0,winter,1,0,24H Night,24.0,1.0,24H,0,0.0,5000.0,1.0,0,1.0,1.0,0,1,0,Clear,1,Standard,0.0,26.0,20.0,60.0,4.2,25.0,78.90465,90.0,4321.428571428572,4833.333333333333,3928.5714285714284,4321.428571428572,4321.428571428572,4321.428571428572,4333.333333333333,0.9,1,1.234,919.64,4857.142857142857,5000.0,4857.142857142857,5000.0,801.7837257372731,7.0,1.0,4500.0,5250.0,0,0,1,0,0,0,1,0,0,1,0,0,0,0,1.0,0.16666666666666666,100.0,1.071412500241068,0.04761904761904767,65.71412500241068,0.0,5,5,1.479,1.2,1.067,0.693
2000.0,2024-02-26,2,12,12H Day,7,0.0,2024-02-26,1700.0,2000.0,2.0,2270.0,6.0,19.0,0.8571428571428571,0.6333333333333333,0.8571428571428571,2,0.8660254037844386,0.5000000000000001,2024,0,9,57,0,1,Maha Shivratri,0,6,7,0,1,0,0,0,winter,1,0,12H Day,12.0,0.5,12H,0,0.0,4000.0,1.0,0,1.0,1.0,1,0,0,Clear,1,Standard,0.0,26.0,20.0,60.0,4.2,25.0,53.349999999999994,90.0,2157.1428571428573,2072.7272727272725,1814.2857142857142,2000.0,2157.1428571428573,2157.1428571428573,1866.6666666666667,0.69,4,1.192,397.1,2069.5652173913045,2000.0,2069.5652173913045,2000.0,442.5492089830706,23.0,1.0,1700.0,2500.0,0,0,0,0,0,0,1,0,0,1,0,0,0,0,1.0,0.16666666666666666,100.0,1.353362089771515,0.2238095238095238,63.53362089771515,0.5,5,5,1.479,1.2,1.067,0.693
1700.0,2024-02-29,2,12,12H Day,7,0.0,2024-02-29,2000.0,1700.0,3.0,2110.0,3.0,19.0,0.42857142857142855,0.6333333333333333,0.42857142857142855,2,0.8660254037844386,0.5000000000000001,2024,3,9,60,0,0,,0,3,3,0,0,0,0,0,winter,0,1,12H Day,12.0,0.5,12H,0,0.0,3400.0,1.0,0,1.0,1.0,1,0,0,Clear,1,Standard,0.0,26.0,20.0,60.0,4.2,25.0,53.349999999999994,90.0,2167.8571428571427,2086.3636363636365,1835.7142857142858,2195.8333333333335,2167.8571428571427,2167.8571428571427,1911.111111111111,0.96,1,1.192,397.1,2069.5652173913045,2000.0,2069.5652173913045,2000.0,442.5492089830706,23.0,1.0,1700.0,2500.0,0,0,0,0,0,0,1,0,0,1,0,0,0,0,1.0,0.16666666666666666,100.0,0.6766810448857575,-0.20476190476190476,41.766810448857576,0.0,5,5,1.479,1.2,1.067,0.693
2000.0,2024-02-29,6,12,12H Night,7,0.0,2024-02-29,2200.0,3000.0,0.0,2533.3333333333335,4.0,20.0,0.5714285714285714,0.6666666666666666,0.5714285714285714,2,0.8660254037844386,0.5000000000000001,2024,3,9,60,0,0,,0,3,3,0,0,0,0,0,winter,0,1,12H Night,12.0,0.5,12H,0,0.0,4000.0,1.0,0,1.0,1.0,0,1,0,Clear,1,Standard,0.0,26.0,20.0,60.0,4.2,25.0,53.349999999999994,90.0,2540.0,2233.3333333333335,1850.0,2540.0,2540.0,2540.0,2233.3333333333335,0.5,5,1.379,825.0,2175.0,2100.0,2175.0,2100.0,623.8322424070967,4.0,0.8,1875.0,2400.0,0,0,0,0,0,0,1,0,0,1,0,0,0,0,1.0,0.16666666666666666,100.0,0.8571300001928543,-0.09523809523809523,43.57130000192854,0.0,5,5,1.479,1.2,1.067,0.693
3200.0,2024-03-01,12,23,24H Day,7,0.0,2024-03-01,10000.0,8500.0,1.0,7233.333333333333,5.0,21.0,0.7142857142857143,0.7,0.7142857142857143,3,1.0,6.123233995736766e-17,2024,4,9,61,0,0,,0,2,4,0,0,0,0,0,summer,1,0,24H Day,24.0,0.96,24H,0,0.0,3333.33,1.0,0,0.9583333333333334,0.9958,0,1,0,Clear,1,Standard,0.0,26.0,20.0,60.0,4.2,25.0,60.0,90.0,4900.0,4900.0,6000.0,3800.0,4900.0,4900.0,4969.565217391304,0.4,7,1.25,0.0,4333.333333333333,3800.0,4333.333333333333,3800.0,1474.2229591663986,3.0,0.6,3500.0,4900.0,0,0,0,0,0,0,0,0,0,1,0,0,0,0,1.0,0.19166666666666668,97.0,1.0203935862140747,0.014285714285714346,35.953935862140746,0.0,5,5,1.479,1.2,1.067,0.693
3500.0,2024-03-02,10,12,12H Day,7,0.0,2024-03-02,1700.0,2000.0,1.0,2210.0,5.0,22.0,0.7142857142857143,0.7333333333333333,0.7142857142857143,3,1.0,6.123233995736766e-17,2024,5,9,62,1,0,,0,1,5,1,1,0,0,0,summer,1,0,12H Day,12.0,0.5,12H,0,0.0,7000.0,1.0,0,1.0,1.0,0,1,0,Clear,1,Standard,0.0,26.0,20.0,60.0,4.2,25.0,88.74,90.0,2955.8823529411766,2233.3333333333335,3200.0,2916.6666666666665,2955.8823529411766,2955.8823529411766,2233.3333333333335,0.5,5,0.82,-560.71,2550.0,2600.0,2550.0,2600.0,881.2869377601523,4.0,0.8,2025.0,3125.0,0,1,0,0,0,0,0,0,0,1,0,0,0,0,1.0,0.19166666666666668,97.0,0.9740126920347192,-0.01904761904761898,55.490126920347194,0.0,5,5,1.479,1.2,1.067,0.693
5500.0,2024-03-02,5,23,24H Night,7,0.0,2024-03-02,5000.0,4000.0,0.0,5250.0,6.0,23.0,0.8571428571428571,0.7666666666666667,0.8571428571428571,3,1.0,6.123233995736766e-17,2024,5,9,62,1,0,,0,1,5,1,1,0,0,0,summer,1,0,24H Night,24.0,0.96,24H,0,0.0,5729.17,1.0,0,0.9583333333333334,0.9958,0,1,0,Clear,1,Standard,0.0,26.0,20.0,60.0,4.2,25.0,88.74,90.0,6565.116279069767,7200.0,4666.666666666667,6277.777777777777,6565.116279069767,6565.116279069767,4500.0,0.9,1,1.184,1106.0,7119.047619047619,7000.0,7119.047619047619,7000.0,3304.9385845457173,21.0,1.0,4500.0,9000.0,0,0,1,0,0,0,0,0,0,1,0,0,0,0,1.0,0.19166666666666668,97.0,1.1179978397797294,0.09047619047619038,56.92997839779729,0.0,5,5,1.479,1.2,1.067,0.693
4500.0,2024-03-03,4,24,24H Night,7,0.0,2024-03-03,5500.0,5000.0,1.0,5350.0,7.0,24.0,1.0,0.8,1.0,3,1.0,6.123233995736766e-17,2024,6,9,63,1,1,Holi (Holika Dahan),1,1,6,1,1,0,0,0,summer,1,0,24H Night,24.0,1.0,24H,0,0.0,4500.0,1.0,0,1.0,1.0,0,1,0,Clear,1,Standard,0.0,26.0,20.0,60.0,4.2,25.0,88.74,90.0,6588.372093023256,7250.0,4733.333333333333,6866.666666666667,6588.372093023256,6588.372093023256,5166.666666666667,0.63,4,1.184,1106.0,7119.047619047619,7000.0,7119.047619047619,7000.0,3304.9385845457173,21.0,1.0,4500.0,9000.0,0,0,0,0,1,0,0,0,0,1,0,0,0,0,1.0,0.19166666666666668,97.0,1.2499843751953101,0.19999999999999996,88.24984375195311,1.0,5,5,1.479,1.2,1.067,0.693
3000.0,2024-03-05,2,12,12H Day,7,0.0,2024-03-05,3500.0,1700.0,2.0,2310.0,7.0,23.0,1.0,0.7666666666666667,1.0,3,1.0,6.123233995736766e-17,2024,1,10,65,0,0,,0,1,1,0,1,0,0,0,summer,1,0,12H Day,12.0,0.5,12H,0,0.0,6000.0,1.0,0,1.0,1.0,1,0,0,Clear,1,Standard,0.0,26.0,20.0,60.0,4.2,25.0,60.0,90.0,2985.294117647059,3119.230769230769,2000.0,2972.222222222222,2985.294117647059,2985.294117647059,3119.230769230769,0.6,5,0.82,-560.71,3110.714285714286,3000.0,3110.714285714286,3000.0,649.3128235736166,14.0,1.0,2625.0,3500.0,0,0,0,0,0,0,0,0,0,1,0,0,0,0,1.0,0.19166666666666668,97.0,1.3043308130763511,0.23333333333333328,38.79330813076351,0.0,5,5,1.479,1.2,1.067,0.693
5500.0,2024-03-09,8,24,24H Night,7,0.0,2024-03-09,4500.0,5500.0,4.0,5300.0,3.0,20.0,0.42857142857142855,0.6666666666666666,0.42857142857142855,3,1.0,6.123233995736766e-17,2024,5,10,69,1,0,,0,1,1,1,1,0,0,0,summer,1,0,24H Night,24.0,1.0,24H,0,0.0,5500.0,1.0,0,1.0,1.0,0,1,0,Clear,1,Standard,0.0,26.0,20.0,60.0,4.2,25.0,88.74,90.0,6565.116279069767,7200.0,4666.666666666667,6277.777777777777,6565.116279069767,6565.116279069767,4500.0,0.9,1,1.184,1106.0,7119.047619047619,7000.0,7119.047619047619,7000.0,3304.9385845457173,21.0,1.0,4500.0,9000.0,0,0,1,0,0,0,0,0,0,1,0,0,0,0,1.0,0.19166666666666668,97.0,0.6428475001446408,-0.23809523809523808,52.17847500144641,0.0,5,5,1.479,1.2,1.067,0.693
3000.0,2024-03-14,4,12,12H Day,7,0.0,2024-03-14,3000.0,3500.0,5.0,2410.0,2.0,18.0,0.2857142857142857,0.6,0.2857142857142857,3,1.0,6.123233995736766e-17,2024,3,11,74,0,1,Holi (Holika Dahan),1,1,4,0,1,0,0,0,summer,1,0,12H Day,12.0,0.5,12H,0,0.0,6000.0,1.0,0,1.0,1.0,0,1,0,Clear,1,Standard,0.0,26.0,20.0,60.0,4.2,25.0,60.0,90.0,2985.294117647059,3119.230769230769,3181.25,3000.0,2985.294117647059,2985.294117647059,3321.4285714285716,0.64,4,0.82,-560.71,3110.714285714286,3000.0,3110.714285714286,3000.0,649.3128235736166,14.0,1.0,2625.0,3500.0,0,0,0,0,0,0,0,0,0,1,0,0,0,0,1.0,0.19166666666666668,97.0,0.4761825398148126,-0.3142857142857143,60.511825398148126,1.0,5,5,1.479,1.2,1.067,0.693
3000.0,2024-03-15,4,7,12H Day,7,0.0,2024-03-15,3000.0,3000.0,1.0,2510.0,3.0,19.0,0.42857142857142855,0.6333333333333333,0.42857142857142855,3,1.0,6.123233995736766e-17,2024,4,11,75,0,1,Dhuleti,0,5,1,0,1,0,0,0,summer,1,0,12H Day,12.0,0.29,12H,0,0.0,10344.83,1.0,0,0.5833333333333334,0.9583,0,1,0,Clear,1,Standard,0.0,26.0,20.0,60.0,4.2,25.0,60.0,90.0,2985.294117647059,3119.230769230769,3181.25,3000.0,2985.294117647059,2985.294117647059,3321.4285714285716,0.64,4,0.82,-560.71,3110.714285714286,3000.0,3110.714285714286,3000.0,649.3128235736166,14.0,1.0,2625.0,3500.0,0,0,0,0,0,0,0,0,0,1,0,0,0,0,1.0,0.19166666666666668,97.0,0.6766810448857575,-0.20476190476190476,47.516810448857576,0.5,5,5,1.479,1.2,1.067,0.693
4500.0,2024-03-15,10,24,24H Night,7,0.0,2024-03-15,5500.0,4500.0,0.0,4950.0,4.0,20.0,0.5714285714285714,0.6666666666666666,0.5714285714285714,3,1.0,6.123233995736766e-17,2024,4,11,75,0,1,Dhuleti,0,5,1,0,1,0,0,0,summer,1,0,24H Night,24.0,1.0,24H,0,0.0,4500.0,1.0,0,1.0,1.0,0,1,0,Clear,1,Standard,0.0,26.0,20.0,60.0,4.2,25.0,60.0,90.0,6588.372093023256,6081.818181818182,6686.95652173913,6866.666666666667,6588.372093023256,6588.372093023256,4830.0,0.6699999999999999,4,1.184,1106.0,6013.04347826087,4500.0,6013.04347826087,4500.0,4237.74214624058,23.0,1.0,4000.0,5500.0,1,0,0,0,0,0,0,0,0,1,0,0,0,0,1.0,0.19166666666666668,97.0,0.8571300001928543,-0.09523809523809523,49.32130000192854,0.5,5,5,1.479,1.2,1.067,0.693
6000.0,2024-03-16,10,24,24H Night,7,0.0,2024-03-16,4500.0,5500.0,1.0,5100.0,4.0,20.0,0.5714285714285714,0.6666666666666666,0.5714285714285714,3,1.0,6.123233995736766e-17,2024,5,11,76,1,0,,0,4,1,1,1,0,0,0,summer,1,0,24H Night,24.0,1.0,24H,0,0.0,6000.0,1.0,0,1.0,1.0,0,1,0,Clear,1,Standard,0.0,26.0,20.0,60.0,4.2,25.0,88.74,90.0,6553.488372093023,7175.0,6621.739130434783,6250.0,6553.488372093023,6553.488372093023,8291.666666666666,0.69,4,1.184,1106.0,7119.047619047619,7000.0,7119.047619047619,7000.0,3304.9385845457173,21.0,1.0,4500.0,9000.0,0,0,1,0,0,0,0,0,0,1,0,0,0,0,1.0,0.19166666666666668,97.0,0.8571300001928543,-0.09523809523809523,54.32130000192854,0.0,5,5,1.479,1.2,1.067,0.693
4000.0,2024-03-17,8,25,24H Night,7,0.0,2024-03-17,6000.0,4500.0,1.0,4800.0,5.0,20.0,0.7142857142857143,0.6666666666666666,0.7142857142857143,3,1.0,6.123233995736766e-17,2024,6,11,77,1,0,,0,3,2,0,0,0,0,0,summer,1,0,24H Night,24.0,1.04,24H,1,1.0,3846.15,0.95,1,1.0,1.0,0,1,0,Clear,1,Standard,0.0,26.0,20.0,60.0,4.2,25.0,88.74,90.0,6600.0,7275.0,4766.666666666667,6361.111111111111,6600.0,6600.0,5000.0,0.9,1,1.184,1106.0,7119.047619047619,7000.0,7119.047619047619,7000.0,3304.9385845457173,21.0,1.0,4500.0,9000.0,0,0,0,0,1,0,0,0,0,1,0,0,0,0,1.0,0.19166666666666668,97.0,1.071412500241068,0.04761904761904767,56.46412500241068,0.0,5,5,1.479,1.2,1.067,0.693
2250.0,2024-03-19,3,9,12H Day,7,0.0,2024-03-19,3000.0,3000.0,2.0,2485.0,6.0,20.0,0.8571428571428571,0.6666666666666666,0.8571428571428571,3,1.0,6.123233995736766e-17,2024,1,12,79,0,0,,0,1,4,0,1,0,0,0,summer,1,0,12H Day,12.0,0.38,12H,0,0.0,5921.05,1.0,0,0.75,0.975,0,1,0,Clear,1,Standard,0.0,26.0,20.0,60.0,4.2,25.0,60.0,90.0,3029.4117647058824,3176.923076923077,3275.0,3055.5555555555557,3029.4117647058824,3029.4117647058824,3428.5714285714284,0.64,4,0.82,-560.71,3110.714285714286,3000.0,3110.714285714286,3000.0,649.3128235736166,14.0,1.0,2625.0,3500.0,0,0,0,0,0,0,0,0,0,1,0,0,0,0,1.0,0.19166666666666668,97.0,1.2856950002892815,0.19047619047619047,38.606950002892816,0.0,5,5,1.479,1.2,1.067,0.693
4000.0,2024-03-20,8,24,24H Night,7,0.0,2024-03-20,4000.0,6000.0,1.0,4600.0,7.0,21.0,1.0,0.7,1.0,3,1.0,6.123233995736766e-17,2024,2,12,80,0,1,Eid-ul-Fitr,0,2,5,0,1,0,0,0,summer,1,0,24H Night,24.0,1.0,24H,0,0.0,4000.0,1.0,0,1.0,1.0,0,1,0,Clear,1,Standard,0.0,26.0,20.0,60.0,4.2,25.0,60.0,90.0,6600.0,6104.545454545455,4766.666666666667,6887.5,6600.0,6600.0,4500.0,0.65,4,1.184,1106.0,6013.04347826087,4500.0,6013.04347826087,4500.0,4237.74214624058,23.0,1.0,4000.0,5500.0,0,0,0,0,0,0,0,0,0,1,0,0,0,0,1.0,0.19166666666666668,97.0,1.4285510206997045,0.30000000000000004,64.03551020699705,0.8,5,5,1.479,1.2,1.067,0.693
6000.0,2024-03-22,10,24,24H Day,7,0.0,2024-03-22,3200.0,10000.0,2.0,6925.0,5.0,19.0,0.7142857142857143,0.6333333333333333,0.7142857142857143,3,1.0,6.123233995736766e-17,2024,4,12,82,0,1,Holi (Holika Dahan),1,1,2,0,1,0,0,0,summer,1,0,24H Day,24.0,1.0,24H,0,0.0,6000.0,1.0,0,1.0,1.0,0,1,0,Clear,1,Standard,0.0,26.0,20.0,60.0,4.2,25.0,60.0,90.0,3500.0,3500.0,3200.0,3500.0,3500.0,3500.0,4847.826086956522,0.4,7,1.25,0.0,4333.333333333333,3800.0,4333.333333333333,3800.0,1474.2229591663986,3.0,0.6,3500.0,4900.0,0,0,0,0,0,1,0,0,0,1,0,0,0,0,1.0,0.19166666666666668,97.0,1.1278017414762627,0.080952380952381,67.02801741476263,1.0,5,5,1.479,1.2,1.067,0.693
2200.0,2024-03-23,4,6,12H Day,7,0.0,2024-03-23,2250.0,3000.0,1.0,2435.0,5.0,19.0,0.7142857142857143,0.6333333333333333,0.7142857142857143,3,1.0,6.123233995736766e-17,2024,5,12,83,1,1,Dhuleti,0,1,1,1,1,0,0,0,summer,1,0,12H Day,12.0,0.25,12H,0,0.0,8800.0,1.0,0,0.5,0.95,0,1,0,Clear,1,Standard,0.0,26.0,20.0,60.0,4.2,25.0,88.74,90.0,3032.3529411764707,2666.6666666666665,3281.25,3114.285714285714,3032.3529411764707,3032.3529411764707,2666.6666666666665,0.5,5,0.82,-560.71,2550.0,2600.0,2550.0,2600.0,881.2869377601523,4.0,0.8,2025.0,3125.0,0,1,0,0,0,0,0,0,0,1,0,0,0,0,1.0,0.19166666666666668,97.0,1.1278017414762627,0.080952380952381,72.02801741476263,0.5,5,5,1.479,1.2,1.067,0.693
9000.0,2024-03-23,13,24,24H Night,7,0.0,2024-03-23,4000.0,4000.0,0.0,5200.0,6.0,20.0,0.8571428571428571,0.6666666666666666,0.8571428571428571,3,1.0,6.123233995736766e-17,2024,5,12,83,1,1,Dhuleti,0,1,1,1,1,0,0,0,summer,1,0,24H Night,24.0,1.0,24H,0,0.0,9000.0,1.0,0,1.0,1.0,0,0,1,Clear,1,Standard,0.0,26.0,20.0,60.0,4.2,25.0,88.74,90.0,6483.720930232558,7025.0,6491.304347826087,6679.166666666667,6483.720930232558,6483.720930232558,6000.0,0.93,1,1.184,1106.0,7119.047619047619,7000.0,7119.047619047619,7000.0,3304.9385845457173,21.0,1.0,4500.0,9000.0,0,0,1,0,0,0,0,0,0,1,0,0,0,0,1.0,0.19166666666666668,97.0,1.2856950002892815,0.19047619047619047,73.60695000289282,0.5,5,5,1.479,1.2,1.067,0.693
18000.0,2024-03-24,15,24,24H Night,7,0.0,2024-03-24,9000.0,4000.0,1.0,6600.0,6.0,21.0,0.8571428571428571,0.7,0.8571428571428571,3,1.0,6.123233995736766e-17,2024,6,12,84,1,1,Holi (Holika Dahan),1,1,1,1,1,0,0,0,summer,1,0,24H Night,24.0,1.0,24H,0,0.0,18000.0,1.0,0,1.0,1.0,0,0,1,Clear,1,Standard,0.0,26.0,20.0,60.0,4.2,25.0,88.74,90.0,6274.418604651163,6575.0,6100.0,6304.166666666667,6274.418604651163,6274.418604651163,7291.666666666667,0.69,4,1.184,1106.0,7119.047619047619,7000.0,7119.047619047619,7000.0,3304.9385845457173,21.0,1.0,4500.0,9000.0,0,0,0,0,1,0,0,0,0,1,0,0,0,0,1.0,0.19166666666666668,97.0,1.2244723034568894,0.15714285714285714,87.99472303456889,1.0,5,5,1.479,1.2,1.067,0.693
3500.0,2024-03-26,8,24,24H Night,7,0.0,2024-03-26,18000.0,9000.0,2.0,6450.0,6.0,21.0,0.8571428571428571,0.7,0.8571428571428571,3,1.0,6.123233995736766e-17,2024,1,13,86,0,1,Good Friday,0,1,1,0,1,0,0,0,summer,1,0,24H Night,24.0,1.0,24H,0,0.0,3500.0,1.0,0,1.0,1.0,0,1,0,Clear,1,Standard,0.0,26.0,20.0,60.0,4.2,25.0,60.0,90.0,6611.627906976744,6127.272727272727,4800.0,6908.333333333333,6611.627906976744,6611.627906976744,4562.5,0.65,4,1.184,1106.0,6013.04347826087,4500.0,6013.04347826087,4500.0,4237.74214624058,23.0,1.0,4000.0,5500.0,0,0,0,0,0,0,0,0,0,1,0,0,0,0,1.0,0.19166666666666668,97.0,1.2244723034568894,0.15714285714285714,52.99472303456889,0.5,5,5,1.479,1.2,1.067,0.693
4000.0,2024-03-27,8,24,24H Night,7,0.0,2024-03-27,3500.0,18000.0,1.0,6300.0,6.0,21.0,0.8571428571428571,0.7,0.8571428571428571,3,1.0,6.123233995736766e-17,2024,2,13,87,0,1,Ram Navami,0,2,1,0,1,0,0,0,summer,1,0,24H Night,24.0,1.0,24H,0,0.0,4000.0,1.0,0,1.0,1.0,0,1,0,Clear,1,Standard,0.0,26.0,20.0,60.0,4.2,25.0,60.0,90.0,6600.0,6104.545454545455,4766.666666666667,6887.5,6600.0,6600.0,4500.0,0.65,4,1.184,1106.0,6013.04347826087,4500.0,6013.04347826087,4500.0,4237.74214624058,23.0,1.0,4000.0,5500.0,0,0,0,0,0,0,0,0,0,1,0,0,0,0,1.0,0.19166666666666668,97.0,1.2244723034568894,0.15714285714285714,52.99472303456889,0.5,5,5,1.479,1.2,1.067,0.693
3500.0,2024-03-28,7,24,24H Night,7,0.0,2024-03-28,4000.0,3500.0,1.0,6200.0,7.0,22.0,1.0,0.7333333333333333,1.0,3,1.0,6.123233995736766e-17,2024,3,13,88,0,0,,0,1,1,0,1,0,0,0,summer,1,0,24H Night,24.0,1.0,24H,0,0.0,3500.0,1.0,0,1.0,1.0,0,1,0,Clear,1,Standard,0.0,26.0,20.0,60.0,4.2,25.0,60.0,90.0,6611.627906976744,6127.272727272727,4800.0,6388.888888888889,6611.627906976744,6611.627906976744,4875.0,0.91,1,1.184,1106.0,6013.04347826087,4500.0,6013.04347826087,4500.0,4237.74214624058,23.0,1.0,4000.0,5500.0,0,0,0,0,0,0,0,0,0,1,0,0,0,0,1.0,0.19166666666666668,97.0,1.3636177688486069,0.2666666666666667,39.38617768848607,0.0,5,5,1.479,1.2,1.067,0.693
3800.0,2024-03-29,9,24,24H Night,7,0.0,2024-03-29,3500.0,4000.0,1.0,6030.0,7.0,23.0,1.0,0.7666666666666667,1.0,3,1.0,6.123233995736766e-17,2024,4,13,89,0,1,Good Friday,0,1,2,0,1,0,0,0,summer,1,0,24H Night,24.0,1.0,24H,0,0.0,3800.0,1.0,0,1.0,1.0,0,1,0,Clear,1,Standard,0.0,26.0,20.0,60.0,4.2,25.0,60.0,90.0,6604.6511627906975,6113.636363636364,6717.391304347826,6895.833333333333,6604.6511627906975,6604.6511627906975,4900.0,0.6699999999999999,4,1.184,1106.0,6013.04347826087,4500.0,6013.04347826087,4500.0,4237.74214624058,23.0,1.0,4000.0,5500.0,1,0,0,0,0,1,0,0,0,1,0,0,0,0,1.0,0.19166666666666668,97.0,1.3043308130763511,0.23333333333333328,53.79330813076351,0.5,5,5,1.479,1.2,1.067,0.693
7000.0,2024-03-30,10,24,24H Night,7,0.0,2024-03-30,3800.0,3500.0,1.0,6280.0,6.0,22.0,0.8571428571428571,0.7333333333333333,0.8571428571428571,3,1.0,6.123233995736766e-17,2024,5,13,90,1,1,Ram Navami,0,1,1,1,1,0,0,0,summer,1,0,24H Night,24.0,1.0,24H,0,0.0,7000.0,1.0,0,1.0,1.0,0,1,0,Clear,1,Standard,0.0,26.0,20.0,60.0,4.2,25.0,88.74,90.0,6530.232558139535,7125.0,6578.260869565217,6762.5,6530.232558139535,6530.232558139535,6333.333333333333,0.93,1,1.184,1106.0,7119.047619047619,7000.0,7119.047619047619,7000.0,3304.9385845457173,21.0,1.0,4500.0,9000.0,0,0,1,0,0,0,0,0,0,1,0,0,0,0,1.0,0.19166666666666668,97.0,1.1688152304416628,0.12380952380952381,72.43815230441663,0.5,5,5,1.479,1.2,1.067,0.693
4500.0,2024-03-31,8,24,24H Night,7,0.0,2024-03-31,7000.0,3800.0,1.0,6130.0,6.0,22.0,0.8571428571428571,0.7333333333333333,0.8571428571428571,3,1.0,6.123233995736766e-17,2024,6,13,91,1,1,Eid-ul-Fitr,0,3,1,1,1,0,0,0,summer,1,0,24H Night,24.0,1.0,24H,0,0.0,4500.0,1.0,0,1.0,1.0,0,1,0,Clear,1,Standard,0.0,26.0,20.0,60.0,4.2,25.0,88.74,90.0,6588.372093023256,7250.0,4733.333333333333,6866.666666666667,6588.372093023256,6588.372093023256,5166.666666666667,0.63,4,1.184,1106.0,7119.047619047619,7000.0,7119.047619047619,7000.0,3304.9385845457173,21.0,1.0,4500.0,9000.0,0,0,0,0,1,0,0,0,0,1,0,0,0,0,1.0,0.19166666666666668,97.0,1.1688152304416628,0.12380952380952381,81.43815230441663,0.8,5,5,1.479,1.2,1.067,0.693
3000.0,2024-04-02,3,5,12H Day,7,0.0,2024-04-02,2200.0,2250.0,2.0,2535.0,6.0,20.0,0.8571428571428571,0.6666666666666666,0.8571428571428571,4,0.8660254037844387,-0.4999999999999998,2024,1,14,93,0,0,,0,1,2,0,1,0,0,0,summer,1,0,12H Day,12.0,0.21,12H,0,0.0,14285.71,1.0,0,0.4166666666666667,0.9417,0,1,0,Clear,1,Standard,0.0,26.0,20.0,60.0,4.2,25.0,60.0,90.0,3400.0,3305.5555555555557,3428.5714285714284,3250.0,3400.0,3400.0,3200.0,0.92,1,1.292,960.53,3289.4736842105262,3000.0,3289.4736842105262,3000.0,713.2825035177586,19.0,1.0,2750.0,4000.0,0,0,0,0,0,0,0,0,0,1,0,0,0,0,1.0,0.21666666666666667,94.0,1.2856950002892815,0.19047619047619047,39.356950002892816,0.0,5,5,1.479,1.2,1.067,0.693
4000.0,2024-04-02,2,24,24H Night,7,0.0,2024-04-02,4500.0,7000.0,0.0,6130.0,7.0,21.0,1.0,0.7,1.0,4,0.8660254037844387,-0.4999999999999998,2024,1,14,93,0,0,,0,1,2,0,1,0,0,0,summer,1,0,24H Night,24.0,1.0,24H,0,0.0,4000.0,1.0,0,1.0,1.0,1,0,0,Clear,1,Standard,0.0,26.0,20.0,60.0,4.2,25.0,60.0,90.0,6264.0,5079.411764705882,5000.0,6189.285714285715,6264.0,6264.0,5079.411764705882,0.6,5,1.739,3732.68,5048.571428571428,5000.0,5048.571428571428,5000.0,481.0352980636593,35.0,1.0,4500.0,5500.0,0,0,0,0,0,0,0,0,0,1,0,0,0,0,1.0,0.21666666666666667,94.0,1.4285510206997045,0.30000000000000004,40.785510206997046,0.0,5,5,1.479,1.2,1.067,0.693
4000.0,2024-04-04,10,12,12H Day,7,0.0,2024-04-04,3000.0,2200.0,2.0,2765.0,6.0,21.0,0.8571428571428571,0.7,0.8571428571428571,4,0.8660254037844387,-0.4999999999999998,2024,3,14,95,0,1,Mahavir Jayanti,0,2,1,0,1,0,0,0,summer,1,0,12H Day,12.0,0.5,12H,0,0.0,8000.0,1.0,0,1.0,1.0,0,1,0,Clear,1,Standard,0.0,26.0,20.0,60.0,4.2,25.0,60.0,90.0,3350.0,3250.0,4000.0,3571.4285714285716,3350.0,3350.0,3250.0,0.6,5,1.292,960.53,3289.4736842105262,3000.0,3289.4736842105262,3000.0,713.2825035177586,19.0,1.0,2750.0,4000.0,0,0,0,0,0,0,0,0,0,1,0,0,0,0,1.0,0.21666666666666667,94.0,1.2244723034568894,0.15714285714285714,53.74472303456889,0.5,5,5,1.479,1.2,1.067,0.693
4500.0,2024-04-04,10,24,24H Night,7,0.0,2024-04-04,4000.0,4500.0,0.0,6180.0,7.0,22.0,1.0,0.7333333333333333,1.0,4,0.8660254037844387,-0.4999999999999998,2024,3,14,95,0,1,Mahavir Jayanti,0,2,1,0,1,0,0,0,summer,1,0,24H Night,24.0,1.0,24H,0,0.0,4500.0,1.0,0,1.0,1.0,0,1,0,Clear,1,Standard,0.0,26.0,20.0,60.0,4.2,25.0,60.0,90.0,6254.0,5064.705882352941,6700.0,6447.619047619048,6254.0,6254.0,5128.571428571428,0.9400000000000001,1,1.739,3732.68,5048.571428571428,5000.0,5048.571428571428,5000.0,481.0352980636593,35.0,1.0,4500.0,5500.0,0,0,0,0,0,0,0,0,0,1,0,0,0,0,1.0,0.21666666666666667,94.0,1.3636177688486069,0.2666666666666667,55.13617768848607,0.5,5,5,1.479,1.2,1.067,0.693
4500.0,2024-04-05,6,24,24H Night,7,0.0,2024-04-05,4500.0,4000.0,1.0,5730.0,7.0,23.0,1.0,0.7666666666666667,1.0,4,0.8660254037844387,-0.4999999999999998,2024,4,14,96,0,0,,0,1,1,0,1,0,0,0,summer,1,0,24H Night,24.0,1.0,24H,0,0.0,4500.0,1.0,0,1.0,1.0,0,1,0,Clear,1,Standard,0.0,26.0,20.0,60.0,4.2,25.0,60.0,90.0,6254.0,5064.705882352941,5272.727272727273,6171.428571428572,6254.0,6254.0,5200.0,0.92,1,1.739,3732.68,5048.571428571428,5000.0,5048.571428571428,5000.0,481.0352980636593,35.0,1.0,4500.0,5500.0,1,0,0,0,0,1,0,0,0,1,0,0,0,0,1.0,0.21666666666666667,94.0,1.3043308130763511,0.23333333333333328,39.54330813076351,0.0,5,5,1.479,1.2,1.067,0.693
7000.0,2024-04-06,15,24,24H Night,7,0.0,2024-04-06,4500.0,4500.0,1.0,4630.0,7.0,24.0,1.0,0.8,1.0,4,0.8660254037844387,-0.4999999999999998,2024,5,14,97,1,1,Ram Navami,0,1,2,1,1,0,0,0,summer,1,0,24H Night,24.0,1.0,24H,0,0.0,7000.0,1.0,0,1.0,1.0,0,0,1,Clear,1,Standard,0.0,26.0,20.0,60.0,4.2,25.0,88.74,90.0,6204.0,8900.0,6630.555555555556,6328.571428571428,6204.0,6204.0,10000.0,0.91,1,1.739,3732.68,8781.25,9500.0,8781.25,9500.0,3336.5089040292796,16.0,1.0,5375.0,12000.0,0,0,1,0,0,0,0,0,0,1,0,0,0,0,1.0,0.21666666666666667,94.0,1.2499843751953101,0.19999999999999996,73.99984375195311,0.5,5,5,1.479,1.2,1.067,0.693
3500.0,2024-04-08,5,11,12H Day,7,0.0,2024-04-08,4000.0,3000.0,2.0,2915.0,7.0,24.0,1.0,0.8,1.0,4,0.8660254037844387,-0.4999999999999998,2024,0,15,99,0,0,,0,2,1,0,1,0,0,0,summer,1,0,12H Day,12.0,0.46,12H,0,0.0,7608.7,1.0,0,0.9166666666666666,0.9917,0,1,0,Clear,1,Standard,0.0,26.0,20.0,60.0,4.2,25.0,60.0,90.0,3375.0,3277.777777777778,3357.1428571428573,3208.3333333333335,3375.0,3375.0,3100.0,0.92,1,1.292,960.53,3289.4736842105262,3000.0,3289.4736842105262,3000.0,713.2825035177586,19.0,1.0,2750.0,4000.0,0,0,0,0,0,1,0,0,0,1,0,0,0,0,1.0,0.21666666666666667,94.0,1.2499843751953101,0.19999999999999996,38.9998437519531,0.0,5,5,1.479,1.2,1.067,0.693
4500.0,2024-04-09,10,23,24H Night,7,0.0,2024-04-09,7000.0,4500.0,1.0,4730.0,6.0,25.0,0.8571428571428571,0.8333333333333334,0.8571428571428571,4,0.8660254037844387,-0.4999999999999998,2024,1,15,100,0,0,,0,1,2,0,1,0,0,0,summer,1,0,24H Night,24.0,0.96,24H,0,0.0,4687.5,1.0,0,0.9583333333333334,0.9958,0,1,0,Clear,1,Standard,0.0,26.0,20.0,60.0,4.2,25.0,60.0,90.0,6254.0,5064.705882352941,6700.0,6171.428571428572,6254.0,6254.0,5072.727272727273,0.98,1,1.739,3732.68,5048.571428571428,5000.0,5048.571428571428,5000.0,481.0352980636593,35.0,1.0,4500.0,5500.0,0,0,0,0,0,0,0,0,0,1,0,0,0,0,1.0,0.21666666666666667,94.0,1.028559085862398,0.023809523809523725,36.78559085862398,0.0,5,5,1.479,1.2,1.067,0.693
4500.0,2024-04-10,10,23,24H Night,7,0.0,2024-04-10,4500.0,7000.0,1.0,4780.0,7.0,26.0,1.0,0.8666666666666667,1.0,4,0.8660254037844387,-0.4999999999999998,2024,2,15,101,0,1,Mahavir Jayanti,0,1,3,0,1,0,0,0,summer,1,0,24H Night,24.0,0.96,24H,0,0.0,4687.5,1.0,0,0.9583333333333334,0.9958,0,1,0,Clear,1,Standard,0.0,26.0,20.0,60.0,4.2,25.0,60.0,90.0,6254.0,5064.705882352941,6700.0,6447.619047619048,6254.0,6254.0,5128.571428571428,0.9400000000000001,1,1.739,3732.68,5048.571428571428,5000.0,5048.571428571428,5000.0,481.0352980636593,35.0,1.0,4500.0,5500.0,0,0,0,0,0,0,0,0,0,1,0,0,0,0,1.0,0.21666666666666667,94.0,1.1538328403903033,0.1333333333333333,53.03832840390303,0.5,5,5,1.479,1.2,1.067,0.693
4500.0,2024-04-12,2,11,12H Day,7,0.0,2024-04-12,3500.0,4000.0,2.0,3195.0,5.0,27.0,0.7142857142857143,0.9,0.7142857142857143,4,0.8660254037844387,-0.4999999999999998,2024,4,15,103,0,0,,0,2,1,0,1,0,0,0,summer,1,0,12H Day,12.0,0.46,12H,0,0.0,9782.61,1.0,0,0.9166666666666666,0.9917,1,0,0,Clear,1,Standard,0.0,26.0,20.0,60.0,4.2,25.0,60.0,90.0,3325.0,3222.222222222222,3150.0,3125.0,3325.0,3325.0,2800.0,0.92,1,1.292,960.53,3289.4736842105262,3000.0,3289.4736842105262,3000.0,713.2825035177586,19.0,1.0,2750.0,4000.0,0,0,0,0,0,0,0,0,0,1,0,0,0,0,1.0,0.21666666666666667,94.0,0.7936419754066225,-0.18571428571428572,34.43641975406622,0.0,5,5,1.479,1.2,1.067,0.693
4500.0,2024-04-12,8,23,24H Night,7,0.0,2024-04-12,4500.0,4500.0,0.0,4880.0,6.0,28.0,0.8571428571428571,0.9333333333333333,0.8571428571428571,4,0.8660254037844387,-0.4999999999999998,2024,4,15,103,0,0,,0,2,1,0,1,0,0,0,summer,1,0,24H Night,24.0,0.96,24H,0,0.0,4687.5,1.0,0,0.9583333333333334,0.9958,0,1,0,Clear,1,Standard,0.0,26.0,20.0,60.0,4.2,25.0,60.0,90.0,6254.0,5064.705882352941,5272.727272727273,6171.428571428572,6254.0,6254.0,5200.0,0.92,1,1.739,3732.68,5048.571428571428,5000.0,5048.571428571428,5000.0,481.0352980636593,35.0,1.0,4500.0,5500.0,1,0,0,0,0,0,0,0,0,1,0,0,0,0,1.0,0.21666666666666667,94.0,0.9183575073940534,-0.07619047619047625,35.68357507394053,0.0,5,5,1.479,1.2,1.067,0.693
9500.0,2024-04-13,15,23,24H Night,7,0.0,2024-04-13,4500.0,4500.0,1.0,5450.0,6.0,28.0,0.8571428571428571,0.9333333333333333,0.8571428571428571,4,0.8660254037844387,-0.4999999999999998,2024,5,15,104,1,0,,0,1,2,1,1,0,0,0,summer,1,0,24H Night,24.0,0.96,24H,0,0.0,9895.83,1.0,0,0.9583333333333334,0.9958,0,0,1,Clear,1,Standard,0.0,26.0,20.0,60.0,4.2,25.0,88.74,90.0,6154.0,8733.333333333334,6561.111111111111,5992.857142857143,6154.0,6154.0,8714.285714285714,0.9400000000000001,1,1.739,3732.68,8781.25,9500.0,8781.25,9500.0,3336.5089040292796,16.0,1.0,5375.0,12000.0,0,0,1,0,0,0,0,0,0,1,0,0,0,0,1.0,0.21666666666666667,94.0,0.9183575073940534,-0.07619047619047625,55.68357507394053,0.0,5,5,1.479,1.2,1.067,0.693
4000.0,2024-04-14,8,23,24H Night,7,0.0,2024-04-14,9500.0,4500.0,1.0,5150.0,7.0,27.0,1.0,0.9,1.0,4,0.8660254037844387,-0.4999999999999998,2024,6,15,105,1,1,Dr. Ambedkar Jayanti,0,1,3,1,1,0,0,0,summer,1,0,24H Night,24.0,0.96,24H,0,0.0,4166.67,1.0,0,0.9583333333333334,0.9958,0,1,0,Clear,1,Standard,0.0,26.0,20.0,60.0,4.2,25.0,88.74,90.0,6264.0,9100.0,5318.181818181818,6471.428571428572,6264.0,6264.0,9100.0,0.6,5,1.739,3732.68,8781.25,9500.0,8781.25,9500.0,3336.5089040292796,16.0,1.0,5375.0,12000.0,0,0,0,0,1,0,0,0,0,1,0,0,0,0,1.0,0.21666666666666667,94.0,1.1110987655692715,0.09999999999999998,72.61098765569271,0.5,5,5,1.479,1.2,1.067,0.693
4000.0,2024-04-17,12,11,12H Day,7,0.0,2024-04-17,4500.0,3500.0,3.0,3245.0,5.0,26.0,0.7142857142857143,0.8666666666666667,0.7142857142857143,4,0.8660254037844387,-0.4999999999999998,2024,2,16,108,0,1,Ram Navami,0,1,2,0,1,0,0,0,summer,1,0,12H Day,12.0,0.46,12H,0,0.0,8695.65,1.0,0,0.9166666666666666,0.9917,0,1,0,Clear,1,Standard,0.0,26.0,20.0,60.0,4.2,25.0,60.0,90.0,3350.0,3250.0,4000.0,3571.4285714285716,3350.0,3350.0,3250.0,0.6,5,1.292,960.53,3289.4736842105262,3000.0,3289.4736842105262,3000.0,713.2825035177586,19.0,1.0,2750.0,4000.0,0,0,0,0,0,0,0,0,0,1,0,0,0,0,1.0,0.21666666666666667,94.0,0.8241663145645023,-0.1523809523809524,49.74166314564502,0.5,5,5,1.479,1.2,1.067,0.693
4000.0,2024-04-19,12,15,24H Day,7,0.0,2024-04-19,6000.0,3200.0,2.0,6340.0,4.0,25.0,0.5714285714285714,0.8333333333333334,0.5714285714285714,4,0.8660254037844387,-0.4999999999999998,2024,4,16,110,0,1,Mahavir Jayanti,0,2,1,0,1,0,0,0,summer,1,0,24H Day,24.0,0.62,24H,0,0.0,6451.61,1.0,0,0.625,0.9625,0,1,0,Clear,1,Standard,0.0,26.0,20.0,60.0,4.2,25.0,60.0,90.0,7166.666666666667,4000.0,9250.0,7166.666666666667,7166.666666666667,7166.666666666667,7166.666666666667,0.4,6,3.375,9500.0,4000.0,4000.0,4000.0,4000.0,1000.0,3.0,0.6,3500.0,4500.0,0,0,0,0,0,0,0,0,0,1,0,0,0,0,1.0,0.21666666666666667,94.0,0.6857060572415988,-0.261904761904762,48.35706057241599,0.5,5,5,1.479,1.2,1.067,0.693
13500.0,2024-04-20,11,35,24H Day,7,0.0,2024-04-20,4000.0,6000.0,1.0,7533.333333333333,4.0,26.0,0.5714285714285714,0.8666666666666667,0.5714285714285714,4,0.8660254037844387,-0.4999999999999998,2024,5,16,111,1,0,,0,1,1,1,1,0,0,0,summer,1,0,24H Day,24.0,1.46,48H,1,11.0,9246.58,0.95,1,1.0,1.0,0,1,0,Clear,1,Standard,0.0,26.0,20.0,60.0,4.2,25.0,88.74,90.0,4000.0,4000.0,4500.0,4000.0,4000.0,4000.0,4000.0,0.4,6,3.375,9500.0,13500.0,13500.0,13500.0,13500.0,0.0,1.0,0.2,13500.0,13500.0,0,1,0,0,0,0,0,0,0,1,0,0,0,0,1.0,0.21666666666666667,94.0,0.6593330516516018,-0.2952380952380953,53.09333051651602,0.0,5,5,1.479,1.2,1.067,0.693
4500.0,2024-04-22,14,23,24H Night,7,0.0,2024-04-22,4000.0,9500.0,2.0,5150.0,4.0,24.0,0.5714285714285714,0.8,0.5714285714285714,4,0.8660254037844387,-0.4999999999999998,2024,0,17,113,0,1,Eid-ul-Fitr (Ramzan Eid),0,7,1,0,1,0,0,0,summer,1,0,24H Night,24.0,0.96,24H,0,0.0,4687.5,1.0,0,0.9583333333333334,0.9958,0,0,1,Clear,1,Standard,0.0,26.0,20.0,60.0,4.2,25.0,60.0,90.0,6254.0,5064.705882352941,6700.0,6447.619047619048,6254.0,6254.0,5077.272727272727,0.7,4,1.739,3732.68,5048.571428571428,5000.0,5048.571428571428,5000.0,481.0352980636593,35.0,1.0,4500.0,5500.0,0,0,0,0,0,1,0,0,0,1,0,0,0,0,1.0,0.21666666666666667,94.0,0.7142767858258914,-0.22857142857142865,57.642767858258914,0.8,5,5,1.479,1.2,1.067,0.693
3500.0,2024-04-23,12,12,12H Night,7,0.0,2024-04-23,2000.0,2200.0,1.0,2671.4285714285716,5.0,24.0,0.7142857142857143,0.8,0.7142857142857143,4,0.8660254037844387,-0.4999999999999998,2024,1,17,114,0,0,,0,7,1,0,1,0,0,0,summer,1,0,12H Night,12.0,0.5,12H,0,0.0,7000.0,1.0,0,1.0,1.0,0,1,0,Clear,1,Standard,0.0,26.0,20.0,60.0,4.2,25.0,60.0,90.0,2700.0,3125.0,2000.0,2625.0,2700.0,2700.0,3125.0,0.51,5,0.312,-2200.0,3200.0,3000.0,3200.0,3000.0,273.8612787525831,5.0,1.0,3000.0,3500.0,0,0,0,0,0,0,0,0,0,1,0,0,0,0,1.0,0.21666666666666667,94.0,0.8928459822823643,-0.08571428571428574,35.42845982282364,0.0,5,5,1.479,1.2,1.067,0.693
3000.0,2024-04-24,4,9,12H Day,7,0.0,2024-04-24,4000.0,4500.0,1.0,3245.0,5.0,25.0,0.7142857142857143,0.8333333333333334,0.7142857142857143,4,0.8660254037844387,-0.4999999999999998,2024,2,17,115,0,0,,0,7,2,0,0,0,0,0,summer,1,0,12H Day,12.0,0.38,12H,0,0.0,7894.74,1.0,0,0.75,0.975,0,1,0,Clear,1,Standard,0.0,26.0,20.0,60.0,4.2,25.0,60.0,90.0,3400.0,3305.5555555555557,3428.5714285714284,3250.0,3400.0,3400.0,3200.0,0.92,1,1.292,960.53,3289.4736842105262,3000.0,3289.4736842105262,3000.0,713.2825035177586,19.0,1.0,2750.0,4000.0,0,0,0,0,0,0,0,0,0,1,0,0,0,0,1.0,0.21666666666666667,94.0,0.8571325715519985,-0.11904761904761907,35.07132571551998,0.0,5,5,1.479,1.2,1.067,0.693
3000.0,2024-04-24,2,11,12H Night,7,0.0,2024-04-24,3500.0,2000.0,0.0,2712.5,6.0,26.0,0.8571428571428571,0.8666666666666667,0.8571428571428571,4,0.8660254037844387,-0.4999999999999998,2024,2,17,115,0,0,,0,7,2,0,0,0,0,0,summer,1,0,12H Night,12.0,0.46,12H,0,0.0,6521.74,1.0,0,0.9166666666666666,0.9917,1,0,0,Clear,1,Standard,0.0,26.0,20.0,60.0,4.2,25.0,60.0,90.0,2800.0,3250.0,3000.0,2750.0,2800.0,2800.0,3250.0,0.51,5,0.312,-2200.0,3200.0,3000.0,3200.0,3000.0,273.8612787525831,5.0,1.0,3000.0,3500.0,0,0,0,0,0,0,0,0,0,1,0,0,0,0,1.0,0.21666666666666667,94.0,0.9889995774774027,-0.009523809523809601,36.38999577477403,0.0,5,5,1.479,1.2,1.067,0.693
5000.0,2024-04-25,10,23,24H Night,7,0.0,2024-04-25,4500.0,4000.0,1.0,5250.0,7.0,26.0,1.0,0.8666666666666667,1.0,4,0.8660254037844387,-0.4999999999999998,2024,3,17,116,0,0,,0,6,3,0,0,0,0,0,summer,1,0,24H Night,24.0,0.96,24H,0,0.0,5208.33,1.0,0,0.9583333333333334,0.9958,0,1,0,Clear,1,Standard,0.0,26.0,20.0,60.0,4.2,25.0,60.0,90.0,6244.0,5050.0,6686.111111111111,6153.571428571428,6244.0,6244.0,5027.272727272727,0.98,1,1.739,3732.68,5048.571428571428,5000.0,5048.571428571428,5000.0,481.0352980636593,35.0,1.0,4500.0,5500.0,0,0,0,0,0,0,0,0,0,1,0,0,0,0,1.0,0.21666666666666667,94.0,1.1538328403903033,0.1333333333333333,38.03832840390303,0.0,5,5,1.479,1.2,1.067,0.693
4800.0,2024-04-26,10,23,24H Night,7,0.0,2024-04-26,5000.0,4500.0,1.0,5280.0,7.0,26.0,1.0,0.8666666666666667,1.0,4,0.8660254037844387,-0.4999999999999998,2024,4,17,117,0,0,,0,5,4,0,0,0,0,0,summer,1,0,24H Night,24.0,0.96,24H,0,0.0,5000.0,1.0,0,0.9583333333333334,0.9958,0,1,0,Clear,1,Standard,0.0,26.0,20.0,60.0,4.2,25.0,60.0,90.0,6248.0,5055.882352941177,6691.666666666667,6160.714285714285,6248.0,6248.0,5045.454545454545,0.98,1,1.739,3732.68,5048.571428571428,5000.0,5048.571428571428,5000.0,481.0352980636593,35.0,1.0,4500.0,5500.0,1,0,0,0,0,0,0,0,0,1,0,0,0,0,1.0,0.21666666666666667,94.0,1.1538328403903033,0.1333333333333333,38.03832840390303,0.0,5,5,1.479,1.2,1.067,0.693
9500.0,2024-04-27,15,23,24H Night,7,0.0,2024-04-27,4800.0,5000.0,1.0,5780.0,7.0,26.0,1.0,0.8666666666666667,1.0,4,0.8660254037844387,-0.4999999999999998,2024,5,17,118,1,0,,0,4,5,0,0,0,0,0,summer,1,0,24H Night,24.0,0.96,24H,0,0.0,9895.83,1.0,0,0.9583333333333334,0.9958,0,0,1,Clear,1,Standard,0.0,26.0,20.0,60.0,4.2,25.0,88.74,90.0,6154.0,8733.333333333334,6561.111111111111,5992.857142857143,6154.0,6154.0,8714.285714285714,0.9400000000000001,1,1.739,3732.68,8781.25,9500.0,8781.25,9500.0,3336.5089040292796,16.0,1.0,5375.0,12000.0,0,0,1,0,0,0,0,0,0,1,0,0,0,0,1.0,0.21666666666666667,94.0,1.1538328403903033,0.1333333333333333,58.03832840390303,0.0,5,5,1.479,1.2,1.067,0.693
4000.0,2024-04-28,15,23,24H Night,7,0.0,2024-04-28,9500.0,4800.0,1.0,5480.0,8.0,26.0,1.0,0.8666666666666667,1.1428571428571428,4,0.8660254037844387,-0.4999999999999998,2024,6,17,119,1,0,,0,3,6,0,0,0,0,0,summer,1,0,24H Night,24.0,0.96,24H,0,0.0,4166.67,1.0,0,0.9583333333333334,0.9958,0,0,1,Clear,1,Standard,0.0,26.0,20.0,60.0,4.2,25.0,88.74,90.0,6264.0,9100.0,6713.888888888889,6189.285714285715,6264.0,6264.0,9500.0,0.9400000000000001,1,1.739,3732.68,8781.25,9500.0,8781.25,9500.0,3336.5089040292796,16.0,1.0,5375.0,12000.0,0,0,0,0,1,0,0,0,0,1,0,0,0,0,1.0,0.21666666666666667,94.0,1.3186661033032037,0.1333333333333333,59.68666103303204,0.0,5,5,1.479,1.2,1.067,0.693
5500.0,2024-04-29,10,23,24H Night,7,0.0,2024-04-29,4000.0,9500.0,1.0,5580.0,8.0,26.0,1.0,0.8666666666666667,1.1428571428571428,4,0.8660254037844387,-0.4999999999999998,2024,0,18,120,0,0,,0,2,7,0,0,0,0,0,summer,1,0,24H Night,24.0,0.96,24H,0,0.0,5729.17,1.0,0,0.9583333333333334,0.9958,0,1,0,Clear,1,Standard,0.0,26.0,20.0,60.0,4.2,25.0,60.0,90.0,6234.0,5035.294117647059,6672.222222222223,6135.714285714285,6234.0,6234.0,4981.818181818182,0.98,1,1.739,3732.68,5048.571428571428,5000.0,5048.571428571428,5000.0,481.0352980636593,35.0,1.0,4500.0,5500.0,0,0,0,0,0,0,0,0,0,1,0,0,0,0,1.0,0.21666666666666667,94.0,1.3186661033032037,0.1333333333333333,39.68666103303204,0.0,5,5,1.479,1.2,1.067,0.693
5000.0,2024-04-30,10,23,24H Night,7,0.0,2024-04-30,5500.0,4000.0,1.0,5630.0,8.0,26.0,1.0,0.8666666666666667,1.1428571428571428,4,0.8660254037844387,-0.4999999999999998,2024,1,18,121,0,0,,0,1,7,0,1,0,0,0,summer,1,0,24H Night,24.0,0.96,24H,0,0.0,5208.33,1.0,0,0.9583333333333334,0.9958,0,1,0,Clear,1,Standard,0.0,26.0,20.0,60.0,4.2,25.0,60.0,90.0,6244.0,5050.0,6686.111111111111,6153.571428571428,6244.0,6244.0,5027.272727272727,0.98,1,1.739,3732.68,5048.571428571428,5000.0,5048.571428571428,5000.0,481.0352980636593,35.0,1.0,4500.0,5500.0,0,0,0,0,0,0,0,0,0,1,0,0,0,0,1.0,0.21666666666666667,94.0,1.3186661033032037,0.1333333333333333,39.68666103303204,0.0,5,5,1.479,1.2,1.067,0.693
4000.0,2024-05-03,10,11,12H Day,7,0.0,2024-05-03,3000.0,4000.0,3.0,3345.0,5.0,25.0,0.7142857142857143,0.8333333333333334,0.7142857142857143,5,0.49999999999999994,-0.8660254037844387,2024,4,18,124,0,0,,0,2,2,0,0,1,1,1,summer,1,0,12H Day,12.0,0.46,12H,0,0.0,8695.65,1.0,0,0.9166666666666666,0.9917,0,1,0,Clear,1,Standard,0.0,26.0,20.0,60.0,4.2,25.0,60.0,90.0,3440.625,3539.285714285714,3857.1428571428573,3322.7272727272725,3440.625,3440.625,3800.0,0.92,1,0.77,-820.0,3570.0,3500.0,3570.0,3500.0,957.2654505711271,15.0,1.0,3000.0,4000.0,0,0,0,0,0,0,0,0,0,1,0,0,0,0,1.0,0.26666666666666666,88.0,0.8571325715519985,-0.11904761904761907,36.57132571551998,0.0,5,5,1.479,1.2,1.067,0.693
5500.0,2024-05-03,10,23,24H Night,7,0.0,2024-05-03,5000.0,5500.0,0.0,5730.0,6.0,26.0,0.8571428571428571,0.8666666666666667,0.8571428571428571,5,0.49999999999999994,-0.8660254037844387,2024,4,18,124,0,0,,0,2,2,0,0,1,1,1,summer,1,0,24H Night,24.0,0.96,24H,0,0.0,5729.17,1.0,0,0.9583333333333334,0.9958,0,1,0,Clear,1,Standard,0.0,26.0,20.0,60.0,4.2,25.0,60.0,90.0,7007.142857142857,5656.862745098039,7347.826086956522,6972.727272727273,7007.142857142857,7007.142857142857,5700.0,1.0,1,1.88,4977.73,5653.846153846154,5500.0,5653.846153846154,5500.0,1391.6362972092988,52.0,1.0,5000.0,6000.0,1,0,0,0,0,0,0,0,0,1,0,0,0,0,1.0,0.26666666666666666,88.0,0.9889995774774027,-0.009523809523809601,37.88999577477403,0.0,5,5,1.479,1.2,1.067,0.693
12000.0,2024-05-04,15,23,24H Night,7,0.0,2024-05-04,5500.0,5000.0,1.0,5980.0,6.0,25.0,0.8571428571428571,0.8333333333333334,0.8571428571428571,5,0.49999999999999994,-0.8660254037844387,2024,5,18,125,1,0,,0,1,3,1,1,1,1,1,summer,1,0,24H Night,24.0,0.96,24H,0,0.0,12500.0,1.0,0,0.9583333333333334,0.9958,0,0,1,Clear,1,Standard,0.0,26.0,20.0,60.0,4.2,25.0,88.74,90.0,6914.285714285715,10555.555555555555,7206.521739130435,6854.545454545455,6914.285714285715,6914.285714285715,10550.0,0.97,1,1.88,4977.73,10631.578947368422,12000.0,10631.578947368422,12000.0,3269.565487879416,19.0,1.0,8250.0,13250.0,0,0,1,0,0,0,0,0,0,1,0,0,0,0,1.0,0.26666666666666666,88.0,1.028559085862398,0.023809523809523725,58.28559085862398,0.0,5,5,1.479,1.2,1.067,0.693
4000.0,2024-05-06,15,11,12H Day,7,0.0,2024-05-06,4000.0,3000.0,2.0,3445.0,5.0,24.0,0.7142857142857143,0.8,0.7142857142857143,5,0.49999999999999994,-0.8660254037844387,2024,0,19,127,0,0,,0,6,1,0,1,1,1,1,summer,1,0,12H Day,12.0,0.46,12H,0,0.0,8695.65,1.0,0,0.9166666666666666,0.9917,0,0,1,Clear,1,Standard,0.0,26.0,20.0,60.0,4.2,25.0,60.0,90.0,3440.625,3539.285714285714,3857.1428571428573,3322.7272727272725,3440.625,3440.625,3800.0,0.92,1,0.77,-820.0,3570.0,3500.0,3570.0,3500.0,957.2654505711271,15.0,1.0,3000.0,4000.0,0,0,0,0,0,1,0,0,0,1,0,0,0,0,1.0,0.26666666666666666,88.0,0.8928459822823643,-0.08571428571428574,36.92845982282364,0.0,5,5,1.479,1.2,1.067,0.693
12000.0,2024-05-06,12,23,24H Night,7,0.0,2024-05-06,12000.0,5500.0,0.0,6780.0,6.0,25.0,0.8571428571428571,0.8333333333333334,0.8571428571428571,5,0.49999999999999994,-0.8660254037844387,2024,0,19,127,0,0,,0,6,1,0,1,1,1,1,summer,1,0,24H Night,24.0,0.96,24H,0,0.0,12500.0,1.0,0,0.9583333333333334,0.9958,0,1,0,Clear,1,Standard,0.0,26.0,20.0,60.0,4.2,25.0,60.0,90.0,6914.285714285715,5529.411764705882,7206.521739130435,6854.545454545455,6914.285714285715,6914.285714285715,5440.0,1.0,1,1.88,4977.73,5653.846153846154,5500.0,5653.846153846154,5500.0,1391.6362972092988,52.0,1.0,5000.0,6000.0,0,0,0,0,0,1,0,0,0,1,0,0,0,0,1.0,0.26666666666666666,88.0,1.028559085862398,0.023809523809523725,38.28559085862398,0.0,5,5,1.479,1.2,1.067,0.693
3000.0,2024-05-07,6,23,24H Night,7,0.0,2024-05-07,12000.0,12000.0,1.0,6630.0,6.0,26.0,0.8571428571428571,0.8666666666666667,0.8571428571428571,5,0.49999999999999994,-0.8660254037844387,2024,1,19,128,0,0,,0,5,2,0,0,1,1,1,summer,1,0,24H Night,24.0,0.96,24H,0,0.0,3125.0,1.0,0,0.9583333333333334,0.9958,0,1,0,Clear,1,Standard,0.0,26.0,20.0,60.0,4.2,25.0,60.0,90.0,7042.857142857143,5705.882352941177,6041.666666666667,7018.181818181818,7042.857142857143,7042.857142857143,5833.333333333333,0.96,1,1.88,4977.73,5653.846153846154,5500.0,5653.846153846154,5500.0,1391.6362972092988,52.0,1.0,5000.0,6000.0,0,0,0,0,0,0,0,0,0,1,0,0,0,0,1.0,0.26666666666666666,88.0,0.9889995774774027,-0.009523809523809601,37.88999577477403,0.0,5,5,1.479,1.2,1.067,0.693
5000.0,2024-05-08,10,23,24H Night,7,0.0,2024-05-08,3000.0,12000.0,1.0,6630.0,7.0,26.0,1.0,0.8666666666666667,1.0,5,0.49999999999999994,-0.8660254037844387,2024,2,19,129,0,0,,0,4,3,0,0,1,1,1,summer,1,0,24H Night,24.0,0.96,24H,0,0.0,5208.33,1.0,0,0.9583333333333334,0.9958,0,1,0,Clear,1,Standard,0.0,26.0,20.0,60.0,4.2,25.0,60.0,90.0,7014.285714285715,5666.666666666667,7358.695652173913,6981.818181818182,7014.285714285715,7014.285714285715,5720.0,1.0,1,1.88,4977.73,5653.846153846154,5500.0,5653.846153846154,5500.0,1391.6362972092988,52.0,1.0,5000.0,6000.0,0,0,0,0,0,0,0,0,0,1,0,0,0,0,1.0,0.26666666666666666,88.0,1.1538328403903033,0.1333333333333333,39.53832840390303,0.0,5,5,1.479,1.2,1.067,0.693
5500.0,2024-05-09,15,23,24H Night,7,0.0,2024-05-09,5000.0,3000.0,1.0,6700.0,8.0,26.0,1.0,0.8666666666666667,1.1428571428571428,5,0.49999999999999994,-0.8660254037844387,2024,3,19,130,0,0,,0,3,4,0,0,1,1,1,summer,1,0,24H Night,24.0,0.96,24H,0,0.0,5729.17,1.0,0,0.9583333333333334,0.9958,0,0,1,Clear,1,Standard,0.0,26.0,20.0,60.0,4.2,25.0,60.0,90.0,7007.142857142857,5656.862745098039,7347.826086956522,6972.727272727273,7007.142857142857,7007.142857142857,5700.0,1.0,1,1.88,4977.73,5653.846153846154,5500.0,5653.846153846154,5500.0,1391.6362972092988,52.0,1.0,5000.0,6000.0,0,0,0,0,0,0,0,0,0,1,0,0,0,0,1.0,0.26666666666666666,88.0,1.3186661033032037,0.1333333333333333,41.18666103303204,0.0,5,5,1.479,1.2,1.067,0.693
5000.0,2024-05-10,14,23,24H Night,7,0.0,2024-05-10,5500.0,5000.0,1.0,6250.0,7.0,26.0,1.0,0.8666666666666667,1.0,5,0.49999999999999994,-0.8660254037844387,2024,4,19,131,0,0,,0,2,5,0,0,1,1,1,summer,1,0,24H Night,24.0,0.96,24H,0,0.0,5208.33,1.0,0,0.9583333333333334,0.9958,0,0,1,Clear,1,Standard,0.0,26.0,20.0,60.0,4.2,25.0,60.0,90.0,7014.285714285715,5666.666666666667,7358.695652173913,6981.818181818182,7014.285714285715,7014.285714285715,5720.0,1.0,1,1.88,4977.73,5653.846153846154,5500.0,5653.846153846154,5500.0,1391.6362972092988,52.0,1.0,5000.0,6000.0,1,0,0,0,0,0,0,0,0,1,0,0,0,0,1.0,0.26666666666666666,88.0,1.1538328403903033,0.1333333333333333,39.53832840390303,0.0,5,5,1.479,1.2,1.067,0.693
10000.0,2024-05-11,8,23,24H Night,7,0.0,2024-05-11,5000.0,5500.0,1.0,6850.0,7.0,27.0,1.0,0.9,1.0,5,0.49999999999999994,-0.8660254037844387,2024,5,19,132,1,0,,0,1,6,1,1,1,1,1,summer,1,0,24H Night,24.0,0.96,24H,0,0.0,10416.67,1.0,0,0.9583333333333334,0.9958,0,1,0,Clear,1,Standard,0.0,26.0,20.0,60.0,4.2,25.0,88.74,90.0,6942.857142857143,10666.666666666666,5458.333333333333,6890.909090909091,6942.857142857143,6942.857142857143,10666.666666666666,0.6,5,1.88,4977.73,10631.578947368422,12000.0,10631.578947368422,12000.0,3269.565487879416,19.0,1.0,8250.0,13250.0,0,0,1,0,0,0,0,0,0,1,0,0,0,0,1.0,0.26666666666666666,88.0,1.1110987655692715,0.09999999999999998,59.11098765569272,0.0,5,5,1.479,1.2,1.067,0.693
5000.0,2024-05-12,10,22,24H Night,7,0.0,2024-05-12,10000.0,5000.0,1.0,6800.0,8.0,26.0,1.0,0.8666666666666667,1.1428571428571428,5,0.49999999999999994,-0.8660254037844387,2024,6,19,133,1,1,Buddha Purnima,0,4,7,1,1,1,1,1,summer,1,0,24H Night,24.0,0.92,24H,0,0.0,5434.78,1.0,0,0.9166666666666666,0.9917,0,1,0,Clear,1,Standard,0.0,26.0,20.0,60.0,4.2,25.0,88.74,90.0,7014.285714285715,10944.444444444445,7358.695652173913,7285.714285714285,7014.285714285715,7014.285714285715,11250.0,0.7,4,1.88,4977.73,10631.578947368422,12000.0,10631.578947368422,12000.0,3269.565487879416,19.0,1.0,8250.0,13250.0,0,0,0,0,1,0,0,0,0,1,0,0,0,0,1.0,0.26666666666666666,88.0,1.3186661033032037,0.1333333333333333,76.18666103303204,0.5,5,5,1.479,1.2,1.067,0.693
5000.0,2024-05-13,15,23,24H Night,7,0.0,2024-05-13,5000.0,10000.0,1.0,6800.0,7.0,26.0,1.0,0.8666666666666667,1.0,5,0.49999999999999994,-0.8660254037844387,2024,0,20,134,0,0,,0,3,1,0,1,1,1,1,summer,1,0,24H Night,24.0,0.96,24H,0,0.0,5208.33,1.0,0,0.9583333333333334,0.9958,0,0,1,Clear,1,Standard,0.0,26.0,20.0,60.0,4.2,25.0,60.0,90.0,7014.285714285715,5666.666666666667,7358.695652173913,6981.818181818182,7014.285714285715,7014.285714285715,5720.0,1.0,1,1.88,4977.73,5653.846153846154,5500.0,5653.846153846154,5500.0,1391.6362972092988,52.0,1.0,5000.0,6000.0,0,0,0,0,0,1,0,0,0,1,0,0,0,0,1.0,0.26666666666666666,88.0,1.1538328403903033,0.1333333333333333,39.53832840390303,0.0,5,5,1.479,1.2,1.067,0.693
5000.0,2024-05-14,8,23,24H Night,7,0.0,2024-05-14,5000.0,5000.0,1.0,6750.0,7.0,26.0,1.0,0.8666666666666667,1.0,5,0.49999999999999994,-0.8660254037844387,2024,1,20,135,0,0,,0,2,2,0,0,1,1,1,summer,1,0,24H Night,24.0,0.96,24H,0,0.0,5208.33,1.0,0,0.9583333333333334,0.9958,0,1,0,Clear,1,Standard,0.0,26.0,20.0,60.0,4.2,25.0,60.0,90.0,7014.285714285715,5666.666666666667,5875.0,6981.818181818182,7014.285714285715,7014.285714285715,5611.111111111111,0.96,1,1.88,4977.73,5653.846153846154,5500.0,5653.846153846154,5500.0,1391.6362972092988,52.0,1.0,5000.0,6000.0,0,0,0,0,0,0,0,0,0,1,0,0,0,0,1.0,0.26666666666666666,88.0,1.1538328403903033,0.1333333333333333,39.53832840390303,0.0,5,5,1.479,1.2,1.067,0.693
5500.0,2024-05-15,13,23,24H Night,7,0.0,2024-05-15,5000.0,5000.0,1.0,6100.0,7.0,27.0,1.0,0.9,1.0,5,0.49999999999999994,-0.8660254037844387,2024,2,20,136,0,0,,0,1,3,0,1,1,1,1,summer,1,0,24H Night,24.0,0.96,24H,0,0.0,5729.17,1.0,0,0.9583333333333334,0.9958,0,0,1,Clear,1,Standard,0.0,26.0,20.0,60.0,4.2,25.0,60.0,90.0,7007.142857142857,5656.862745098039,7347.826086956522,6972.727272727273,7007.142857142857,7007.142857142857,5700.0,1.0,1,1.88,4977.73,5653.846153846154,5500.0,5653.846153846154,5500.0,1391.6362972092988,52.0,1.0,5000.0,6000.0,0,0,0,0,0,0,0,0,0,1,0,0,0,0,1.0,0.26666666666666666,88.0,1.1110987655692715,0.09999999999999998,39.11098765569272,0.0,5,5,1.479,1.2,1.067,0.693
4500.0,2024-05-17,12,10,12H Day,7,0.0,2024-05-17,4000.0,4000.0,2.0,3670.0,6.0,27.0,0.8571428571428571,0.9,0.8571428571428571,5,0.49999999999999994,-0.8660254037844387,2024,4,20,138,0,0,,0,3,1,0,1,1,1,1,summer,1,0,12H Day,12.0,0.42,12H,0,0.0,10714.29,1.0,0,0.8333333333333334,0.9833,0,1,0,Clear,1,Standard,0.0,26.0,20.0,60.0,4.2,25.0,60.0,90.0,3409.375,3503.5714285714284,3785.714285714286,3277.2727272727275,3409.375,3409.375,3700.0,0.92,1,0.77,-820.0,3570.0,3500.0,3570.0,3500.0,957.2654505711271,15.0,1.0,3000.0,4000.0,0,0,0,0,0,0,0,0,0,1,0,0,0,0,1.0,0.26666666666666666,88.0,0.9523703704879469,-0.04285714285714293,37.523703704879466,0.0,5,5,1.479,1.2,1.067,0.693
5000.0,2024-05-17,16,23,24H Night,7,0.0,2024-05-17,5500.0,5000.0,0.0,5400.0,7.0,28.0,1.0,0.9333333333333333,1.0,5,0.49999999999999994,-0.8660254037844387,2024,4,20,138,0,0,,0,3,1,0,1,1,1,1,summer,1,0,24H Night,24.0,0.96,24H,0,0.0,5208.33,1.0,0,0.9583333333333334,0.9958,0,0,1,Clear,1,Standard,0.0,26.0,20.0,60.0,4.2,25.0,60.0,90.0,7014.285714285715,5666.666666666667,7200.0,6981.818181818182,7014.285714285715,7014.285714285715,5875.0,0.91,1,1.88,4977.73,5653.846153846154,5500.0,5653.846153846154,5500.0,1391.6362972092988,52.0,1.0,5000.0,6000.0,1,0,0,0,0,0,0,0,0,1,0,0,0,0,1.0,0.26666666666666666,88.0,1.071417091959729,0.06666666666666665,38.714170919597294,0.0,5,5,1.479,1.2,1.067,0.693
13000.0,2024-05-18,15,23,24H Night,7,0.0,2024-05-18,5000.0,5500.0,1.0,6400.0,7.0,29.0,1.0,0.9666666666666667,1.0,5,0.49999999999999994,-0.8660254037844387,2024,5,20,139,1,0,,0,2,2,1,0,1,1,1,summer,1,0,24H Night,24.0,0.96,24H,0,0.0,13541.67,1.0,0,0.9583333333333334,0.9958,0,0,1,Clear,1,Standard,0.0,26.0,20.0,60.0,4.2,25.0,88.74,90.0,6900.0,10500.0,7184.782608695652,6836.363636363636,6900.0,6900.0,10450.0,0.97,1,1.88,4977.73,10631.578947368422,12000.0,10631.578947368422,12000.0,3269.565487879416,19.0,1.0,8250.0,13250.0,0,0,1,0,0,0,0,0,0,1,0,0,0,0,1.0,0.26666666666666666,88.0,1.0344720571856154,0.033333333333333326,58.34472057185616,0.0,5,5,1.479,1.2,1.067,0.693
6000.0,2024-05-19,15,23,24H Night,7,0.0,2024-05-19,13000.0,5000.0,1.0,6500.0,7.0,29.0,1.0,0.9666666666666667,1.0,5,0.49999999999999994,-0.8660254037844387,2024,6,20,140,1,0,,0,1,3,1,1,1,1,1,summer,1,0,24H Night,24.0,0.96,24H,0,0.0,6250.0,1.0,0,0.9583333333333334,0.9958,0,0,1,Clear,1,Standard,0.0,26.0,20.0,60.0,4.2,25.0,88.74,90.0,7000.0,10888.888888888889,7336.95652173913,6963.636363636364,7000.0,7000.0,11150.0,0.97,1,1.88,4977.73,10631.578947368422,12000.0,10631.578947368422,12000.0,3269.565487879416,19.0,1.0,8250.0,13250.0,0,0,0,0,1,0,0,0,0,1,0,0,0,0,1.0,0.26666666666666666,88.0,1.0344720571856154,0.033333333333333326,58.34472057185616,0.0,5,5,1.479,1.2,1.067,0.693
4000.0,2024-05-20,10,12,12H Night,7,0.0,2024-05-20,3000.0,3500.0,1.0,2855.5555555555557,7.0,29.0,1.0,0.9666666666666667,1.0,5,0.49999999999999994,-0.8660254037844387,2024,0,21,141,0,1,Buddha Purnima,0,3,4,0,1,1,1,1,summer,1,0,12H Night,12.0,0.5,12H,0,0.0,8000.0,1.0,0,1.0,1.0,0,1,0,Clear,1,Standard,0.0,26.0,20.0,60.0,4.2,25.0,60.0,90.0,2944.4444444444443,2300.0,3100.0,3500.0,2944.4444444444443,2944.4444444444443,2300.0,0.52,5,1.452,1166.67,2583.3333333333335,2500.0,2583.3333333333335,2500.0,735.9800721939873,6.0,1.0,2125.0,2500.0,0,0,0,0,0,0,0,0,0,1,0,0,0,0,1.0,0.26666666666666666,88.0,1.0344720571856154,0.033333333333333326,53.34472057185616,0.5,5,5,1.479,1.2,1.067,0.693
3500.0,2024-05-21,10,9,12H Day,7,0.0,2024-05-21,4500.0,4000.0,1.0,3800.0,7.0,30.0,1.0,1.0,1.0,5,0.49999999999999994,-0.8660254037844387,2024,1,21,142,0,0,,0,2,1,0,1,1,1,1,summer,1,0,12H Day,12.0,0.38,12H,0,0.0,9210.53,1.0,0,0.75,0.975,0,1,0,Clear,1,Standard,0.0,26.0,20.0,60.0,4.2,25.0,60.0,90.0,3471.875,3575.0,3928.5714285714284,3368.181818181818,3471.875,3471.875,3900.0,0.92,1,0.77,-820.0,3570.0,3500.0,3570.0,3500.0,957.2654505711271,15.0,1.0,3000.0,4000.0,0,0,0,0,0,0,0,0,0,1,0,0,0,0,1.0,0.26666666666666666,88.0,0.9999900000999989,0.0,37.999900000999986,0.0,5,5,1.479,1.2,1.067,0.693
5000.0,2024-05-21,14,23,24H Night,7,0.0,2024-05-21,6000.0,13000.0,0.0,6450.0,8.0,31.0,1.0,1.0,1.1428571428571428,5,0.49999999999999994,-0.8660254037844387,2024,1,21,142,0,0,,0,2,1,0,1,1,1,1,summer,1,0,24H Night,24.0,0.96,24H,0,0.0,5208.33,1.0,0,0.9583333333333334,0.9958,0,0,1,Clear,1,Standard,0.0,26.0,20.0,60.0,4.2,25.0,60.0,90.0,7014.285714285715,5666.666666666667,7358.695652173913,6981.818181818182,7014.285714285715,7014.285714285715,5720.0,1.0,1,1.88,4977.73,5653.846153846154,5500.0,5653.846153846154,5500.0,1391.6362972092988,52.0,1.0,5000.0,6000.0,0,0,0,0,0,0,0,0,0,1,0,0,0,0,1.0,0.26666666666666666,88.0,1.105980080377102,0.0,39.05980080377102,0.0,5,5,1.479,1.2,1.067,0.693
3000.0,2024-05-22,15,23,24H Night,7,0.0,2024-05-22,5000.0,6000.0,1.0,6250.0,8.0,31.0,1.0,1.0,1.1428571428571428,5,0.49999999999999994,-0.8660254037844387,2024,2,21,143,0,0,,0,1,2,0,1,1,1,1,summer,1,0,24H Night,24.0,0.96,24H,0,0.0,3125.0,1.0,0,0.9583333333333334,0.9958,0,0,1,Clear,1,Standard,0.0,26.0,20.0,60.0,4.2,25.0,60.0,90.0,7042.857142857143,5705.882352941177,7402.173913043478,7018.181818181818,7042.857142857143,7042.857142857143,5800.0,1.0,1,1.88,4977.73,5653.846153846154,5500.0,5653.846153846154,5500.0,1391.6362972092988,52.0,1.0,5000.0,6000.0,0,0,0,0,0,0,0,0,0,1,0,0,0,0,1.0,0.26666666666666666,88.0,1.105980080377102,0.0,39.05980080377102,0.0,5,5,1.479,1.2,1.067,0.693
6000.0,2024-05-23,15,23,24H Night,7,0.0,2024-05-23,3000.0,5000.0,1.0,5850.0,9.0,31.0,1.0,1.0,1.2857142857142858,5,0.49999999999999994,-0.8660254037844387,2024,3,21,144,0,1,Buddha Purnima,0,4,3,0,1,1,1,1,summer,1,0,24H Night,24.0,0.96,24H,0,0.0,6250.0,1.0,0,0.9583333333333334,0.9958,0,0,1,Clear,1,Standard,0.0,26.0,20.0,60.0,4.2,25.0,60.0,90.0,7000.0,5647.058823529412,7336.95652173913,7214.285714285715,7000.0,7000.0,5375.0,0.91,1,1.88,4977.73,5653.846153846154,5500.0,5653.846153846154,5500.0,1391.6362972092988,52.0,1.0,5000.0,6000.0,0,0,0,0,0,0,0,0,0,1,0,0,0,0,1.0,0.26666666666666666,88.0,1.24422759042424,0.0,55.4422759042424,0.5,5,5,1.479,1.2,1.067,0.693
6000.0,2024-05-24,12,23,24H Night,7,0.0,2024-05-24,6000.0,3000.0,1.0,5950.0,8.0,30.0,1.0,1.0,1.1428571428571428,5,0.49999999999999994,-0.8660254037844387,2024,4,21,145,0,0,,0,3,1,0,1,1,1,1,summer,1,0,24H Night,24.0,0.96,24H,0,0.0,6250.0,1.0,0,0.9583333333333334,0.9958,0,1,0,Clear,1,Standard,0.0,26.0,20.0,60.0,4.2,25.0,60.0,90.0,7000.0,5647.058823529412,7336.95652173913,6963.636363636364,7000.0,7000.0,5680.0,1.0,1,1.88,4977.73,5653.846153846154,5500.0,5653.846153846154,5500.0,1391.6362972092988,52.0,1.0,5000.0,6000.0,1,0,0,0,0,0,0,0,0,1,0,0,0,0,1.0,0.26666666666666666,88.0,1.1428457143999988,0.0,39.428457143999985,0.0,5,5,1.479,1.2,1.067,0.693
13000.0,2024-05-25,15,23,24H Night,7,0.0,2024-05-25,6000.0,6000.0,1.0,6750.0,8.0,30.0,1.0,1.0,1.1428571428571428,5,0.49999999999999994,-0.8660254037844387,2024,5,21,146,1,0,,0,2,2,1,0,1,1,1,summer,1,0,24H Night,24.0,0.96,24H,0,0.0,13541.67,1.0,0,0.9583333333333334,0.9958,0,0,1,Clear,1,Standard,0.0,26.0,20.0,60.0,4.2,25.0,88.74,90.0,6900.0,10500.0,7184.782608695652,6836.363636363636,6900.0,6900.0,10450.0,0.97,1,1.88,4977.73,10631.578947368422,12000.0,10631.578947368422,12000.0,3269.565487879416,19.0,1.0,8250.0,13250.0,0,0,1,0,0,0,0,0,0,1,0,0,0,0,1.0,0.26666666666666666,88.0,1.1428457143999988,0.0,59.428457143999985,0.0,5,5,1.479,1.2,1.067,0.693
4000.0,2024-05-26,8,12,12H Night,7,0.0,2024-05-26,4000.0,3000.0,1.0,2970.0,8.0,30.0,1.0,1.0,1.1428571428571428,5,0.49999999999999994,-0.8660254037844387,2024,6,21,147,1,0,,0,1,3,1,1,1,1,1,summer,1,0,12H Night,12.0,0.5,12H,0,0.0,8000.0,1.0,0,1.0,1.0,0,1,0,Clear,1,Standard,0.0,26.0,20.0,60.0,4.2,25.0,88.74,90.0,2944.4444444444443,3666.6666666666665,2500.0,2583.3333333333335,2944.4444444444443,2944.4444444444443,3666.6666666666665,0.5,5,1.452,1166.67,3750.0,4000.0,3750.0,4000.0,866.0254037844386,4.0,0.8,3625.0,4125.0,0,0,0,0,1,0,0,0,0,1,0,0,0,0,1.0,0.26666666666666666,88.0,1.1428457143999988,0.0,59.428457143999985,0.0,5,5,1.479,1.2,1.067,0.693
3000.0,2024-05-27,2,9,12H Day,7,0.0,2024-05-27,3500.0,4500.0,1.0,3800.0,8.0,30.0,1.0,1.0,1.1428571428571428,5,0.49999999999999994,-0.8660254037844387,2024,0,22,148,0,1,Bakri Eid (Eid-ul-Adha),0,4,4,0,1,1,1,1,summer,1,0,12H Day,12.0,0.38,12H,0,0.0,7894.74,1.0,0,0.75,0.975,1,0,0,Clear,1,Standard,0.0,26.0,20.0,60.0,4.2,25.0,60.0,90.0,3503.125,3610.714285714286,3166.6666666666665,3875.0,3503.125,3503.125,3166.6666666666665,0.6,4,0.77,-820.0,3570.0,3500.0,3570.0,3500.0,957.2654505711271,15.0,1.0,3000.0,4000.0,0,0,0,0,0,0,0,0,0,1,0,0,0,0,1.0,0.26666666666666666,88.0,1.1428457143999988,0.0,63.428457143999985,0.8,5,5,1.479,1.2,1.067,0.693
5500.0,2024-05-27,15,23,24H Night,7,0.0,2024-05-27,13000.0,6000.0,0.0,6800.0,9.0,31.0,1.0,1.0,1.2857142857142858,5,0.49999999999999994,-0.8660254037844387,2024,0,22,148,0,1,Bakri Eid (Eid-ul-Adha),0,4,4,0,1,1,1,1,summer,1,0,24H Night,24.0,0.96,24H,0,0.0,5729.17,1.0,0,0.9583333333333334,0.9958,0,0,1,Clear,1,Standard,0.0,26.0,20.0,60.0,4.2,25.0,60.0,90.0,7007.142857142857,5656.862745098039,7347.826086956522,7250.0,7007.142857142857,7007.142857142857,5661.290322580645,0.7,4,1.88,4977.73,5653.846153846154,5500.0,5653.846153846154,5500.0,1391.6362972092988,52.0,1.0,5000.0,6000.0,0,0,0,0,0,0,0,0,0,1,0,0,0,0,1.0,0.26666666666666666,88.0,1.24422759042424,0.0,64.4422759042424,0.8,5,5,1.479,1.2,1.067,0.693
5000.0,2024-05-28,10,23,24H Night,7,0.0,2024-05-28,5500.0,13000.0,1.0,6750.0,8.0,31.0,1.0,1.0,1.1428571428571428,5,0.49999999999999994,-0.8660254037844387,2024,1,22,149,0,0,,0,3,1,0,1,1,1,1,summer,1,0,24H Night,24.0,0.96,24H,0,0.0,5208.33,1.0,0,0.9583333333333334,0.9958,0,1,0,Clear,1,Standard,0.0,26.0,20.0,60.0,4.2,25.0,60.0,90.0,7014.285714285715,5666.666666666667,7358.695652173913,6981.818181818182,7014.285714285715,7014.285714285715,5720.0,1.0,1,1.88,4977.73,5653.846153846154,5500.0,5653.846153846154,5500.0,1391.6362972092988,52.0,1.0,5000.0,6000.0,0,0,0,0,0,0,0,0,0,1,0,0,0,0,1.0,0.26666666666666666,88.0,1.105980080377102,0.0,39.05980080377102,0.0,5,5,1.479,1.2,1.067,0.693
6000.0,2024-05-29,4,23,24H Night,7,0.0,2024-05-29,5000.0,5500.0,1.0,6850.0,8.0,31.0,1.0,1.0,1.1428571428571428,5,0.49999999999999994,-0.8660254037844387,2024,2,22,150,0,0,,0,2,2,0,0,1,1,1,summer,1,0,24H Night,24.0,0.96,24H,0,0.0,6250.0,1.0,0,0.9583333333333334,0.9958,0,1,0,Clear,1,Standard,0.0,26.0,20.0,60.0,4.2,25.0,60.0,90.0,7000.0,5647.058823529412,5791.666666666667,6963.636363636364,7000.0,7000.0,5500.0,0.96,1,1.88,4977.73,5653.846153846154,5500.0,5653.846153846154,5500.0,1391.6362972092988,52.0,1.0,5000.0,6000.0,0,0,0,0,0,0,0,0,0,1,0,0,0,0,1.0,0.26666666666666666,88.0,1.105980080377102,0.0,39.05980080377102,0.0,5,5,1.479,1.2,1.067,0.693
6000.0,2024-05-30,18,23,24H Night,7,0.0,2024-05-30,6000.0,5000.0,1.0,6150.0,8.0,31.0,1.0,1.0,1.1428571428571428,5,0.49999999999999994,-0.8660254037844387,2024,3,22,151,0,0,,0,1,3,0,1,1,1,1,summer,1,0,24H Night,24.0,0.96,24H,0,0.0,6250.0,1.0,0,0.9583333333333334,0.9958,0,0,1,Clear,1,Standard,0.0,26.0,20.0,60.0,4.2,25.0,60.0,90.0,7000.0,5647.058823529412,7100.0,6963.636363636364,7000.0,7000.0,5625.0,0.91,1,1.88,4977.73,5653.846153846154,5500.0,5653.846153846154,5500.0,1391.6362972092988,52.0,1.0,5000.0,6000.0,0,0,0,0,0,0,0,0,0,1,0,0,0,0,1.0,0.26666666666666666,88.0,1.105980080377102,0.0,39.05980080377102,0.0,5,5,1.479,1.2,1.067,0.693
6000.0,2024-05-31,15,23,24H Night,7,0.0,2024-05-31,6000.0,6000.0,1.0,6150.0,8.0,32.0,1.0,1.0,1.1428571428571428,5,0.49999999999999994,-0.8660254037844387,2024,4,22,152,0,1,Buddha Purnima,0,7,4,0,1,1,1,1,summer,1,0,24H Night,24.0,0.96,24H,0,0.0,6250.0,1.0,0,0.9583333333333334,0.9958,0,0,1,Clear,1,Standard,0.0,26.0,20.0,60.0,4.2,25.0,60.0,90.0,7000.0,5647.058823529412,7336.95652173913,7214.285714285715,7000.0,7000.0,5375.0,0.91,1,1.88,4977.73,5653.846153846154,5500.0,5653.846153846154,5500.0,1391.6362972092988,52.0,1.0,5000.0,6000.0,1,0,0,0,0,0,0,0,0,1,0,0,0,0,1.0,0.26666666666666666,88.0,1.071418526879882,0.0,53.71418526879882,0.5,5,5,1.479,1.2,1.067,0.693
12000.0,2024-06-01,12,23,24H Night,7,0.0,2024-06-01,6000.0,6000.0,1.0,6850.0,8.0,33.0,1.0,1.0,1.1428571428571428,6,1.2246467991473532e-16,-1.0,2024,5,22,153,1,0,,0,6,1,1,1,0,0,0,monsoon,1,0,24H Night,24.0,0.96,24H,0,0.0,12500.0,1.0,0,0.9583333333333334,0.9958,0,1,0,Clear,1,Standard,0.0,26.0,20.0,60.0,4.2,25.0,73.95,90.0,5761.224489795918,6766.666666666667,5797.2972972972975,5731.578947368421,5761.224489795918,5761.224489795918,6662.5,0.9500000000000001,1,1.36,1864.69,7042.105263157895,5500.0,7042.105263157895,5500.0,3369.852583236919,19.0,1.0,4750.0,10000.0,0,0,1,0,0,0,0,0,0,1,0,0,0,0,1.0,0.20833333333333334,95.0,1.0389515939465483,0.0,56.63951593946548,0.0,5,5,1.479,1.2,1.067,0.693
5500.0,2024-06-02,12,23,24H Night,7,0.0,2024-06-02,12000.0,6000.0,1.0,7100.0,8.0,32.0,1.0,1.0,1.1428571428571428,6,1.2246467991473532e-16,-1.0,2024,6,22,154,1,0,,0,5,2,0,0,0,0,0,monsoon,1,0,24H Night,24.0,0.96,24H,0,0.0,5729.17,1.0,0,0.9583333333333334,0.9958,0,1,0,Clear,1,Standard,0.0,26.0,20.0,60.0,4.2,25.0,73.95,90.0,5893.877551020408,7127.777777777777,5972.972972972973,5902.631578947368,5893.877551020408,5893.877551020408,7475.0,0.9500000000000001,1,1.36,1864.69,7042.105263157895,5500.0,7042.105263157895,5500.0,3369.852583236919,19.0,1.0,4750.0,10000.0,0,0,0,0,1,0,0,0,0,1,0,0,0,0,1.0,0.20833333333333334,95.0,1.071418526879882,0.0,56.96418526879882,0.0,5,5,1.479,1.2,1.067,0.693
6000.0,2024-06-03,12,23,24H Night,7,0.0,2024-06-03,5500.0,12000.0,1.0,7100.0,7.0,32.0,1.0,1.0,1.0,6,1.2246467991473532e-16,-1.0,2024,0,23,155,0,0,,0,4,3,0,0,0,0,0,monsoon,0,0,24H Night,24.0,0.96,24H,0,0.0,6250.0,1.0,0,0.9583333333333334,0.9958,0,1,0,Clear,1,Standard,0.0,26.0,20.0,60.0,4.2,25.0,50.0,90.0,5883.673469387755,5150.0,5959.459459459459,5889.473684210527,5883.673469387755,5883.673469387755,5326.315789473684,1.0,1,1.36,1864.69,5177.419354838709,5200.0,5177.419354838709,5200.0,967.0262586642804,31.0,1.0,4500.0,6000.0,0,0,0,0,0,0,0,0,0,1,0,0,0,0,1.0,0.20833333333333334,95.0,0.9374912110198966,0.0,35.62491211019896,0.0,5,5,1.479,1.2,1.067,0.693
6000.0,2024-06-04,15,23,24H Night,7,0.0,2024-06-04,6000.0,5500.0,1.0,7100.0,7.0,33.0,1.0,1.0,1.0,6,1.2246467991473532e-16,-1.0,2024,1,23,156,0,0,,0,3,4,0,0,0,0,0,monsoon,0,0,24H Night,24.0,0.96,24H,0,0.0,6250.0,1.0,0,0.9583333333333334,0.9958,0,0,1,Clear,1,Standard,0.0,26.0,20.0,60.0,4.2,25.0,50.0,90.0,5883.673469387755,5150.0,5959.459459459459,5889.473684210527,5883.673469387755,5883.673469387755,5326.315789473684,1.0,1,1.36,1864.69,5177.419354838709,5200.0,5177.419354838709,5200.0,967.0262586642804,31.0,1.0,4500.0,6000.0,0,0,0,0,0,0,0,0,0,1,0,0,0,0,1.0,0.20833333333333334,95.0,0.9090826447032299,0.0,35.3408264470323,0.0,5,5,1.479,1.2,1.067,0.693
6000.0,2024-06-05,13,23,24H Night,7,0.0,2024-06-05,6000.0,6000.0,1.0,6400.0,7.0,32.0,1.0,1.0,1.0,6,1.2246467991473532e-16,-1.0,2024,2,23,157,0,0,,0,2,5,0,0,0,0,0,monsoon,0,0,24H Night,24.0,0.96,24H,0,0.0,6250.0,1.0,0,0.9583333333333334,0.9958,0,0,1,Clear,1,Standard,0.0,26.0,20.0,60.0,4.2,25.0,50.0,90.0,5883.673469387755,5150.0,5959.459459459459,5889.473684210527,5883.673469387755,5883.673469387755,5326.315789473684,1.0,1,1.36,1864.69,5177.419354838709,5200.0,5177.419354838709,5200.0,967.0262586642804,31.0,1.0,4500.0,6000.0,0,0,0,0,0,0,0,0,0,1,0,0,0,0,1.0,0.20833333333333334,95.0,0.9374912110198966,0.0,35.62491211019896,0.0,5,5,1.479,1.2,1.067,0.693
5500.0,2024-06-06,15,23,24H Night,7,0.0,2024-06-06,6000.0,6000.0,1.0,6400.0,7.0,32.0,1.0,1.0,1.0,6,1.2246467991473532e-16,-1.0,2024,3,23,158,0,0,,0,1,6,0,1,0,0,0,monsoon,0,0,24H Night,24.0,0.96,24H,0,0.0,5729.17,1.0,0,0.9583333333333334,0.9958,0,0,1,Clear,1,Standard,0.0,26.0,20.0,60.0,4.2,25.0,50.0,90.0,5893.877551020408,5166.666666666667,5972.972972972973,5902.631578947368,5893.877551020408,5893.877551020408,5352.631578947368,1.0,1,1.36,1864.69,5177.419354838709,5200.0,5177.419354838709,5200.0,967.0262586642804,31.0,1.0,4500.0,6000.0,0,0,0,0,0,0,0,0,0,1,0,0,0,0,1.0,0.20833333333333334,95.0,0.9374912110198966,0.0,35.62491211019896,0.0,5,5,1.479,1.2,1.067,0.693
5000.0,2024-06-07,15,23,24H Night,7,0.0,2024-06-07,5500.0,6000.0,1.0,6400.0,7.0,32.0,1.0,1.0,1.0,6,1.2246467991473532e-16,-1.0,2024,4,23,159,0,1,Bakri Eid (Eid-ul-Adha),0,7,7,0,1,0,0,0,monsoon,1,0,24H Night,24.0,0.96,24H,0,0.0,5208.33,1.0,0,0.9583333333333334,0.9958,0,0,1,Clear,1,Standard,0.0,26.0,20.0,60.0,4.2,25.0,50.0,90.0,5904.081632653061,5183.333333333333,5986.486486486487,5950.0,5904.081632653061,5904.081632653061,5291.304347826087,0.7,4,1.36,1864.69,5177.419354838709,5200.0,5177.419354838709,5200.0,967.0262586642804,31.0,1.0,4500.0,6000.0,1,0,0,0,0,0,0,0,0,1,0,0,0,0,1.0,0.20833333333333334,95.0,0.9374912110198966,0.0,59.62491211019896,0.8,5,5,1.479,1.2,1.067,0.693
13000.0,2024-06-08,10,23,24H Night,7,0.0,2024-06-08,5000.0,5500.0,1.0,7100.0,7.0,32.0,1.0,1.0,1.0,6,1.2246467991473532e-16,-1.0,2024,5,23,160,1,0,,0,6,1,1,1,0,0,0,monsoon,1,0,24H Night,24.0,0.96,24H,0,0.0,13541.67,1.0,0,0.9583333333333334,0.9958,0,1,0,Clear,1,Standard,0.0,26.0,20.0,60.0,4.2,25.0,73.95,90.0,5740.816326530612,6711.111111111111,5770.27027027027,5705.263157894737,5740.816326530612,5740.816326530612,6537.5,0.9500000000000001,1,1.36,1864.69,7042.105263157895,5500.0,7042.105263157895,5500.0,3369.852583236919,19.0,1.0,4750.0,10000.0,0,0,1,0,0,0,0,0,0,1,0,0,0,0,1.0,0.20833333333333334,95.0,0.9374912110198966,0.0,55.62491211019896,0.0,5,5,1.479,1.2,1.067,0.693
5500.0,2024-06-09,7,23,24H Night,7,0.0,2024-06-09,13000.0,5000.0,1.0,7050.0,7.0,32.0,1.0,1.0,1.0,6,1.2246467991473532e-16,-1.0,2024,6,23,161,1,0,,0,5,2,0,0,0,0,0,monsoon,1,0,24H Night,24.0,0.96,24H,0,0.0,5729.17,1.0,0,0.9583333333333334,0.9958,0,1,0,Clear,1,Standard,0.0,26.0,20.0,60.0,4.2,25.0,73.95,90.0,5893.877551020408,7127.777777777777,5114.285714285715,5902.631578947368,5893.877551020408,5893.877551020408,7127.777777777777,0.6,5,1.36,1864.69,7042.105263157895,5500.0,7042.105263157895,5500.0,3369.852583236919,19.0,1.0,4750.0,10000.0,0,0,0,0,1,0,0,0,0,1,0,0,0,0,1.0,0.20833333333333334,95.0,0.9374912110198966,0.0,55.62491211019896,0.0,5,5,1.479,1.2,1.067,0.693
3000.0,2024-06-11,2,5,12H Day,7,0.0,2024-06-11,3000.0,3500.0,2.0,3700.0,6.0,31.0,0.8571428571428571,1.0,0.8571428571428571,6,1.2246467991473532e-16,-1.0,2024,1,24,163,0,0,,0,3,4,0,0,0,0,0,monsoon,0,0,12H Day,12.0,0.21,12H,0,0.0,14285.71,1.0,0,0.4166666666666667,0.9417,1,0,0,Clear,1,Standard,0.0,26.0,20.0,60.0,4.2,25.0,50.0,90.0,3345.0,2823.076923076923,2200.0,3685.714285714286,3345.0,3345.0,2225.0,0.91,1,1.521,1478.57,2835.714285714286,2750.0,2835.714285714286,2750.0,1017.9973876777294,14.0,1.0,2325.0,3750.0,0,0,0,0,0,0,0,0,0,1,0,0,0,0,1.0,0.20833333333333334,95.0,0.8294850602828265,-0.1428571428571429,34.54485060282826,0.0,5,5,1.479,1.2,1.067,0.693
5500.0,2024-06-11,7,23,24H Night,7,0.0,2024-06-11,5500.0,13000.0,0.0,7000.0,7.0,32.0,1.0,1.0,1.0,6,1.2246467991473532e-16,-1.0,2024,1,24,163,0,0,,0,3,4,0,0,0,0,0,monsoon,0,0,24H Night,24.0,0.96,24H,0,0.0,5729.17,1.0,0,0.9583333333333334,0.9958,0,1,0,Clear,1,Standard,0.0,26.0,20.0,60.0,4.2,25.0,50.0,90.0,5893.877551020408,5166.666666666667,5114.285714285715,5902.631578947368,5893.877551020408,5893.877551020408,4950.0,0.91,1,1.36,1864.69,5177.419354838709,5200.0,5177.419354838709,5200.0,967.0262586642804,31.0,1.0,4500.0,6000.0,0,0,0,0,0,0,0,0,0,1,0,0,0,0,1.0,0.20833333333333334,95.0,0.9374912110198966,0.0,35.62491211019896,0.0,5,5,1.479,1.2,1.067,0.693
5000.0,2024-06-12,7,23,24H Night,7,0.0,2024-06-12,5500.0,5500.0,1.0,6300.0,7.0,32.0,1.0,1.0,1.0,6,1.2246467991473532e-16,-1.0,2024,2,24,164,0,0,,0,2,5,0,0,0,0,0,monsoon,0,0,24H Night,24.0,0.96,24H,0,0.0,5208.33,1.0,0,0.9583333333333334,0.9958,0,1,0,Clear,1,Standard,0.0,26.0,20.0,60.0,4.2,25.0,50.0,90.0,5904.081632653061,5183.333333333333,5185.714285714285,5915.789473684211,5904.081632653061,5904.081632653061,5075.0,0.91,1,1.36,1864.69,5177.419354838709,5200.0,5177.419354838709,5200.0,967.0262586642804,31.0,1.0,4500.0,6000.0,0,0,0,0,0,0,0,0,0,1,0,0,0,0,1.0,0.20833333333333334,95.0,0.9374912110198966,0.0,35.62491211019896,0.0,5,5,1.479,1.2,1.067,0.693
5500.0,2024-06-13,10,23,24H Night,7,0.0,2024-06-13,5000.0,5500.0,1.0,6300.0,7.0,32.0,1.0,1.0,1.0,6,1.2246467991473532e-16,-1.0,2024,3,24,165,0,0,,0,1,6,0,1,0,0,0,monsoon,0,0,24H Night,24.0,0.96,24H,0,0.0,5729.17,1.0,0,0.9583333333333334,0.9958,0,1,0,Clear,1,Standard,0.0,26.0,20.0,60.0,4.2,25.0,50.0,90.0,5893.877551020408,5166.666666666667,5972.972972972973,5902.631578947368,5893.877551020408,5893.877551020408,5352.631578947368,1.0,1,1.36,1864.69,5177.419354838709,5200.0,5177.419354838709,5200.0,967.0262586642804,31.0,1.0,4500.0,6000.0,0,0,0,0,0,0,0,0,0,1,0,0,0,0,1.0,0.20833333333333334,95.0,0.9374912110198966,0.0,35.62491211019896,0.0,5,5,1.479,1.2,1.067,0.693
6000.0,2024-06-14,10,23,24H Night,7,0.0,2024-06-14,5500.0,5000.0,1.0,6300.0,7.0,32.0,1.0,1.0,1.0,6,1.2246467991473532e-16,-1.0,2024,4,24,166,0,1,Muharram,0,3,7,0,1,0,0,0,monsoon,1,0,24H Night,24.0,0.96,24H,0,0.0,6250.0,1.0,0,0.9583333333333334,0.9958,0,1,0,Clear,1,Standard,0.0,26.0,20.0,60.0,4.2,25.0,50.0,90.0,5883.673469387755,5150.0,5959.459459459459,5850.0,5883.673469387755,5883.673469387755,5247.826086956522,0.7,4,1.36,1864.69,5177.419354838709,5200.0,5177.419354838709,5200.0,967.0262586642804,31.0,1.0,4500.0,6000.0,1,0,0,0,0,0,0,0,0,1,0,0,0,0,1.0,0.20833333333333334,95.0,0.9374912110198966,0.0,50.62491211019896,0.5,5,5,1.479,1.2,1.067,0.693
3000.0,2024-06-15,10,12,12H Night,7,0.0,2024-06-15,4000.0,4000.0,1.0,3020.0,7.0,33.0,1.0,1.0,1.0,6,1.2246467991473532e-16,-1.0,2024,5,24,167,1,0,,0,2,1,1,1,0,0,0,monsoon,1,0,12H Night,12.0,0.5,12H,0,0.0,6000.0,1.0,0,1.0,1.0,0,1,0,Clear,1,Standard,0.0,26.0,20.0,60.0,4.2,25.0,73.95,90.0,2666.6666666666665,3125.0,2700.0,2437.5,2666.6666666666665,2666.6666666666665,3125.0,0.51,5,1.272,662.5,3100.0,3000.0,3100.0,3000.0,1244.989959798873,5.0,1.0,3000.0,3000.0,0,0,1,0,0,0,0,0,0,1,0,0,0,0,1.0,0.20833333333333334,95.0,0.9090826447032299,0.0,55.3408264470323,0.0,5,5,1.479,1.2,1.067,0.693
10000.0,2024-06-16,20,12,12H Day,7,0.0,2024-06-16,3000.0,3000.0,1.0,4350.0,7.0,32.0,1.0,1.0,1.0,6,1.2246467991473532e-16,-1.0,2024,6,24,168,1,0,,0,1,2,1,1,0,0,0,monsoon,1,0,12H Day,12.0,0.5,12H,0,0.0,20000.0,1.0,0,1.0,1.0,0,0,1,Clear,1,Standard,0.0,26.0,20.0,60.0,4.2,25.0,73.95,90.0,2995.0,3366.6666666666665,2995.0,3185.714285714286,2995.0,2995.0,3366.6666666666665,0.53,5,1.521,1478.57,4314.285714285715,3200.0,4314.285714285715,3200.0,2812.1335740137306,7.0,1.0,2750.0,4750.0,0,0,0,1,0,0,0,0,0,1,0,0,0,0,1.0,0.20833333333333334,95.0,0.9374912110198966,0.0,55.62491211019896,0.0,5,5,1.479,1.2,1.067,0.693
5500.0,2024-06-16,14,23,24H Night,7,0.0,2024-06-16,6000.0,5500.0,0.0,6250.0,8.0,33.0,1.0,1.0,1.1428571428571428,6,1.2246467991473532e-16,-1.0,2024,6,24,168,1,0,,0,1,2,1,1,0,0,0,monsoon,1,0,24H Night,24.0,0.96,24H,0,0.0,5729.17,1.0,0,0.9583333333333334,0.9958,0,0,1,Clear,1,Standard,0.0,26.0,20.0,60.0,4.2,25.0,73.95,90.0,5893.877551020408,7127.777777777777,5972.972972972973,5902.631578947368,5893.877551020408,5893.877551020408,7475.0,0.9500000000000001,1,1.36,1864.69,7042.105263157895,5500.0,7042.105263157895,5500.0,3369.852583236919,19.0,1.0,4750.0,10000.0,0,0,0,0,1,0,0,0,0,1,0,0,0,0,1.0,0.20833333333333334,95.0,1.0389515939465483,0.0,56.63951593946548,0.0,5,5,1.479,1.2,1.067,0.693
2000.0,2024-06-20,2,1,12H Night,7,0.0,2024-06-20,3000.0,4000.0,4.0,2970.0,5.0,29.0,0.7142857142857143,0.9666666666666667,0.7142857142857143,6,1.2246467991473532e-16,-1.0,2024,3,25,172,0,1,Rath Yatra (Ahmedabad),0,5,3,0,1,0,0,0,monsoon,1,0,12H Night,12.0,0.04,12H,0,0.0,50000.0,1.0,0,0.1,0.91,1,0,0,Clear,1,Standard,0.0,26.0,20.0,60.0,4.2,25.0,50.0,90.0,2750.0,2500.0,2000.0,3500.0,2750.0,2750.0,2500.0,0.54,5,1.272,662.5,2437.5,2500.0,2437.5,2500.0,495.5156044825574,8.0,1.0,2375.0,2625.0,0,0,0,0,0,0,0,0,0,1,0,0,0,0,1.0,0.20833333333333334,95.0,0.7389086122754396,-0.2523809523809524,48.63908612275439,0.5,5,5,1.479,1.2,1.067,0.693
4000.0,2024-06-21,12,11,12H Day,7,0.0,2024-06-21,10000.0,3000.0,1.0,4300.0,5.0,29.0,0.7142857142857143,0.9666666666666667,0.7142857142857143,6,1.2246467991473532e-16,-1.0,2024,4,25,173,0,0,,0,4,1,0,1,0,0,0,monsoon,0,0,12H Day,12.0,0.46,12H,0,0.0,8695.65,1.0,0,0.9166666666666666,0.9917,0,1,0,Clear,1,Standard,0.0,26.0,20.0,60.0,4.2,25.0,50.0,90.0,3295.0,2746.153846153846,3300.0,3614.285714285714,3295.0,3295.0,3300.0,0.92,1,1.521,1478.57,2835.714285714286,2750.0,2835.714285714286,2750.0,1017.9973876777294,14.0,1.0,2325.0,3750.0,0,0,0,0,0,0,0,0,0,1,0,0,0,0,1.0,0.20833333333333334,95.0,0.7389086122754396,-0.2523809523809524,33.63908612275439,0.0,5,5,1.479,1.2,1.067,0.693
3200.0,2024-06-22,4,11,12H Day,7,0.0,2024-06-22,4000.0,10000.0,1.0,4220.0,5.0,29.0,0.7142857142857143,0.9666666666666667,0.7142857142857143,6,1.2246467991473532e-16,-1.0,2024,5,25,174,1,0,,0,3,2,0,0,0,0,0,monsoon,1,0,12H Day,12.0,0.46,12H,0,0.0,6956.52,1.0,0,0.9166666666666666,0.9917,0,1,0,Clear,1,Standard,0.0,26.0,20.0,60.0,4.2,25.0,73.95,90.0,3335.0,4500.0,3333.3333333333335,3671.4285714285716,3335.0,3335.0,3400.0,0.62,4,1.521,1478.57,4314.285714285715,3200.0,4314.285714285715,3200.0,2812.1335740137306,7.0,1.0,2750.0,4750.0,0,1,0,0,0,0,0,0,0,1,0,0,0,0,1.0,0.20833333333333334,95.0,0.7389086122754396,-0.2523809523809524,53.63908612275439,0.0,5,5,1.479,1.2,1.067,0.693
7000.0,2024-06-22,10,23,24H Night,7,0.0,2024-06-22,5500.0,6000.0,0.0,6350.0,6.0,30.0,0.8571428571428571,1.0,0.8571428571428571,6,1.2246467991473532e-16,-1.0,2024,5,25,174,1,0,,0,3,2,0,0,0,0,0,monsoon,1,0,24H Night,24.0,0.96,24H,0,0.0,7291.67,1.0,0,0.9583333333333334,0.9958,0,1,0,Clear,1,Standard,0.0,26.0,20.0,60.0,4.2,25.0,73.95,90.0,5863.265306122449,7044.444444444444,5932.4324324324325,5863.1578947368425,5863.265306122449,5863.265306122449,7287.5,0.9500000000000001,1,1.36,1864.69,7042.105263157895,5500.0,7042.105263157895,5500.0,3369.852583236919,19.0,1.0,4750.0,10000.0,0,0,1,0,0,0,0,0,0,1,0,0,0,0,1.0,0.20833333333333334,95.0,0.8571342857999991,-0.1428571428571429,54.821342857999994,0.0,5,5,1.479,1.2,1.067,0.693
3300.0,2024-06-23,9,24,24H Night,7,0.0,2024-06-23,7000.0,5500.0,1.0,6130.0,5.0,30.0,0.7142857142857143,1.0,0.7142857142857143,6,1.2246467991473532e-16,-1.0,2024,6,25,175,1,0,,0,2,3,0,0,0,0,0,monsoon,1,0,24H Night,24.0,1.0,24H,0,0.0,3300.0,1.0,0,1.0,1.0,0,1,0,Clear,1,Standard,0.0,26.0,20.0,60.0,4.2,25.0,73.95,90.0,5938.775510204082,7250.0,6032.4324324324325,5960.526315789473,5938.775510204082,5938.775510204082,7750.0,0.9500000000000001,1,1.36,1864.69,7042.105263157895,5500.0,7042.105263157895,5500.0,3369.852583236919,19.0,1.0,4750.0,10000.0,0,0,0,0,1,0,0,0,0,1,0,0,0,0,1.0,0.20833333333333334,95.0,0.7142785714999993,-0.2857142857142857,53.392785714999995,0.0,5,5,1.479,1.2,1.067,0.693
3000.0,2024-06-24,10,12,12H Night,7,0.0,2024-06-24,2000.0,3000.0,1.0,2970.0,6.0,30.0,0.8571428571428571,1.0,0.8571428571428571,6,1.2246467991473532e-16,-1.0,2024,0,26,176,0,0,,0,1,4,0,1,0,0,0,monsoon,0,0,12H Night,12.0,0.5,12H,0,0.0,6000.0,1.0,0,1.0,1.0,0,1,0,Clear,1,Standard,0.0,26.0,20.0,60.0,4.2,25.0,50.0,90.0,2666.6666666666665,2357.1428571428573,2700.0,2437.5,2666.6666666666665,2666.6666666666665,2500.0,0.9,1,1.272,662.5,2437.5,2500.0,2437.5,2500.0,495.5156044825574,8.0,1.0,2375.0,2625.0,0,0,0,0,0,0,0,0,0,1,0,0,0,0,1.0,0.20833333333333334,95.0,0.8571342857999991,-0.1428571428571429,34.821342857999994,0.0,5,5,1.479,1.2,1.067,0.693
3000.0,2024-06-29,4,9,12H Day,7,0.0,2024-06-29,3200.0,4000.0,5.0,4220.0,3.0,25.0,0.42857142857142855,0.8333333333333334,0.42857142857142855,6,1.2246467991473532e-16,-1.0,2024,5,26,181,1,1,Bakri Eid (Eid-ul-Adha),0,6,2,1,1,0,0,0,monsoon,1,0,12H Day,12.0,0.38,12H,0,0.0,7894.74,1.0,0,0.75,0.975,0,1,0,Clear,1,Standard,0.0,26.0,20.0,60.0,4.2,25.0,73.95,90.0,3345.0,4533.333333333333,3366.6666666666665,2460.0,3345.0,3345.0,3440.0,0.62,4,1.521,1478.57,4314.285714285715,3200.0,4314.285714285715,3200.0,2812.1335740137306,7.0,1.0,2750.0,4750.0,0,1,0,0,0,0,0,0,0,1,0,0,0,0,1.0,0.20833333333333334,95.0,0.514279542931199,-0.4047619047619048,75.39279542931199,0.8,5,5,1.479,1.2,1.067,0.693
6000.0,2024-06-29,8,24,24H Night,7,0.0,2024-06-29,3300.0,7000.0,0.0,6230.0,4.0,26.0,0.5714285714285714,0.8666666666666667,0.5714285714285714,6,1.2246467991473532e-16,-1.0,2024,5,26,181,1,1,Bakri Eid (Eid-ul-Adha),0,6,2,1,1,0,0,0,monsoon,1,0,24H Night,24.0,1.0,24H,0,0.0,6000.0,1.0,0,1.0,1.0,0,1,0,Clear,1,Standard,0.0,26.0,20.0,60.0,4.2,25.0,73.95,90.0,5883.673469387755,7100.0,5042.857142857143,5850.0,5883.673469387755,5883.673469387755,7100.0,0.6,5,1.36,1864.69,7042.105263157895,5500.0,7042.105263157895,5500.0,3369.852583236919,19.0,1.0,4750.0,10000.0,0,0,1,0,0,0,0,0,0,1,0,0,0,0,1.0,0.20833333333333334,95.0,0.6593330516516018,-0.2952380952380953,76.84333051651602,0.8,5,5,1.479,1.2,1.067,0.693
2500.0,2024-07-01,2,11,12H Day,7,0.0,2024-07-01,3000.0,3200.0,2.0,4070.0,3.0,25.0,0.42857142857142855,0.8333333333333334,0.42857142857142855,7,-0.4999999999999997,-0.8660254037844388,2024,0,27,183,0,0,,0,4,2,0,0,0,0,0,monsoon,0,0,12H Day,12.0,0.46,12H,0,0.0,5434.78,1.0,0,0.9166666666666666,0.9917,1,0,0,Clear,1,Standard,0.0,26.0,20.0,60.0,4.2,25.0,50.0,90.0,2385.714285714286,2377.2727272727275,1988.235294117647,2400.0,2385.714285714286,2385.714285714286,2072.7272727272725,0.98,1,1.014,34.06,2382.608695652174,2500.0,2382.608695652174,2500.0,609.5096195176782,23.0,1.0,2000.0,2750.0,0,0,0,0,0,0,0,0,0,1,0,0,0,0,1.0,0.15833333333333333,101.0,0.514279542931199,-0.4047619047619048,29.892795429311988,0.0,5,5,1.479,1.2,1.067,0.693
3000.0,2024-07-02,6,10,12H Day,7,0.0,2024-07-02,2500.0,3000.0,1.0,3970.0,4.0,25.0,0.5714285714285714,0.8333333333333334,0.5714285714285714,7,-0.4999999999999997,-0.8660254037844388,2024,1,27,184,0,0,,0,3,3,0,0,0,0,0,monsoon,0,0,12H Day,12.0,0.42,12H,0,0.0,7142.86,1.0,0,0.8333333333333334,0.9833,0,1,0,Clear,1,Standard,0.0,26.0,20.0,60.0,4.2,25.0,50.0,90.0,2367.8571428571427,2354.5454545454545,2750.0,2377.2727272727275,2367.8571428571427,2367.8571428571427,2750.0,0.91,1,1.014,34.06,2382.608695652174,2500.0,2382.608695652174,2500.0,609.5096195176782,23.0,1.0,2000.0,2750.0,0,0,0,0,0,0,0,0,0,1,0,0,0,0,1.0,0.15833333333333333,101.0,0.6857060572415988,-0.261904761904762,31.60706057241599,0.0,5,5,1.479,1.2,1.067,0.693
3000.0,2024-07-03,10,23,24H Night,7,0.0,2024-07-03,6000.0,3300.0,1.0,5230.0,5.0,25.0,0.7142857142857143,0.8333333333333334,0.7142857142857143,7,-0.4999999999999997,-0.8660254037844388,2024,2,27,185,0,0,,0,2,4,0,0,0,0,0,monsoon,0,0,24H Night,24.0,0.96,24H,0,0.0,3125.0,1.0,0,0.9583333333333334,0.9958,0,1,0,Clear,1,Standard,0.0,26.0,20.0,60.0,4.2,25.0,50.0,90.0,4888.888888888889,4833.333333333333,4875.0,4333.333333333333,4888.888888888889,4888.888888888889,4833.333333333333,0.6,4,1.124,541.67,4375.0,3500.0,4375.0,3500.0,2136.0009363293825,4.0,0.8,3000.0,4875.0,0,0,0,0,0,0,0,0,0,1,0,0,0,0,1.0,0.15833333333333333,101.0,0.8571325715519985,-0.11904761904761907,33.32132571551998,0.0,5,5,1.479,1.2,1.067,0.693
2500.0,2024-07-05,2,9,12H Day,7,0.0,2024-07-05,3000.0,2500.0,2.0,3770.0,6.0,24.0,0.8571428571428571,0.8,0.8571428571428571,7,-0.4999999999999997,-0.8660254037844388,2024,4,27,187,0,1,Rath Yatra (Ahmedabad),0,1,6,0,1,0,0,0,monsoon,1,0,12H Day,12.0,0.38,12H,0,0.0,6578.95,1.0,0,0.75,0.975,1,0,0,Clear,1,Standard,0.0,26.0,20.0,60.0,4.2,25.0,50.0,90.0,2385.714285714286,2377.2727272727275,1988.235294117647,2300.0,2385.714285714286,2385.714285714286,2023.076923076923,0.7,4,1.014,34.06,2382.608695652174,2500.0,2382.608695652174,2500.0,609.5096195176782,23.0,1.0,2000.0,2750.0,0,0,0,0,0,1,0,0,0,1,0,0,0,0,1.0,0.15833333333333333,101.0,1.071415178738837,0.05714285714285705,50.464151787388374,0.5,5,5,1.479,1.2,1.067,0.693
5500.0,2024-07-06,10,23,24H Night,7,0.0,2024-07-06,3000.0,6000.0,1.0,5230.0,5.0,24.0,0.7142857142857143,0.8,0.7142857142857143,7,-0.4999999999999997,-0.8660254037844388,2024,5,27,188,1,1,Muharram,0,1,1,1,1,0,0,0,monsoon,1,0,24H Night,24.0,0.96,24H,0,0.0,5729.17,1.0,0,0.9583333333333334,0.9958,0,1,0,Clear,1,Standard,0.0,26.0,20.0,60.0,4.2,25.0,73.95,90.0,4611.111111111111,4800.0,4562.5,6250.0,4611.111111111111,4611.111111111111,4750.0,0.61,4,1.124,541.67,4916.666666666667,5000.0,4916.666666666667,5000.0,376.3863263545405,6.0,1.0,4625.0,5000.0,0,0,1,0,0,0,0,0,0,1,0,0,0,0,1.0,0.15833333333333333,101.0,0.8928459822823643,-0.08571428571428574,68.67845982282364,0.5,5,5,1.479,1.2,1.067,0.693
2500.0,2024-07-10,2,11,12H Day,7,0.0,2024-07-10,2500.0,3000.0,4.0,3670.0,3.0,22.0,0.42857142857142855,0.7333333333333333,0.42857142857142855,7,-0.4999999999999997,-0.8660254037844388,2024,2,28,192,0,0,,0,6,3,0,0,0,0,0,monsoon,0,0,12H Day,12.0,0.46,12H,0,0.0,5434.78,1.0,0,0.9166666666666666,0.9917,1,0,0,Clear,1,Standard,0.0,26.0,20.0,60.0,4.2,25.0,50.0,90.0,2385.714285714286,2377.2727272727275,1988.235294117647,2400.0,2385.714285714286,2385.714285714286,2072.7272727272725,0.98,1,1.014,34.06,2382.608695652174,2500.0,2382.608695652174,2500.0,609.5096195176782,23.0,1.0,2000.0,2750.0,0,0,0,0,0,0,0,0,0,1,0,0,0,0,1.0,0.15833333333333333,101.0,0.5844076152208314,-0.30476190476190473,30.594076152208313,0.0,5,5,1.479,1.2,1.067,0.693
2500.0,2024-07-11,2,11,12H Day,7,0.0,2024-07-11,2500.0,2500.0,1.0,3620.0,4.0,21.0,0.5714285714285714,0.7,0.5714285714285714,7,-0.4999999999999997,-0.8660254037844388,2024,3,28,193,0,0,,0,5,4,0,0,0,0,0,monsoon,0,0,12H Day,12.0,0.46,12H,0,0.0,5434.78,1.0,0,0.9166666666666666,0.9917,1,0,0,Clear,1,Standard,0.0,26.0,20.0,60.0,4.2,25.0,50.0,90.0,2385.714285714286,2377.2727272727275,1988.235294117647,2400.0,2385.714285714286,2385.714285714286,2072.7272727272725,0.98,1,1.014,34.06,2382.608695652174,2500.0,2382.608695652174,2500.0,609.5096195176782,23.0,1.0,2000.0,2750.0,0,0,0,0,0,0,0,0,0,1,0,0,0,0,1.0,0.15833333333333333,101.0,0.8163148689712596,-0.12857142857142856,32.9131486897126,0.0,5,5,1.479,1.2,1.067,0.693
2000.0,2024-07-11,8,12,12H Night,7,0.0,2024-07-11,3000.0,2000.0,0.0,2870.0,5.0,22.0,0.7142857142857143,0.7333333333333333,0.7142857142857143,7,-0.4999999999999997,-0.8660254037844388,2024,3,28,193,0,0,,0,5,4,0,0,0,0,0,monsoon,0,0,12H Night,12.0,0.5,12H,0,0.0,4000.0,1.0,0,1.0,1.0,0,1,0,Clear,1,Standard,0.0,26.0,20.0,60.0,4.2,25.0,50.0,90.0,2385.714285714286,1925.0,2333.3333333333335,2385.714285714286,2385.714285714286,2385.714285714286,1925.0,0.51,5,1.546,1060.0,1940.0,2000.0,1940.0,2000.0,817.312669668102,5.0,1.0,2000.0,2000.0,0,0,0,0,0,0,0,0,0,1,0,0,0,0,1.0,0.15833333333333333,101.0,0.9740126920347192,-0.01904761904761898,34.490126920347194,0.0,5,5,1.479,1.2,1.067,0.693
4500.0,2024-07-13,10,23,24H Night,7,0.0,2024-07-13,5500.0,3000.0,2.0,5130.0,4.0,21.0,0.5714285714285714,0.7,0.5714285714285714,7,-0.4999999999999997,-0.8660254037844388,2024,5,28,195,1,0,,0,3,6,0,0,0,0,0,monsoon,1,0,24H Night,24.0,0.96,24H,0,0.0,4687.5,1.0,0,0.9583333333333334,0.9958,0,1,0,Clear,1,Standard,0.0,26.0,20.0,60.0,4.2,25.0,73.95,90.0,4722.222222222223,5000.0,4687.5,4083.3333333333335,4722.222222222223,4722.222222222223,5000.0,0.61,4,1.124,541.67,4916.666666666667,5000.0,4916.666666666667,5000.0,376.3863263545405,6.0,1.0,4625.0,5000.0,0,0,1,0,0,0,0,0,0,1,0,0,0,0,1.0,0.15833333333333333,101.0,0.8163148689712596,-0.12857142857142856,52.9131486897126,0.0,5,5,1.479,1.2,1.067,0.693
3000.0,2024-07-17,4,9,12H Day,7,0.0,2024-07-17,2500.0,2500.0,4.0,3620.0,4.0,18.0,0.5714285714285714,0.6,0.5714285714285714,7,-0.4999999999999997,-0.8660254037844388,2024,2,29,199,0,1,Muharram,0,7,1,0,1,0,0,0,monsoon,1,0,12H Day,12.0,0.38,12H,0,0.0,7894.74,1.0,0,0.75,0.975,0,1,0,Clear,1,Standard,0.0,26.0,20.0,60.0,4.2,25.0,50.0,90.0,2367.8571428571427,2354.5454545454545,2750.0,2200.0,2367.8571428571427,2367.8571428571427,2785.714285714286,0.64,4,1.014,34.06,2382.608695652174,2500.0,2382.608695652174,2500.0,609.5096195176782,23.0,1.0,2000.0,2750.0,0,0,0,0,0,0,0,0,0,1,0,0,0,0,1.0,0.15833333333333333,101.0,0.9523650796296252,-0.02857142857142858,49.27365079629625,0.5,5,5,1.479,1.2,1.067,0.693
2000.0,2024-07-18,2,9,12H Day,7,0.0,2024-07-18,3000.0,2500.0,1.0,2820.0,3.0,19.0,0.42857142857142855,0.6333333333333333,0.42857142857142855,7,-0.4999999999999997,-0.8660254037844388,2024,3,29,200,0,0,,0,7,1,0,1,0,0,0,monsoon,0,0,12H Day,12.0,0.38,12H,0,0.0,5263.16,1.0,0,0.75,0.975,1,0,0,Clear,1,Standard,0.0,26.0,20.0,60.0,4.2,25.0,50.0,90.0,2403.5714285714284,2400.0,2017.6470588235295,2422.7272727272725,2403.5714285714284,2403.5714285714284,2118.181818181818,0.98,1,1.014,34.06,2382.608695652174,2500.0,2382.608695652174,2500.0,609.5096195176782,23.0,1.0,2000.0,2750.0,0,0,0,0,0,0,0,0,0,1,0,0,0,0,1.0,0.15833333333333333,101.0,0.6766810448857575,-0.20476190476190476,31.516810448857576,0.0,5,5,1.479,1.2,1.067,0.693
3000.0,2024-07-19,7,10,12H Day,7,0.0,2024-07-19,2000.0,3000.0,1.0,2720.0,4.0,20.0,0.5714285714285714,0.6666666666666666,0.5714285714285714,7,-0.4999999999999997,-0.8660254037844388,2024,4,29,201,0,0,,0,7,2,0,0,0,0,0,monsoon,0,0,12H Day,12.0,0.42,12H,0,0.0,7142.86,1.0,0,0.8333333333333334,0.9833,0,1,0,Clear,1,Standard,0.0,26.0,20.0,60.0,4.2,25.0,50.0,90.0,2367.8571428571427,2354.5454545454545,2750.0,2377.2727272727275,2367.8571428571427,2367.8571428571427,2750.0,0.91,1,1.014,34.06,2382.608695652174,2500.0,2382.608695652174,2500.0,609.5096195176782,23.0,1.0,2000.0,2750.0,0,0,0,0,0,0,0,0,0,1,0,0,0,0,1.0,0.15833333333333333,101.0,0.8571300001928543,-0.09523809523809523,33.32130000192854,0.0,5,5,1.479,1.2,1.067,0.693
2000.0,2024-07-24,2,9,12H Day,7,0.0,2024-07-24,3000.0,2000.0,5.0,2600.0,3.0,15.0,0.42857142857142855,0.5,0.42857142857142855,7,-0.4999999999999997,-0.8660254037844388,2024,2,30,206,0,0,,0,5,7,0,0,0,0,0,monsoon,0,0,12H Day,12.0,0.38,12H,0,0.0,5263.16,1.0,0,0.75,0.975,1,0,0,Clear,1,Standard,0.0,26.0,20.0,60.0,4.2,25.0,50.0,90.0,2403.5714285714284,2400.0,2017.6470588235295,2422.7272727272725,2403.5714285714284,2403.5714285714284,2118.181818181818,0.98,1,1.014,34.06,2382.608695652174,2500.0,2382.608695652174,2500.0,609.5096195176782,23.0,1.0,2000.0,2750.0,0,0,0,0,0,0,0,0,0,1,0,0,0,0,1.0,0.15833333333333333,101.0,0.8571257146285646,-0.07142857142857145,33.321257146285646,0.0,5,5,1.479,1.2,1.067,0.693
3500.0,2024-07-26,22,12,12H Day,7,0.0,2024-07-26,2000.0,3000.0,2.0,2650.0,2.0,16.0,0.2857142857142857,0.5333333333333333,0.2857142857142857,7,-0.4999999999999997,-0.8660254037844388,2024,4,30,208,0,0,,0,3,7,0,0,0,0,0,monsoon,0,0,12H Day,12.0,0.5,12H,0,0.0,7000.0,1.0,0,1.0,1.0,0,0,1,Clear,1,Standard,0.0,26.0,20.0,60.0,4.2,25.0,50.0,90.0,2350.0,2331.818181818182,2350.0,2354.5454545454545,2350.0,2350.0,2331.818181818182,0.6,5,1.014,34.06,2382.608695652174,2500.0,2382.608695652174,2500.0,609.5096195176782,23.0,1.0,2000.0,2750.0,0,0,0,0,0,0,0,0,0,1,0,0,0,0,1.0,0.15833333333333333,101.0,0.5357042412597621,-0.24761904761904763,30.10704241259762,0.0,5,5,1.479,1.2,1.067,0.693
2500.0,2024-07-27,4,9,12H Day,7,0.0,2024-07-27,3500.0,2000.0,1.0,2650.0,3.0,17.0,0.42857142857142855,0.5666666666666667,0.42857142857142855,7,-0.4999999999999997,-0.8660254037844388,2024,5,30,209,1,0,,0,2,7,0,0,0,0,0,monsoon,1,0,12H Day,12.0,0.38,12H,0,0.0,6578.95,1.0,0,0.75,0.975,0,1,0,Clear,1,Standard,0.0,26.0,20.0,60.0,4.2,25.0,73.95,90.0,2385.714285714286,2400.0,2812.5,2400.0,2385.714285714286,2385.714285714286,2400.0,0.52,5,1.014,34.06,2416.6666666666665,2250.0,2416.6666666666665,2250.0,1158.3033569262702,6.0,1.0,2000.0,2500.0,0,1,0,0,0,0,0,0,0,1,0,0,0,0,1.0,0.15833333333333333,101.0,0.7562891747288494,-0.1380952380952381,52.312891747288496,0.0,5,5,1.479,1.2,1.067,0.693
5000.0,2024-07-27,4,23,24H Night,7,0.0,2024-07-27,4500.0,5500.0,0.0,5130.0,4.0,18.0,0.5714285714285714,0.6,0.5714285714285714,7,-0.4999999999999997,-0.8660254037844388,2024,5,30,209,1,0,,0,2,7,0,0,0,0,0,monsoon,1,0,24H Night,24.0,0.96,24H,0,0.0,5208.33,1.0,0,0.9583333333333334,0.9958,0,1,0,Clear,1,Standard,0.0,26.0,20.0,60.0,4.2,25.0,73.95,90.0,4666.666666666667,4900.0,4666.666666666667,4000.0,4666.666666666667,4666.666666666667,4900.0,0.52,5,1.124,541.67,4916.666666666667,5000.0,4916.666666666667,5000.0,376.3863263545405,6.0,1.0,4625.0,5000.0,0,0,1,0,0,0,0,0,0,1,0,0,0,0,1.0,0.15833333333333333,101.0,0.9523650796296252,-0.02857142857142858,54.27365079629625,0.0,5,5,1.479,1.2,1.067,0.693
1000.0,2024-07-29,2,5,12H Day,7,0.0,2024-07-29,2500.0,3500.0,2.0,2450.0,5.0,17.0,0.7142857142857143,0.5666666666666667,0.7142857142857143,7,-0.4999999999999997,-0.8660254037844388,2024,0,31,211,0,1,Muharram,0,7,7,0,1,0,0,0,monsoon,1,0,12H Day,12.0,0.21,12H,0,0.0,4761.9,1.0,0,0.4166666666666667,0.9417,1,0,0,Clear,1,Standard,0.0,26.0,20.0,60.0,4.2,25.0,50.0,90.0,2439.285714285714,2445.4545454545455,2076.470588235294,2600.0,2439.285714285714,2439.285714285714,2138.4615384615386,0.7,4,1.014,34.06,2382.608695652174,2500.0,2382.608695652174,2500.0,609.5096195176782,23.0,1.0,2000.0,2750.0,0,0,0,0,0,0,0,0,0,1,0,0,0,0,1.0,0.15833333333333333,101.0,1.2604819578814157,0.14761904761904765,52.35481957881416,0.5,5,5,1.479,1.2,1.067,0.693
1500.0,2024-07-30,2,10,12H Day,7,0.0,2024-07-30,1000.0,2500.0,1.0,2350.0,6.0,18.0,0.8571428571428571,0.6,0.8571428571428571,7,-0.4999999999999997,-0.8660254037844388,2024,1,31,212,0,0,,0,7,1,0,1,0,0,0,monsoon,0,0,12H Day,12.0,0.42,12H,0,0.0,3571.43,1.0,0,0.8333333333333334,0.9833,1,0,0,Clear,1,Standard,0.0,26.0,20.0,60.0,4.2,25.0,50.0,90.0,2421.4285714285716,2422.7272727272725,2047.0588235294117,2445.4545454545455,2421.4285714285716,2421.4285714285716,2163.6363636363635,0.98,1,1.014,34.06,2382.608695652174,2500.0,2382.608695652174,2500.0,609.5096195176782,23.0,1.0,2000.0,2750.0,0,0,0,0,0,0,0,0,0,1,0,0,0,0,1.0,0.15833333333333333,101.0,1.428547619444438,0.2571428571428571,39.03547619444438,0.0,5,5,1.479,1.2,1.067,0.693
2000.0,2024-07-31,3,11,12H Night,7,0.0,2024-07-31,2000.0,3000.0,1.0,2850.0,6.0,18.0,0.8571428571428571,0.6,0.8571428571428571,7,-0.4999999999999997,-0.8660254037844388,2024,2,31,213,0,0,,0,7,2,0,0,0,0,0,monsoon,0,0,12H Night,12.0,0.46,12H,0,0.0,4347.83,1.0,0,0.9166666666666666,0.9917,0,1,0,Clear,1,Standard,0.0,26.0,20.0,60.0,4.2,25.0,50.0,90.0,2385.714285714286,1925.0,2333.3333333333335,2385.714285714286,2385.714285714286,2385.714285714286,1925.0,0.51,5,1.546,1060.0,1940.0,2000.0,1940.0,2000.0,817.312669668102,5.0,1.0,2000.0,2000.0,0,0,0,0,0,0,0,0,0,1,0,0,0,0,1.0,0.15833333333333333,101.0,1.428547619444438,0.2571428571428571,39.03547619444438,0.0,5,5,1.479,1.2,1.067,0.693
2500.0,2024-08-01,2,10,12H Day,7,0.0,2024-08-01,1500.0,1000.0,1.0,2350.0,7.0,18.0,1.0,0.6,1.0,8,-0.8660254037844384,-0.5000000000000004,2024,3,31,214,0,0,,0,7,3,0,0,0,0,0,monsoon,0,0,12H Day,12.0,0.42,12H,0,0.0,5952.38,1.0,0,0.8333333333333334,0.9833,1,0,0,Clear,1,Standard,0.0,26.0,20.0,60.0,4.2,25.0,50.0,90.0,2072.7272727272725,2200.0,1300.0,2150.0,2072.7272727272725,2072.7272727272725,1600.0,0.92,1,0.782,-484.31,2217.6470588235293,2500.0,2217.6470588235293,2500.0,854.5724765325986,17.0,1.0,1500.0,3000.0,0,0,0,0,0,0,0,0,0,1,0,0,0,0,1.0,0.19166666666666668,97.0,1.6666388893518442,0.4,42.416388893518445,0.0,5,5,1.479,1.2,1.067,0.693
1500.0,2024-08-01,8,12,12H Night,7,0.0,2024-08-01,2000.0,2000.0,0.0,2800.0,8.0,19.0,1.0,0.6333333333333333,1.1428571428571428,8,-0.8660254037844384,-0.5000000000000004,2024,3,31,214,0,0,,0,7,3,0,0,0,0,0,monsoon,0,0,12H Night,12.0,0.5,12H,0,0.0,3000.0,1.0,0,1.0,1.0,0,1,0,Clear,1,Standard,0.0,26.0,20.0,60.0,4.2,25.0,50.0,90.0,2240.0,1500.0,2566.6666666666665,2240.0,2240.0,2240.0,2240.0,0.42000000000000004,6,1.822,1233.33,1500.0,1500.0,1500.0,1500.0,1000.0,3.0,0.6,1000.0,2000.0,0,0,0,0,0,0,0,0,0,1,0,0,0,0,1.0,0.19166666666666668,97.0,1.8044827863620199,0.3666666666666667,43.7948278636202,0.0,5,5,1.479,1.2,1.067,0.693
3000.0,2024-08-03,6,10,12H Day,7,0.0,2024-08-03,2500.0,1500.0,2.0,2400.0,6.0,19.0,0.8571428571428571,0.6333333333333333,0.8571428571428571,8,-0.8660254037844384,-0.5000000000000004,2024,5,31,216,1,0,,0,6,5,0,0,0,0,0,monsoon,1,0,12H Day,12.0,0.42,12H,0,0.0,7142.86,1.0,0,0.8333333333333334,0.9833,0,1,0,Clear,1,Standard,0.0,26.0,20.0,60.0,4.2,25.0,73.95,90.0,2050.0,1480.0,2536.3636363636365,2118.75,2050.0,2050.0,1480.0,0.52,5,0.782,-484.31,1733.3333333333333,1700.0,1733.3333333333333,1700.0,1162.181856108013,6.0,1.0,675.0,2800.0,0,1,0,0,0,0,0,0,0,1,0,0,0,0,1.0,0.19166666666666668,97.0,1.353362089771515,0.2238095238095238,59.28362089771515,0.0,5,5,1.479,1.2,1.067,0.693
3000.0,2024-08-03,7,23,24H Night,7,0.0,2024-08-03,5000.0,4500.0,0.0,4880.0,7.0,20.0,1.0,0.6666666666666666,1.0,8,-0.8660254037844384,-0.5000000000000004,2024,5,31,216,1,0,,0,6,5,0,0,0,0,0,monsoon,1,0,24H Night,24.0,0.96,24H,0,0.0,3125.0,1.0,0,0.9583333333333334,0.9958,0,1,0,Clear,1,Standard,0.0,26.0,20.0,60.0,4.2,25.0,73.95,90.0,4500.0,4333.333333333333,4750.0,4333.333333333333,4500.0,4500.0,4333.333333333333,0.53,5,0.892,-500.0,4142.857142857143,4500.0,4142.857142857143,4500.0,690.0655593423543,7.0,1.0,3750.0,4500.0,0,0,1,0,0,0,0,0,0,1,0,0,0,0,1.0,0.19166666666666668,97.0,1.499977500337495,0.33333333333333337,60.74977500337495,0.0,5,5,1.479,1.2,1.067,0.693
3000.0,2024-08-06,8,24,24H Day,7,0.0,2024-08-06,13500.0,4000.0,3.0,6885.714285714285,6.0,19.0,0.8571428571428571,0.6333333333333333,0.8571428571428571,8,-0.8660254037844384,-0.5000000000000004,2024,1,32,219,0,0,,0,3,7,0,0,0,0,0,monsoon,0,0,24H Day,24.0,1.0,24H,0,0.0,3000.0,1.0,0,1.0,1.0,0,1,0,Clear,1,Standard,0.0,26.0,20.0,60.0,4.2,25.0,50.0,90.0,3750.0,3750.0,4000.0,3750.0,3750.0,3750.0,4978.260869565217,0.4,7,1.25,0.0,3500.0,3500.0,3500.0,3500.0,500.0,3.0,0.6,3250.0,3750.0,0,0,0,0,0,0,0,0,0,1,0,0,0,0,1.0,0.19166666666666668,97.0,1.353362089771515,0.2238095238095238,39.28362089771515,0.0,5,5,1.479,1.2,1.067,0.693
3500.0,2024-08-07,10,23,24H Day,7,0.0,2024-08-07,3000.0,13500.0,1.0,6462.5,6.0,20.0,0.8571428571428571,0.6666666666666666,0.8571428571428571,8,-0.8660254037844384,-0.5000000000000004,2024,2,32,220,0,0,,0,2,7,0,0,0,0,0,monsoon,0,0,24H Day,24.0,0.96,24H,0,0.0,3645.83,1.0,0,0.9583333333333334,0.9958,0,1,0,Clear,1,Standard,0.0,26.0,20.0,60.0,4.2,25.0,50.0,90.0,3500.0,3500.0,3500.0,3500.0,3500.0,3500.0,4956.521739130435,0.4,7,1.25,0.0,3500.0,3500.0,3500.0,3500.0,500.0,3.0,0.6,3250.0,3750.0,0,0,0,0,0,0,0,0,0,1,0,0,0,0,1.0,0.19166666666666668,97.0,1.2856950002892815,0.19047619047619047,38.606950002892816,0.0,5,5,1.479,1.2,1.067,0.693
3000.0,2024-08-11,12,12,12H Night,7,0.0,2024-08-11,1500.0,2000.0,4.0,2750.0,3.0,18.0,0.42857142857142855,0.6,0.42857142857142855,8,-0.8660254037844384,-0.5000000000000004,2024,6,32,224,1,0,,0,4,2,0,0,0,0,0,monsoon,1,0,12H Night,12.0,0.5,12H,0,0.0,6000.0,1.0,0,1.0,1.0,0,1,0,Clear,1,Standard,0.0,26.0,20.0,60.0,4.2,25.0,73.95,90.0,1940.0,2600.0,500.0,1940.0,1940.0,1940.0,1940.0,0.42000000000000004,6,1.822,1233.33,2733.3333333333335,2700.0,2733.3333333333335,2700.0,251.66114784235836,3.0,0.6,2600.0,2850.0,0,0,0,0,1,0,0,0,0,1,0,0,0,0,1.0,0.19166666666666668,97.0,0.714273809722219,-0.17142857142857143,52.89273809722219,0.0,5,5,1.479,1.2,1.067,0.693
1000.0,2024-08-12,2,4,12H Day,7,0.0,2024-08-12,3000.0,2500.0,1.0,2200.0,4.0,18.0,0.5714285714285714,0.6,0.5714285714285714,8,-0.8660254037844384,-0.5000000000000004,2024,0,33,225,0,0,,0,3,3,0,0,0,0,0,monsoon,0,0,12H Day,12.0,0.17,12H,0,0.0,5882.35,1.0,0,0.3333333333333333,0.9333,1,0,0,Clear,1,Standard,0.0,26.0,20.0,60.0,4.2,25.0,50.0,90.0,2140.909090909091,2293.75,1466.6666666666667,2243.75,2140.909090909091,2140.909090909091,1900.0,0.92,1,0.782,-484.31,2217.6470588235293,2500.0,2217.6470588235293,2500.0,854.5724765325986,17.0,1.0,1500.0,3000.0,0,0,0,0,0,0,0,0,0,1,0,0,0,0,1.0,0.19166666666666668,97.0,0.9523650796296252,-0.02857142857142858,35.27365079629625,0.0,5,5,1.479,1.2,1.067,0.693
3000.0,2024-08-14,15,11,12H Day,7,0.0,2024-08-14,1000.0,3000.0,2.0,2300.0,3.0,19.0,0.42857142857142855,0.6333333333333333,0.42857142857142855,8,-0.8660254037844384,-0.5000000000000004,2024,2,33,227,0,0,,0,1,5,0,1,0,0,0,monsoon,0,0,12H Day,12.0,0.46,12H,0,0.0,6521.74,1.0,0,0.9166666666666666,0.9917,0,0,1,Clear,1,Standard,0.0,26.0,20.0,60.0,4.2,25.0,50.0,90.0,2050.0,2168.75,2050.0,2118.75,2050.0,2050.0,2168.75,0.6,5,0.782,-484.31,2217.6470588235293,2500.0,2217.6470588235293,2500.0,854.5724765325986,17.0,1.0,1500.0,3000.0,0,0,0,0,0,0,0,0,0,1,0,0,0,0,1.0,0.19166666666666668,97.0,0.6766810448857575,-0.20476190476190476,32.516810448857576,0.0,5,5,1.479,1.2,1.067,0.693
500.0,2024-08-14,12,12,12H Night,7,0.0,2024-08-14,3000.0,1500.0,0.0,2500.0,4.0,20.0,0.5714285714285714,0.6666666666666666,0.5714285714285714,8,-0.8660254037844384,-0.5000000000000004,2024,2,33,227,0,0,,0,1,5,0,1,0,0,0,monsoon,0,0,12H Night,12.0,0.5,12H,0,0.0,1000.0,1.0,0,1.0,1.0,0,1,0,Clear,1,Standard,0.0,26.0,20.0,60.0,4.2,25.0,50.0,90.0,2440.0,2000.0,3000.0,2440.0,2440.0,2440.0,2440.0,0.42000000000000004,6,1.822,1233.33,1500.0,1500.0,1500.0,1500.0,1000.0,3.0,0.6,1000.0,2000.0,0,0,0,0,0,0,0,0,0,1,0,0,0,0,1.0,0.19166666666666668,97.0,0.8571300001928543,-0.09523809523809523,34.32130000192854,0.0,5,5,1.479,1.2,1.067,0.693
1000.0,2024-08-16,8,12,12H Day,7,0.0,2024-08-16,3000.0,1000.0,2.0,2100.0,5.0,20.0,0.7142857142857143,0.6666666666666666,0.7142857142857143,8,-0.8660254037844384,-0.5000000000000004,2024,4,33,229,0,1,Janmashtami (Krishna Jayanti),0,1,1,0,1,0,0,0,monsoon,1,0,12H Day,12.0,0.5,12H,0,0.0,2000.0,1.0,0,1.0,1.0,0,1,0,Clear,1,Standard,0.0,26.0,20.0,60.0,4.2,25.0,50.0,90.0,2140.909090909091,2293.75,2718.181818181818,2040.0,2140.909090909091,2140.909090909091,2712.5,0.65,4,0.782,-484.31,2217.6470588235293,2500.0,2217.6470588235293,2500.0,854.5724765325986,17.0,1.0,1500.0,3000.0,0,0,0,0,0,1,0,0,0,1,0,0,0,0,1.0,0.19166666666666668,97.0,1.071412500241068,0.04761904761904767,60.46412500241068,0.8,5,5,1.479,1.2,1.067,0.693
1200.0,2024-08-17,2,6,12H Day,7,0.0,2024-08-17,1000.0,3000.0,1.0,2020.0,6.0,20.0,0.8571428571428571,0.6666666666666666,0.8571428571428571,8,-0.8660254037844384,-0.5000000000000004,2024,5,33,230,1,1,Raksha Bandhan,0,2,1,1,1,0,0,0,monsoon,1,0,12H Day,12.0,0.25,12H,0,0.0,4800.0,1.0,0,0.5,0.95,1,0,0,Clear,1,Standard,0.0,26.0,20.0,60.0,4.2,25.0,73.95,90.0,2131.818181818182,1840.0,1444.4444444444443,2000.0,2131.818181818182,2131.818181818182,1840.0,0.52,5,0.782,-484.31,1733.3333333333333,1700.0,1733.3333333333333,1700.0,1162.181856108013,6.0,1.0,675.0,2800.0,0,1,0,0,0,0,0,0,0,1,0,0,0,0,1.0,0.19166666666666668,97.0,1.2856950002892815,0.19047619047619047,73.60695000289282,0.5,5,5,1.479,1.2,1.067,0.693
4500.0,2024-08-18,15,23,24H Night,7,0.0,2024-08-18,3000.0,5000.0,1.0,4730.0,6.0,20.0,0.8571428571428571,0.6666666666666666,0.8571428571428571,8,-0.8660254037844384,-0.5000000000000004,2024,6,33,231,1,0,,0,1,1,1,1,0,0,0,monsoon,1,0,24H Night,24.0,0.96,24H,0,0.0,4687.5,1.0,0,0.9583333333333334,0.9958,0,0,1,Clear,1,Standard,0.0,26.0,20.0,60.0,4.2,25.0,73.95,90.0,4384.615384615385,4083.3333333333335,4375.0,4166.666666666667,4384.615384615385,4384.615384615385,4000.0,0.9,1,0.892,-500.0,4142.857142857143,4500.0,4142.857142857143,4500.0,690.0655593423543,7.0,1.0,3750.0,4500.0,0,0,0,0,1,0,0,0,0,1,0,0,0,0,1.0,0.19166666666666668,97.0,1.2856950002892815,0.19047619047619047,58.606950002892816,0.0,5,5,1.479,1.2,1.067,0.693
1000.0,2024-08-20,2,7,12H Day,7,0.0,2024-08-20,1200.0,1000.0,2.0,1770.0,6.0,21.0,0.8571428571428571,0.7,0.8571428571428571,8,-0.8660254037844384,-0.5000000000000004,2024,1,34,233,0,0,,0,5,1,0,1,0,0,0,monsoon,0,0,12H Day,12.0,0.29,12H,0,0.0,3448.28,1.0,0,0.5833333333333334,0.9583,1,0,0,Clear,1,Standard,0.0,26.0,20.0,60.0,4.2,25.0,50.0,90.0,2140.909090909091,2293.75,1466.6666666666667,2243.75,2140.909090909091,2140.909090909091,1900.0,0.92,1,0.782,-484.31,2217.6470588235293,2500.0,2217.6470588235293,2500.0,854.5724765325986,17.0,1.0,1500.0,3000.0,0,0,0,0,0,0,0,0,0,1,0,0,0,0,1.0,0.19166666666666668,97.0,1.2244723034568894,0.15714285714285714,37.99472303456889,0.0,5,5,1.479,1.2,1.067,0.693
6500.0,2024-08-20,4,47,24H Night,7,0.0,2024-08-20,4500.0,3000.0,0.0,4830.0,7.0,22.0,1.0,0.7333333333333333,1.0,8,-0.8660254037844384,-0.5000000000000004,2024,1,34,233,0,0,,0,5,1,0,1,0,0,0,monsoon,0,0,24H Night,24.0,1.96,48H,1,23.0,3316.33,0.95,1,1.0,1.0,0,1,0,Clear,1,Standard,0.0,26.0,20.0,60.0,4.2,25.0,50.0,90.0,4230.7692307692305,4333.333333333333,3875.0,3944.4444444444443,4230.7692307692305,4230.7692307692305,4333.333333333333,0.53,5,0.892,-500.0,4642.857142857143,4500.0,4642.857142857143,4500.0,1345.1854182690984,7.0,1.0,3500.0,5500.0,0,0,0,0,0,0,0,0,0,1,0,0,0,0,1.0,0.19166666666666668,97.0,1.3636177688486069,0.2666666666666667,39.38617768848607,0.0,5,5,1.479,1.2,1.067,0.693
2500.0,2024-08-23,7,12,12H Night,7,0.0,2024-08-23,500.0,3000.0,3.0,2350.0,5.0,22.0,0.7142857142857143,0.7333333333333333,0.7142857142857143,8,-0.8660254037844384,-0.5000000000000004,2024,4,34,236,0,0,,0,2,4,0,0,0,0,0,monsoon,0,0,12H Night,12.0,0.5,12H,0,0.0,5000.0,1.0,0,1.0,1.0,0,1,0,Clear,1,Standard,0.0,26.0,20.0,60.0,4.2,25.0,50.0,90.0,2040.0,1000.0,2233.3333333333335,2040.0,2040.0,2040.0,2040.0,0.42000000000000004,6,1.822,1233.33,1500.0,1500.0,1500.0,1500.0,1000.0,3.0,0.6,1000.0,2000.0,1,0,0,0,0,0,0,0,0,1,0,0,0,0,1.0,0.19166666666666668,97.0,0.9740126920347192,-0.01904761904761898,35.490126920347194,0.0,5,5,1.479,1.2,1.067,0.693
500.0,2024-08-24,2,4,12H Day,7,0.0,2024-08-24,1000.0,1200.0,1.0,1570.0,5.0,23.0,0.7142857142857143,0.7666666666666667,0.7142857142857143,8,-0.8660254037844384,-0.5000000000000004,2024,5,34,237,1,0,,0,1,5,1,1,0,0,0,monsoon,1,0,12H Day,12.0,0.17,12H,0,0.0,2941.18,1.0,0,0.3333333333333333,0.9333,1,0,0,Clear,1,Standard,0.0,26.0,20.0,60.0,4.2,25.0,73.95,90.0,2163.6363636363635,1980.0,1522.2222222222222,2275.0,2163.6363636363635,2163.6363636363635,1980.0,0.52,5,0.782,-484.31,1733.3333333333333,1700.0,1733.3333333333333,1700.0,1162.181856108013,6.0,1.0,675.0,2800.0,0,1,0,0,0,0,0,0,0,1,0,0,0,0,1.0,0.19166666666666668,97.0,0.931664866483108,-0.05238095238095242,55.06664866483108,0.0,5,5,1.479,1.2,1.067,0.693
4000.0,2024-08-24,15,24,24H Night,7,0.0,2024-08-24,6500.0,4500.0,0.0,4530.0,6.0,24.0,0.8571428571428571,0.8,0.8571428571428571,8,-0.8660254037844384,-0.5000000000000004,2024,5,34,237,1,0,,0,1,5,1,1,0,0,0,monsoon,1,0,24H Night,24.0,1.0,24H,0,0.0,4000.0,1.0,0,1.0,1.0,0,0,1,Clear,1,Standard,0.0,26.0,20.0,60.0,4.2,25.0,73.95,90.0,4423.076923076923,4166.666666666667,4437.5,4222.222222222223,4423.076923076923,4423.076923076923,4166.666666666667,0.9,1,0.892,-500.0,4142.857142857143,4500.0,4142.857142857143,4500.0,690.0655593423543,7.0,1.0,3750.0,4500.0,0,0,1,0,0,0,0,0,0,1,0,0,0,0,1.0,0.19166666666666668,97.0,1.071415178738837,0.05714285714285705,56.464151787388374,0.0,5,5,1.479,1.2,1.067,0.693
2500.0,2024-08-27,4,10,12H Day,7,0.0,2024-08-27,500.0,1000.0,3.0,1720.0,4.0,22.0,0.5714285714285714,0.7333333333333333,0.5714285714285714,8,-0.8660254037844384,-0.5000000000000004,2024,1,35,240,0,1,Ganesh Chaturthi,0,1,1,0,1,0,0,0,monsoon,1,0,12H Day,12.0,0.42,12H,0,0.0,5952.38,1.0,0,0.8333333333333334,0.9833,0,1,0,Clear,1,Standard,0.0,26.0,20.0,60.0,4.2,25.0,50.0,90.0,2072.7272727272725,2200.0,2581.818181818182,1740.0,2072.7272727272725,2072.7272727272725,2525.0,0.65,4,0.782,-484.31,2217.6470588235293,2500.0,2217.6470588235293,2500.0,854.5724765325986,17.0,1.0,1500.0,3000.0,0,0,0,0,0,0,0,0,0,1,0,0,0,0,1.0,0.19166666666666668,97.0,0.7792101536277752,-0.16190476190476188,57.542101536277755,0.8,5,5,1.479,1.2,1.067,0.693
1000.0,2024-08-29,2,8,12H Day,7,0.0,2024-08-29,2500.0,500.0,2.0,1670.0,5.0,21.0,0.7142857142857143,0.7,0.7142857142857143,8,-0.8660254037844384,-0.5000000000000004,2024,3,35,242,0,0,,0,1,1,0,1,0,0,0,monsoon,0,0,12H Day,12.0,0.33,12H,0,0.0,3030.3,1.0,0,0.6666666666666666,0.9667,1,0,0,Clear,1,Standard,0.0,26.0,20.0,60.0,4.2,25.0,50.0,90.0,2140.909090909091,2293.75,1466.6666666666667,2243.75,2140.909090909091,2140.909090909091,1900.0,0.92,1,0.782,-484.31,2217.6470588235293,2500.0,2217.6470588235293,2500.0,854.5724765325986,17.0,1.0,1500.0,3000.0,0,0,0,0,0,0,0,0,0,1,0,0,0,0,1.0,0.19166666666666668,97.0,1.0203935862140747,0.014285714285714346,35.953935862140746,0.0,5,5,1.479,1.2,1.067,0.693
2500.0,2024-08-30,4,9,12H Day,7,0.0,2024-08-30,1000.0,2500.0,1.0,1670.0,5.0,21.0,0.7142857142857143,0.7,0.7142857142857143,8,-0.8660254037844384,-0.5000000000000004,2024,4,35,243,0,1,Raksha Bandhan,0,5,2,0,1,0,0,0,monsoon,1,0,12H Day,12.0,0.38,12H,0,0.0,6578.95,1.0,0,0.75,0.975,0,1,0,Clear,1,Standard,0.0,26.0,20.0,60.0,4.2,25.0,50.0,90.0,2072.7272727272725,2200.0,2581.818181818182,1740.0,2072.7272727272725,2072.7272727272725,2525.0,0.65,4,0.782,-484.31,2217.6470588235293,2500.0,2217.6470588235293,2500.0,854.5724765325986,17.0,1.0,1500.0,3000.0,0,0,0,0,0,0,0,0,0,1,0,0,0,0,1.0,0.19166666666666668,97.0,1.0203935862140747,0.014285714285714346,50.953935862140746,0.5,5,5,1.479,1.2,1.067,0.693
3000.0,2024-08-31,4,9,12H Day,7,0.0,2024-08-31,2500.0,1000.0,1.0,1670.0,4.0,20.0,0.5714285714285714,0.6666666666666666,0.5714285714285714,8,-0.8660254037844384,-0.5000000000000004,2024,5,35,244,1,0,,0,4,1,1,1,0,0,0,monsoon,1,0,12H Day,12.0,0.38,12H,0,0.0,7894.74,1.0,0,0.75,0.975,0,1,0,Clear,1,Standard,0.0,26.0,20.0,60.0,4.2,25.0,73.95,90.0,2050.0,1480.0,2536.3636363636365,2118.75,2050.0,2050.0,1480.0,0.52,5,0.782,-484.31,1733.3333333333333,1700.0,1733.3333333333333,1700.0,1162.181856108013,6.0,1.0,675.0,2800.0,0,1,0,0,0,0,0,0,0,1,0,0,0,0,1.0,0.19166666666666668,97.0,0.8571300001928543,-0.09523809523809523,54.32130000192854,0.0,5,5,1.479,1.2,1.067,0.693
2700.0,2024-08-31,8,13,12H Night,7,0.0,2024-08-31,2500.0,500.0,0.0,2220.0,5.0,21.0,0.7142857142857143,0.7,0.7142857142857143,8,-0.8660254037844384,-0.5000000000000004,2024,5,35,244,1,0,,0,4,1,1,1,0,0,0,monsoon,1,0,12H Night,12.0,0.54,12H,0,0.0,5000.0,1.0,0,1.0,1.0,0,1,0,Clear,1,Standard,0.0,26.0,20.0,60.0,4.2,25.0,73.95,90.0,2000.0,2750.0,2166.6666666666665,2000.0,2000.0,2000.0,2000.0,0.42000000000000004,6,1.822,1233.33,2733.3333333333335,2700.0,2733.3333333333335,2700.0,251.66114784235836,3.0,0.6,2600.0,2850.0,0,0,1,0,0,0,0,0,0,1,0,0,0,0,1.0,0.19166666666666668,97.0,1.0203935862140747,0.014285714285714346,55.953935862140746,0.0,5,5,1.479,1.2,1.067,0.693
2500.0,2024-09-03,15,7,12H Day,7,0.0,2024-09-03,3000.0,2500.0,3.0,1820.0,5.0,20.0,0.7142857142857143,0.6666666666666666,0.7142857142857143,9,-1.0,-1.8369701987210297e-16,2024,1,36,247,0,0,,0,1,4,0,1,0,0,0,monsoon,0,0,12H Day,12.0,0.29,12H,0,0.0,8620.69,1.0,0,0.5833333333333334,0.9583,0,0,1,Clear,1,Standard,0.0,26.0,20.0,60.0,4.2,25.0,50.0,90.0,1784.0,1655.0,2250.0,1705.0,1784.0,1784.0,1655.0,0.6,5,1.357,604.76,1695.2380952380952,1500.0,1695.2380952380952,1500.0,434.13844620833856,21.0,1.0,1500.0,2000.0,0,0,0,0,0,0,0,0,0,1,0,0,0,0,1.0,0.16666666666666666,100.0,1.071412500241068,0.04761904761904767,35.71412500241068,0.0,5,5,1.479,1.2,1.067,0.693
1000.0,2024-09-05,2,10,12H Day,7,0.0,2024-09-05,2500.0,3000.0,2.0,1620.0,5.0,20.0,0.7142857142857143,0.6666666666666666,0.7142857142857143,9,-1.0,-1.8369701987210297e-16,2024,3,36,249,0,1,Eid-e-Milad,0,2,1,0,1,0,0,0,monsoon,1,0,12H Day,12.0,0.42,12H,0,0.0,2380.95,1.0,0,0.8333333333333334,0.9833,1,0,0,Clear,1,Standard,0.0,26.0,20.0,60.0,4.2,25.0,50.0,90.0,1844.0,1730.0,1575.0,2375.0,1844.0,1844.0,1553.8461538461538,0.7,4,1.357,604.76,1695.2380952380952,1500.0,1695.2380952380952,1500.0,434.13844620833856,21.0,1.0,1500.0,2000.0,0,0,0,0,0,0,0,0,0,1,0,0,0,0,1.0,0.16666666666666666,100.0,1.071412500241068,0.04761904761904767,59.71412500241068,0.8,5,5,1.479,1.2,1.067,0.693
2000.0,2024-09-06,2,9,12H Day,7,0.0,2024-09-06,1000.0,2500.0,1.0,1720.0,5.0,20.0,0.7142857142857143,0.6666666666666666,0.7142857142857143,9,-1.0,-1.8369701987210297e-16,2024,4,36,250,0,0,,0,1,1,0,1,0,0,0,monsoon,0,0,12H Day,12.0,0.38,12H,0,0.0,5263.16,1.0,0,0.75,0.975,1,0,0,Clear,1,Standard,0.0,26.0,20.0,60.0,4.2,25.0,50.0,90.0,1804.0,1680.0,1512.5,1730.0,1804.0,1804.0,1472.7272727272727,0.98,1,1.357,604.76,1695.2380952380952,1500.0,1695.2380952380952,1500.0,434.13844620833856,21.0,1.0,1500.0,2000.0,0,0,0,0,0,1,0,0,0,1,0,0,0,0,1.0,0.16666666666666666,100.0,1.071412500241068,0.04761904761904767,35.71412500241068,0.0,5,5,1.479,1.2,1.067,0.693
1500.0,2024-09-07,2,6,12H Day,7,0.0,2024-09-07,2000.0,1000.0,1.0,1750.0,4.0,21.0,0.5714285714285714,0.7,0.5714285714285714,9,-1.0,-1.8369701987210297e-16,2024,5,36,251,1,1,Ganesh Chaturthi,0,7,2,1,1,0,0,0,monsoon,1,0,12H Day,12.0,0.25,12H,0,0.0,6000.0,1.0,0,0.5,0.95,1,0,0,Clear,1,Standard,0.0,26.0,20.0,60.0,4.2,25.0,73.95,90.0,1824.0,2500.0,1543.75,2250.0,1824.0,1824.0,2500.0,0.51,5,1.357,604.76,2300.0,2000.0,2300.0,2000.0,908.2951062292476,5.0,1.0,1500.0,3000.0,0,1,0,0,0,0,0,0,0,1,0,0,0,0,1.0,0.16666666666666666,100.0,0.8163148689712596,-0.12857142857142856,77.1631486897126,0.8,5,5,1.479,1.2,1.067,0.693
2500.0,2024-09-07,8,9,12H Night,7,0.0,2024-09-07,2700.0,2500.0,0.0,2170.0,5.0,22.0,0.7142857142857143,0.7333333333333333,0.7142857142857143,9,-1.0,-1.8369701987210297e-16,2024,5,36,251,1,1,Ganesh Chaturthi,0,7,2,1,1,0,0,0,monsoon,1,0,12H Night,12.0,0.38,12H,0,0.0,6578.95,1.0,0,0.75,0.975,0,1,0,Clear,1,Standard,0.0,26.0,20.0,60.0,4.2,25.0,73.95,90.0,2470.0,2900.0,2571.4285714285716,2000.0,2470.0,2470.0,2470.0,0.47000000000000003,6,1.171,404.17,2766.6666666666665,2800.0,2766.6666666666665,2800.0,251.66114784235836,3.0,0.6,2650.0,2900.0,0,0,1,0,0,0,0,0,0,1,0,0,0,0,1.0,0.16666666666666666,100.0,0.9740126920347192,-0.01904761904761898,78.7401269203472,0.8,5,5,1.479,1.2,1.067,0.693
2000.0,2024-09-09,2,9,12H Day,7,0.0,2024-09-09,1500.0,2000.0,2.0,1850.0,6.0,23.0,0.8571428571428571,0.7666666666666667,0.8571428571428571,9,-1.0,-1.8369701987210297e-16,2024,0,37,253,0,0,,0,5,2,0,0,0,0,0,monsoon,0,0,12H Day,12.0,0.38,12H,0,0.0,5263.16,1.0,0,0.75,0.975,1,0,0,Clear,1,Standard,0.0,26.0,20.0,60.0,4.2,25.0,50.0,90.0,1804.0,1680.0,1512.5,1730.0,1804.0,1804.0,1472.7272727272727,0.98,1,1.357,604.76,1695.2380952380952,1500.0,1695.2380952380952,1500.0,434.13844620833856,21.0,1.0,1500.0,2000.0,0,0,0,0,0,0,0,0,0,1,0,0,0,0,1.0,0.16666666666666666,100.0,1.1179978397797294,0.09047619047619038,36.17997839779729,0.0,5,5,1.479,1.2,1.067,0.693
1000.0,2024-09-10,2,6,12H Day,7,0.0,2024-09-10,2000.0,1500.0,1.0,1900.0,6.0,23.0,0.8571428571428571,0.7666666666666667,0.8571428571428571,9,-1.0,-1.8369701987210297e-16,2024,1,37,254,0,0,,0,4,3,0,0,0,0,0,monsoon,0,0,12H Day,12.0,0.25,12H,0,0.0,4000.0,1.0,0,0.5,0.95,1,0,0,Clear,1,Standard,0.0,26.0,20.0,60.0,4.2,25.0,50.0,90.0,1844.0,1730.0,1575.0,1780.0,1844.0,1844.0,1563.6363636363637,0.98,1,1.357,604.76,1695.2380952380952,1500.0,1695.2380952380952,1500.0,434.13844620833856,21.0,1.0,1500.0,2000.0,0,0,0,0,0,0,0,0,0,1,0,0,0,0,1.0,0.16666666666666666,100.0,1.1179978397797294,0.09047619047619038,36.17997839779729,0.0,5,5,1.479,1.2,1.067,0.693
1500.0,2024-09-12,3,9,12H Day,7,0.0,2024-09-12,1000.0,2000.0,2.0,1800.0,6.0,23.0,0.8571428571428571,0.7666666666666667,0.8571428571428571,9,-1.0,-1.8369701987210297e-16,2024,3,37,256,0,0,,0,2,5,0,0,0,0,0,monsoon,0,0,12H Day,12.0,0.38,12H,0,0.0,3947.37,1.0,0,0.75,0.975,0,1,0,Clear,1,Standard,0.0,26.0,20.0,60.0,4.2,25.0,50.0,90.0,1824.0,1705.0,2480.0,1755.0,1824.0,1824.0,2133.3333333333335,0.9,1,1.357,604.76,1695.2380952380952,1500.0,1695.2380952380952,1500.0,434.13844620833856,21.0,1.0,1500.0,2000.0,0,0,0,0,0,0,0,0,0,1,0,0,0,0,1.0,0.16666666666666666,100.0,1.1179978397797294,0.09047619047619038,36.17997839779729,0.0,5,5,1.479,1.2,1.067,0.693
1500.0,2024-09-13,2,6,12H Day,7,0.0,2024-09-13,1500.0,1000.0,1.0,1850.0,6.0,22.0,0.8571428571428571,0.7333333333333333,0.8571428571428571,9,-1.0,-1.8369701987210297e-16,2024,4,37,257,0,0,,0,1,6,0,1,0,0,0,monsoon,0,0,12H Day,12.0,0.25,12H,0,0.0,6000.0,1.0,0,0.5,0.95,1,0,0,Clear,1,Standard,0.0,26.0,20.0,60.0,4.2,25.0,50.0,90.0,1824.0,1705.0,1543.75,1755.0,1824.0,1824.0,1518.1818181818182,0.98,1,1.357,604.76,1695.2380952380952,1500.0,1695.2380952380952,1500.0,434.13844620833856,21.0,1.0,1500.0,2000.0,0,0,0,0,0,1,0,0,0,1,0,0,0,0,1.0,0.16666666666666666,100.0,1.1688152304416628,0.12380952380952381,36.688152304416626,0.0,5,5,1.479,1.2,1.067,0.693
2500.0,2024-09-13,5,12,12H Night,7,0.0,2024-09-13,2500.0,2700.0,0.0,2220.0,7.0,23.0,1.0,0.7666666666666667,1.0,9,-1.0,-1.8369701987210297e-16,2024,4,37,257,0,0,,0,1,6,0,1,0,0,0,monsoon,0,0,12H Night,12.0,0.5,12H,0,0.0,5000.0,1.0,0,1.0,1.0,0,1,0,Clear,1,Standard,0.0,26.0,20.0,60.0,4.2,25.0,50.0,90.0,2470.0,2342.8571428571427,2571.4285714285716,2700.0,2470.0,2470.0,2500.0,0.9,1,1.171,404.17,2362.5,2500.0,2362.5,2500.0,639.0562237728831,8.0,1.0,2200.0,2575.0,1,0,0,0,0,1,0,0,0,1,0,0,0,0,1.0,0.16666666666666666,100.0,1.3043308130763511,0.23333333333333328,38.04330813076351,0.0,5,5,1.479,1.2,1.067,0.693
2800.0,2024-09-14,8,12,12H Night,7,0.0,2024-09-14,2500.0,2500.0,1.0,2200.0,6.0,24.0,0.8571428571428571,0.8,0.8571428571428571,9,-1.0,-1.8369701987210297e-16,2024,5,37,258,1,1,Ganesh Chaturthi,0,2,7,1,1,0,0,0,monsoon,1,0,12H Night,12.0,0.5,12H,0,0.0,5600.0,1.0,0,1.0,1.0,0,1,0,Clear,1,Standard,0.0,26.0,20.0,60.0,4.2,25.0,73.95,90.0,2440.0,2750.0,2528.5714285714284,1900.0,2440.0,2440.0,2440.0,0.47000000000000003,6,1.171,404.17,2766.6666666666665,2800.0,2766.6666666666665,2800.0,251.66114784235836,3.0,0.6,2650.0,2900.0,0,0,1,0,0,0,0,0,0,1,0,0,0,0,1.0,0.16666666666666666,100.0,1.071415178738837,0.05714285714285705,79.71415178738837,0.8,5,5,1.479,1.2,1.067,0.693
2200.0,2024-09-17,4,9,12H Day,7,0.0,2024-09-17,1500.0,1500.0,3.0,1820.0,5.0,22.0,0.7142857142857143,0.7333333333333333,0.7142857142857143,9,-1.0,-1.8369701987210297e-16,2024,1,38,261,0,0,,0,2,1,0,1,0,0,0,monsoon,0,0,12H Day,12.0,0.38,12H,0,0.0,5789.47,1.0,0,0.75,0.975,0,1,0,Clear,1,Standard,0.0,26.0,20.0,60.0,4.2,25.0,50.0,90.0,1796.0,1670.0,2340.0,1720.0,1796.0,1796.0,1900.0,0.9,1,1.357,604.76,1695.2380952380952,1500.0,1695.2380952380952,1500.0,434.13844620833856,21.0,1.0,1500.0,2000.0,0,0,0,0,0,0,0,0,0,1,0,0,0,0,1.0,0.16666666666666666,100.0,0.9740126920347192,-0.01904761904761898,34.740126920347194,0.0,5,5,1.479,1.2,1.067,0.693
2500.0,2024-09-19,5,9,12H Day,7,0.0,2024-09-19,2200.0,1500.0,2.0,1770.0,5.0,21.0,0.7142857142857143,0.7,0.7142857142857143,9,-1.0,-1.8369701987210297e-16,2024,3,38,263,0,1,Ganesh Chaturthi,0,3,3,0,1,0,0,0,monsoon,1,0,12H Day,12.0,0.38,12H,0,0.0,6578.95,1.0,0,0.75,0.975,0,1,0,Clear,1,Standard,0.0,26.0,20.0,60.0,4.2,25.0,50.0,90.0,1784.0,1655.0,2280.0,2000.0,1784.0,1784.0,1975.0,0.61,4,1.357,604.76,1695.2380952380952,1500.0,1695.2380952380952,1500.0,434.13844620833856,21.0,1.0,1500.0,2000.0,0,0,0,0,0,0,0,0,0,1,0,0,0,0,1.0,0.16666666666666666,100.0,1.0203935862140747,0.014285714285714346,59.203935862140746,0.8,5,5,1.479,1.2,1.067,0.693
1500.0,2024-09-20,2,9,12H Day,7,0.0,2024-09-20,2500.0,2200.0,1.0,1670.0,4.0,22.0,0.5714285714285714,0.7333333333333333,0.5714285714285714,9,-1.0,-1.8369701987210297e-16,2024,4,38,264,0,0,,0,2,1,0,1,0,0,0,monsoon,0,0,12H Day,12.0,0.38,12H,0,0.0,3947.37,1.0,0,0.75,0.975,1,0,0,Clear,1,Standard,0.0,26.0,20.0,60.0,4.2,25.0,50.0,90.0,1824.0,1705.0,1543.75,1755.0,1824.0,1824.0,1518.1818181818182,0.98,1,1.357,604.76,1695.2380952380952,1500.0,1695.2380952380952,1500.0,434.13844620833856,21.0,1.0,1500.0,2000.0,0,0,0,0,0,0,0,0,0,1,0,0,0,0,1.0,0.16666666666666666,100.0,0.7792101536277752,-0.16190476190476188,32.792101536277755,0.0,5,5,1.479,1.2,1.067,0.693
1500.0,2024-09-21,2,9,12H Day,7,0.0,2024-09-21,1500.0,2500.0,1.0,1720.0,4.0,23.0,0.5714285714285714,0.7666666666666667,0.5714285714285714,9,-1.0,-1.8369701987210297e-16,2024,5,38,265,1,0,,0,1,2,1,1,0,0,0,monsoon,1,0,12H Day,12.0,0.38,12H,0,0.0,3947.37,1.0,0,0.75,0.975,1,0,0,Clear,1,Standard,0.0,26.0,20.0,60.0,4.2,25.0,73.95,90.0,1824.0,2500.0,1543.75,1755.0,1824.0,1824.0,2500.0,0.51,5,1.357,604.76,2300.0,2000.0,2300.0,2000.0,908.2951062292476,5.0,1.0,1500.0,3000.0,0,1,0,0,0,0,0,0,0,1,0,0,0,0,1.0,0.16666666666666666,100.0,0.7453318931864863,-0.19523809523809532,52.453318931864864,0.0,5,5,1.479,1.2,1.067,0.693
3500.0,2024-09-22,8,11,12H Day,7,0.0,2024-09-22,1500.0,1500.0,1.0,1870.0,5.0,23.0,0.7142857142857143,0.7666666666666667,0.7142857142857143,9,-1.0,-1.8369701987210297e-16,2024,6,38,266,1,1,Navratri Start (Nortu 1),0,6,3,1,1,0,0,0,monsoon,1,0,12H Day,12.0,0.46,12H,0,0.0,7608.7,1.0,0,0.9166666666666666,0.9917,0,1,0,Clear,1,Standard,0.0,26.0,20.0,60.0,4.2,25.0,73.95,90.0,1744.0,2000.0,2080.0,1750.0,1744.0,1744.0,2000.0,0.51,5,1.357,604.76,2300.0,2000.0,2300.0,2000.0,908.2951062292476,5.0,1.0,1500.0,3000.0,0,0,0,1,0,0,0,0,0,1,0,0,0,0,1.0,0.16666666666666666,100.0,0.931664866483108,-0.05238095238095242,78.31664866483108,0.8,5,5,1.479,1.2,1.067,0.693
2000.0,2024-09-24,4,9,12H Day,7,0.0,2024-09-24,3500.0,1500.0,2.0,1920.0,5.0,22.0,0.7142857142857143,0.7333333333333333,0.7142857142857143,9,-1.0,-1.8369701987210297e-16,2024,1,39,268,0,0,,0,4,2,0,0,0,0,0,monsoon,0,0,12H Day,12.0,0.38,12H,0,0.0,5263.16,1.0,0,0.75,0.975,0,1,0,Clear,1,Standard,0.0,26.0,20.0,60.0,4.2,25.0,50.0,90.0,1804.0,1680.0,2380.0,1730.0,1804.0,1804.0,1966.6666666666667,0.9,1,1.357,604.76,1695.2380952380952,1500.0,1695.2380952380952,1500.0,434.13844620833856,21.0,1.0,1500.0,2000.0,0,0,0,0,0,0,0,0,0,1,0,0,0,0,1.0,0.16666666666666666,100.0,0.9740126920347192,-0.01904761904761898,34.740126920347194,0.0,5,5,1.479,1.2,1.067,0.693
2500.0,2024-09-25,9,12,12H Night,7,0.0,2024-09-25,2800.0,2500.0,1.0,2250.0,6.0,23.0,0.8571428571428571,0.7666666666666667,0.8571428571428571,9,-1.0,-1.8369701987210297e-16,2024,2,39,269,0,0,,0,3,3,0,0,0,0,0,monsoon,0,0,12H Night,12.0,0.5,12H,0,0.0,5000.0,1.0,0,1.0,1.0,0,1,0,Clear,1,Standard,0.0,26.0,20.0,60.0,4.2,25.0,50.0,90.0,2470.0,2342.8571428571427,1000.0,2700.0,2470.0,2470.0,2342.8571428571427,0.54,5,1.171,404.17,2362.5,2500.0,2362.5,2500.0,639.0562237728831,8.0,1.0,2200.0,2575.0,0,0,0,0,0,0,0,0,0,1,0,0,0,0,1.0,0.16666666666666666,100.0,1.1179978397797294,0.09047619047619038,36.17997839779729,0.0,5,5,1.479,1.2,1.067,0.693
4500.0,2024-09-28,15,24,24H Night,7,0.0,2024-09-28,4000.0,6500.0,3.0,4650.0,4.0,22.0,0.5714285714285714,0.7333333333333333,0.5714285714285714,9,-1.0,-1.8369701987210297e-16,2024,5,39,272,1,1,Eid-e-Milad,0,3,6,1,1,0,0,0,monsoon,1,0,24H Night,24.0,1.0,24H,0,0.0,4500.0,1.0,0,1.0,1.0,0,0,1,Clear,1,Standard,0.0,26.0,20.0,60.0,4.2,25.0,73.95,90.0,4000.0,4000.0,4000.0,4000.0,4000.0,4000.0,5909.841269841269,0.4,7,1.25,0.0,4250.0,4250.0,4250.0,4250.0,353.5533905932738,2.0,0.4,4125.0,4375.0,0,0,1,0,0,0,0,0,0,1,0,0,0,0,1.0,0.16666666666666666,100.0,0.7792101536277752,-0.16190476190476188,76.79210153627776,0.8,5,5,1.479,1.2,1.067,0.693
1200.0,2024-09-30,2,5,12H Day,7,0.0,2024-09-30,2000.0,3500.0,2.0,1840.0,4.0,20.0,0.5714285714285714,0.6666666666666666,0.5714285714285714,9,-1.0,-1.8369701987210297e-16,2024,0,40,274,0,0,,0,1,2,0,1,0,0,0,monsoon,0,0,12H Day,12.0,0.21,12H,0,0.0,5714.29,1.0,0,0.4166666666666667,0.9417,1,0,0,Clear,1,Standard,0.0,26.0,20.0,60.0,4.2,25.0,50.0,90.0,1836.0,1720.0,1562.5,1770.0,1836.0,1836.0,1545.4545454545455,0.98,1,1.357,604.76,1695.2380952380952,1500.0,1695.2380952380952,1500.0,434.13844620833856,21.0,1.0,1500.0,2000.0,0,0,0,0,0,0,0,0,0,1,0,0,0,0,1.0,0.16666666666666666,100.0,0.8571300001928543,-0.09523809523809523,33.57130000192854,0.0,5,5,1.479,1.2,1.067,0.693
2200.0,2024-10-03,2,15,24H Day,7,0.0,2024-10-03,3500.0,3000.0,3.0,5988.888888888889,3.0,20.0,0.42857142857142855,0.6666666666666666,0.42857142857142855,10,-0.8660254037844386,0.5000000000000001,2024,3,40,277,0,1,Navratri Start (Nortu 1),0,6,1,0,1,1,1,0,monsoon,1,0,24H Day,24.0,0.62,24H,0,0.0,3548.39,1.0,0,0.625,0.9625,1,0,0,Clear,1,Standard,0.0,26.0,20.0,60.0,4.2,25.0,53.349999999999994,90.0,4433.333333333333,3500.0,4433.333333333333,4900.0,4433.333333333333,4433.333333333333,4433.333333333333,0.4,6,1.719,2050.0,2850.0,2850.0,2850.0,2850.0,919.2388155425118,2.0,0.4,2525.0,3175.0,0,0,0,0,0,0,0,0,0,1,0,0,0,0,1.0,0.175,99.0,0.6428475001446408,-0.23809523809523808,55.67847500144641,0.8,5,5,1.479,1.2,1.067,0.693
2000.0,2024-10-05,2,9,12H Day,7,0.0,2024-10-05,1200.0,2000.0,2.0,1940.0,3.0,20.0,0.42857142857142855,0.6666666666666666,0.42857142857142855,10,-0.8660254037844386,0.5000000000000001,2024,5,40,279,1,0,,0,4,2,0,0,1,1,0,monsoon,1,0,12H Day,12.0,0.38,12H,0,0.0,5263.16,1.0,0,0.75,0.975,1,0,0,Clear,1,Standard,0.0,26.0,20.0,60.0,4.2,25.0,78.90465,90.0,2295.8333333333335,2485.714285714286,1769.2307692307693,2253.3333333333335,2295.8333333333335,2295.8333333333335,1800.0,0.61,4,1.094,207.35,2425.0,2100.0,2425.0,2100.0,943.776607950359,8.0,1.0,1875.0,2800.0,0,1,0,0,0,0,0,0,0,1,0,0,0,0,1.0,0.175,99.0,0.6428475001446408,-0.23809523809523808,51.67847500144641,0.0,5,5,1.479,1.2,1.067,0.693
4500.0,2024-10-05,10,24,24H Night,7,0.0,2024-10-05,4500.0,4000.0,0.0,4500.0,4.0,21.0,0.5714285714285714,0.7,0.5714285714285714,10,-0.8660254037844386,0.5000000000000001,2024,5,40,279,1,0,,0,4,2,0,0,1,1,0,monsoon,1,0,24H Night,24.0,1.0,24H,0,0.0,4500.0,1.0,0,1.0,1.0,0,1,0,Clear,1,Standard,0.0,26.0,20.0,60.0,4.2,25.0,78.90465,90.0,5125.0,4500.0,5250.0,4333.333333333333,5125.0,5125.0,5125.0,0.45,6,0.863,-714.29,4500.0,4500.0,4500.0,4500.0,0.0,2.0,0.4,4500.0,4500.0,0,0,1,0,0,0,0,0,0,1,0,0,0,0,1.0,0.175,99.0,0.8163148689712596,-0.12857142857142856,53.4131486897126,0.0,5,5,1.479,1.2,1.067,0.693
2000.0,2024-10-10,2,7,12H Night,7,0.0,2024-10-10,2500.0,2800.0,5.0,2250.0,3.0,17.0,0.42857142857142855,0.5666666666666667,0.42857142857142855,10,-0.8660254037844386,0.5000000000000001,2024,3,41,284,0,0,,0,1,1,0,1,1,1,0,monsoon,0,0,12H Night,12.0,0.29,12H,0,0.0,6896.55,1.0,0,0.5833333333333334,0.9583,1,0,0,Clear,1,Standard,0.0,26.0,20.0,60.0,4.2,25.0,53.349999999999994,90.0,2725.0,2714.285714285714,2200.0,2714.285714285714,2725.0,2725.0,2714.285714285714,0.54,5,1.044,115.0,2625.0,2500.0,2625.0,2500.0,353.5533905932737,8.0,1.0,2500.0,3000.0,0,0,0,0,0,0,0,0,0,1,0,0,0,0,1.0,0.175,99.0,0.7562891747288494,-0.1380952380952381,32.812891747288496,0.0,5,5,1.479,1.2,1.067,0.693
2000.0,2024-10-11,2,9,12H Day,7,0.0,2024-10-11,2000.0,1200.0,1.0,1990.0,4.0,18.0,0.5714285714285714,0.6,0.5714285714285714,10,-0.8660254037844386,0.5000000000000001,2024,4,41,285,0,1,Navratri Start (Nortu 1),0,1,2,0,1,1,1,0,monsoon,1,0,12H Day,12.0,0.38,12H,0,0.0,5263.16,1.0,0,0.75,0.975,1,0,0,Clear,1,Standard,0.0,26.0,20.0,60.0,4.2,25.0,53.349999999999994,90.0,2295.8333333333335,2231.25,1769.2307692307693,2412.5,2295.8333333333335,2295.8333333333335,1725.0,0.65,4,1.094,207.35,2217.6470588235293,2000.0,2217.6470588235293,2000.0,782.0128628399016,17.0,1.0,1500.0,2600.0,0,0,0,0,0,1,0,0,0,1,0,0,0,0,1.0,0.175,99.0,0.9523650796296252,-0.02857142857142858,58.77365079629625,0.8,5,5,1.479,1.2,1.067,0.693
4300.0,2024-10-12,5,23,24H Day,7,0.0,2024-10-12,2200.0,3500.0,1.0,5820.0,3.0,18.0,0.42857142857142855,0.6,0.42857142857142855,10,-0.8660254037844386,0.5000000000000001,2024,5,41,286,1,1,Dussehra (Vijayadashami),0,3,1,1,1,1,1,0,monsoon,1,0,24H Day,24.0,0.96,24H,0,0.0,4479.17,1.0,0,0.9583333333333334,0.9958,0,1,0,Clear,1,Standard,0.0,26.0,20.0,60.0,4.2,25.0,78.90465,90.0,3733.3333333333335,5500.0,5500.0,3850.0,3733.3333333333335,3733.3333333333335,3733.3333333333335,0.4,6,1.719,2050.0,4900.0,4900.0,4900.0,4900.0,848.5281374238571,2.0,0.4,4600.0,5200.0,0,1,0,0,0,0,0,0,0,1,0,0,0,0,1.0,0.175,99.0,0.714273809722219,-0.17142857142857143,67.39273809722219,0.5,5,5,1.479,1.2,1.067,0.693
1500.0,2024-10-17,4,8,12H Day,7,0.0,2024-10-17,2000.0,2000.0,5.0,1990.0,3.0,15.0,0.42857142857142855,0.5,0.42857142857142855,10,-0.8660254037844386,0.5000000000000001,2024,3,42,291,0,0,,0,3,2,0,0,1,1,0,monsoon,0,0,12H Day,12.0,0.33,12H,0,0.0,4545.45,1.0,0,0.6666666666666666,0.9667,0,1,0,Clear,1,Standard,0.0,26.0,20.0,60.0,4.2,25.0,53.349999999999994,90.0,2316.6666666666665,2262.5,2720.0,2286.6666666666665,2316.6666666666665,2316.6666666666665,2466.6666666666665,0.6,4,1.094,207.35,2217.6470588235293,2000.0,2217.6470588235293,2000.0,782.0128628399016,17.0,1.0,1500.0,2600.0,0,0,0,0,0,0,0,0,0,1,0,0,0,0,1.0,0.175,99.0,0.8571257146285646,-0.07142857142857145,33.821257146285646,0.0,5,5,1.479,1.2,1.067,0.693
2500.0,2024-10-17,9,12,12H Night,7,0.0,2024-10-17,2000.0,2500.0,0.0,2350.0,4.0,16.0,0.5714285714285714,0.5333333333333333,0.5714285714285714,10,-0.8660254037844386,0.5000000000000001,2024,3,42,291,0,0,,0,3,2,0,0,1,1,0,monsoon,0,0,12H Night,12.0,0.5,12H,0,0.0,5000.0,1.0,0,1.0,1.0,0,1,0,Clear,1,Standard,0.0,26.0,20.0,60.0,4.2,25.0,53.349999999999994,90.0,2683.3333333333335,2642.8571428571427,2875.0,2642.8571428571427,2683.3333333333335,2683.3333333333335,2833.3333333333335,0.6,4,1.044,115.0,2625.0,2500.0,2625.0,2500.0,353.5533905932737,8.0,1.0,2500.0,3000.0,0,0,0,0,0,0,0,0,0,1,0,0,0,0,1.0,0.175,99.0,1.0714084825195243,0.03809523809523807,35.96408482519524,0.0,5,5,1.479,1.2,1.067,0.693
2000.0,2024-10-18,4,6,12H Day,7,0.0,2024-10-18,1500.0,2000.0,1.0,1970.0,4.0,17.0,0.5714285714285714,0.5666666666666667,0.5714285714285714,10,-0.8660254037844386,0.5000000000000001,2024,4,42,292,0,0,,0,2,3,0,0,1,1,0,monsoon,0,0,12H Day,12.0,0.25,12H,0,0.0,8000.0,1.0,0,0.5,0.95,0,1,0,Clear,1,Standard,0.0,26.0,20.0,60.0,4.2,25.0,53.349999999999994,90.0,2295.8333333333335,2231.25,2620.0,2253.3333333333335,2295.8333333333335,2295.8333333333335,2300.0,0.6,4,1.094,207.35,2217.6470588235293,2000.0,2217.6470588235293,2000.0,782.0128628399016,17.0,1.0,1500.0,2600.0,0,0,0,0,0,0,0,0,0,1,0,0,0,0,1.0,0.175,99.0,1.0083855663051324,0.004761904761904745,35.333855663051324,0.0,5,5,1.479,1.2,1.067,0.693
1500.0,2024-10-19,2,8,12H Day,7,0.0,2024-10-19,2000.0,1500.0,1.0,1870.0,4.0,17.0,0.5714285714285714,0.5666666666666667,0.5714285714285714,10,-0.8660254037844386,0.5000000000000001,2024,5,42,293,1,0,,0,1,4,1,1,1,1,0,monsoon,1,0,12H Day,12.0,0.33,12H,0,0.0,4545.45,1.0,0,0.6666666666666666,0.9667,1,0,0,Clear,1,Standard,0.0,26.0,20.0,60.0,4.2,25.0,78.90465,90.0,2316.6666666666665,2557.1428571428573,1807.6923076923076,2286.6666666666665,2316.6666666666665,2316.6666666666665,1925.0,0.61,4,1.094,207.35,2425.0,2100.0,2425.0,2100.0,943.776607950359,8.0,1.0,1875.0,2800.0,0,1,0,0,0,0,0,0,0,1,0,0,0,0,1.0,0.175,99.0,1.0083855663051324,0.004761904761904745,55.333855663051324,0.0,5,5,1.479,1.2,1.067,0.693
4500.0,2024-10-19,10,23,24H Night,7,0.0,2024-10-19,4500.0,4500.0,0.0,4650.0,5.0,18.0,0.7142857142857143,0.6,0.7142857142857143,10,-0.8660254037844386,0.5000000000000001,2024,5,42,293,1,0,,0,1,4,1,1,1,1,0,monsoon,1,0,24H Night,24.0,0.96,24H,0,0.0,4687.5,1.0,0,0.9583333333333334,0.9958,0,1,0,Clear,1,Standard,0.0,26.0,20.0,60.0,4.2,25.0,78.90465,90.0,5125.0,4500.0,5250.0,4333.333333333333,5125.0,5125.0,5125.0,0.45,6,0.863,-714.29,4500.0,4500.0,4500.0,4500.0,0.0,2.0,0.4,4500.0,4500.0,0,0,1,0,0,0,0,0,0,1,0,0,0,0,1.0,0.175,99.0,1.1904563495370317,0.11428571428571432,57.15456349537032,0.0,5,5,1.479,1.2,1.067,0.693
3500.0,2024-10-21,12,24,24H Day,7,0.0,2024-10-21,4300.0,2200.0,2.0,5320.0,6.0,17.0,0.8571428571428571,0.5666666666666667,0.8571428571428571,10,-0.8660254037844386,0.5000000000000001,2024,0,43,295,0,0,,0,1,1,0,1,1,1,0,monsoon,0,0,24H Day,24.0,1.0,24H,0,0.0,3500.0,1.0,0,1.0,1.0,0,1,0,Clear,1,Standard,0.0,26.0,20.0,60.0,4.2,25.0,53.349999999999994,90.0,4000.0,2200.0,4000.0,4000.0,4000.0,4000.0,4000.0,0.4,6,1.719,2050.0,2850.0,2850.0,2850.0,2850.0,919.2388155425118,2.0,0.4,2525.0,3175.0,0,0,0,0,0,1,0,0,0,1,0,0,0,0,1.0,0.175,99.0,1.5125783494576988,0.29047619047619044,40.375783494576986,0.0,5,5,1.479,1.2,1.067,0.693
3000.0,2024-10-23,10,10,12H Day,7,0.0,2024-10-23,1500.0,2000.0,2.0,2020.0,7.0,17.0,1.0,0.5666666666666667,1.0,10,-0.8660254037844386,0.5000000000000001,2024,2,43,297,0,1,Bhai Dooj (Bhai Beej),0,1,1,0,1,1,1,0,monsoon,1,0,12H Day,12.0,0.42,12H,0,0.0,7142.86,1.0,0,0.8333333333333334,0.9833,0,1,0,Clear,1,Standard,0.0,26.0,20.0,60.0,4.2,25.0,53.349999999999994,90.0,2254.1666666666665,2168.75,3500.0,2287.5,2254.1666666666665,2254.1666666666665,3333.3333333333335,0.6,4,1.094,207.35,2217.6470588235293,2000.0,2217.6470588235293,2000.0,782.0128628399016,17.0,1.0,1500.0,2600.0,0,0,0,0,0,0,0,0,0,1,0,0,0,0,1.0,0.175,99.0,1.764674741033982,0.43333333333333335,57.89674741033982,0.5,5,5,1.479,1.2,1.067,0.693
3500.0,2024-10-23,8,23,24H Night,7,0.0,2024-10-23,4500.0,4500.0,0.0,4450.0,8.0,18.0,1.0,0.6,1.1428571428571428,10,-0.8660254037844386,0.5000000000000001,2024,2,43,297,0,1,Bhai Dooj (Bhai Beej),0,1,1,0,1,1,1,0,monsoon,1,0,24H Night,24.0,0.96,24H,0,0.0,3645.83,1.0,0,0.9583333333333334,0.9958,0,1,0,Clear,1,Standard,0.0,26.0,20.0,60.0,4.2,25.0,53.349999999999994,90.0,5250.0,5500.0,6000.0,6125.0,5250.0,5250.0,5500.0,0.53,5,0.863,-714.29,5214.285714285715,4000.0,5214.285714285715,4000.0,2464.026901522906,7.0,1.0,4000.0,5250.0,0,0,0,0,0,0,0,0,0,1,0,0,0,0,1.0,0.175,99.0,1.9047301592592505,0.4,59.297301592592504,0.5,5,5,1.479,1.2,1.067,0.693
4000.0,2024-10-24,12,23,24H Night,7,0.0,2024-10-24,3500.0,4500.0,1.0,4400.0,7.0,18.0,1.0,0.6,1.0,10,-0.8660254037844386,0.5000000000000001,2024,3,43,298,0,1,Dussehra (Vijayadashami),0,2,1,0,1,1,1,0,monsoon,1,0,24H Night,24.0,0.96,24H,0,0.0,4166.67,1.0,0,0.9583333333333334,0.9958,0,1,0,Clear,1,Standard,0.0,26.0,20.0,60.0,4.2,25.0,53.349999999999994,90.0,5187.5,5416.666666666667,5333.333333333333,6000.0,5187.5,5187.5,5750.0,0.61,4,0.863,-714.29,5214.285714285715,4000.0,5214.285714285715,4000.0,2464.026901522906,7.0,1.0,4000.0,5250.0,0,0,0,0,0,0,0,0,0,1,0,0,0,0,1.0,0.175,99.0,1.6666388893518442,0.4,56.916388893518445,0.5,5,5,1.479,1.2,1.067,0.693
4500.0,2024-10-25,10,23,24H Night,7,0.0,2024-10-25,4000.0,3500.0,1.0,4350.0,7.0,18.0,1.0,0.6,1.0,10,-0.8660254037844386,0.5000000000000001,2024,4,43,299,0,0,,0,1,1,0,1,1,1,0,monsoon,0,0,24H Night,24.0,0.96,24H,0,0.0,4687.5,1.0,0,0.9583333333333334,0.9958,0,1,0,Clear,1,Standard,0.0,26.0,20.0,60.0,4.2,25.0,53.349999999999994,90.0,5125.0,5333.333333333333,5250.0,4333.333333333333,5125.0,5125.0,5625.0,0.61,4,0.863,-714.29,5214.285714285715,4000.0,5214.285714285715,4000.0,2464.026901522906,7.0,1.0,4000.0,5250.0,1,0,0,0,0,1,0,0,0,1,0,0,0,0,1.0,0.175,99.0,1.6666388893518442,0.4,41.916388893518445,0.0,5,5,1.479,1.2,1.067,0.693
5500.0,2024-10-26,4,25,24H Day,7,0.0,2024-10-26,3500.0,4300.0,1.0,4870.0,6.0,19.0,0.8571428571428571,0.6333333333333333,0.8571428571428571,10,-0.8660254037844386,0.5000000000000001,2024,5,43,300,1,1,Labh Pancham,0,3,2,1,1,1,1,0,monsoon,1,0,24H Day,24.0,1.04,24H,1,1.0,5288.46,0.95,1,1.0,1.0,0,1,0,Clear,1,Standard,0.0,26.0,20.0,60.0,4.2,25.0,78.90465,90.0,3333.3333333333335,4300.0,4300.0,3250.0,3333.3333333333335,3333.3333333333335,3333.3333333333335,0.4,6,1.719,2050.0,4900.0,4900.0,4900.0,4900.0,848.5281374238571,2.0,0.4,4600.0,5200.0,0,1,0,0,0,0,0,0,0,1,0,0,0,0,1.0,0.175,99.0,1.353362089771515,0.2238095238095238,73.78362089771515,0.5,5,5,1.479,1.2,1.067,0.693
4000.0,2024-10-27,10,11,12H Day,7,0.0,2024-10-27,3000.0,1500.0,1.0,2270.0,7.0,20.0,1.0,0.6666666666666666,1.0,10,-0.8660254037844386,0.5000000000000001,2024,6,43,301,1,0,,0,2,1,1,1,1,1,0,monsoon,1,0,12H Day,12.0,0.46,12H,0,0.0,8695.65,1.0,0,0.9166666666666666,0.9917,0,1,0,Clear,1,Standard,0.0,26.0,20.0,60.0,4.2,25.0,78.90465,90.0,2212.5,2200.0,3250.0,2120.0,2212.5,2212.5,2200.0,0.54,5,1.094,207.35,2425.0,2100.0,2425.0,2100.0,943.776607950359,8.0,1.0,1875.0,2800.0,0,0,0,1,0,0,0,0,0,1,0,0,0,0,1.0,0.175,99.0,1.499977500337495,0.33333333333333337,60.24977500337495,0.0,5,5,1.479,1.2,1.067,0.693
2000.0,2024-10-27,4,10,12H Night,7,0.0,2024-10-27,2500.0,2000.0,0.0,2250.0,8.0,21.0,1.0,0.7,1.1428571428571428,10,-0.8660254037844386,0.5000000000000001,2024,6,43,301,1,0,,0,2,1,1,1,1,1,0,monsoon,1,0,12H Night,12.0,0.42,12H,0,0.0,4761.9,1.0,0,0.8333333333333334,0.9833,0,1,0,Clear,1,Standard,0.0,26.0,20.0,60.0,4.2,25.0,78.90465,90.0,2725.0,2925.0,2900.0,2714.285714285714,2725.0,2725.0,2925.0,0.51,5,1.044,115.0,2740.0,3000.0,2740.0,3000.0,622.8964600958975,5.0,1.0,2200.0,3000.0,0,0,0,0,1,0,0,0,0,1,0,0,0,0,1.0,0.175,99.0,1.6326297379425192,0.30000000000000004,61.57629737942519,0.0,5,5,1.479,1.2,1.067,0.693
4000.0,2024-10-28,14,23,24H Night,7,0.0,2024-10-28,4500.0,4000.0,1.0,4450.0,8.0,21.0,1.0,0.7,1.1428571428571428,10,-0.8660254037844386,0.5000000000000001,2024,0,44,302,0,0,,0,1,2,0,1,1,1,0,monsoon,0,0,24H Night,24.0,0.96,24H,0,0.0,4166.67,1.0,0,0.9583333333333334,0.9958,0,0,1,Clear,1,Standard,0.0,26.0,20.0,60.0,4.2,25.0,53.349999999999994,90.0,5187.5,5416.666666666667,5333.333333333333,4500.0,5187.5,5187.5,5750.0,0.61,4,0.863,-714.29,5214.285714285715,4000.0,5214.285714285715,4000.0,2464.026901522906,7.0,1.0,4000.0,5250.0,0,0,0,0,0,0,0,0,0,1,0,0,0,0,1.0,0.175,99.0,1.6326297379425192,0.30000000000000004,41.57629737942519,0.0,5,5,1.479,1.2,1.067,0.693
4000.0,2024-10-29,10,24,24H Night,7,0.0,2024-10-29,4000.0,4500.0,1.0,4400.0,9.0,22.0,1.0,0.7333333333333333,1.2857142857142858,10,-0.8660254037844386,0.5000000000000001,2024,1,44,303,0,1,Diwali (Lakshmi Pujan),0,2,3,0,1,1,1,0,monsoon,1,0,24H Night,24.0,1.0,24H,0,0.0,4000.0,1.0,0,1.0,1.0,0,1,0,Clear,1,Standard,0.0,26.0,20.0,60.0,4.2,25.0,53.349999999999994,90.0,5187.5,5416.666666666667,5333.333333333333,6000.0,5187.5,5187.5,5750.0,0.61,4,0.863,-714.29,5214.285714285715,4000.0,5214.285714285715,4000.0,2464.026901522906,7.0,1.0,4000.0,5250.0,0,0,0,0,0,0,0,0,0,1,0,0,0,0,1.0,0.175,99.0,1.7532228456624945,0.2666666666666667,72.78222845662495,1.0,5,5,1.479,1.2,1.067,0.693
4500.0,2024-11-01,12,24,24H Day,7,0.0,2024-11-01,5500.0,3500.0,3.0,5000.0,6.0,22.0,0.8571428571428571,0.7333333333333333,0.8571428571428571,11,-0.5000000000000004,0.8660254037844384,2024,4,44,306,0,1,Bhai Dooj (Bhai Beej),0,1,1,0,1,0,0,0,winter,1,0,24H Day,24.0,1.0,24H,0,0.0,4500.0,1.0,0,1.0,1.0,0,1,0,Clear,1,Standard,0.0,26.0,20.0,60.0,4.2,25.0,53.349999999999994,90.0,4250.0,4000.0,4000.0,4000.0,4250.0,4250.0,4913.04347826087,0.4,7,1.059,250.0,4250.0,4250.0,4250.0,4250.0,353.5533905932738,2.0,0.4,4125.0,4375.0,0,0,0,0,0,1,1,0,0,1,0,0,0,0,1.0,0.24166666666666667,91.0,1.1688152304416628,0.12380952380952381,63.938152304416626,0.5,5,5,1.479,1.2,1.067,0.693
6500.0,2024-11-02,8,23,24H Night,7,0.0,2024-11-02,4000.0,4000.0,1.0,4400.0,6.0,22.0,0.8571428571428571,0.7333333333333333,0.8571428571428571,11,-0.5000000000000004,0.8660254037844384,2024,5,44,307,1,1,Bestu Varas (Gujarati New Year 2081),0,1,1,1,1,0,0,0,winter,1,0,24H Night,24.0,0.96,24H,0,0.0,6770.83,1.0,0,0.9583333333333334,0.9958,0,1,0,Clear,1,Standard,0.0,26.0,20.0,60.0,4.2,25.0,78.90465,90.0,4585.714285714285,5071.428571428572,4500.0,4520.0,4585.714285714285,4585.714285714285,5071.428571428572,0.54,5,1.28,1150.0,5250.0,5250.0,5250.0,5250.0,801.7837257372731,8.0,1.0,4875.0,5625.0,0,0,1,0,0,0,1,0,0,1,0,0,0,0,1.0,0.24166666666666667,91.0,1.1688152304416628,0.12380952380952381,98.93815230441663,1.0,5,5,1.479,1.2,1.067,0.693
4000.0,2024-11-03,15,23,24H Night,7,0.0,2024-11-03,6500.0,4000.0,1.0,4400.0,5.0,23.0,0.7142857142857143,0.7666666666666667,0.7142857142857143,11,-0.5000000000000004,0.8660254037844384,2024,6,44,308,1,1,Bhai Dooj (Bhai Beej),0,1,1,1,1,0,0,0,winter,1,0,24H Night,24.0,0.96,24H,0,0.0,4166.67,1.0,0,0.9583333333333334,0.9958,0,0,1,Clear,1,Standard,0.0,26.0,20.0,60.0,4.2,25.0,78.90465,90.0,4764.285714285715,5428.571428571428,4577.777777777777,4770.0,4764.285714285715,4764.285714285715,5250.0,0.61,4,1.28,1150.0,5250.0,5250.0,5250.0,5250.0,801.7837257372731,8.0,1.0,4875.0,5625.0,0,0,0,0,1,0,1,0,0,1,0,0,0,0,1.0,0.24166666666666667,91.0,0.931664866483108,-0.05238095238095242,81.56664866483108,0.5,5,5,1.479,1.2,1.067,0.693
4500.0,2024-11-04,17,23,24H Night,7,0.0,2024-11-04,4000.0,6500.0,1.0,4400.0,5.0,22.0,0.7142857142857143,0.7333333333333333,0.7142857142857143,11,-0.5000000000000004,0.8660254037844384,2024,0,45,309,0,1,Labh Pancham,0,1,1,0,1,0,0,0,winter,1,0,24H Night,24.0,0.96,24H,0,0.0,4687.5,1.0,0,0.9583333333333334,0.9958,0,0,1,Clear,1,Standard,0.0,26.0,20.0,60.0,4.2,25.0,53.349999999999994,90.0,4728.571428571428,4033.3333333333335,5500.0,4720.0,4728.571428571428,4728.571428571428,4033.3333333333335,0.53,5,1.28,1150.0,4100.0,4200.0,4100.0,4200.0,450.92497528228944,7.0,1.0,3750.0,4500.0,0,0,0,0,0,1,1,0,0,1,0,0,0,0,1.0,0.24166666666666667,91.0,0.9740126920347192,-0.01904761904761898,61.990126920347194,0.5,5,5,1.479,1.2,1.067,0.693
4200.0,2024-11-05,10,23,24H Night,7,0.0,2024-11-05,4500.0,4000.0,1.0,4370.0,5.0,23.0,0.7142857142857143,0.7666666666666667,0.7142857142857143,11,-0.5000000000000004,0.8660254037844384,2024,1,45,310,0,1,Dev Diwali / Guru Nanak Jayanti,0,1,1,0,1,0,0,0,winter,1,0,24H Night,24.0,0.96,24H,0,0.0,4375.0,1.0,0,0.9583333333333334,0.9958,0,1,0,Clear,1,Standard,0.0,26.0,20.0,60.0,4.2,25.0,53.349999999999994,90.0,4750.0,4083.3333333333335,4555.555555555556,4750.0,4750.0,4750.0,4000.0,0.61,4,1.28,1150.0,4100.0,4200.0,4100.0,4200.0,450.92497528228944,7.0,1.0,3750.0,4500.0,0,0,0,0,0,0,1,0,0,1,0,0,0,0,1.0,0.24166666666666667,91.0,0.931664866483108,-0.05238095238095242,76.56664866483108,1.0,5,5,1.479,1.2,1.067,0.693
4500.0,2024-11-06,12,23,24H Night,7,0.0,2024-11-06,4200.0,4500.0,1.0,4370.0,6.0,24.0,0.8571428571428571,0.8,0.8571428571428571,11,-0.5000000000000004,0.8660254037844384,2024,2,45,311,0,1,Labh Pancham,0,2,1,0,1,0,0,0,winter,1,0,24H Night,24.0,0.96,24H,0,0.0,4687.5,1.0,0,0.9583333333333334,0.9958,0,1,0,Clear,1,Standard,0.0,26.0,20.0,60.0,4.2,25.0,53.349999999999994,90.0,4728.571428571428,4033.3333333333335,4522.222222222223,4720.0,4728.571428571428,4728.571428571428,3925.0,0.61,4,1.28,1150.0,4100.0,4200.0,4100.0,4200.0,450.92497528228944,7.0,1.0,3750.0,4500.0,0,0,0,0,0,0,1,0,0,1,0,0,0,0,1.0,0.24166666666666667,91.0,1.071415178738837,0.05714285714285705,62.964151787388374,0.5,5,5,1.479,1.2,1.067,0.693
4000.0,2024-11-08,15,10,12H Day,7,0.0,2024-11-08,4000.0,3000.0,2.0,2320.0,6.0,25.0,0.8571428571428571,0.8333333333333334,0.8571428571428571,11,-0.5000000000000004,0.8660254037844384,2024,4,45,313,0,1,Diwali (Lakshmi Pujan),0,2,2,0,1,0,0,0,winter,1,0,12H Day,12.0,0.42,12H,0,0.0,9523.81,1.0,0,0.8333333333333334,0.9833,0,0,1,Clear,1,Standard,0.0,26.0,20.0,60.0,4.2,25.0,53.349999999999994,90.0,2031.578947368421,1975.0,3250.0,1600.0,2031.578947368421,2031.578947368421,1975.0,0.6,5,1.114,239.22,2094.1176470588234,2000.0,2094.1176470588234,2000.0,831.0163868986685,17.0,1.0,1500.0,2500.0,0,0,0,0,0,0,1,0,0,1,0,0,0,0,1.0,0.24166666666666667,91.0,1.028559085862398,0.023809523809523725,77.53559085862398,1.0,5,5,1.479,1.2,1.067,0.693
4000.0,2024-11-08,8,23,24H Night,7,0.0,2024-11-08,4500.0,4200.0,0.0,4420.0,7.0,26.0,1.0,0.8666666666666667,1.0,11,-0.5000000000000004,0.8660254037844384,2024,4,45,313,0,1,Diwali (Lakshmi Pujan),0,2,2,0,1,0,0,0,winter,1,0,24H Night,24.0,0.96,24H,0,0.0,4166.67,1.0,0,0.9583333333333334,0.9958,0,1,0,Clear,1,Standard,0.0,26.0,20.0,60.0,4.2,25.0,53.349999999999994,90.0,4764.285714285715,4116.666666666667,5750.0,4770.0,4764.285714285715,4764.285714285715,4116.666666666667,0.53,5,1.28,1150.0,4100.0,4200.0,4100.0,4200.0,450.92497528228944,7.0,1.0,3750.0,4500.0,1,0,0,0,0,0,1,0,0,1,0,0,0,0,1.0,0.24166666666666667,91.0,1.1538328403903033,0.1333333333333333,78.78832840390304,1.0,5,5,1.479,1.2,1.067,0.693
5000.0,2024-11-09,15,23,24H Night,7,0.0,2024-11-09,4000.0,4500.0,1.0,4520.0,7.0,26.0,1.0,0.8666666666666667,1.0,11,-0.5000000000000004,0.8660254037844384,2024,5,45,314,1,0,,0,1,1,1,1,0,0,0,winter,1,0,24H Night,24.0,0.96,24H,0,0.0,5208.33,1.0,0,0.9583333333333334,0.9958,0,0,1,Clear,1,Standard,0.0,26.0,20.0,60.0,4.2,25.0,78.90465,90.0,4692.857142857143,5285.714285714285,4466.666666666667,4666.666666666667,4692.857142857143,4692.857142857143,5000.0,0.61,4,1.28,1150.0,5250.0,5250.0,5250.0,5250.0,801.7837257372731,8.0,1.0,4875.0,5625.0,0,0,1,0,0,0,1,0,0,1,0,0,0,0,1.0,0.24166666666666667,91.0,1.1538328403903033,0.1333333333333333,68.78832840390304,0.0,5,5,1.479,1.2,1.067,0.693
4500.0,2024-11-10,10,23,24H Night,7,0.0,2024-11-10,5000.0,4000.0,1.0,4520.0,7.0,26.0,1.0,0.8666666666666667,1.0,11,-0.5000000000000004,0.8660254037844384,2024,6,45,315,1,1,Bestu Varas (Gujarati New Year 2083),0,1,2,1,1,0,0,0,winter,1,0,24H Night,24.0,0.96,24H,0,0.0,4687.5,1.0,0,0.9583333333333334,0.9958,0,1,0,Clear,1,Standard,0.0,26.0,20.0,60.0,4.2,25.0,78.90465,90.0,4728.571428571428,5357.142857142857,4522.222222222223,4720.0,4728.571428571428,4728.571428571428,5125.0,0.61,4,1.28,1150.0,5250.0,5250.0,5250.0,5250.0,801.7837257372731,8.0,1.0,4875.0,5625.0,0,0,0,0,1,0,1,0,0,1,0,0,0,0,1.0,0.24166666666666667,91.0,1.1538328403903033,0.1333333333333333,98.78832840390304,1.0,5,5,1.479,1.2,1.067,0.693
2000.0,2024-11-11,3,12,12H Night,7,0.0,2024-11-11,2000.0,2500.0,1.0,2400.0,7.0,26.0,1.0,0.8666666666666667,1.0,11,-0.5000000000000004,0.8660254037844384,2024,0,46,316,0,1,Bhai Dooj (Bhai Beej),0,1,1,0,1,0,0,0,winter,1,0,12H Night,12.0,0.5,12H,0,0.0,4000.0,1.0,0,1.0,1.0,0,1,0,Clear,1,Standard,0.0,26.0,20.0,60.0,4.2,25.0,53.349999999999994,90.0,2185.714285714286,1950.0,2000.0,2000.0,2185.714285714286,2185.714285714286,1950.0,0.51,5,1.276,540.0,1960.0,2000.0,1960.0,2000.0,577.0615218501404,5.0,1.0,2000.0,2300.0,0,0,0,0,0,1,1,0,0,1,0,0,0,0,1.0,0.24166666666666667,91.0,1.1538328403903033,0.1333333333333333,63.78832840390303,0.5,5,5,1.479,1.2,1.067,0.693
2000.0,2024-11-13,2,10,12H Day,7,0.0,2024-11-13,4000.0,4000.0,2.0,2320.0,6.0,27.0,0.8571428571428571,0.9,0.8571428571428571,11,-0.5000000000000004,0.8660254037844384,2024,2,46,318,0,0,,0,1,1,0,1,0,0,0,winter,0,1,12H Day,12.0,0.42,12H,0,0.0,4761.9,1.0,0,0.8333333333333334,0.9833,1,0,0,Clear,1,Standard,0.0,26.0,20.0,60.0,4.2,25.0,53.349999999999994,90.0,2136.842105263158,2100.0,1591.6666666666667,2250.0,2136.842105263158,2136.842105263158,1800.0,0.92,1,1.114,239.22,2094.1176470588234,2000.0,2094.1176470588234,2000.0,831.0163868986685,17.0,1.0,1500.0,2500.0,0,0,0,0,0,0,1,0,0,1,0,0,0,0,1.0,0.24166666666666667,91.0,0.9523703704879469,-0.04285714285714293,46.773703704879466,0.0,5,5,1.479,1.2,1.067,0.693
1000.0,2024-11-13,7,5,12H Night,7,0.0,2024-11-13,2000.0,2000.0,0.0,2250.0,7.0,28.0,1.0,0.9333333333333333,1.0,11,-0.5000000000000004,0.8660254037844384,2024,2,46,318,0,0,,0,1,1,0,1,0,0,0,winter,0,1,12H Night,12.0,0.21,12H,0,0.0,4761.9,1.0,0,0.4166666666666667,0.9417,0,1,0,Clear,1,Standard,0.0,26.0,20.0,60.0,4.2,25.0,53.349999999999994,90.0,2328.5714285714284,2200.0,2250.0,2460.0,2328.5714285714284,2328.5714285714284,2200.0,0.51,5,1.276,540.0,1960.0,2000.0,1960.0,2000.0,577.0615218501404,5.0,1.0,2000.0,2300.0,0,0,0,0,0,0,1,0,0,1,0,0,0,0,1.0,0.24166666666666667,91.0,1.071417091959729,0.06666666666666665,47.964170919597294,0.0,5,5,1.479,1.2,1.067,0.693
1500.0,2024-11-14,2,9,12H Day,7,0.0,2024-11-14,2000.0,4000.0,1.0,2350.0,8.0,29.0,1.0,0.9666666666666667,1.1428571428571428,11,-0.5000000000000004,0.8660254037844384,2024,3,46,319,0,1,Bestu Varas (Gujarati New Year 2080),0,1,2,0,1,0,0,0,winter,1,0,12H Day,12.0,0.38,12H,0,0.0,3947.37,1.0,0,0.75,0.975,1,0,0,Clear,1,Standard,0.0,26.0,20.0,60.0,4.2,25.0,53.349999999999994,90.0,2163.157894736842,2131.25,1633.3333333333333,2016.6666666666667,2163.157894736842,2163.157894736842,1366.6666666666667,0.9,1,1.114,239.22,2094.1176470588234,2000.0,2094.1176470588234,2000.0,831.0163868986685,17.0,1.0,1500.0,2500.0,0,0,0,0,0,0,1,0,0,1,0,0,0,0,1.0,0.24166666666666667,91.0,1.182253779640703,0.033333333333333326,79.07253779640703,1.0,5,5,1.479,1.2,1.067,0.693
4500.0,2024-11-14,12,23,24H Night,7,0.0,2024-11-14,4500.0,5000.0,0.0,4570.0,9.0,30.0,1.0,1.0,1.2857142857142858,11,-0.5000000000000004,0.8660254037844384,2024,3,46,319,0,1,Bestu Varas (Gujarati New Year 2080),0,1,2,0,1,0,0,0,winter,1,0,24H Night,24.0,0.96,24H,0,0.0,4687.5,1.0,0,0.9583333333333334,0.9958,0,1,0,Clear,1,Standard,0.0,26.0,20.0,60.0,4.2,25.0,53.349999999999994,90.0,4728.571428571428,4033.3333333333335,4522.222222222223,4720.0,4728.571428571428,4728.571428571428,3925.0,0.61,4,1.28,1150.0,4100.0,4200.0,4100.0,4200.0,450.92497528228944,7.0,1.0,3750.0,4500.0,0,0,0,0,0,0,1,0,0,1,0,0,0,0,1.0,0.24166666666666667,91.0,1.2857014286999988,0.0,80.10701428699998,1.0,5,5,1.479,1.2,1.067,0.693
4500.0,2024-11-16,8,24,24H Day,7,0.0,2024-11-16,4500.0,5500.0,2.0,4850.0,7.0,29.0,1.0,0.9666666666666667,1.0,11,-0.5000000000000004,0.8660254037844384,2024,5,46,321,1,0,,0,2,1,1,1,0,0,0,winter,1,0,24H Day,24.0,1.0,24H,0,0.0,4500.0,1.0,0,1.0,1.0,0,1,0,Clear,1,Standard,0.0,26.0,20.0,60.0,4.2,25.0,78.90465,90.0,4250.0,4250.0,4250.0,4250.0,4250.0,4250.0,4913.04347826087,0.4,7,1.059,250.0,4500.0,4500.0,4500.0,4500.0,0.0,1.0,0.2,4500.0,4500.0,0,1,0,0,0,0,1,0,0,1,0,0,0,0,1.0,0.24166666666666667,91.0,1.0344720571856154,0.033333333333333326,67.59472057185616,0.0,5,5,1.479,1.2,1.067,0.693
3500.0,2024-11-17,10,10,12H Day,7,0.0,2024-11-17,1500.0,2000.0,1.0,2500.0,7.0,29.0,1.0,0.9666666666666667,1.0,11,-0.5000000000000004,0.8660254037844384,2024,6,46,322,1,0,,0,1,2,1,1,0,0,0,winter,1,0,12H Day,12.0,0.42,12H,0,0.0,8333.33,1.0,0,0.8333333333333334,0.9833,0,1,0,Clear,1,Standard,0.0,26.0,20.0,60.0,4.2,25.0,78.90465,90.0,2057.8947368421054,1750.0,3500.0,2125.0,2057.8947368421054,2057.8947368421054,2057.8947368421054,0.5,6,1.114,239.22,2333.3333333333335,2000.0,2333.3333333333335,2000.0,1040.8329997330663,3.0,0.6,1750.0,2750.0,0,0,0,1,0,0,1,0,0,1,0,0,0,0,1.0,0.24166666666666667,91.0,1.0344720571856154,0.033333333333333326,67.59472057185616,0.0,5,5,1.479,1.2,1.067,0.693
1000.0,2024-11-18,2,6,12H Day,7,0.0,2024-11-18,3500.0,1500.0,1.0,2400.0,7.0,28.0,1.0,0.9333333333333333,1.0,11,-0.5000000000000004,0.8660254037844384,2024,0,47,323,0,1,Labh Pancham,0,6,3,0,1,0,0,0,winter,1,0,12H Day,12.0,0.25,12H,0,0.0,4000.0,1.0,0,0.5,0.95,1,0,0,Clear,1,Standard,0.0,26.0,20.0,60.0,4.2,25.0,53.349999999999994,90.0,2189.4736842105262,2162.5,1675.0,2100.0,2189.4736842105262,2189.4736842105262,1660.0,0.6699999999999999,4,1.114,239.22,2094.1176470588234,2000.0,2094.1176470588234,2000.0,831.0163868986685,17.0,1.0,1500.0,2500.0,0,0,0,0,0,0,1,0,0,1,0,0,0,0,1.0,0.24166666666666667,91.0,1.071417091959729,0.06666666666666665,62.964170919597294,0.5,5,5,1.479,1.2,1.067,0.693
3000.0,2024-11-19,7,10,12H Day,7,0.0,2024-11-19,1000.0,3500.0,1.0,2550.0,8.0,29.0,1.0,0.9666666666666667,1.1428571428571428,11,-0.5000000000000004,0.8660254037844384,2024,1,47,324,0,0,,0,5,1,0,1,0,0,0,winter,0,1,12H Day,12.0,0.42,12H,0,0.0,7142.86,1.0,0,0.8333333333333334,0.9833,0,1,0,Clear,1,Standard,0.0,26.0,20.0,60.0,4.2,25.0,53.349999999999994,90.0,2084.2105263157896,2037.5,2666.6666666666665,2166.6666666666665,2084.2105263157896,2084.2105263157896,2666.6666666666665,0.9,1,1.114,239.22,2094.1176470588234,2000.0,2094.1176470588234,2000.0,831.0163868986685,17.0,1.0,1500.0,2500.0,0,0,0,0,0,0,1,0,0,1,0,0,0,0,1.0,0.24166666666666667,91.0,1.182253779640703,0.033333333333333326,49.07253779640703,0.0,5,5,1.479,1.2,1.067,0.693
2000.0,2024-11-21,2,10,12H Day,7,0.0,2024-11-21,3000.0,1000.0,2.0,2550.0,5.0,29.0,0.7142857142857143,0.9666666666666667,0.7142857142857143,11,-0.5000000000000004,0.8660254037844384,2024,3,47,326,0,0,,0,3,3,0,0,0,0,0,winter,0,1,12H Day,12.0,0.42,12H,0,0.0,4761.9,1.0,0,0.8333333333333334,0.9833,1,0,0,Clear,1,Standard,0.0,26.0,20.0,60.0,4.2,25.0,53.349999999999994,90.0,2136.842105263158,2100.0,1591.6666666666667,2250.0,2136.842105263158,2136.842105263158,1800.0,0.92,1,1.114,239.22,2094.1176470588234,2000.0,2094.1176470588234,2000.0,831.0163868986685,17.0,1.0,1500.0,2500.0,0,0,0,0,0,0,1,0,0,1,0,0,0,0,1.0,0.24166666666666667,91.0,0.7389086122754396,-0.2523809523809524,44.63908612275439,0.0,5,5,1.479,1.2,1.067,0.693
2300.0,2024-11-22,15,12,12H Night,7,0.0,2024-11-22,1000.0,2000.0,1.0,2210.0,6.0,28.0,0.8571428571428571,0.9333333333333333,0.8571428571428571,11,-0.5000000000000004,0.8660254037844384,2024,4,47,327,0,0,,0,2,4,0,0,0,0,0,winter,0,1,12H Night,12.0,0.5,12H,0,0.0,4600.0,1.0,0,1.0,1.0,0,0,1,Clear,1,Standard,0.0,26.0,20.0,60.0,4.2,25.0,53.349999999999994,90.0,2142.8571428571427,1875.0,3000.0,2200.0,2142.8571428571427,2142.8571428571427,1875.0,0.51,5,1.276,540.0,1960.0,2000.0,1960.0,2000.0,577.0615218501404,5.0,1.0,2000.0,2300.0,1,0,0,0,0,0,1,0,0,1,0,0,0,0,1.0,0.24166666666666667,91.0,0.9183575073940534,-0.07619047619047625,46.43357507394053,0.0,5,5,1.479,1.2,1.067,0.693
1500.0,2024-11-23,2,8,12H Day,7,0.0,2024-11-23,2000.0,3000.0,1.0,2550.0,6.0,28.0,0.8571428571428571,0.9333333333333333,0.8571428571428571,11,-0.5000000000000004,0.8660254037844384,2024,5,47,328,1,0,,0,1,5,1,1,0,0,0,winter,1,0,12H Day,12.0,0.33,12H,0,0.0,4545.45,1.0,0,0.6666666666666666,0.9667,1,0,0,Clear,1,Standard,0.0,26.0,20.0,60.0,4.2,25.0,78.90465,90.0,2163.157894736842,2750.0,1633.3333333333333,2291.6666666666665,2163.157894736842,2163.157894736842,2163.157894736842,0.5,6,1.114,239.22,2333.3333333333335,2000.0,2333.3333333333335,2000.0,1040.8329997330663,3.0,0.6,1750.0,2750.0,0,1,0,0,0,0,1,0,0,1,0,0,0,0,1.0,0.24166666666666667,91.0,0.9183575073940534,-0.07619047619047625,66.43357507394053,0.0,5,5,1.479,1.2,1.067,0.693
5000.0,2024-11-23,6,23,24H Night,7,0.0,2024-11-23,4500.0,4500.0,0.0,4670.0,7.0,29.0,1.0,0.9666666666666667,1.0,11,-0.5000000000000004,0.8660254037844384,2024,5,47,328,1,0,,0,1,5,1,1,0,0,0,winter,1,0,24H Night,24.0,0.96,24H,0,0.0,5208.33,1.0,0,0.9583333333333334,0.9958,0,1,0,Clear,1,Standard,0.0,26.0,20.0,60.0,4.2,25.0,78.90465,90.0,4692.857142857143,5285.714285714285,5250.0,4666.666666666667,4692.857142857143,4692.857142857143,5285.714285714285,0.54,5,1.28,1150.0,5250.0,5250.0,5250.0,5250.0,801.7837257372731,8.0,1.0,4875.0,5625.0,0,0,1,0,0,0,1,0,0,1,0,0,0,0,1.0,0.24166666666666667,91.0,1.0344720571856154,0.033333333333333326,67.59472057185616,0.0,5,5,1.479,1.2,1.067,0.693
2000.0,2024-11-24,5,13,12H Night,7,0.0,2024-11-24,2300.0,1000.0,1.0,2160.0,7.0,29.0,1.0,0.9666666666666667,1.0,11,-0.5000000000000004,0.8660254037844384,2024,6,47,329,1,1,Dev Diwali / Guru Nanak Jayanti,0,3,6,1,1,0,0,0,winter,1,0,12H Night,12.0,0.54,12H,0,0.0,3703.7,1.0,0,1.0,1.0,0,1,0,Clear,1,Standard,0.0,26.0,20.0,60.0,4.2,25.0,78.90465,90.0,2185.714285714286,2750.0,2000.0,2000.0,2185.714285714286,2185.714285714286,2185.714285714286,0.44000000000000006,6,1.276,540.0,2500.0,2500.0,2500.0,2500.0,500.0,3.0,0.6,2250.0,2750.0,0,0,0,0,1,0,1,0,0,1,0,0,0,0,1.0,0.24166666666666667,91.0,1.0344720571856154,0.033333333333333326,97.59472057185616,1.0,5,5,1.479,1.2,1.067,0.693
2500.0,2024-11-25,5,9,12H Day,7,0.0,2024-11-25,1500.0,2000.0,1.0,2500.0,7.0,29.0,1.0,0.9666666666666667,1.0,11,-0.5000000000000004,0.8660254037844384,2024,0,48,330,0,0,,0,2,1,0,1,0,0,0,winter,0,1,12H Day,12.0,0.38,12H,0,0.0,6578.95,1.0,0,0.75,0.975,0,1,0,Clear,1,Standard,0.0,26.0,20.0,60.0,4.2,25.0,53.349999999999994,90.0,2110.5263157894738,2068.75,2833.3333333333335,2208.3333333333335,2110.5263157894738,2110.5263157894738,2833.3333333333335,0.9,1,1.114,239.22,2094.1176470588234,2000.0,2094.1176470588234,2000.0,831.0163868986685,17.0,1.0,1500.0,2500.0,0,0,0,0,0,1,1,0,0,1,0,0,0,0,1.0,0.24166666666666667,91.0,1.0344720571856154,0.033333333333333326,47.59472057185616,0.0,5,5,1.479,1.2,1.067,0.693
1900.0,2024-11-27,2,9,12H Day,7,0.0,2024-11-27,2500.0,1500.0,2.0,2290.0,7.0,27.0,1.0,0.9,1.0,11,-0.5000000000000004,0.8660254037844384,2024,2,48,332,0,1,Dev Diwali / Guru Nanak Jayanti,0,7,3,0,1,0,0,0,winter,1,0,12H Day,12.0,0.38,12H,0,0.0,5000.0,1.0,0,0.75,0.975,1,0,0,Clear,1,Standard,0.0,26.0,20.0,60.0,4.2,25.0,53.349999999999994,90.0,2142.1052631578946,2106.25,1600.0,1950.0,2142.1052631578946,2142.1052631578946,1233.3333333333333,0.9,1,1.114,239.22,2094.1176470588234,2000.0,2094.1176470588234,2000.0,831.0163868986685,17.0,1.0,1500.0,2500.0,0,0,0,0,0,0,1,0,0,1,0,0,0,0,1.0,0.24166666666666667,91.0,1.1110987655692715,0.09999999999999998,78.36098765569271,1.0,5,5,1.479,1.2,1.067,0.693
3000.0,2024-11-28,4,9,12H Day,7,0.0,2024-11-28,1900.0,2500.0,1.0,2190.0,7.0,27.0,1.0,0.9,1.0,11,-0.5000000000000004,0.8660254037844384,2024,3,48,333,0,0,,0,7,1,0,1,0,0,0,winter,0,1,12H Day,12.0,0.38,12H,0,0.0,7894.74,1.0,0,0.75,0.975,0,1,0,Clear,1,Standard,0.0,26.0,20.0,60.0,4.2,25.0,53.349999999999994,90.0,2084.2105263157896,2037.5,2666.6666666666665,2166.6666666666665,2084.2105263157896,2084.2105263157896,2666.6666666666665,0.9,1,1.114,239.22,2094.1176470588234,2000.0,2094.1176470588234,2000.0,831.0163868986685,17.0,1.0,1500.0,2500.0,0,0,0,0,0,0,1,0,0,1,0,0,0,0,1.0,0.24166666666666667,91.0,1.1110987655692715,0.09999999999999998,48.36098765569272,0.0,5,5,1.479,1.2,1.067,0.693
2000.0,2024-11-29,2,9,12H Day,7,0.0,2024-11-29,3000.0,1900.0,1.0,2190.0,7.0,28.0,1.0,0.9333333333333333,1.0,11,-0.5000000000000004,0.8660254037844384,2024,4,48,334,0,0,,0,7,2,0,0,0,0,0,winter,0,1,12H Day,12.0,0.38,12H,0,0.0,5263.16,1.0,0,0.75,0.975,1,0,0,Clear,1,Standard,0.0,26.0,20.0,60.0,4.2,25.0,53.349999999999994,90.0,2136.842105263158,2100.0,1591.6666666666667,2250.0,2136.842105263158,2136.842105263158,1800.0,0.92,1,1.114,239.22,2094.1176470588234,2000.0,2094.1176470588234,2000.0,831.0163868986685,17.0,1.0,1500.0,2500.0,0,0,0,0,0,0,1,0,0,1,0,0,0,0,1.0,0.24166666666666667,91.0,1.071417091959729,0.06666666666666665,47.964170919597294,0.0,5,5,1.479,1.2,1.067,0.693
2500.0,2024-11-29,5,12,12H Night,7,0.0,2024-11-29,2000.0,2300.0,0.0,2160.0,8.0,29.0,1.0,0.9666666666666667,1.1428571428571428,11,-0.5000000000000004,0.8660254037844384,2024,4,48,334,0,0,,0,7,2,0,0,0,0,0,winter,0,1,12H Night,12.0,0.5,12H,0,0.0,5000.0,1.0,0,1.0,1.0,0,1,0,Clear,1,Standard,0.0,26.0,20.0,60.0,4.2,25.0,53.349999999999994,90.0,2114.285714285714,1825.0,1875.0,2160.0,2114.285714285714,2114.285714285714,1825.0,0.51,5,1.276,540.0,1960.0,2000.0,1960.0,2000.0,577.0615218501404,5.0,1.0,2000.0,2300.0,1,0,0,0,0,0,1,0,0,1,0,0,0,0,1.0,0.24166666666666667,91.0,1.182253779640703,0.033333333333333326,49.07253779640703,0.0,5,5,1.479,1.2,1.067,0.693
3500.0,2024-12-01,8,13,12H Day,7,0.0,2024-12-01,2000.0,3000.0,2.0,2390.0,6.0,29.0,0.8571428571428571,0.9666666666666667,0.8571428571428571,12,-2.4492935982947064e-16,1.0,2024,6,48,336,1,0,,0,7,4,1,0,1,1,1,winter,1,0,12H Day,12.0,0.54,12H,0,0.0,6481.48,1.0,0,1.0,1.0,0,1,0,Clear,1,Standard,0.0,26.0,20.0,60.0,4.2,25.0,78.90465,90.0,2070.967741935484,2460.0,2725.0,2068.9655172413795,2070.967741935484,2070.967741935484,2460.0,0.52,5,1.319,637.18,2633.3333333333335,2400.0,2633.3333333333335,2400.0,1202.7745701779143,6.0,1.0,1625.0,3325.0,0,0,0,1,0,0,1,0,0,1,0,0,0,0,1.0,0.16666666666666666,100.0,0.8866903347305274,-0.10952380952380958,63.866903347305275,0.0,5,5,1.479,1.2,1.067,0.693
1500.0,2024-12-03,2,5,12H Day,7,0.0,2024-12-03,3500.0,2000.0,2.0,2190.0,6.0,28.0,0.8571428571428571,0.9333333333333333,0.8571428571428571,12,-2.4492935982947064e-16,1.0,2024,1,49,338,0,0,,0,7,6,0,0,1,1,1,winter,1,1,12H Day,12.0,0.21,12H,0,0.0,7142.86,1.0,0,0.4166666666666667,0.9417,1,0,0,Clear,1,Standard,0.0,26.0,20.0,60.0,4.2,25.0,53.349999999999994,90.0,2135.483870967742,2016.0,1695.0,2137.9310344827586,2135.483870967742,2135.483870967742,1712.5,1.0,1,1.319,637.18,1996.1538461538462,2000.0,1996.1538461538462,2000.0,589.5630715916792,26.0,1.0,1500.0,2500.0,0,0,0,0,0,0,1,0,0,1,0,0,0,0,1.0,0.16666666666666666,100.0,0.9183575073940534,-0.07619047619047625,44.18357507394053,0.0,5,5,1.479,1.2,1.067,0.693
1500.0,2024-12-04,2,9,12H Day,7,0.0,2024-12-04,1500.0,3500.0,1.0,2240.0,6.0,28.0,0.8571428571428571,0.9333333333333333,0.8571428571428571,12,-2.4492935982947064e-16,1.0,2024,2,49,339,0,0,,0,7,7,0,0,1,1,1,winter,1,1,12H Day,12.0,0.38,12H,0,0.0,3947.37,1.0,0,0.75,0.975,1,0,0,Clear,1,Standard,0.0,26.0,20.0,60.0,4.2,25.0,53.349999999999994,90.0,2135.483870967742,2016.0,1695.0,2137.9310344827586,2135.483870967742,2135.483870967742,1712.5,1.0,1,1.319,637.18,1996.1538461538462,2000.0,1996.1538461538462,2000.0,589.5630715916792,26.0,1.0,1500.0,2500.0,0,0,0,0,0,0,1,0,0,1,0,0,0,0,1.0,0.16666666666666666,100.0,0.9183575073940534,-0.07619047619047625,44.18357507394053,0.0,5,5,1.479,1.2,1.067,0.693
4000.0,2024-12-05,8,23,24H Night,7,0.0,2024-12-05,5000.0,4500.0,1.0,4420.0,6.0,28.0,0.8571428571428571,0.9333333333333333,0.8571428571428571,12,-2.4492935982947064e-16,1.0,2024,3,49,340,0,0,,0,7,7,0,0,1,1,1,winter,1,1,24H Night,24.0,0.96,24H,0,0.0,4166.67,1.0,0,0.9583333333333334,0.9958,0,1,0,Clear,1,Standard,0.0,26.0,20.0,60.0,4.2,25.0,53.349999999999994,90.0,5633.333333333333,3200.0,6887.5,5633.333333333333,5633.333333333333,5633.333333333333,3200.0,0.51,5,2.039,3490.0,3360.0,3500.0,3360.0,3500.0,789.3034904268446,5.0,1.0,3500.0,3800.0,0,0,0,0,0,0,1,0,0,1,0,0,0,0,1.0,0.16666666666666666,100.0,0.9183575073940534,-0.07619047619047625,44.18357507394053,0.0,5,5,1.479,1.2,1.067,0.693
3800.0,2024-12-06,5,23,24H Night,7,0.0,2024-12-06,4000.0,5000.0,1.0,4400.0,5.0,28.0,0.7142857142857143,0.9333333333333333,0.7142857142857143,12,-2.4492935982947064e-16,1.0,2024,4,49,341,0,0,,0,7,7,0,0,1,1,1,winter,1,1,24H Night,24.0,0.96,24H,0,0.0,3958.33,1.0,0,0.9583333333333334,0.9958,0,1,0,Clear,1,Standard,0.0,26.0,20.0,60.0,4.2,25.0,53.349999999999994,90.0,5650.0,3250.0,6912.5,5650.0,5650.0,5650.0,3250.0,0.51,5,2.039,3490.0,3360.0,3500.0,3360.0,3500.0,789.3034904268446,5.0,1.0,3500.0,3800.0,1,0,0,0,0,0,1,0,0,1,0,0,0,0,1.0,0.16666666666666666,100.0,0.7652979228283779,-0.21904761904761905,42.65297922828378,0.0,5,5,1.479,1.2,1.067,0.693
2000.0,2024-12-09,2,8,12H Night,7,0.0,2024-12-09,2500.0,2000.0,3.0,2080.0,5.0,26.0,0.7142857142857143,0.8666666666666667,0.7142857142857143,12,-2.4492935982947064e-16,1.0,2024,0,50,344,0,0,,0,7,7,0,0,1,1,1,winter,1,1,12H Night,12.0,0.33,12H,0,0.0,6060.61,1.0,0,0.6666666666666666,0.9667,1,0,0,Clear,1,Standard,0.0,26.0,20.0,60.0,4.2,25.0,53.349999999999994,90.0,2750.0,2750.0,2000.0,2333.3333333333335,2750.0,2750.0,2750.0,0.51,5,1.25,0.0,2600.0,2500.0,2600.0,2500.0,821.5838362577492,5.0,1.0,2000.0,2500.0,0,0,0,0,0,0,1,0,0,1,0,0,0,0,1.0,0.16666666666666666,100.0,0.8241663145645023,-0.1523809523809524,43.24166314564502,0.0,5,5,1.479,1.2,1.067,0.693
2700.0,2024-12-09,7,10,12H Day,7,0.0,2024-12-09,1500.0,1500.0,0.0,2210.0,6.0,27.0,0.8571428571428571,0.9,0.8571428571428571,12,-2.4492935982947064e-16,1.0,2024,0,50,344,0,0,,0,7,7,0,0,1,1,1,winter,1,1,12H Day,12.0,0.42,12H,0,0.0,6428.57,1.0,0,0.8333333333333334,0.9833,0,1,0,Clear,1,Standard,0.0,26.0,20.0,60.0,4.2,25.0,53.349999999999994,90.0,2096.7741935483873,1968.0,2825.0,2096.551724137931,2096.7741935483873,2096.7741935483873,2720.0,0.92,1,1.319,637.18,1996.1538461538462,2000.0,1996.1538461538462,2000.0,589.5630715916792,26.0,1.0,1500.0,2500.0,0,0,0,0,0,0,1,0,0,1,0,0,0,0,1.0,0.16666666666666666,100.0,0.9523703704879469,-0.04285714285714293,44.523703704879466,0.0,5,5,1.479,1.2,1.067,0.693
1500.0,2024-12-11,2,9,12H Day,7,0.0,2024-12-11,2700.0,1500.0,2.0,2160.0,5.0,26.0,0.7142857142857143,0.8666666666666667,0.7142857142857143,12,-2.4492935982947064e-16,1.0,2024,2,50,346,0,0,,0,7,7,0,0,1,1,1,winter,1,1,12H Day,12.0,0.38,12H,0,0.0,3947.37,1.0,0,0.75,0.975,1,0,0,Clear,1,Standard,0.0,26.0,20.0,60.0,4.2,25.0,53.349999999999994,90.0,2135.483870967742,2016.0,1695.0,2137.9310344827586,2135.483870967742,2135.483870967742,1712.5,1.0,1,1.319,637.18,1996.1538461538462,2000.0,1996.1538461538462,2000.0,589.5630715916792,26.0,1.0,1500.0,2500.0,0,0,0,0,0,0,1,0,0,1,0,0,0,0,1.0,0.16666666666666666,100.0,0.8241663145645023,-0.1523809523809524,43.24166314564502,0.0,5,5,1.479,1.2,1.067,0.693
2000.0,2024-12-11,2,13,12H Night,7,0.0,2024-12-11,2000.0,2500.0,0.0,2030.0,6.0,27.0,0.8571428571428571,0.9,0.8571428571428571,12,-2.4492935982947064e-16,1.0,2024,2,50,346,0,0,,0,7,7,0,0,1,1,1,winter,1,1,12H Night,12.0,0.54,12H,0,0.0,3703.7,1.0,0,1.0,1.0,1,0,0,Clear,1,Standard,0.0,26.0,20.0,60.0,4.2,25.0,53.349999999999994,90.0,2750.0,2750.0,2000.0,2333.3333333333335,2750.0,2750.0,2750.0,0.51,5,1.25,0.0,2600.0,2500.0,2600.0,2500.0,821.5838362577492,5.0,1.0,2000.0,2500.0,0,0,0,0,0,0,1,0,0,1,0,0,0,0,1.0,0.16666666666666666,100.0,0.9523703704879469,-0.04285714285714293,44.523703704879466,0.0,5,5,1.479,1.2,1.067,0.693
3000.0,2024-12-13,10,23,24H Day,7,0.0,2024-12-13,4500.0,4500.0,2.0,4750.0,5.0,26.0,0.7142857142857143,0.8666666666666667,0.7142857142857143,12,-2.4492935982947064e-16,1.0,2024,4,50,348,0,0,,0,7,7,0,0,1,1,1,winter,1,1,24H Day,24.0,0.96,24H,0,0.0,3125.0,1.0,0,0.9583333333333334,0.9958,0,1,0,Clear,1,Standard,0.0,26.0,20.0,60.0,4.2,25.0,53.349999999999994,90.0,3500.0,4500.0,3500.0,3500.0,3500.0,3500.0,4978.260869565217,0.4,7,0.667,-1250.0,3750.0,3750.0,3750.0,3750.0,1060.6601717798212,2.0,0.4,3375.0,4125.0,0,0,0,0,0,0,1,0,0,1,0,0,0,0,1.0,0.16666666666666666,100.0,0.8241663145645023,-0.1523809523809524,43.24166314564502,0.0,5,5,1.479,1.2,1.067,0.693
2500.0,2024-12-14,8,14,24H Day,7,0.0,2024-12-14,3000.0,4500.0,1.0,3650.0,6.0,25.0,0.8571428571428571,0.8333333333333334,0.8571428571428571,12,-2.4492935982947064e-16,1.0,2024,5,50,349,1,0,,0,7,7,1,0,1,1,1,winter,1,0,24H Day,24.0,0.58,24H,0,0.0,4310.34,1.0,0,0.5833333333333334,0.9583,0,1,0,Clear,1,Standard,0.0,26.0,20.0,60.0,4.2,25.0,78.90465,90.0,3750.0,3750.0,3750.0,3750.0,3750.0,3750.0,5000.0,0.4,7,0.667,-1250.0,2500.0,2500.0,2500.0,2500.0,0.0,1.0,0.2,2500.0,2500.0,0,1,0,0,0,0,1,0,0,1,0,0,0,0,1.0,0.16666666666666666,100.0,1.028559085862398,0.023809523809523725,65.28559085862398,0.0,5,5,1.479,1.2,1.067,0.693
2500.0,2024-12-15,2,16,24H Night,7,0.0,2024-12-15,3800.0,4000.0,1.0,4200.0,7.0,26.0,1.0,0.8666666666666667,1.0,12,-2.4492935982947064e-16,1.0,2024,6,50,350,1,0,,0,7,7,1,0,1,1,1,winter,1,0,24H Night,24.0,0.67,24H,0,0.0,3731.34,1.0,0,0.6666666666666666,0.9667,1,0,0,Clear,1,Standard,0.0,26.0,20.0,60.0,4.2,25.0,78.90465,90.0,5758.333333333333,7471.428571428572,5758.333333333333,5758.333333333333,5758.333333333333,5758.333333333333,7471.428571428572,0.54,5,2.039,3490.0,6850.0,4900.0,6850.0,4900.0,6778.748304180394,8.0,1.0,4500.0,5000.0,0,0,0,0,1,0,1,0,0,1,0,0,0,0,1.0,0.16666666666666666,100.0,1.1538328403903033,0.1333333333333333,66.53832840390304,0.0,5,5,1.479,1.2,1.067,0.693
1500.0,2024-12-18,2,8,12H Day,7,0.0,2024-12-18,1500.0,2700.0,3.0,2160.0,4.0,24.0,0.5714285714285714,0.8,0.5714285714285714,12,-2.4492935982947064e-16,1.0,2024,2,51,353,0,0,,0,7,7,0,0,1,1,1,winter,1,1,12H Day,12.0,0.33,12H,0,0.0,4545.45,1.0,0,0.6666666666666666,0.9667,1,0,0,Clear,1,Standard,0.0,26.0,20.0,60.0,4.2,25.0,53.349999999999994,90.0,2135.483870967742,2016.0,1695.0,2137.9310344827586,2135.483870967742,2135.483870967742,1712.5,1.0,1,1.319,637.18,1996.1538461538462,2000.0,1996.1538461538462,2000.0,589.5630715916792,26.0,1.0,1500.0,2500.0,0,0,0,0,0,0,1,0,0,1,0,0,0,0,1.0,0.16666666666666666,100.0,0.7142767858258914,-0.22857142857142865,42.142767858258914,0.0,5,5,1.479,1.2,1.067,0.693
2500.0,2024-12-19,15,10,12H Day,7,0.0,2024-12-19,1500.0,1500.0,1.0,2160.0,5.0,24.0,0.7142857142857143,0.8,0.7142857142857143,12,-2.4492935982947064e-16,1.0,2024,3,51,354,0,0,,0,6,7,0,0,1,1,1,winter,1,1,12H Day,12.0,0.42,12H,0,0.0,5952.38,1.0,0,0.8333333333333334,0.9833,0,0,1,Clear,1,Standard,0.0,26.0,20.0,60.0,4.2,25.0,53.349999999999994,90.0,2103.2258064516127,1976.0,4500.0,2103.448275862069,2103.2258064516127,2103.2258064516127,1976.0,0.6,5,1.319,637.18,1996.1538461538462,2000.0,1996.1538461538462,2000.0,589.5630715916792,26.0,1.0,1500.0,2500.0,0,0,0,0,0,0,1,0,0,1,0,0,0,0,1.0,0.16666666666666666,100.0,0.8928459822823643,-0.08571428571428574,43.92845982282364,0.0,5,5,1.479,1.2,1.067,0.693
5000.0,2024-12-21,8,24,24H Night,7,0.0,2024-12-21,2500.0,3800.0,2.0,4280.0,4.0,24.0,0.5714285714285714,0.8,0.5714285714285714,12,-2.4492935982947064e-16,1.0,2024,5,51,356,1,0,,0,4,7,1,0,1,1,1,winter,1,0,24H Night,24.0,1.0,24H,0,0.0,5000.0,1.0,0,1.0,1.0,0,1,0,Clear,1,Standard,0.0,26.0,20.0,60.0,4.2,25.0,78.90465,90.0,5550.0,7114.285714285715,6762.5,5550.0,5550.0,5550.0,8560.0,0.92,1,2.039,3490.0,6850.0,4900.0,6850.0,4900.0,6778.748304180394,8.0,1.0,4500.0,5000.0,0,0,1,0,0,0,1,0,0,1,0,0,0,0,1.0,0.16666666666666666,100.0,0.7142767858258914,-0.22857142857142865,62.142767858258914,0.0,5,5,1.479,1.2,1.067,0.693
1500.0,2024-12-25,2,5,12H Day,7,0.0,2024-12-25,2500.0,1500.0,4.0,2120.0,3.0,20.0,0.42857142857142855,0.6666666666666666,0.42857142857142855,12,-2.4492935982947064e-16,1.0,2024,2,52,360,0,1,Christmas,0,6,7,0,1,1,1,1,winter,1,0,12H Day,12.0,0.21,12H,0,0.0,7142.86,1.0,0,0.4166666666666667,0.9417,1,0,0,Clear,1,Standard,0.0,26.0,20.0,60.0,4.2,25.0,53.349999999999994,90.0,2135.483870967742,2016.0,1695.0,2700.0,2135.483870967742,2135.483870967742,1700.0,0.7,4,1.319,637.18,1996.1538461538462,2000.0,1996.1538461538462,2000.0,589.5630715916792,26.0,1.0,1500.0,2500.0,0,0,0,0,0,0,1,0,0,1,0,0,0,0,1.0,0.16666666666666666,100.0,0.6428475001446408,-0.23809523809523808,71.4284750014464,1.0,5,5,1.479,1.2,1.067,0.693
4500.0,2024-12-27,2,32,24H Day,7,0.0,2024-12-27,2500.0,3000.0,2.0,3800.0,3.0,20.0,0.42857142857142855,0.6666666666666666,0.42857142857142855,12,-2.4492935982947064e-16,1.0,2024,4,52,362,0,0,,0,4,2,0,0,1,1,1,winter,1,1,24H Day,24.0,1.33,48H,1,8.0,3383.46,0.95,1,1.0,1.0,1,0,0,Clear,1,Standard,0.0,26.0,20.0,60.0,4.2,25.0,53.349999999999994,90.0,2750.0,3000.0,2750.0,2750.0,2750.0,2750.0,4913.04347826087,0.4,7,0.667,-1250.0,3750.0,3750.0,3750.0,3750.0,1060.6601717798212,2.0,0.4,3375.0,4125.0,0,0,0,0,0,0,1,0,0,1,0,0,0,0,1.0,0.16666666666666666,100.0,0.6428475001446408,-0.23809523809523808,41.42847500144641,0.0,5,5,1.479,1.2,1.067,0.693
5000.0,2024-12-28,4,24,24H Night,7,0.0,2024-12-28,5000.0,2500.0,1.0,4330.0,3.0,20.0,0.42857142857142855,0.6666666666666666,0.42857142857142855,12,-2.4492935982947064e-16,1.0,2024,5,52,363,1,0,,0,3,3,1,0,1,1,1,winter,1,0,24H Night,24.0,1.0,24H,0,0.0,5000.0,1.0,0,1.0,1.0,0,1,0,Clear,1,Standard,0.0,26.0,20.0,60.0,4.2,25.0,78.90465,90.0,5550.0,7114.285714285715,6762.5,5550.0,5550.0,5550.0,8560.0,0.92,1,2.039,3490.0,6850.0,4900.0,6850.0,4900.0,6778.748304180394,8.0,1.0,4500.0,5000.0,0,0,1,0,0,0,1,0,0,1,0,0,0,0,1.0,0.16666666666666666,100.0,0.6428475001446408,-0.23809523809523808,61.42847500144641,0.0,5,5,1.479,1.2,1.067,0.693
2700.0,2024-12-31,3,6,12H Day,7,0.0,2024-12-31,1500.0,2500.0,3.0,2090.0,4.0,18.0,0.5714285714285714,0.6,0.5714285714285714,12,-2.4492935982947064e-16,1.0,2024,1,1,366,0,1,New Year Eve,1,1,6,0,1,1,1,1,winter,1,0,12H Day,12.0,0.25,12H,0,0.0,10800.0,1.0,0,0.5,0.95,0,1,0,Clear,1,Standard,0.0,26.0,20.0,60.0,4.2,25.0,53.349999999999994,90.0,2096.7741935483873,1968.0,2825.0,1500.0,2096.7741935483873,2096.7741935483873,2716.6666666666665,0.63,4,1.319,637.18,1996.1538461538462,2000.0,1996.1538461538462,2000.0,589.5630715916792,26.0,1.0,1500.0,2500.0,0,0,0,0,0,0,1,0,0,1,0,0,0,0,1.0,0.16666666666666666,100.0,0.9523650796296252,-0.02857142857142858,74.52365079629625,1.0,5,5,1.479,1.2,1.067,0.693
4000.0,2024-12-31,8,13,12H Night,7,0.0,2024-12-31,2000.0,2000.0,0.0,2230.0,5.0,19.0,0.7142857142857143,0.6333333333333333,0.7142857142857143,12,-2.4492935982947064e-16,1.0,2024,1,1,366,0,1,New Year Eve,1,1,6,0,1,1,1,1,winter,1,0,12H Night,12.0,0.54,12H,0,0.0,7407.41,1.0,0,1.0,1.0,0,1,0,Clear,1,Standard,0.0,26.0,20.0,60.0,4.2,25.0,53.349999999999994,90.0,2250.0,2250.0,2500.0,2250.0,2250.0,2250.0,2250.0,0.51,5,1.25,0.0,2600.0,2500.0,2600.0,2500.0,821.5838362577492,5.0,1.0,2000.0,2500.0,0,0,0,0,0,0,1,0,0,1,0,0,0,0,1.0,0.16666666666666666,100.0,1.1278017414762627,0.080952380952381,76.27801741476263,1.0,5,5,1.479,1.2,1.067,0.693
2000.0,2025-01-02,2,8,12H Day,7,0.0,2025-01-02,2700.0,1500.0,2.0,2090.0,5.0,19.0,0.7142857142857143,0.6333333333333333,0.7142857142857143,1,0.49999999999999994,0.8660254037844387,2025,3,1,2,0,0,,0,7,1,0,1,0,1,1,winter,1,1,12H Day,12.0,0.33,12H,0,0.0,6060.61,1.0,0,0.6666666666666666,0.9667,1,0,0,Clear,1,Standard,0.0,26.0,20.0,60.0,4.2,25.0,53.349999999999994,90.0,2133.3333333333335,2156.521739130435,1893.3333333333333,2061.5384615384614,2133.3333333333335,2133.3333333333335,1950.0,0.99,1,0.93,-150.0,2150.0,2000.0,2150.0,2000.0,534.8709718443685,24.0,1.0,2000.0,2500.0,0,0,0,0,0,0,1,0,0,1,0,0,0,0,1.0,0.19166666666666668,97.0,1.1278017414762627,0.080952380952381,47.02801741476263,0.0,5,5,1.479,1.2,1.067,0.693
3000.0,2025-01-04,5,10,12H Day,7,0.0,2025-01-04,2000.0,2700.0,2.0,2040.0,4.0,18.0,0.5714285714285714,0.6,0.5714285714285714,1,0.49999999999999994,0.8660254037844387,2025,5,1,4,1,0,,0,7,3,1,0,0,1,1,winter,1,0,12H Day,12.0,0.42,12H,0,0.0,7142.86,1.0,0,0.8333333333333334,0.9833,0,1,0,Clear,1,Standard,0.0,26.0,20.0,60.0,4.2,25.0,78.90465,90.0,2096.296296296296,1666.6666666666667,2222.222222222222,2023.076923076923,2096.296296296296,2096.296296296296,1666.6666666666667,0.5,5,0.93,-150.0,2000.0,2000.0,2000.0,2000.0,816.4965809277261,4.0,0.8,1750.0,2250.0,0,1,0,0,0,0,1,0,0,1,0,0,0,0,1.0,0.19166666666666668,97.0,0.9523650796296252,-0.02857142857142858,65.27365079629625,0.0,5,5,1.479,1.2,1.067,0.693
5000.0,2025-01-04,15,23,24H Night,7,0.0,2025-01-04,5000.0,5000.0,0.0,4430.0,5.0,19.0,0.7142857142857143,0.6333333333333333,0.7142857142857143,1,0.49999999999999994,0.8660254037844387,2025,5,1,4,1,0,,0,7,3,1,0,0,1,1,winter,1,0,24H Night,24.0,0.96,24H,0,0.0,5208.33,1.0,0,0.9583333333333334,0.9958,0,0,1,Clear,1,Standard,0.0,26.0,20.0,60.0,4.2,25.0,78.90465,90.0,4547.619047619048,4590.909090909091,4500.0,4631.578947368421,4547.619047619048,4547.619047619048,4400.0,0.92,1,1.028,125.0,4625.0,5000.0,4625.0,5000.0,772.3929758166558,12.0,1.0,4000.0,5000.0,0,0,1,0,0,0,1,0,0,1,0,0,0,0,1.0,0.19166666666666668,97.0,1.1278017414762627,0.080952380952381,67.02801741476263,0.0,5,5,1.479,1.2,1.067,0.693
2500.0,2025-01-06,5,9,12H Day,7,0.0,2025-01-06,3000.0,2000.0,2.0,2140.0,6.0,19.0,0.8571428571428571,0.6333333333333333,0.8571428571428571,1,0.49999999999999994,0.8660254037844387,2025,0,2,6,0,0,,0,7,5,0,0,0,1,1,winter,1,1,12H Day,12.0,0.38,12H,0,0.0,6578.95,1.0,0,0.75,0.975,0,1,0,Clear,1,Standard,0.0,26.0,20.0,60.0,4.2,25.0,53.349999999999994,90.0,2114.814814814815,2134.782608695652,2277.777777777778,2042.3076923076924,2114.814814814815,2114.814814814815,2187.5,0.9500000000000001,1,0.93,-150.0,2150.0,2000.0,2150.0,2000.0,534.8709718443685,24.0,1.0,2000.0,2500.0,0,0,0,0,0,0,1,0,0,1,0,0,0,0,1.0,0.19166666666666668,97.0,1.353362089771515,0.2238095238095238,49.28362089771515,0.0,5,5,1.479,1.2,1.067,0.693
2500.0,2025-01-08,4,9,12H Day,7,0.0,2025-01-08,2500.0,3000.0,2.0,2240.0,5.0,18.0,0.7142857142857143,0.6,0.7142857142857143,1,0.49999999999999994,0.8660254037844387,2025,2,2,8,0,0,,0,6,7,0,0,0,1,1,winter,1,1,12H Day,12.0,0.38,12H,0,0.0,6578.95,1.0,0,0.75,0.975,0,1,0,Clear,1,Standard,0.0,26.0,20.0,60.0,4.2,25.0,53.349999999999994,90.0,2114.814814814815,2134.782608695652,2277.777777777778,2042.3076923076924,2114.814814814815,2114.814814814815,2187.5,0.9500000000000001,1,0.93,-150.0,2150.0,2000.0,2150.0,2000.0,534.8709718443685,24.0,1.0,2000.0,2500.0,0,0,0,0,0,0,1,0,0,1,0,0,0,0,1.0,0.19166666666666668,97.0,1.1904563495370317,0.11428571428571432,47.65456349537032,0.0,5,5,1.479,1.2,1.067,0.693
4200.0,2025-01-08,10,23,24H Night,7,0.0,2025-01-08,5000.0,5000.0,0.0,4350.0,6.0,19.0,0.8571428571428571,0.6333333333333333,0.8571428571428571,1,0.49999999999999994,0.8660254037844387,2025,2,2,8,0,0,,0,6,7,0,0,0,1,1,winter,1,1,24H Night,24.0,0.96,24H,0,0.0,4375.0,1.0,0,0.9583333333333334,0.9958,0,1,0,Clear,1,Standard,0.0,26.0,20.0,60.0,4.2,25.0,53.349999999999994,90.0,4585.714285714285,4533.333333333333,4580.0,4673.684210526316,4585.714285714285,4585.714285714285,5100.0,0.9,1,1.028,125.0,4500.0,3900.0,4500.0,3900.0,1887.9736344675064,10.0,1.0,3500.0,4150.0,0,0,0,0,0,0,1,0,0,1,0,0,0,0,1.0,0.19166666666666668,97.0,1.353362089771515,0.2238095238095238,49.28362089771515,0.0,5,5,1.479,1.2,1.067,0.693
2000.0,2025-01-10,2,9,12H Day,7,0.0,2025-01-10,2500.0,2500.0,2.0,2170.0,6.0,18.0,0.8571428571428571,0.6,0.8571428571428571,1,0.49999999999999994,0.8660254037844387,2025,4,2,10,0,0,,0,4,7,0,0,0,1,1,winter,1,1,12H Day,12.0,0.38,12H,0,0.0,5263.16,1.0,0,0.75,0.975,1,0,0,Clear,1,Standard,0.0,26.0,20.0,60.0,4.2,25.0,53.349999999999994,90.0,2133.3333333333335,2156.521739130435,1893.3333333333333,2061.5384615384614,2133.3333333333335,2133.3333333333335,1950.0,0.99,1,0.93,-150.0,2150.0,2000.0,2150.0,2000.0,534.8709718443685,24.0,1.0,2000.0,2500.0,0,0,0,0,0,0,1,0,0,1,0,0,0,0,1.0,0.19166666666666668,97.0,1.428547619444438,0.2571428571428571,50.03547619444438,0.0,5,5,1.479,1.2,1.067,0.693
2000.0,2025-01-11,2,9,12H Day,7,0.0,2025-01-11,2000.0,2500.0,1.0,2220.0,5.0,19.0,0.7142857142857143,0.6333333333333333,0.7142857142857143,1,0.49999999999999994,0.8660254037844387,2025,5,2,11,1,0,,0,3,7,1,0,0,1,1,winter,1,0,12H Day,12.0,0.38,12H,0,0.0,5263.16,1.0,0,0.75,0.975,1,0,0,Clear,1,Standard,0.0,26.0,20.0,60.0,4.2,25.0,78.90465,90.0,2133.3333333333335,2000.0,1893.3333333333333,2061.5384615384614,2133.3333333333335,2133.3333333333335,2000.0,0.5,5,0.93,-150.0,2000.0,2000.0,2000.0,2000.0,816.4965809277261,4.0,0.8,1750.0,2250.0,0,1,0,0,0,0,1,0,0,1,0,0,0,0,1.0,0.19166666666666668,97.0,1.1278017414762627,0.080952380952381,67.02801741476263,0.0,5,5,1.479,1.2,1.067,0.693
5000.0,2025-01-11,2,23,24H Night,7,0.0,2025-01-11,4200.0,5000.0,0.0,4400.0,6.0,20.0,0.8571428571428571,0.6666666666666666,0.8571428571428571,1,0.49999999999999994,0.8660254037844387,2025,5,2,11,1,0,,0,3,7,1,0,0,1,1,winter,1,0,24H Night,24.0,0.96,24H,0,0.0,5208.33,1.0,0,0.9583333333333334,0.9958,1,0,0,Clear,1,Standard,0.0,26.0,20.0,60.0,4.2,25.0,78.90465,90.0,4547.619047619048,4590.909090909091,4547.619047619048,4631.578947368421,4547.619047619048,4547.619047619048,4590.909090909091,0.5800000000000001,5,1.028,125.0,4625.0,5000.0,4625.0,5000.0,772.3929758166558,12.0,1.0,4000.0,5000.0,0,0,1,0,0,0,1,0,0,1,0,0,0,0,1.0,0.19166666666666668,97.0,1.2856950002892815,0.19047619047619047,68.60695000289282,0.0,5,5,1.479,1.2,1.067,0.693
4000.0,2025-01-12,10,23,24H Night,7,0.0,2025-01-12,5000.0,4200.0,1.0,4350.0,7.0,20.0,1.0,0.6666666666666666,1.0,1,0.49999999999999994,0.8660254037844387,2025,6,2,12,1,0,,0,2,7,1,0,0,1,1,winter,1,0,24H Night,24.0,0.96,24H,0,0.0,4166.67,1.0,0,0.9583333333333334,0.9958,0,1,0,Clear,1,Standard,0.0,26.0,20.0,60.0,4.2,25.0,78.90465,90.0,4595.238095238095,4681.818181818182,4600.0,4684.210526315789,4595.238095238095,4595.238095238095,4600.0,0.92,1,1.028,125.0,4625.0,5000.0,4625.0,5000.0,772.3929758166558,12.0,1.0,4000.0,5000.0,0,0,0,0,1,0,1,0,0,1,0,0,0,0,1.0,0.19166666666666668,97.0,1.499977500337495,0.33333333333333337,70.74977500337495,0.0,5,5,1.479,1.2,1.067,0.693
8000.0,2025-01-13,10,23,24H Night,7,0.0,2025-01-13,4000.0,5000.0,1.0,4650.0,7.0,20.0,1.0,0.6666666666666666,1.0,1,0.49999999999999994,0.8660254037844387,2025,0,3,13,0,0,,0,1,7,0,1,0,1,1,winter,1,1,24H Night,24.0,0.96,24H,0,0.0,8333.33,1.0,0,0.9583333333333334,0.9958,0,1,0,Clear,1,Standard,0.0,26.0,20.0,60.0,4.2,25.0,53.349999999999994,90.0,4404.761904761905,4111.111111111111,4200.0,4473.684210526316,4404.761904761905,4404.761904761905,3833.3333333333335,0.9,1,1.028,125.0,4500.0,3900.0,4500.0,3900.0,1887.9736344675064,10.0,1.0,3500.0,4150.0,0,0,0,0,0,0,1,0,0,1,0,0,0,0,1.0,0.19166666666666668,97.0,1.499977500337495,0.33333333333333337,50.74977500337495,0.0,5,5,1.479,1.2,1.067,0.693
4000.0,2025-01-15,8,22,24H Night,7,0.0,2025-01-15,8000.0,4000.0,2.0,4650.0,6.0,20.0,0.8571428571428571,0.6666666666666666,0.8571428571428571,1,0.49999999999999994,0.8660254037844387,2025,2,3,15,0,1,Vasi Uttarayan,0,7,1,0,1,0,1,1,winter,1,0,24H Night,24.0,0.92,24H,0,0.0,4347.83,1.0,0,0.9166666666666666,0.9917,0,1,0,Clear,1,Standard,0.0,26.0,20.0,60.0,4.2,25.0,53.349999999999994,90.0,4595.238095238095,4555.555555555556,4437.5,3500.0,4595.238095238095,4595.238095238095,4500.0,0.61,4,1.028,125.0,4500.0,3900.0,4500.0,3900.0,1887.9736344675064,10.0,1.0,3500.0,4150.0,0,0,0,0,0,0,1,0,0,1,0,0,0,0,1.0,0.19166666666666668,97.0,1.2856950002892815,0.19047619047619047,78.60695000289282,1.0,5,5,1.479,1.2,1.067,0.693
1500.0,2025-01-17,2,9,12H Day,7,0.0,2025-01-17,2000.0,2000.0,2.0,2220.0,6.0,20.0,0.8571428571428571,0.6666666666666666,0.8571428571428571,1,0.49999999999999994,0.8660254037844387,2025,4,3,17,0,0,,0,7,2,0,0,0,1,1,winter,1,1,12H Day,12.0,0.38,12H,0,0.0,3947.37,1.0,0,0.75,0.975,1,0,0,Clear,1,Standard,0.0,26.0,20.0,60.0,4.2,25.0,53.349999999999994,90.0,2151.8518518518517,2178.2608695652175,1926.6666666666667,2080.769230769231,2151.8518518518517,2151.8518518518517,1991.6666666666667,0.99,1,0.93,-150.0,2150.0,2000.0,2150.0,2000.0,534.8709718443685,24.0,1.0,2000.0,2500.0,0,0,0,0,0,0,1,0,0,1,0,0,0,0,1.0,0.19166666666666668,97.0,1.2856950002892815,0.19047619047619047,48.606950002892816,0.0,5,5,1.479,1.2,1.067,0.693
5000.0,2025-01-18,10,23,24H Night,7,0.0,2025-01-18,4000.0,8000.0,1.0,4770.0,5.0,20.0,0.7142857142857143,0.6666666666666666,0.7142857142857143,1,0.49999999999999994,0.8660254037844387,2025,5,3,18,1,0,,0,7,3,1,0,0,1,1,winter,1,0,24H Night,24.0,0.96,24H,0,0.0,5208.33,1.0,0,0.9583333333333334,0.9958,0,1,0,Clear,1,Standard,0.0,26.0,20.0,60.0,4.2,25.0,78.90465,90.0,4547.619047619048,4590.909090909091,4500.0,4631.578947368421,4547.619047619048,4547.619047619048,4400.0,0.92,1,1.028,125.0,4625.0,5000.0,4625.0,5000.0,772.3929758166558,12.0,1.0,4000.0,5000.0,0,0,1,0,0,0,1,0,0,1,0,0,0,0,1.0,0.19166666666666668,97.0,1.071412500241068,0.04761904761904767,66.46412500241068,0.0,5,5,1.479,1.2,1.067,0.693
1500.0,2025-01-24,4,4,12H Day,7,0.0,2025-01-24,1500.0,2000.0,6.0,2120.0,2.0,19.0,0.2857142857142857,0.6333333333333333,0.2857142857142857,1,0.49999999999999994,0.8660254037844387,2025,4,4,24,0,0,,0,2,7,0,0,0,1,1,winter,1,1,12H Day,12.0,0.17,12H,0,0.0,8823.53,1.0,0,0.3333333333333333,0.9333,0,1,0,Clear,1,Standard,0.0,26.0,20.0,60.0,4.2,25.0,53.349999999999994,90.0,2151.8518518518517,2178.2608695652175,2388.8888888888887,2080.769230769231,2151.8518518518517,2151.8518518518517,2312.5,0.9500000000000001,1,0.93,-150.0,2150.0,2000.0,2150.0,2000.0,534.8709718443685,24.0,1.0,2000.0,2500.0,0,0,0,0,0,0,1,0,0,1,0,0,0,0,1.0,0.19166666666666668,97.0,0.45112069659050497,-0.3476190476190476,40.261206965905046,0.0,5,5,1.479,1.2,1.067,0.693
2500.0,2025-01-24,7,12,12H Night,7,0.0,2025-01-24,4000.0,2000.0,0.0,2230.0,3.0,20.0,0.42857142857142855,0.6666666666666666,0.42857142857142855,1,0.49999999999999994,0.8660254037844387,2025,4,4,24,0,0,,0,2,7,0,0,0,1,1,winter,1,1,12H Night,12.0,0.5,12H,0,0.0,5000.0,1.0,0,1.0,1.0,0,1,0,Clear,1,Standard,0.0,26.0,20.0,60.0,4.2,25.0,53.349999999999994,90.0,2125.0,2000.0,2750.0,2125.0,2125.0,2125.0,2125.0,0.41000000000000003,6,0.963,-83.33,2250.0,2250.0,2250.0,2250.0,353.5533905932738,2.0,0.4,2125.0,2375.0,1,0,0,0,0,0,1,0,0,1,0,0,0,0,1.0,0.19166666666666668,97.0,0.6428475001446408,-0.23809523809523808,42.17847500144641,0.0,5,5,1.479,1.2,1.067,0.693
2000.0,2025-01-25,2,8,12H Day,7,0.0,2025-01-25,1500.0,1500.0,1.0,2170.0,3.0,21.0,0.42857142857142855,0.7,0.42857142857142855,1,0.49999999999999994,0.8660254037844387,2025,5,4,25,1,0,,0,1,7,1,1,0,1,1,winter,1,0,12H Day,12.0,0.33,12H,0,0.0,6060.61,1.0,0,0.6666666666666666,0.9667,1,0,0,Clear,1,Standard,0.0,26.0,20.0,60.0,4.2,25.0,78.90465,90.0,2133.3333333333335,2000.0,1893.3333333333333,2061.5384615384614,2133.3333333333335,2133.3333333333335,2000.0,0.5,5,0.93,-150.0,2000.0,2000.0,2000.0,2000.0,816.4965809277261,4.0,0.8,1750.0,2250.0,0,1,0,0,0,0,1,0,0,1,0,0,0,0,1.0,0.19166666666666668,97.0,0.6122361517284447,-0.2714285714285714,61.872361517284446,0.0,5,5,1.479,1.2,1.067,0.693
4000.0,2025-01-25,6,23,24H Night,7,0.0,2025-01-25,5000.0,4000.0,0.0,4920.0,4.0,22.0,0.5714285714285714,0.7333333333333333,0.5714285714285714,1,0.49999999999999994,0.8660254037844387,2025,5,4,25,1,0,,0,1,7,1,1,0,1,1,winter,1,0,24H Night,24.0,0.96,24H,0,0.0,4166.67,1.0,0,0.9583333333333334,0.9958,0,1,0,Clear,1,Standard,0.0,26.0,20.0,60.0,4.2,25.0,78.90465,90.0,4595.238095238095,4681.818181818182,4437.5,4684.210526315789,4595.238095238095,4595.238095238095,4500.0,0.9,1,1.028,125.0,4625.0,5000.0,4625.0,5000.0,772.3929758166558,12.0,1.0,4000.0,5000.0,0,0,1,0,0,0,1,0,0,1,0,0,0,0,1.0,0.19166666666666668,97.0,0.7792101536277752,-0.16190476190476188,63.542101536277755,0.0,5,5,1.479,1.2,1.067,0.693
2000.0,2025-01-27,12,12,12H Night,7,0.0,2025-01-27,2500.0,4000.0,2.0,2230.0,5.0,21.0,0.7142857142857143,0.7,0.7142857142857143,1,0.49999999999999994,0.8660254037844387,2025,0,5,27,0,0,,0,7,1,0,1,0,1,1,winter,1,1,12H Night,12.0,0.5,12H,0,0.0,4000.0,1.0,0,1.0,1.0,0,1,0,Clear,1,Standard,0.0,26.0,20.0,60.0,4.2,25.0,53.349999999999994,90.0,2250.0,2500.0,1000.0,2250.0,2250.0,2250.0,2250.0,0.41000000000000003,6,0.963,-83.33,2250.0,2250.0,2250.0,2250.0,353.5533905932738,2.0,0.4,2125.0,2375.0,0,0,0,0,0,1,1,0,0,1,0,0,0,0,1.0,0.19166666666666668,97.0,1.0203935862140747,0.014285714285714346,45.953935862140746,0.0,5,5,1.479,1.2,1.067,0.693
2000.0,2025-01-28,2,9,12H Day,7,0.0,2025-01-28,2000.0,1500.0,1.0,2100.0,6.0,22.0,0.8571428571428571,0.7333333333333333,0.8571428571428571,1,0.49999999999999994,0.8660254037844387,2025,1,5,28,0,0,,0,7,2,0,0,0,1,1,winter,1,1,12H Day,12.0,0.38,12H,0,0.0,5263.16,1.0,0,0.75,0.975,1,0,0,Clear,1,Standard,0.0,26.0,20.0,60.0,4.2,25.0,53.349999999999994,90.0,2133.3333333333335,2156.521739130435,1893.3333333333333,2061.5384615384614,2133.3333333333335,2133.3333333333335,1950.0,0.99,1,0.93,-150.0,2150.0,2000.0,2150.0,2000.0,534.8709718443685,24.0,1.0,2000.0,2500.0,0,0,0,0,0,0,1,0,0,1,0,0,0,0,1.0,0.19166666666666668,97.0,1.1688152304416628,0.12380952380952381,47.438152304416626,0.0,5,5,1.479,1.2,1.067,0.693
3000.0,2025-01-28,7,23,24H Night,7,0.0,2025-01-28,4000.0,5000.0,0.0,4720.0,7.0,23.0,1.0,0.7666666666666667,1.0,1,0.49999999999999994,0.8660254037844387,2025,1,5,28,0,0,,0,7,2,0,0,0,1,1,winter,1,1,24H Night,24.0,0.96,24H,0,0.0,3125.0,1.0,0,0.9583333333333334,0.9958,0,1,0,Clear,1,Standard,0.0,26.0,20.0,60.0,4.2,25.0,53.349999999999994,90.0,4642.857142857143,4666.666666666667,4562.5,4736.8421052631575,4642.857142857143,4642.857142857143,5000.0,0.9,1,1.028,125.0,4500.0,3900.0,4500.0,3900.0,1887.9736344675064,10.0,1.0,3500.0,4150.0,0,0,0,0,0,0,1,0,0,1,0,0,0,0,1.0,0.19166666666666668,97.0,1.3043308130763511,0.23333333333333328,48.79330813076351,0.0,5,5,1.479,1.2,1.067,0.693
2000.0,2025-01-31,5,9,12H Day,7,0.0,2025-01-31,2000.0,2000.0,3.0,2100.0,6.0,22.0,0.8571428571428571,0.7333333333333333,0.8571428571428571,1,0.49999999999999994,0.8660254037844387,2025,4,5,31,0,0,,0,7,5,0,0,0,1,1,winter,1,1,12H Day,12.0,0.38,12H,0,0.0,5263.16,1.0,0,0.75,0.975,0,1,0,Clear,1,Standard,0.0,26.0,20.0,60.0,4.2,25.0,53.349999999999994,90.0,2133.3333333333335,2156.521739130435,2333.3333333333335,2061.5384615384614,2133.3333333333335,2133.3333333333335,2250.0,0.9500000000000001,1,0.93,-150.0,2150.0,2000.0,2150.0,2000.0,534.8709718443685,24.0,1.0,2000.0,2500.0,0,0,0,0,0,0,1,0,0,1,0,0,0,0,1.0,0.19166666666666668,97.0,1.1688152304416628,0.12380952380952381,47.438152304416626,0.0,5,5,1.479,1.2,1.067,0.693
3800.0,2025-01-31,10,23,24H Night,7,0.0,2025-01-31,3000.0,4000.0,0.0,4600.0,7.0,23.0,1.0,0.7666666666666667,1.0,1,0.49999999999999994,0.8660254037844387,2025,4,5,31,0,0,,0,7,5,0,0,0,1,1,winter,1,1,24H Night,24.0,0.96,24H,0,0.0,3958.33,1.0,0,0.9583333333333334,0.9958,0,1,0,Clear,1,Standard,0.0,26.0,20.0,60.0,4.2,25.0,53.349999999999994,90.0,4604.761904761905,4577.777777777777,4620.0,4694.736842105263,4604.761904761905,4604.761904761905,5233.333333333333,0.9,1,1.028,125.0,4500.0,3900.0,4500.0,3900.0,1887.9736344675064,10.0,1.0,3500.0,4150.0,1,0,0,0,0,0,1,0,0,1,0,0,0,0,1.0,0.19166666666666668,97.0,1.3043308130763511,0.23333333333333328,48.79330813076351,0.0,5,5,1.479,1.2,1.067,0.693
5500.0,2025-02-01,7,23,24H Night,7,0.0,2025-02-01,3800.0,3000.0,1.0,4650.0,6.0,23.0,0.8571428571428571,0.7666666666666667,0.8571428571428571,2,0.8660254037844386,0.5000000000000001,2025,5,5,32,1,0,,0,7,6,0,0,0,0,0,winter,1,0,24H Night,24.0,0.96,24H,0,0.0,5729.17,1.0,0,0.9583333333333334,0.9958,0,1,0,Clear,1,Standard,0.0,26.0,20.0,60.0,4.2,25.0,78.90465,90.0,4285.714285714285,4750.0,3833.3333333333335,4285.714285714285,4285.714285714285,4285.714285714285,4750.0,0.53,5,1.234,919.64,4857.142857142857,5000.0,4857.142857142857,5000.0,801.7837257372731,7.0,1.0,4500.0,5250.0,0,0,1,0,0,0,1,0,0,1,0,0,0,0,1.0,0.125,105.0,1.1179978397797294,0.09047619047619038,64.9299783977973,0.0,5,5,1.479,1.2,1.067,0.693
1500.0,2025-02-03,4,11,12H Night,7,0.0,2025-02-03,2000.0,2500.0,2.0,2180.0,6.0,22.0,0.8571428571428571,0.7333333333333333,0.8571428571428571,2,0.8660254037844386,0.5000000000000001,2025,0,6,34,0,0,,0,7,7,0,0,0,0,0,winter,0,1,12H Night,12.0,0.46,12H,0,0.0,3260.87,1.0,0,0.9166666666666666,0.9917,0,1,0,Clear,1,Standard,0.0,26.0,20.0,60.0,4.2,25.0,53.349999999999994,90.0,2640.0,2400.0,2100.0,2640.0,2640.0,2640.0,2400.0,0.5,5,1.379,825.0,2175.0,2100.0,2175.0,2100.0,623.8322424070967,4.0,0.8,1875.0,2400.0,0,0,0,0,0,0,1,0,0,1,0,0,0,0,1.0,0.125,105.0,1.1688152304416628,0.12380952380952381,45.438152304416626,0.0,5,5,1.479,1.2,1.067,0.693
2500.0,2025-02-07,4,9,12H Day,7,0.0,2025-02-07,2000.0,2000.0,4.0,2050.0,3.0,20.0,0.42857142857142855,0.6666666666666666,0.42857142857142855,2,0.8660254037844386,0.5000000000000001,2025,4,6,38,0,0,,0,7,7,0,0,0,0,0,winter,0,1,12H Day,12.0,0.38,12H,0,0.0,6578.95,1.0,0,0.75,0.975,0,1,0,Clear,1,Standard,0.0,26.0,20.0,60.0,4.2,25.0,53.349999999999994,90.0,2139.285714285714,2050.0,2500.0,2162.5,2139.285714285714,2139.285714285714,2242.8571428571427,0.9400000000000001,1,1.192,397.1,2069.5652173913045,2000.0,2069.5652173913045,2000.0,442.5492089830706,23.0,1.0,1700.0,2500.0,0,0,0,0,0,0,1,0,0,1,0,0,0,0,1.0,0.125,105.0,0.6428475001446408,-0.23809523809523808,40.17847500144641,0.0,5,5,1.479,1.2,1.067,0.693
2500.0,2025-02-08,8,10,12H Day,7,0.0,2025-02-08,2500.0,2000.0,1.0,2050.0,3.0,21.0,0.42857142857142855,0.7,0.42857142857142855,2,0.8660254037844386,0.5000000000000001,2025,5,6,39,1,0,,0,7,7,0,0,0,0,0,winter,1,0,12H Day,12.0,0.42,12H,0,0.0,5952.38,1.0,0,0.8333333333333334,0.9833,0,1,0,Clear,1,Standard,0.0,26.0,20.0,60.0,4.2,25.0,78.90465,90.0,2139.285714285714,2460.0,2500.0,2162.5,2139.285714285714,2139.285714285714,3100.0,0.9,1,1.192,397.1,2466.6666666666665,2500.0,2466.6666666666665,2500.0,852.4474568362948,6.0,1.0,1750.0,3100.0,0,1,0,0,0,0,1,0,0,1,0,0,0,0,1.0,0.125,105.0,0.6122361517284447,-0.2714285714285714,59.872361517284446,0.0,5,5,1.479,1.2,1.067,0.693
3500.0,2025-02-09,10,23,24H Night,7,0.0,2025-02-09,5500.0,3800.0,1.0,4580.0,4.0,21.0,0.5714285714285714,0.7,0.5714285714285714,2,0.8660254037844386,0.5000000000000001,2025,6,6,40,1,0,,0,6,7,0,0,0,0,0,winter,1,0,24H Night,24.0,0.96,24H,0,0.0,3645.83,1.0,0,0.9583333333333334,0.9958,0,1,0,Clear,1,Standard,0.0,26.0,20.0,60.0,4.2,25.0,78.90465,90.0,4428.571428571428,5083.333333333333,4142.857142857143,4428.571428571428,4428.571428571428,4428.571428571428,4833.333333333333,0.9,1,1.234,919.64,4857.142857142857,5000.0,4857.142857142857,5000.0,801.7837257372731,7.0,1.0,4500.0,5250.0,0,0,0,0,1,0,1,0,0,1,0,0,0,0,1.0,0.125,105.0,0.8163148689712596,-0.12857142857142856,61.9131486897126,0.0,5,5,1.479,1.2,1.067,0.693
3500.0,2025-02-10,10,23,24H Night,7,0.0,2025-02-10,3500.0,5500.0,1.0,4430.0,4.0,20.0,0.5714285714285714,0.6666666666666666,0.5714285714285714,2,0.8660254037844386,0.5000000000000001,2025,0,7,41,0,0,,0,5,7,0,0,0,0,0,winter,0,1,24H Night,24.0,0.96,24H,0,0.0,3645.83,1.0,0,0.9583333333333334,0.9958,0,1,0,Clear,1,Standard,0.0,26.0,20.0,60.0,4.2,25.0,53.349999999999994,90.0,4428.571428571428,4000.0,4142.857142857143,4428.571428571428,4428.571428571428,4428.571428571428,3666.6666666666665,0.9,1,1.234,919.64,3937.5,3500.0,3937.5,3500.0,1265.9694196261503,8.0,1.0,3500.0,3625.0,0,0,0,0,0,0,1,0,0,1,0,0,0,0,1.0,0.125,105.0,0.8571300001928543,-0.09523809523809523,42.32130000192854,0.0,5,5,1.479,1.2,1.067,0.693
2500.0,2025-02-12,10,9,12H Day,7,0.0,2025-02-12,2500.0,2500.0,2.0,2050.0,5.0,19.0,0.7142857142857143,0.6333333333333333,0.7142857142857143,2,0.8660254037844386,0.5000000000000001,2025,2,7,43,0,0,,0,3,7,0,0,0,0,0,winter,0,1,12H Day,12.0,0.38,12H,0,0.0,6578.95,1.0,0,0.75,0.975,0,1,0,Clear,1,Standard,0.0,26.0,20.0,60.0,4.2,25.0,53.349999999999994,90.0,2139.285714285714,2050.0,2139.285714285714,2162.5,2139.285714285714,2139.285714285714,2050.0,0.6,5,1.192,397.1,2069.5652173913045,2000.0,2069.5652173913045,2000.0,442.5492089830706,23.0,1.0,1700.0,2500.0,0,0,0,0,0,0,1,0,0,1,0,0,0,0,1.0,0.125,105.0,1.1278017414762627,0.080952380952381,45.02801741476263,0.0,5,5,1.479,1.2,1.067,0.693
3000.0,2025-02-14,4,9,12H Day,7,0.0,2025-02-14,2500.0,2500.0,2.0,2150.0,5.0,19.0,0.7142857142857143,0.6333333333333333,0.7142857142857143,2,0.8660254037844386,0.5000000000000001,2025,4,7,45,0,0,,0,1,7,0,1,0,0,0,winter,0,1,12H Day,12.0,0.38,12H,0,0.0,7894.74,1.0,0,0.75,0.975,0,1,0,Clear,1,Standard,0.0,26.0,20.0,60.0,4.2,25.0,53.349999999999994,90.0,2121.4285714285716,2027.2727272727273,2458.3333333333335,2141.6666666666665,2121.4285714285716,2121.4285714285716,2171.4285714285716,0.9400000000000001,1,1.192,397.1,2069.5652173913045,2000.0,2069.5652173913045,2000.0,442.5492089830706,23.0,1.0,1700.0,2500.0,0,0,0,0,0,1,1,0,0,1,0,0,0,0,1.0,0.125,105.0,1.1278017414762627,0.080952380952381,45.02801741476263,0.0,5,5,1.479,1.2,1.067,0.693
3500.0,2025-02-14,5,23,24H Night,7,0.0,2025-02-14,3500.0,3500.0,0.0,4380.0,6.0,20.0,0.8571428571428571,0.6666666666666666,0.8571428571428571,2,0.8660254037844386,0.5000000000000001,2025,4,7,45,0,0,,0,1,7,0,1,0,0,0,winter,0,1,24H Night,24.0,0.96,24H,0,0.0,3645.83,1.0,0,0.9583333333333334,0.9958,0,1,0,Clear,1,Standard,0.0,26.0,20.0,60.0,4.2,25.0,53.349999999999994,90.0,4428.571428571428,4000.0,4500.0,4428.571428571428,4428.571428571428,4428.571428571428,4000.0,0.54,5,1.234,919.64,3937.5,3500.0,3937.5,3500.0,1265.9694196261503,8.0,1.0,3500.0,3625.0,1,0,0,0,0,1,1,0,0,1,0,0,0,0,1.0,0.125,105.0,1.2856950002892815,0.19047619047619047,46.606950002892816,0.0,5,5,1.479,1.2,1.067,0.693
1500.0,2025-02-17,2,6,12H Day,7,0.0,2025-02-17,3000.0,2500.0,3.0,2100.0,4.0,19.0,0.5714285714285714,0.6333333333333333,0.5714285714285714,2,0.8660254037844386,0.5000000000000001,2025,0,8,48,0,0,,0,1,2,0,1,0,0,0,winter,0,1,12H Day,12.0,0.25,12H,0,0.0,6000.0,1.0,0,0.5,0.95,1,0,0,Clear,1,Standard,0.0,26.0,20.0,60.0,4.2,25.0,53.349999999999994,90.0,2175.0,2095.4545454545455,1850.0,2204.1666666666665,2175.0,2175.0,1933.3333333333333,0.96,1,1.192,397.1,2069.5652173913045,2000.0,2069.5652173913045,2000.0,442.5492089830706,23.0,1.0,1700.0,2500.0,0,0,0,0,0,0,1,0,0,1,0,0,0,0,1.0,0.125,105.0,0.9022413931810099,-0.06190476190476191,42.7724139318101,0.0,5,5,1.479,1.2,1.067,0.693
2000.0,2025-02-18,2,8,12H Day,7,0.0,2025-02-18,1500.0,3000.0,1.0,2150.0,5.0,20.0,0.7142857142857143,0.6666666666666666,0.7142857142857143,2,0.8660254037844386,0.5000000000000001,2025,1,8,49,0,1,Maha Shivratri,0,7,3,0,1,0,0,0,winter,1,0,12H Day,12.0,0.33,12H,0,0.0,6060.61,1.0,0,0.6666666666666666,0.9667,1,0,0,Clear,1,Standard,0.0,26.0,20.0,60.0,4.2,25.0,53.349999999999994,90.0,2157.1428571428573,2072.7272727272725,1814.2857142857142,2000.0,2157.1428571428573,2157.1428571428573,1866.6666666666667,0.69,4,1.192,397.1,2069.5652173913045,2000.0,2069.5652173913045,2000.0,442.5492089830706,23.0,1.0,1700.0,2500.0,0,0,0,0,0,0,1,0,0,1,0,0,0,0,1.0,0.125,105.0,1.071412500241068,0.04761904761904767,59.46412500241068,0.5,5,5,1.479,1.2,1.067,0.693
2500.0,2025-02-19,2,9,12H Day,7,0.0,2025-02-19,2000.0,1500.0,1.0,2250.0,5.0,21.0,0.7142857142857143,0.7,0.7142857142857143,2,0.8660254037844386,0.5000000000000001,2025,2,8,50,0,0,,0,7,1,0,1,0,0,0,winter,0,1,12H Day,12.0,0.38,12H,0,0.0,6578.95,1.0,0,0.75,0.975,1,0,0,Clear,1,Standard,0.0,26.0,20.0,60.0,4.2,25.0,53.349999999999994,90.0,2139.285714285714,2050.0,1778.5714285714287,2162.5,2139.285714285714,2139.285714285714,1822.2222222222222,0.96,1,1.192,397.1,2069.5652173913045,2000.0,2069.5652173913045,2000.0,442.5492089830706,23.0,1.0,1700.0,2500.0,0,0,0,0,0,0,1,0,0,1,0,0,0,0,1.0,0.125,105.0,1.0203935862140747,0.014285714285714346,43.953935862140746,0.0,5,5,1.479,1.2,1.067,0.693
2000.0,2025-02-20,2,8,12H Day,7,0.0,2025-02-20,2500.0,2000.0,1.0,2250.0,6.0,22.0,0.8571428571428571,0.7333333333333333,0.8571428571428571,2,0.8660254037844386,0.5000000000000001,2025,3,8,51,0,0,,0,6,2,0,0,0,0,0,winter,0,1,12H Day,12.0,0.33,12H,0,0.0,6060.61,1.0,0,0.6666666666666666,0.9667,1,0,0,Clear,1,Standard,0.0,26.0,20.0,60.0,4.2,25.0,53.349999999999994,90.0,2157.1428571428573,2072.7272727272725,1814.2857142857142,2183.3333333333335,2157.1428571428573,2157.1428571428573,1877.7777777777778,0.96,1,1.192,397.1,2069.5652173913045,2000.0,2069.5652173913045,2000.0,442.5492089830706,23.0,1.0,1700.0,2500.0,0,0,0,0,0,0,1,0,0,1,0,0,0,0,1.0,0.125,105.0,1.1688152304416628,0.12380952380952381,45.438152304416626,0.0,5,5,1.479,1.2,1.067,0.693
1500.0,2025-02-22,2,6,12H Day,7,0.0,2025-02-22,2000.0,2500.0,2.0,2200.0,5.0,23.0,0.7142857142857143,0.7666666666666667,0.7142857142857143,2,0.8660254037844386,0.5000000000000001,2025,5,8,53,1,0,,0,4,4,0,0,0,0,0,winter,1,0,12H Day,12.0,0.25,12H,0,0.0,6000.0,1.0,0,0.5,0.95,1,0,0,Clear,1,Standard,0.0,26.0,20.0,60.0,4.2,25.0,78.90465,90.0,2175.0,2660.0,1850.0,2204.1666666666665,2175.0,2175.0,2660.0,0.52,5,1.192,397.1,2466.6666666666665,2500.0,2466.6666666666665,2500.0,852.4474568362948,6.0,1.0,1750.0,3100.0,0,1,0,0,0,0,1,0,0,1,0,0,0,0,1.0,0.125,105.0,0.931664866483108,-0.05238095238095242,63.06664866483108,0.0,5,5,1.479,1.2,1.067,0.693
3500.0,2025-02-23,8,11,12H Day,7,0.0,2025-02-23,1500.0,2000.0,1.0,2350.0,6.0,22.0,0.8571428571428571,0.7333333333333333,0.8571428571428571,2,0.8660254037844386,0.5000000000000001,2025,6,8,54,1,0,,0,3,5,0,0,0,0,0,winter,1,0,12H Day,12.0,0.46,12H,0,0.0,7608.7,1.0,0,0.9166666666666666,0.9917,0,1,0,Clear,1,Standard,0.0,26.0,20.0,60.0,4.2,25.0,78.90465,90.0,2103.5714285714284,2260.0,2416.6666666666665,2120.8333333333335,2103.5714285714284,2103.5714285714284,2766.6666666666665,0.9,1,1.192,397.1,2466.6666666666665,2500.0,2466.6666666666665,2500.0,852.4474568362948,6.0,1.0,1750.0,3100.0,0,0,0,1,0,0,1,0,0,1,0,0,0,0,1.0,0.125,105.0,1.1688152304416628,0.12380952380952381,65.43815230441663,0.0,5,5,1.479,1.2,1.067,0.693
4000.0,2025-03-03,10,23,24H Night,7,0.0,2025-03-03,3500.0,3500.0,8.0,3980.0,1.0,15.0,0.14285714285714285,0.5,0.14285714285714285,3,1.0,6.123233995736766e-17,2025,0,10,62,0,1,Holi (Holika Dahan),1,1,5,0,1,0,0,0,summer,1,0,24H Night,24.0,0.96,24H,0,0.0,4166.67,1.0,0,0.9583333333333334,0.9958,0,1,0,Clear,1,Standard,0.0,26.0,20.0,60.0,4.2,25.0,60.0,90.0,6600.0,6104.545454545455,6708.695652173913,6887.5,6600.0,6600.0,4880.0,0.6699999999999999,4,1.184,1106.0,6013.04347826087,4500.0,6013.04347826087,4500.0,4237.74214624058,23.0,1.0,4000.0,5500.0,0,0,0,0,0,0,0,0,0,1,0,0,0,0,1.0,0.2,96.0,0.2857085715428549,-0.35714285714285715,58.857085715428546,1.0,5,5,1.479,1.2,1.067,0.693
2500.0,2025-03-04,7,12,12H Night,7,0.0,2025-03-04,1500.0,2000.0,1.0,2330.0,2.0,16.0,0.2857142857142857,0.5333333333333333,0.2857142857142857,3,1.0,6.123233995736766e-17,2025,1,10,63,0,1,Dhuleti,0,2,1,0,1,0,0,0,summer,1,0,12H Night,12.0,0.5,12H,0,0.0,5000.0,1.0,0,1.0,1.0,0,1,0,Clear,1,Standard,0.0,26.0,20.0,60.0,4.2,25.0,60.0,90.0,2833.3333333333335,2875.0,2750.0,2700.0,2833.3333333333335,2833.3333333333335,2875.0,0.51,5,1.0,0.0,2800.0,3000.0,2800.0,3000.0,273.86127875258313,5.0,1.0,2500.0,3000.0,0,0,0,0,0,0,0,0,0,1,0,0,0,0,1.0,0.2,96.0,0.5357042412597621,-0.24761904761904763,46.35704241259762,0.5,5,5,1.479,1.2,1.067,0.693
7000.0,2025-03-08,11,23,24H Night,7,0.0,2025-03-08,4000.0,3500.0,4.0,4280.0,3.0,16.0,0.42857142857142855,0.5333333333333333,0.42857142857142855,3,1.0,6.123233995736766e-17,2025,5,10,67,1,1,Dhuleti,0,2,1,1,1,0,0,0,summer,1,0,24H Night,24.0,0.96,24H,0,0.0,7291.67,1.0,0,0.9583333333333334,0.9958,0,1,0,Clear,1,Standard,0.0,26.0,20.0,60.0,4.2,25.0,88.74,90.0,6530.232558139535,7125.0,6578.260869565217,6762.5,6530.232558139535,6530.232558139535,6333.333333333333,0.93,1,1.184,1106.0,7119.047619047619,7000.0,7119.047619047619,7000.0,3304.9385845457173,21.0,1.0,4500.0,9000.0,0,0,1,0,0,0,0,0,0,1,0,0,0,0,1.0,0.2,96.0,0.8035563618896432,-0.10476190476190478,69.03556361889643,0.5,5,5,1.479,1.2,1.067,0.693
4000.0,2025-03-09,7,23,24H Night,7,0.0,2025-03-09,7000.0,4000.0,1.0,4180.0,4.0,16.0,0.5714285714285714,0.5333333333333333,0.5714285714285714,3,1.0,6.123233995736766e-17,2025,6,10,68,1,0,,0,1,1,1,1,0,0,0,summer,1,0,24H Night,24.0,0.96,24H,0,0.0,4166.67,1.0,0,0.9583333333333334,0.9958,0,1,0,Clear,1,Standard,0.0,26.0,20.0,60.0,4.2,25.0,88.74,90.0,6600.0,7275.0,4766.666666666667,6361.111111111111,6600.0,6600.0,5000.0,0.9,1,1.184,1106.0,7119.047619047619,7000.0,7119.047619047619,7000.0,3304.9385845457173,21.0,1.0,4500.0,9000.0,0,0,0,0,1,0,0,0,0,1,0,0,0,0,1.0,0.2,96.0,1.0714084825195243,0.03809523809523807,56.71408482519524,0.0,5,5,1.479,1.2,1.067,0.693
5000.0,2025-03-10,10,23,24H Night,7,0.0,2025-03-10,4000.0,7000.0,1.0,4280.0,4.0,16.0,0.5714285714285714,0.5333333333333333,0.5714285714285714,3,1.0,6.123233995736766e-17,2025,0,11,69,0,1,Eid-ul-Fitr,0,4,2,0,1,0,0,0,summer,1,0,24H Night,24.0,0.96,24H,0,0.0,5208.33,1.0,0,0.9583333333333334,0.9958,0,1,0,Clear,1,Standard,0.0,26.0,20.0,60.0,4.2,25.0,60.0,90.0,6576.7441860465115,6059.090909090909,6665.217391304348,6845.833333333333,6576.7441860465115,6576.7441860465115,4780.0,0.6699999999999999,4,1.184,1106.0,6013.04347826087,4500.0,6013.04347826087,4500.0,4237.74214624058,23.0,1.0,4000.0,5500.0,0,0,0,0,0,0,0,0,0,1,0,0,0,0,1.0,0.2,96.0,1.0714084825195243,0.03809523809523807,60.71408482519524,0.8,5,5,1.479,1.2,1.067,0.693
5000.0,2025-03-11,10,23,24H Night,7,0.0,2025-03-11,5000.0,4000.0,1.0,4480.0,4.0,16.0,0.5714285714285714,0.5333333333333333,0.5714285714285714,3,1.0,6.123233995736766e-17,2025,1,11,70,0,0,,0,3,1,0,1,0,0,0,summer,1,0,24H Night,24.0,0.96,24H,0,0.0,5208.33,1.0,0,0.9583333333333334,0.9958,0,1,0,Clear,1,Standard,0.0,26.0,20.0,60.0,4.2,25.0,60.0,90.0,6576.7441860465115,6059.090909090909,6665.217391304348,6305.555555555556,6576.7441860465115,6576.7441860465115,4500.0,0.91,1,1.184,1106.0,6013.04347826087,4500.0,6013.04347826087,4500.0,4237.74214624058,23.0,1.0,4000.0,5500.0,0,0,0,0,0,0,0,0,0,1,0,0,0,0,1.0,0.2,96.0,1.0714084825195243,0.03809523809523807,36.71408482519524,0.0,5,5,1.479,1.2,1.067,0.693
6000.0,2025-03-12,8,23,24H Night,7,0.0,2025-03-12,5000.0,5000.0,1.0,4700.0,5.0,16.0,0.7142857142857143,0.5333333333333333,0.7142857142857143,3,1.0,6.123233995736766e-17,2025,2,11,71,0,0,,0,2,2,0,0,0,0,0,summer,1,0,24H Night,24.0,0.96,24H,0,0.0,6250.0,1.0,0,0.9583333333333334,0.9958,0,1,0,Clear,1,Standard,0.0,26.0,20.0,60.0,4.2,25.0,60.0,90.0,6553.488372093023,6013.636363636364,4633.333333333333,6250.0,6553.488372093023,6553.488372093023,4250.0,0.91,1,1.184,1106.0,6013.04347826087,4500.0,6013.04347826087,4500.0,4237.74214624058,23.0,1.0,4000.0,5500.0,0,0,0,0,0,0,0,0,0,1,0,0,0,0,1.0,0.2,96.0,1.3392606031494054,0.18095238095238098,39.392606031494054,0.0,5,5,1.479,1.2,1.067,0.693
20000.0,2025-03-13,20,23,24H Night,7,0.0,2025-03-13,6000.0,5000.0,1.0,6150.0,6.0,17.0,0.8571428571428571,0.5666666666666667,0.8571428571428571,3,1.0,6.123233995736766e-17,2025,3,11,72,0,0,,0,1,3,0,1,0,0,0,summer,1,0,24H Night,24.0,0.96,24H,0,0.0,20833.33,1.0,0,0.9583333333333334,0.9958,0,0,1,Clear,1,Standard,0.0,26.0,20.0,60.0,4.2,25.0,60.0,90.0,6227.906976744186,5377.272727272727,11333.333333333334,5472.222222222223,6227.906976744186,6227.906976744186,5377.272727272727,0.6,5,1.184,1106.0,6013.04347826087,4500.0,6013.04347826087,4500.0,4237.74214624058,23.0,1.0,4000.0,5500.0,0,0,0,0,0,0,0,0,0,1,0,0,0,0,1.0,0.2,96.0,1.5125783494576988,0.29047619047619044,41.125783494576986,0.0,5,5,1.479,1.2,1.067,0.693
7000.0,2025-03-14,12,23,24H Night,7,0.0,2025-03-14,20000.0,6000.0,1.0,6500.0,7.0,17.0,1.0,0.5666666666666667,1.0,3,1.0,6.123233995736766e-17,2025,4,11,73,0,1,Holi (Holika Dahan),1,1,4,0,1,0,0,0,summer,1,0,24H Night,24.0,0.96,24H,0,0.0,7291.67,1.0,0,0.9583333333333334,0.9958,0,1,0,Clear,1,Standard,0.0,26.0,20.0,60.0,4.2,25.0,60.0,90.0,6530.232558139535,5968.181818181818,6578.260869565217,6762.5,6530.232558139535,6530.232558139535,4580.0,0.6699999999999999,4,1.184,1106.0,6013.04347826087,4500.0,6013.04347826087,4500.0,4237.74214624058,23.0,1.0,4000.0,5500.0,1,0,0,0,0,1,0,0,0,1,0,0,0,0,1.0,0.2,96.0,1.764674741033982,0.43333333333333335,73.64674741033983,1.0,5,5,1.479,1.2,1.067,0.693
7500.0,2025-03-15,8,23,24H Night,7,0.0,2025-03-15,7000.0,20000.0,1.0,6900.0,7.0,18.0,1.0,0.6,1.0,3,1.0,6.123233995736766e-17,2025,5,11,74,1,1,Dhuleti,0,5,1,1,1,0,0,0,summer,1,0,24H Night,24.0,0.96,24H,0,0.0,7812.5,1.0,0,0.9583333333333334,0.9958,0,1,0,Clear,1,Standard,0.0,26.0,20.0,60.0,4.2,25.0,88.74,90.0,6518.604651162791,7100.0,4533.333333333333,6741.666666666667,6518.604651162791,6518.604651162791,4666.666666666667,0.63,4,1.184,1106.0,7119.047619047619,7000.0,7119.047619047619,7000.0,3304.9385845457173,21.0,1.0,4500.0,9000.0,0,0,1,0,0,0,0,0,0,1,0,0,0,0,1.0,0.2,96.0,1.6666388893518442,0.4,77.66638889351844,0.5,5,5,1.479,1.2,1.067,0.693
3000.0,2025-03-16,8,13,12H Night,7,0.0,2025-03-16,2500.0,1500.0,1.0,2400.0,7.0,17.0,1.0,0.5666666666666667,1.0,3,1.0,6.123233995736766e-17,2025,6,11,75,1,0,,0,4,1,1,1,0,0,0,summer,1,0,12H Night,12.0,0.54,12H,0,0.0,5555.56,1.0,0,1.0,1.0,0,1,0,Clear,1,Standard,0.0,26.0,20.0,60.0,4.2,25.0,88.74,90.0,2777.777777777778,2750.0,2666.6666666666665,3000.0,2777.777777777778,2777.777777777778,2666.6666666666665,0.6,4,1.0,0.0,2800.0,3000.0,2800.0,3000.0,273.86127875258313,5.0,1.0,2500.0,3000.0,0,0,0,0,1,0,0,0,0,1,0,0,0,0,1.0,0.2,96.0,1.764674741033982,0.43333333333333335,63.64674741033982,0.0,5,5,1.479,1.2,1.067,0.693
4000.0,2025-03-18,15,23,24H Night,7,0.0,2025-03-18,7500.0,7000.0,2.0,6950.0,6.0,18.0,0.8571428571428571,0.6,0.8571428571428571,3,1.0,6.123233995736766e-17,2025,1,12,77,0,0,,0,2,3,0,0,0,0,0,summer,1,0,24H Night,24.0,0.96,24H,0,0.0,4166.67,1.0,0,0.9583333333333334,0.9958,0,0,1,Clear,1,Standard,0.0,26.0,20.0,60.0,4.2,25.0,60.0,90.0,6600.0,6104.545454545455,6708.695652173913,6361.111111111111,6600.0,6600.0,4750.0,0.91,1,1.184,1106.0,6013.04347826087,4500.0,6013.04347826087,4500.0,4237.74214624058,23.0,1.0,4000.0,5500.0,0,0,0,0,0,0,0,0,0,1,0,0,0,0,1.0,0.2,96.0,1.428547619444438,0.2571428571428571,40.28547619444438,0.0,5,5,1.479,1.2,1.067,0.693
4000.0,2025-03-19,6,23,24H Night,7,0.0,2025-03-19,4000.0,7500.0,1.0,6950.0,6.0,18.0,0.8571428571428571,0.6,0.8571428571428571,3,1.0,6.123233995736766e-17,2025,2,12,78,0,0,,0,1,4,0,1,0,0,0,summer,1,0,24H Night,24.0,0.96,24H,0,0.0,4166.67,1.0,0,0.9583333333333334,0.9958,0,1,0,Clear,1,Standard,0.0,26.0,20.0,60.0,4.2,25.0,60.0,90.0,6600.0,6104.545454545455,4766.666666666667,6361.111111111111,6600.0,6600.0,4750.0,0.91,1,1.184,1106.0,6013.04347826087,4500.0,6013.04347826087,4500.0,4237.74214624058,23.0,1.0,4000.0,5500.0,0,0,0,0,0,0,0,0,0,1,0,0,0,0,1.0,0.2,96.0,1.428547619444438,0.2571428571428571,40.28547619444438,0.0,5,5,1.479,1.2,1.067,0.693
2500.0,2025-03-20,5,13,12H Night,7,0.0,2025-03-20,3000.0,2500.0,1.0,2450.0,6.0,18.0,0.8571428571428571,0.6,0.8571428571428571,3,1.0,6.123233995736766e-17,2025,3,12,79,0,1,Eid-ul-Fitr,0,2,5,0,1,0,0,0,summer,1,0,12H Night,12.0,0.54,12H,0,0.0,4629.63,1.0,0,1.0,1.0,0,1,0,Clear,1,Standard,0.0,26.0,20.0,60.0,4.2,25.0,60.0,90.0,2833.3333333333335,2875.0,2750.0,2700.0,2833.3333333333335,2833.3333333333335,2875.0,0.51,5,1.0,0.0,2800.0,3000.0,2800.0,3000.0,273.86127875258313,5.0,1.0,2500.0,3000.0,0,0,0,0,0,0,0,0,0,1,0,0,0,0,1.0,0.2,96.0,1.428547619444438,0.2571428571428571,64.28547619444439,0.8,5,5,1.479,1.2,1.067,0.693
2000.0,2025-03-21,2,6,12H Day,7,0.0,2025-03-21,3500.0,1500.0,1.0,2300.0,6.0,18.0,0.8571428571428571,0.6,0.8571428571428571,3,1.0,6.123233995736766e-17,2025,4,12,80,0,0,,0,1,1,0,1,0,0,0,summer,1,0,12H Day,12.0,0.25,12H,0,0.0,8000.0,1.0,0,0.5,0.95,1,0,0,Clear,1,Standard,0.0,26.0,20.0,60.0,4.2,25.0,60.0,90.0,3044.1176470588234,3196.153846153846,2333.3333333333335,3083.3333333333335,3044.1176470588234,3044.1176470588234,3196.153846153846,0.6,5,0.82,-560.71,3110.714285714286,3000.0,3110.714285714286,3000.0,649.3128235736166,14.0,1.0,2625.0,3500.0,0,0,0,0,0,1,0,0,0,1,0,0,0,0,1.0,0.2,96.0,1.428547619444438,0.2571428571428571,40.28547619444438,0.0,5,5,1.479,1.2,1.067,0.693
4500.0,2025-03-21,10,23,24H Night,7,0.0,2025-03-21,4000.0,4000.0,0.0,6700.0,7.0,19.0,1.0,0.6333333333333333,1.0,3,1.0,6.123233995736766e-17,2025,4,12,80,0,0,,0,1,1,0,1,0,0,0,summer,1,0,24H Night,24.0,0.96,24H,0,0.0,4687.5,1.0,0,0.9583333333333334,0.9958,0,1,0,Clear,1,Standard,0.0,26.0,20.0,60.0,4.2,25.0,60.0,90.0,6588.372093023256,6081.818181818182,6686.95652173913,6333.333333333333,6588.372093023256,6588.372093023256,4625.0,0.91,1,1.184,1106.0,6013.04347826087,4500.0,6013.04347826087,4500.0,4237.74214624058,23.0,1.0,4000.0,5500.0,1,0,0,0,0,1,0,0,0,1,0,0,0,0,1.0,0.2,96.0,1.5789224380667675,0.3666666666666667,41.789224380667676,0.0,5,5,1.479,1.2,1.067,0.693
9500.0,2025-03-22,10,23,24H Night,7,0.0,2025-03-22,4500.0,4000.0,1.0,7250.0,7.0,19.0,1.0,0.6333333333333333,1.0,3,1.0,6.123233995736766e-17,2025,5,12,81,1,1,Holi (Holika Dahan),1,1,2,1,1,0,0,0,summer,1,0,24H Night,24.0,0.96,24H,0,0.0,9895.83,1.0,0,0.9583333333333334,0.9958,0,1,0,Clear,1,Standard,0.0,26.0,20.0,60.0,4.2,25.0,88.74,90.0,6472.093023255814,7000.0,6469.565217391304,6658.333333333333,6472.093023255814,6472.093023255814,8000.0,0.69,4,1.184,1106.0,7119.047619047619,7000.0,7119.047619047619,7000.0,3304.9385845457173,21.0,1.0,4500.0,9000.0,0,0,1,0,0,0,0,0,0,1,0,0,0,0,1.0,0.2,96.0,1.5789224380667675,0.3666666666666667,91.78922438066768,1.0,5,5,1.479,1.2,1.067,0.693
3500.0,2025-03-23,12,23,24H Night,7,0.0,2025-03-23,9500.0,4500.0,1.0,7100.0,7.0,20.0,1.0,0.6666666666666666,1.0,3,1.0,6.123233995736766e-17,2025,6,12,82,1,1,Dhuleti,0,1,1,1,1,0,0,0,summer,1,0,24H Night,24.0,0.96,24H,0,0.0,3645.83,1.0,0,0.9583333333333334,0.9958,0,1,0,Clear,1,Standard,0.0,26.0,20.0,60.0,4.2,25.0,88.74,90.0,6611.627906976744,7300.0,6730.434782608696,6908.333333333333,6611.627906976744,6611.627906976744,6916.666666666667,0.93,1,1.184,1106.0,7119.047619047619,7000.0,7119.047619047619,7000.0,3304.9385845457173,21.0,1.0,4500.0,9000.0,0,0,0,0,1,0,0,0,0,1,0,0,0,0,1.0,0.2,96.0,1.499977500337495,0.33333333333333337,75.99977500337495,0.5,5,5,1.479,1.2,1.067,0.693
3000.0,2025-03-27,5,9,12H Day,7,0.0,2025-03-27,2000.0,3500.0,4.0,2350.0,5.0,19.0,0.7142857142857143,0.6333333333333333,0.7142857142857143,3,1.0,6.123233995736766e-17,2025,3,13,86,0,1,Ram Navami,0,2,1,0,1,0,0,0,summer,1,0,12H Day,12.0,0.38,12H,0,0.0,7894.74,1.0,0,0.75,0.975,0,1,0,Clear,1,Standard,0.0,26.0,20.0,60.0,4.2,25.0,60.0,90.0,2985.294117647059,3119.230769230769,3181.25,3000.0,2985.294117647059,2985.294117647059,3321.4285714285716,0.64,4,0.82,-560.71,3110.714285714286,3000.0,3110.714285714286,3000.0,649.3128235736166,14.0,1.0,2625.0,3500.0,0,0,0,0,0,0,0,0,0,1,0,0,0,0,1.0,0.2,96.0,1.1278017414762627,0.080952380952381,52.27801741476263,0.5,5,5,1.479,1.2,1.067,0.693
2500.0,2025-03-28,10,10,12H Day,7,0.0,2025-03-28,3000.0,2000.0,1.0,2350.0,4.0,20.0,0.5714285714285714,0.6666666666666666,0.5714285714285714,3,1.0,6.123233995736766e-17,2025,4,13,87,0,0,,0,1,1,0,1,0,0,0,summer,1,0,12H Day,12.0,0.42,12H,0,0.0,5952.38,1.0,0,0.8333333333333334,0.9833,0,1,0,Clear,1,Standard,0.0,26.0,20.0,60.0,4.2,25.0,60.0,90.0,3014.705882352941,3157.6923076923076,3450.0,3027.777777777778,3014.705882352941,3014.705882352941,3157.6923076923076,0.6,5,0.82,-560.71,3110.714285714286,3000.0,3110.714285714286,3000.0,649.3128235736166,14.0,1.0,2625.0,3500.0,0,0,0,0,0,1,0,0,0,1,0,0,0,0,1.0,0.2,96.0,0.8571300001928543,-0.09523809523809523,34.57130000192854,0.0,5,5,1.479,1.2,1.067,0.693
4000.0,2025-03-28,8,23,24H Night,7,0.0,2025-03-28,3500.0,9500.0,0.0,7000.0,5.0,21.0,0.7142857142857143,0.7,0.7142857142857143,3,1.0,6.123233995736766e-17,2025,4,13,87,0,0,,0,1,1,0,1,0,0,0,summer,1,0,24H Night,24.0,0.96,24H,0,0.0,4166.67,1.0,0,0.9583333333333334,0.9958,0,1,0,Clear,1,Standard,0.0,26.0,20.0,60.0,4.2,25.0,60.0,90.0,6600.0,6104.545454545455,4766.666666666667,6361.111111111111,6600.0,6600.0,4750.0,0.91,1,1.184,1106.0,6013.04347826087,4500.0,6013.04347826087,4500.0,4237.74214624058,23.0,1.0,4000.0,5500.0,1,0,0,0,0,1,0,0,0,1,0,0,0,0,1.0,0.2,96.0,1.0203935862140747,0.014285714285714346,36.203935862140746,0.0,5,5,1.479,1.2,1.067,0.693
9500.0,2025-03-29,15,23,24H Night,7,0.0,2025-03-29,4000.0,3500.0,1.0,7350.0,5.0,22.0,0.7142857142857143,0.7333333333333333,0.7142857142857143,3,1.0,6.123233995736766e-17,2025,5,13,88,1,1,Good Friday,0,1,2,1,1,0,0,0,summer,1,0,24H Night,24.0,0.96,24H,0,0.0,9895.83,1.0,0,0.9583333333333334,0.9958,0,0,1,Clear,1,Standard,0.0,26.0,20.0,60.0,4.2,25.0,88.74,90.0,6472.093023255814,7000.0,6469.565217391304,6658.333333333333,6472.093023255814,6472.093023255814,5916.666666666667,0.93,1,1.184,1106.0,7119.047619047619,7000.0,7119.047619047619,7000.0,3304.9385845457173,21.0,1.0,4500.0,9000.0,0,0,1,0,0,0,0,0,0,1,0,0,0,0,1.0,0.2,96.0,0.9740126920347192,-0.01904761904761898,70.7401269203472,0.5,5,5,1.479,1.2,1.067,0.693
4500.0,2025-03-30,15,23,24H Night,7,0.0,2025-03-30,9500.0,4000.0,1.0,5800.0,5.0,23.0,0.7142857142857143,0.7666666666666667,0.7142857142857143,3,1.0,6.123233995736766e-17,2025,6,13,89,1,1,Ram Navami,0,1,1,1,1,0,0,0,summer,1,0,24H Night,24.0,0.96,24H,0,0.0,4687.5,1.0,0,0.9583333333333334,0.9958,0,0,1,Clear,1,Standard,0.0,26.0,20.0,60.0,4.2,25.0,88.74,90.0,6588.372093023256,7250.0,6686.95652173913,6866.666666666667,6588.372093023256,6588.372093023256,6750.0,0.93,1,1.184,1106.0,7119.047619047619,7000.0,7119.047619047619,7000.0,3304.9385845457173,21.0,1.0,4500.0,9000.0,0,0,0,0,1,0,0,0,0,1,0,0,0,0,1.0,0.2,96.0,0.931664866483108,-0.05238095238095242,70.31664866483108,0.5,5,5,1.479,1.2,1.067,0.693
3000.0,2025-03-31,12,12,12H Night,7,0.0,2025-03-31,2500.0,3000.0,1.0,2500.0,6.0,24.0,0.8571428571428571,0.8,0.8571428571428571,3,1.0,6.123233995736766e-17,2025,0,14,90,0,1,Eid-ul-Fitr,0,3,1,0,1,0,0,0,summer,1,0,12H Night,12.0,0.5,12H,0,0.0,6000.0,1.0,0,1.0,1.0,0,1,0,Clear,1,Standard,0.0,26.0,20.0,60.0,4.2,25.0,60.0,90.0,2777.777777777778,2750.0,3000.0,2600.0,2777.777777777778,2777.777777777778,2750.0,0.51,5,1.0,0.0,2800.0,3000.0,2800.0,3000.0,273.86127875258313,5.0,1.0,2500.0,3000.0,0,0,0,0,0,1,0,0,0,1,0,0,0,0,1.0,0.2,96.0,1.071415178738837,0.05714285714285705,60.714151787388374,0.8,5,5,1.479,1.2,1.067,0.693
4500.0,2025-04-01,10,23,24H Night,7,0.0,2025-04-01,4500.0,9500.0,1.0,5550.0,7.0,25.0,1.0,0.8333333333333334,1.0,4,0.8660254037844387,-0.4999999999999998,2025,1,14,91,0,0,,0,2,1,0,1,0,0,0,summer,1,0,24H Night,24.0,0.96,24H,0,0.0,4687.5,1.0,0,0.9583333333333334,0.9958,0,1,0,Clear,1,Standard,0.0,26.0,20.0,60.0,4.2,25.0,60.0,90.0,6254.0,5064.705882352941,6700.0,6171.428571428572,6254.0,6254.0,5072.727272727273,0.98,1,1.739,3732.68,5048.571428571428,5000.0,5048.571428571428,5000.0,481.0352980636593,35.0,1.0,4500.0,5500.0,0,0,0,0,0,0,0,0,0,1,0,0,0,0,1.0,0.225,93.0,1.199985600172798,0.16666666666666663,38.74985600172798,0.0,5,5,1.479,1.2,1.067,0.693
5500.0,2025-04-02,4,23,24H Night,7,0.0,2025-04-02,4500.0,4500.0,1.0,5350.0,8.0,25.0,1.0,0.8333333333333334,1.1428571428571428,4,0.8660254037844387,-0.4999999999999998,2025,2,14,92,0,0,,0,1,2,0,1,0,0,0,summer,1,0,24H Night,24.0,0.96,24H,0,0.0,5729.17,1.0,0,0.9583333333333334,0.9958,0,1,0,Clear,1,Standard,0.0,26.0,20.0,60.0,4.2,25.0,60.0,90.0,6234.0,5035.294117647059,5181.818181818182,6135.714285714285,6234.0,6234.0,5000.0,0.92,1,1.739,3732.68,5048.571428571428,5000.0,5048.571428571428,5000.0,481.0352980636593,35.0,1.0,4500.0,5500.0,0,0,0,0,0,0,0,0,0,1,0,0,0,0,1.0,0.225,93.0,1.3714121144831977,0.16666666666666663,40.46412114483198,0.0,5,5,1.479,1.2,1.067,0.693
5400.0,2025-04-04,10,23,24H Night,7,0.0,2025-04-04,5500.0,4500.0,2.0,5490.0,6.0,25.0,0.8571428571428571,0.8333333333333334,0.8571428571428571,4,0.8660254037844387,-0.4999999999999998,2025,4,14,94,0,1,Mahavir Jayanti,0,2,1,0,1,0,0,0,summer,1,0,24H Night,24.0,0.96,24H,0,0.0,5625.0,1.0,0,0.9583333333333334,0.9958,0,1,0,Clear,1,Standard,0.0,26.0,20.0,60.0,4.2,25.0,60.0,90.0,6236.0,5038.235294117647,6675.0,6404.761904761905,6236.0,6236.0,5000.0,0.9400000000000001,1,1.739,3732.68,5048.571428571428,5000.0,5048.571428571428,5000.0,481.0352980636593,35.0,1.0,4500.0,5500.0,1,0,0,0,0,0,0,0,0,1,0,0,0,0,1.0,0.225,93.0,1.028559085862398,0.023809523809523725,52.03559085862398,0.5,5,5,1.479,1.2,1.067,0.693
7000.0,2025-04-05,7,23,24H Night,7,0.0,2025-04-05,5400.0,5500.0,1.0,5790.0,6.0,26.0,0.8571428571428571,0.8666666666666667,0.8571428571428571,4,0.8660254037844387,-0.4999999999999998,2025,5,14,95,1,0,,0,1,1,1,1,0,0,0,summer,1,0,24H Night,24.0,0.96,24H,0,0.0,7291.67,1.0,0,0.9583333333333334,0.9958,0,1,0,Clear,1,Standard,0.0,26.0,20.0,60.0,4.2,25.0,88.74,90.0,6204.0,8900.0,5045.454545454545,6082.142857142857,6204.0,6204.0,8900.0,0.6,5,1.739,3732.68,8781.25,9500.0,8781.25,9500.0,3336.5089040292796,16.0,1.0,5375.0,12000.0,0,0,1,0,0,0,0,0,0,1,0,0,0,0,1.0,0.225,93.0,0.9889995774774027,-0.009523809523809601,56.63999577477403,0.0,5,5,1.479,1.2,1.067,0.693
3000.0,2025-04-09,2,17,24H Day,7,0.0,2025-04-09,4500.0,2500.0,4.0,3750.0,3.0,24.0,0.42857142857142855,0.8,0.42857142857142855,4,0.8660254037844387,-0.4999999999999998,2025,2,15,99,0,0,,0,1,2,0,1,0,0,0,summer,1,0,24H Day,24.0,0.71,24H,0,0.0,4225.35,1.0,0,0.7083333333333334,0.9708,1,0,0,Clear,1,Standard,0.0,26.0,20.0,60.0,4.2,25.0,60.0,90.0,7500.0,4500.0,7500.0,9250.0,7500.0,7500.0,7500.0,0.4,6,3.375,9500.0,4000.0,4000.0,4000.0,4000.0,1000.0,3.0,0.6,3500.0,4500.0,0,0,0,0,0,0,0,0,0,1,0,0,0,0,1.0,0.225,93.0,0.5357075893694185,-0.3714285714285715,32.10707589369419,0.0,5,5,1.479,1.2,1.067,0.693
2500.0,2025-04-10,2,10,12H Day,7,0.0,2025-04-10,2500.0,3000.0,1.0,2300.0,4.0,24.0,0.5714285714285714,0.8,0.5714285714285714,4,0.8660254037844387,-0.4999999999999998,2025,3,15,100,0,1,Mahavir Jayanti,0,1,3,0,1,0,0,0,summer,1,0,12H Day,12.0,0.42,12H,0,0.0,5952.38,1.0,0,0.8333333333333334,0.9833,1,0,0,Clear,1,Standard,0.0,26.0,20.0,60.0,4.2,25.0,60.0,90.0,3425.0,3333.3333333333335,3350.0,3785.714285714286,3425.0,3425.0,3500.0,0.9,1,1.292,960.53,3289.4736842105262,3000.0,3289.4736842105262,3000.0,713.2825035177586,19.0,1.0,2750.0,4000.0,0,0,0,0,0,0,0,0,0,1,0,0,0,0,1.0,0.225,93.0,0.7142767858258914,-0.22857142857142865,48.892767858258914,0.5,5,5,1.479,1.2,1.067,0.693
5000.0,2025-04-10,10,23,24H Night,7,0.0,2025-04-10,7000.0,5400.0,0.0,5840.0,5.0,25.0,0.7142857142857143,0.8333333333333334,0.7142857142857143,4,0.8660254037844387,-0.4999999999999998,2025,3,15,100,0,1,Mahavir Jayanti,0,1,3,0,1,0,0,0,summer,1,0,24H Night,24.0,0.96,24H,0,0.0,5208.33,1.0,0,0.9583333333333334,0.9958,0,1,0,Clear,1,Standard,0.0,26.0,20.0,60.0,4.2,25.0,60.0,90.0,6244.0,5050.0,6686.111111111111,6423.809523809524,6244.0,6244.0,5057.142857142857,0.9400000000000001,1,1.739,3732.68,5048.571428571428,5000.0,5048.571428571428,5000.0,481.0352980636593,35.0,1.0,4500.0,5500.0,0,0,0,0,0,0,0,0,0,1,0,0,0,0,1.0,0.225,93.0,0.8571325715519985,-0.11904761904761907,50.32132571551998,0.5,5,5,1.479,1.2,1.067,0.693
6000.0,2025-04-11,10,23,24H Night,7,0.0,2025-04-11,5000.0,7000.0,1.0,5490.0,5.0,25.0,0.7142857142857143,0.8333333333333334,0.7142857142857143,4,0.8660254037844387,-0.4999999999999998,2025,4,15,101,0,1,Eid-ul-Fitr,0,3,1,0,1,0,0,0,summer,1,0,24H Night,24.0,0.96,24H,0,0.0,6250.0,1.0,0,0.9583333333333334,0.9958,0,1,0,Clear,1,Standard,0.0,26.0,20.0,60.0,4.2,25.0,60.0,90.0,6224.0,5020.588235294118,6658.333333333333,6376.190476190476,6224.0,6224.0,5009.090909090909,0.7,4,1.739,3732.68,5048.571428571428,5000.0,5048.571428571428,5000.0,481.0352980636593,35.0,1.0,4500.0,5500.0,1,0,0,0,0,0,0,0,0,1,0,0,0,0,1.0,0.225,93.0,0.8571325715519985,-0.11904761904761907,59.32132571551998,0.8,5,5,1.479,1.2,1.067,0.693
12000.0,2025-04-12,12,23,24H Night,7,0.0,2025-04-12,6000.0,5000.0,1.0,6340.0,5.0,25.0,0.7142857142857143,0.8333333333333334,0.7142857142857143,4,0.8660254037844387,-0.4999999999999998,2025,5,15,102,1,0,,0,2,1,1,1,0,0,0,summer,1,0,24H Night,24.0,0.96,24H,0,0.0,12500.0,1.0,0,0.9583333333333334,0.9958,0,1,0,Clear,1,Standard,0.0,26.0,20.0,60.0,4.2,25.0,88.74,90.0,6104.0,8566.666666666666,6491.666666666667,5903.571428571428,6104.0,6104.0,8357.142857142857,0.9400000000000001,1,1.739,3732.68,8781.25,9500.0,8781.25,9500.0,3336.5089040292796,16.0,1.0,5375.0,12000.0,0,0,1,0,0,0,0,0,0,1,0,0,0,0,1.0,0.225,93.0,0.8571325715519985,-0.11904761904761907,55.32132571551998,0.0,5,5,1.479,1.2,1.067,0.693
5000.0,2025-04-13,15,23,24H Night,7,0.0,2025-04-13,12000.0,6000.0,1.0,6440.0,6.0,25.0,0.8571428571428571,0.8333333333333334,0.8571428571428571,4,0.8660254037844387,-0.4999999999999998,2025,6,15,103,1,0,,0,1,2,1,1,0,0,0,summer,1,0,24H Night,24.0,0.96,24H,0,0.0,5208.33,1.0,0,0.9583333333333334,0.9958,0,0,1,Clear,1,Standard,0.0,26.0,20.0,60.0,4.2,25.0,88.74,90.0,6244.0,9033.333333333334,6686.111111111111,6153.571428571428,6244.0,6244.0,9357.142857142857,0.9400000000000001,1,1.739,3732.68,8781.25,9500.0,8781.25,9500.0,3336.5089040292796,16.0,1.0,5375.0,12000.0,0,0,0,0,1,0,0,0,0,1,0,0,0,0,1.0,0.225,93.0,1.028559085862398,0.023809523809523725,57.03559085862398,0.0,5,5,1.479,1.2,1.067,0.693
5500.0,2025-04-14,10,23,24H Night,7,0.0,2025-04-14,5000.0,12000.0,1.0,6040.0,7.0,25.0,1.0,0.8333333333333334,1.0,4,0.8660254037844387,-0.4999999999999998,2025,0,16,104,0,1,Dr. Ambedkar Jayanti,0,1,3,0,1,0,0,0,summer,1,0,24H Night,24.0,0.96,24H,0,0.0,5729.17,1.0,0,0.9583333333333334,0.9958,0,1,0,Clear,1,Standard,0.0,26.0,20.0,60.0,4.2,25.0,60.0,90.0,6234.0,5035.294117647059,6672.222222222223,6400.0,6234.0,6234.0,4985.714285714285,0.9400000000000001,1,1.739,3732.68,5048.571428571428,5000.0,5048.571428571428,5000.0,481.0352980636593,35.0,1.0,4500.0,5500.0,0,0,0,0,0,0,0,0,0,1,0,0,0,0,1.0,0.225,93.0,1.199985600172798,0.16666666666666663,53.74985600172798,0.5,5,5,1.479,1.2,1.067,0.693
2500.0,2025-04-16,6,4,12H Day,7,0.0,2025-04-16,2500.0,2500.0,2.0,2400.0,7.0,25.0,1.0,0.8333333333333334,1.0,4,0.8660254037844387,-0.4999999999999998,2025,2,16,106,0,0,,0,1,1,0,1,0,0,0,summer,1,0,12H Day,12.0,0.17,12H,0,0.0,14705.88,1.0,0,0.3333333333333333,0.9333,0,1,0,Clear,1,Standard,0.0,26.0,20.0,60.0,4.2,25.0,60.0,90.0,3425.0,3333.3333333333335,3500.0,3291.6666666666665,3425.0,3425.0,3300.0,0.92,1,1.292,960.53,3289.4736842105262,3000.0,3289.4736842105262,3000.0,713.2825035177586,19.0,1.0,2750.0,4000.0,0,0,0,0,0,0,0,0,0,1,0,0,0,0,1.0,0.225,93.0,1.199985600172798,0.16666666666666663,38.74985600172798,0.0,5,5,1.479,1.2,1.067,0.693
5500.0,2025-04-16,10,23,24H Night,7,0.0,2025-04-16,5500.0,5000.0,0.0,6140.0,8.0,26.0,1.0,0.8666666666666667,1.1428571428571428,4,0.8660254037844387,-0.4999999999999998,2025,2,16,106,0,0,,0,1,1,0,1,0,0,0,summer,1,0,24H Night,24.0,0.96,24H,0,0.0,5729.17,1.0,0,0.9583333333333334,0.9958,0,1,0,Clear,1,Standard,0.0,26.0,20.0,60.0,4.2,25.0,60.0,90.0,6234.0,5035.294117647059,6672.222222222223,6135.714285714285,6234.0,6234.0,4981.818181818182,0.98,1,1.739,3732.68,5048.571428571428,5000.0,5048.571428571428,5000.0,481.0352980636593,35.0,1.0,4500.0,5500.0,0,0,0,0,0,0,0,0,0,1,0,0,0,0,1.0,0.225,93.0,1.3186661033032037,0.1333333333333333,39.93666103303204,0.0,5,5,1.479,1.2,1.067,0.693
6000.0,2025-04-17,8,23,24H Night,7,0.0,2025-04-17,5500.0,5500.0,1.0,6290.0,7.0,26.0,1.0,0.8666666666666667,1.0,4,0.8660254037844387,-0.4999999999999998,2025,3,16,107,0,1,Ram Navami,0,1,2,0,1,0,0,0,summer,1,0,24H Night,24.0,0.96,24H,0,0.0,6250.0,1.0,0,0.9583333333333334,0.9958,0,1,0,Clear,1,Standard,0.0,26.0,20.0,60.0,4.2,25.0,60.0,90.0,6224.0,5020.588235294118,5136.363636363636,6376.190476190476,6224.0,6224.0,5055.555555555556,0.6599999999999999,4,1.739,3732.68,5048.571428571428,5000.0,5048.571428571428,5000.0,481.0352980636593,35.0,1.0,4500.0,5500.0,0,0,0,0,0,0,0,0,0,1,0,0,0,0,1.0,0.225,93.0,1.1538328403903033,0.1333333333333333,53.28832840390303,0.5,5,5,1.479,1.2,1.067,0.693
5500.0,2025-04-18,6,23,24H Night,7,0.0,2025-04-18,6000.0,5500.0,1.0,6290.0,7.0,26.0,1.0,0.8666666666666667,1.0,4,0.8660254037844387,-0.4999999999999998,2025,4,16,108,0,1,Good Friday,0,1,1,0,1,0,0,0,summer,1,0,24H Night,24.0,0.96,24H,0,0.0,5729.17,1.0,0,0.9583333333333334,0.9958,0,1,0,Clear,1,Standard,0.0,26.0,20.0,60.0,4.2,25.0,60.0,90.0,6234.0,5035.294117647059,5181.818181818182,6400.0,6234.0,6234.0,5111.111111111111,0.6599999999999999,4,1.739,3732.68,5048.571428571428,5000.0,5048.571428571428,5000.0,481.0352980636593,35.0,1.0,4500.0,5500.0,1,0,0,0,0,1,0,0,0,1,0,0,0,0,1.0,0.225,93.0,1.1538328403903033,0.1333333333333333,53.28832840390303,0.5,5,5,1.479,1.2,1.067,0.693
12000.0,2025-04-19,10,23,24H Night,7,0.0,2025-04-19,5500.0,6000.0,1.0,6950.0,7.0,26.0,1.0,0.8666666666666667,1.0,4,0.8660254037844387,-0.4999999999999998,2025,5,16,109,1,1,Mahavir Jayanti,0,2,1,1,1,0,0,0,summer,1,0,24H Night,24.0,0.96,24H,0,0.0,12500.0,1.0,0,0.9583333333333334,0.9958,0,1,0,Clear,1,Standard,0.0,26.0,20.0,60.0,4.2,25.0,88.74,90.0,6104.0,8566.666666666666,6491.666666666667,6090.476190476191,6104.0,6104.0,8750.0,0.91,1,1.739,3732.68,8781.25,9500.0,8781.25,9500.0,3336.5089040292796,16.0,1.0,5375.0,12000.0,0,0,1,0,0,0,0,0,0,1,0,0,0,0,1.0,0.225,93.0,1.1538328403903033,0.1333333333333333,73.28832840390304,0.5,5,5,1.479,1.2,1.067,0.693
5500.0,2025-04-20,10,23,24H Night,7,0.0,2025-04-20,12000.0,5500.0,1.0,6800.0,7.0,25.0,1.0,0.8333333333333334,1.0,4,0.8660254037844387,-0.4999999999999998,2025,6,16,110,1,0,,0,1,1,1,1,0,0,0,summer,1,0,24H Night,24.0,0.96,24H,0,0.0,5729.17,1.0,0,0.9583333333333334,0.9958,0,1,0,Clear,1,Standard,0.0,26.0,20.0,60.0,4.2,25.0,88.74,90.0,6234.0,9000.0,6672.222222222223,6135.714285714285,6234.0,6234.0,9285.714285714286,0.9400000000000001,1,1.739,3732.68,8781.25,9500.0,8781.25,9500.0,3336.5089040292796,16.0,1.0,5375.0,12000.0,0,0,0,0,1,0,0,0,0,1,0,0,0,0,1.0,0.225,93.0,1.199985600172798,0.16666666666666663,58.74985600172798,0.0,5,5,1.479,1.2,1.067,0.693
5500.0,2025-04-21,12,23,24H Night,7,0.0,2025-04-21,5500.0,12000.0,1.0,6850.0,7.0,25.0,1.0,0.8333333333333334,1.0,4,0.8660254037844387,-0.4999999999999998,2025,0,17,111,0,1,Mahavir Jayanti,0,1,2,0,1,0,0,0,summer,1,0,24H Night,24.0,0.96,24H,0,0.0,5729.17,1.0,0,0.9583333333333334,0.9958,0,1,0,Clear,1,Standard,0.0,26.0,20.0,60.0,4.2,25.0,60.0,90.0,6234.0,5035.294117647059,6672.222222222223,6400.0,6234.0,6234.0,4985.714285714285,0.9400000000000001,1,1.739,3732.68,5048.571428571428,5000.0,5048.571428571428,5000.0,481.0352980636593,35.0,1.0,4500.0,5500.0,0,0,0,0,0,0,0,0,0,1,0,0,0,0,1.0,0.225,93.0,1.199985600172798,0.16666666666666663,53.74985600172798,0.5,5,5,1.479,1.2,1.067,0.693
4500.0,2025-04-22,5,23,24H Night,7,0.0,2025-04-22,5500.0,5500.0,1.0,6700.0,8.0,25.0,1.0,0.8333333333333334,1.1428571428571428,4,0.8660254037844387,-0.4999999999999998,2025,1,17,112,0,1,Eid-ul-Fitr (Ramzan Eid),0,7,1,0,1,0,0,0,summer,1,0,24H Night,24.0,0.96,24H,0,0.0,4687.5,1.0,0,0.9583333333333334,0.9958,0,1,0,Clear,1,Standard,0.0,26.0,20.0,60.0,4.2,25.0,60.0,90.0,6254.0,5064.705882352941,5272.727272727273,6447.619047619048,6254.0,6254.0,5222.222222222223,0.6599999999999999,4,1.739,3732.68,5048.571428571428,5000.0,5048.571428571428,5000.0,481.0352980636593,35.0,1.0,4500.0,5500.0,0,0,0,0,0,0,0,0,0,1,0,0,0,0,1.0,0.225,93.0,1.3714121144831977,0.16666666666666663,64.46412114483198,0.8,5,5,1.479,1.2,1.067,0.693
3500.0,2025-04-23,5,12,12H Night,7,0.0,2025-04-23,3000.0,2500.0,1.0,2650.0,7.0,26.0,1.0,0.8666666666666667,1.0,4,0.8660254037844387,-0.4999999999999998,2025,2,17,113,0,0,,0,7,1,0,1,0,0,0,summer,1,0,12H Night,12.0,0.5,12H,0,0.0,7000.0,1.0,0,1.0,1.0,0,1,0,Clear,1,Standard,0.0,26.0,20.0,60.0,4.2,25.0,60.0,90.0,2700.0,3125.0,2700.0,2625.0,2700.0,2700.0,3125.0,0.51,5,0.312,-2200.0,3200.0,3000.0,3200.0,3000.0,273.8612787525831,5.0,1.0,3000.0,3500.0,0,0,0,0,0,0,0,0,0,1,0,0,0,0,1.0,0.225,93.0,1.1538328403903033,0.1333333333333333,38.28832840390303,0.0,5,5,1.479,1.2,1.067,0.693
3000.0,2025-04-25,3,6,12H Day,7,0.0,2025-04-25,2500.0,2500.0,2.0,2500.0,6.0,27.0,0.8571428571428571,0.9,0.8571428571428571,4,0.8660254037844387,-0.4999999999999998,2025,4,17,115,0,0,,0,6,3,0,0,0,0,0,summer,1,0,12H Day,12.0,0.25,12H,0,0.0,12000.0,1.0,0,0.5,0.95,0,1,0,Clear,1,Standard,0.0,26.0,20.0,60.0,4.2,25.0,60.0,90.0,3400.0,3305.5555555555557,3428.5714285714284,3250.0,3400.0,3400.0,3200.0,0.92,1,1.292,960.53,3289.4736842105262,3000.0,3289.4736842105262,3000.0,713.2825035177586,19.0,1.0,2750.0,4000.0,0,0,0,0,0,0,0,0,0,1,0,0,0,0,1.0,0.225,93.0,0.9523703704879469,-0.04285714285714293,36.273703704879466,0.0,5,5,1.479,1.2,1.067,0.693
5500.0,2025-04-25,8,23,24H Night,7,0.0,2025-04-25,4500.0,5500.0,0.0,6050.0,7.0,28.0,1.0,0.9333333333333333,1.0,4,0.8660254037844387,-0.4999999999999998,2025,4,17,115,0,0,,0,6,3,0,0,0,0,0,summer,1,0,24H Night,24.0,0.96,24H,0,0.0,5729.17,1.0,0,0.9583333333333334,0.9958,0,1,0,Clear,1,Standard,0.0,26.0,20.0,60.0,4.2,25.0,60.0,90.0,6234.0,5035.294117647059,5181.818181818182,6135.714285714285,6234.0,6234.0,5000.0,0.92,1,1.739,3732.68,5048.571428571428,5000.0,5048.571428571428,5000.0,481.0352980636593,35.0,1.0,4500.0,5500.0,1,0,0,0,0,0,0,0,0,1,0,0,0,0,1.0,0.225,93.0,1.071417091959729,0.06666666666666665,37.464170919597294,0.0,5,5,1.479,1.2,1.067,0.693
13000.0,2025-04-26,15,23,24H Night,7,0.0,2025-04-26,5500.0,4500.0,1.0,6850.0,7.0,28.0,1.0,0.9333333333333333,1.0,4,0.8660254037844387,-0.4999999999999998,2025,5,17,116,1,0,,0,5,4,0,0,0,0,0,summer,1,0,24H Night,24.0,0.96,24H,0,0.0,13541.67,1.0,0,0.9583333333333334,0.9958,0,0,1,Clear,1,Standard,0.0,26.0,20.0,60.0,4.2,25.0,88.74,90.0,6084.0,8500.0,6463.888888888889,5867.857142857143,6084.0,6084.0,8214.285714285714,0.9400000000000001,1,1.739,3732.68,8781.25,9500.0,8781.25,9500.0,3336.5089040292796,16.0,1.0,5375.0,12000.0,0,0,1,0,0,0,0,0,0,1,0,0,0,0,1.0,0.225,93.0,1.071417091959729,0.06666666666666665,57.464170919597294,0.0,5,5,1.479,1.2,1.067,0.693
3000.0,2025-04-28,2,9,12H Day,7,0.0,2025-04-28,3000.0,2500.0,2.0,2550.0,6.0,26.0,0.8571428571428571,0.8666666666666667,0.8571428571428571,4,0.8660254037844387,-0.4999999999999998,2025,0,18,118,0,0,,0,3,6,0,0,0,0,0,summer,1,0,12H Day,12.0,0.38,12H,0,0.0,7894.74,1.0,0,0.75,0.975,1,0,0,Clear,1,Standard,0.0,26.0,20.0,60.0,4.2,25.0,60.0,90.0,3400.0,3305.5555555555557,3300.0,3250.0,3400.0,3400.0,3100.0,0.92,1,1.292,960.53,3289.4736842105262,3000.0,3289.4736842105262,3000.0,713.2825035177586,19.0,1.0,2750.0,4000.0,0,0,0,0,0,0,0,0,0,1,0,0,0,0,1.0,0.225,93.0,0.9889995774774027,-0.009523809523809601,36.63999577477403,0.0,5,5,1.479,1.2,1.067,0.693
5500.0,2025-04-28,6,23,24H Night,7,0.0,2025-04-28,13000.0,5500.0,0.0,6850.0,7.0,27.0,1.0,0.9,1.0,4,0.8660254037844387,-0.4999999999999998,2025,0,18,118,0,0,,0,3,6,0,0,0,0,0,summer,1,0,24H Night,24.0,0.96,24H,0,0.0,5729.17,1.0,0,0.9583333333333334,0.9958,0,1,0,Clear,1,Standard,0.0,26.0,20.0,60.0,4.2,25.0,60.0,90.0,6234.0,5035.294117647059,5181.818181818182,6135.714285714285,6234.0,6234.0,5000.0,0.92,1,1.739,3732.68,5048.571428571428,5000.0,5048.571428571428,5000.0,481.0352980636593,35.0,1.0,4500.0,5500.0,0,0,0,0,0,0,0,0,0,1,0,0,0,0,1.0,0.225,93.0,1.1110987655692715,0.09999999999999998,37.86098765569272,0.0,5,5,1.479,1.2,1.067,0.693
4000.0,2025-04-30,6,10,12H Day,7,0.0,2025-04-30,3000.0,3000.0,2.0,2750.0,6.0,26.0,0.8571428571428571,0.8666666666666667,0.8571428571428571,4,0.8660254037844387,-0.4999999999999998,2025,2,18,120,0,0,,0,1,7,0,1,0,0,0,summer,1,0,12H Day,12.0,0.42,12H,0,0.0,9523.81,1.0,0,0.8333333333333334,0.9833,0,1,0,Clear,1,Standard,0.0,26.0,20.0,60.0,4.2,25.0,60.0,90.0,3350.0,3250.0,3285.714285714286,3166.6666666666665,3350.0,3350.0,3000.0,0.92,1,1.292,960.53,3289.4736842105262,3000.0,3289.4736842105262,3000.0,713.2825035177586,19.0,1.0,2750.0,4000.0,0,0,0,0,0,0,0,0,0,1,0,0,0,0,1.0,0.225,93.0,0.9889995774774027,-0.009523809523809601,36.63999577477403,0.0,5,5,1.479,1.2,1.067,0.693
5500.0,2025-04-30,12,23,24H Night,7,0.0,2025-04-30,5500.0,13000.0,0.0,6850.0,7.0,27.0,1.0,0.9,1.0,4,0.8660254037844387,-0.4999999999999998,2025,2,18,120,0,0,,0,1,7,0,1,0,0,0,summer,1,0,24H Night,24.0,0.96,24H,0,0.0,5729.17,1.0,0,0.9583333333333334,0.9958,0,1,0,Clear,1,Standard,0.0,26.0,20.0,60.0,4.2,25.0,60.0,90.0,6234.0,5035.294117647059,6672.222222222223,6135.714285714285,6234.0,6234.0,4981.818181818182,0.98,1,1.739,3732.68,5048.571428571428,5000.0,5048.571428571428,5000.0,481.0352980636593,35.0,1.0,4500.0,5500.0,0,0,0,0,0,0,0,0,0,1,0,0,0,0,1.0,0.225,93.0,1.1110987655692715,0.09999999999999998,37.86098765569272,0.0,5,5,1.479,1.2,1.067,0.693
5000.0,2025-05-01,8,23,24H Night,7,0.0,2025-05-01,5500.0,5500.0,1.0,6750.0,8.0,27.0,1.0,0.9,1.1428571428571428,5,0.49999999999999994,-0.8660254037844387,2025,3,18,121,0,1,Gujarat Foundation Day,0,4,7,0,1,1,1,1,summer,1,0,24H Night,24.0,0.96,24H,0,0.0,5208.33,1.0,0,0.9583333333333334,0.9958,0,1,0,Clear,1,Standard,0.0,26.0,20.0,60.0,4.2,25.0,60.0,90.0,7014.285714285715,5666.666666666667,5875.0,7285.714285714285,7014.285714285715,7014.285714285715,5500.0,0.6799999999999999,4,1.88,4977.73,5653.846153846154,5500.0,5653.846153846154,5500.0,1391.6362972092988,52.0,1.0,5000.0,6000.0,0,0,0,0,0,0,0,0,0,1,0,0,0,0,1.0,0.2833333333333333,86.0,1.269827160650596,0.09999999999999998,56.19827160650596,0.5,5,5,1.479,1.2,1.067,0.693
12000.0,2025-05-03,12,23,24H Night,7,0.0,2025-05-03,5000.0,5500.0,2.0,7400.0,6.0,27.0,0.8571428571428571,0.9,0.8571428571428571,5,0.49999999999999994,-0.8660254037844387,2025,5,18,123,1,0,,0,2,2,1,0,1,1,1,summer,1,0,24H Night,24.0,0.96,24H,0,0.0,12500.0,1.0,0,0.9583333333333334,0.9958,0,1,0,Clear,1,Standard,0.0,26.0,20.0,60.0,4.2,25.0,88.74,90.0,6914.285714285715,10555.555555555555,7206.521739130435,6854.545454545455,6914.285714285715,6914.285714285715,10550.0,0.97,1,1.88,4977.73,10631.578947368422,12000.0,10631.578947368422,12000.0,3269.565487879416,19.0,1.0,8250.0,13250.0,0,0,1,0,0,0,0,0,0,1,0,0,0,0,1.0,0.2833333333333333,86.0,0.9523703704879469,-0.04285714285714293,58.023703704879466,0.0,5,5,1.479,1.2,1.067,0.693
4500.0,2025-05-05,15,11,12H Day,7,0.0,2025-05-05,4000.0,3000.0,2.0,3050.0,5.0,26.0,0.7142857142857143,0.8666666666666667,0.7142857142857143,5,0.49999999999999994,-0.8660254037844387,2025,0,19,125,0,1,Buddha Purnima,0,7,4,0,1,1,1,1,summer,1,0,12H Day,12.0,0.46,12H,0,0.0,9782.61,1.0,0,0.9166666666666666,0.9917,0,0,1,Clear,1,Standard,0.0,26.0,20.0,60.0,4.2,25.0,60.0,90.0,3409.375,3503.5714285714284,3785.714285714286,3500.0,3409.375,3409.375,3785.714285714286,0.64,4,0.77,-820.0,3570.0,3500.0,3570.0,3500.0,957.2654505711271,15.0,1.0,3000.0,4000.0,0,0,0,0,0,0,0,0,0,1,0,0,0,0,1.0,0.2833333333333333,86.0,0.8241663145645023,-0.1523809523809524,51.74166314564502,0.5,5,5,1.479,1.2,1.067,0.693
2000.0,2025-05-06,2,5,12H Day,7,0.0,2025-05-06,4500.0,4000.0,1.0,2900.0,6.0,27.0,0.8571428571428571,0.9,0.8571428571428571,5,0.49999999999999994,-0.8660254037844387,2025,1,19,126,0,0,,0,6,1,0,1,1,1,1,summer,1,0,12H Day,12.0,0.21,12H,0,0.0,9523.81,1.0,0,0.4166666666666667,0.9417,1,0,0,Clear,1,Standard,0.0,26.0,20.0,60.0,4.2,25.0,60.0,90.0,3565.625,3682.1428571428573,3500.0,3504.5454545454545,3565.625,3565.625,3500.0,0.6,4,0.77,-820.0,3570.0,3500.0,3570.0,3500.0,957.2654505711271,15.0,1.0,3000.0,4000.0,0,0,0,0,0,0,0,0,0,1,0,0,0,0,1.0,0.2833333333333333,86.0,0.9523703704879469,-0.04285714285714293,38.023703704879466,0.0,5,5,1.479,1.2,1.067,0.693
5500.0,2025-05-06,10,23,24H Night,7,0.0,2025-05-06,12000.0,5000.0,0.0,6750.0,7.0,28.0,1.0,0.9333333333333333,1.0,5,0.49999999999999994,-0.8660254037844387,2025,1,19,126,0,0,,0,6,1,0,1,1,1,1,summer,1,0,24H Night,24.0,0.96,24H,0,0.0,5729.17,1.0,0,0.9583333333333334,0.9958,0,1,0,Clear,1,Standard,0.0,26.0,20.0,60.0,4.2,25.0,60.0,90.0,7007.142857142857,5656.862745098039,7347.826086956522,6972.727272727273,7007.142857142857,7007.142857142857,5700.0,1.0,1,1.88,4977.73,5653.846153846154,5500.0,5653.846153846154,5500.0,1391.6362972092988,52.0,1.0,5000.0,6000.0,0,0,0,0,0,0,0,0,0,1,0,0,0,0,1.0,0.2833333333333333,86.0,1.071417091959729,0.06666666666666665,39.214170919597294,0.0,5,5,1.479,1.2,1.067,0.693
2500.0,2025-05-08,12,11,12H Night,7,0.0,2025-05-08,3500.0,3000.0,2.0,2700.0,5.0,29.0,0.7142857142857143,0.9666666666666667,0.7142857142857143,5,0.49999999999999994,-0.8660254037844387,2025,3,19,128,0,0,,0,4,3,0,0,1,1,1,summer,1,0,12H Night,12.0,0.46,12H,0,0.0,5434.78,1.0,0,0.9166666666666666,0.9917,0,1,0,Clear,1,Standard,0.0,26.0,20.0,60.0,4.2,25.0,60.0,90.0,3111.1111111111113,2600.0,3400.0,2833.3333333333335,3111.1111111111113,3111.1111111111113,2600.0,0.52,5,1.452,1166.67,2583.3333333333335,2500.0,2583.3333333333335,2500.0,735.9800721939873,6.0,1.0,2125.0,2500.0,0,0,0,0,0,0,0,0,0,1,0,0,0,0,1.0,0.2833333333333333,86.0,0.7389086122754396,-0.2523809523809524,35.88908612275439,0.0,5,5,1.479,1.2,1.067,0.693
3000.0,2025-05-09,10,15,24H Night,7,0.0,2025-05-09,5500.0,12000.0,1.0,6500.0,6.0,29.0,0.8571428571428571,0.9666666666666667,0.8571428571428571,5,0.49999999999999994,-0.8660254037844387,2025,4,19,129,0,0,,0,3,4,0,0,1,1,1,summer,1,0,24H Night,24.0,0.62,24H,0,0.0,4838.71,1.0,0,0.625,0.9625,0,1,0,Clear,1,Standard,0.0,26.0,20.0,60.0,4.2,25.0,60.0,90.0,7042.857142857143,5705.882352941177,7402.173913043478,7018.181818181818,7042.857142857143,7042.857142857143,5800.0,1.0,1,1.88,4977.73,5653.846153846154,5500.0,5653.846153846154,5500.0,1391.6362972092988,52.0,1.0,5000.0,6000.0,1,0,0,0,0,0,0,0,0,1,0,0,0,0,1.0,0.2833333333333333,86.0,0.8866903347305274,-0.10952380952380958,37.366903347305275,0.0,5,5,1.479,1.2,1.067,0.693
2000.0,2025-05-10,7,8,12H Day,7,0.0,2025-05-10,2000.0,4500.0,1.0,2900.0,6.0,28.0,0.8571428571428571,0.9333333333333333,0.8571428571428571,5,0.49999999999999994,-0.8660254037844387,2025,5,19,130,1,0,,0,2,5,1,0,1,1,1,summer,1,0,12H Day,12.0,0.33,12H,0,0.0,6060.61,1.0,0,0.6666666666666666,0.9667,0,1,0,Clear,1,Standard,0.0,26.0,20.0,60.0,4.2,25.0,88.74,90.0,3565.625,3500.0,3750.0,3504.5454545454545,3565.625,3565.625,3565.625,0.5,6,0.77,-820.0,2750.0,2750.0,2750.0,2750.0,1060.6601717798212,2.0,0.4,2375.0,3125.0,0,1,0,0,0,0,0,0,0,1,0,0,0,0,1.0,0.2833333333333333,86.0,0.9183575073940534,-0.07619047619047625,57.68357507394053,0.0,5,5,1.479,1.2,1.067,0.693
10000.0,2025-05-10,12,23,24H Night,7,0.0,2025-05-10,3000.0,5500.0,0.0,6950.0,7.0,29.0,1.0,0.9666666666666667,1.0,5,0.49999999999999994,-0.8660254037844387,2025,5,19,130,1,0,,0,2,5,1,0,1,1,1,summer,1,0,24H Night,24.0,0.96,24H,0,0.0,10416.67,1.0,0,0.9583333333333334,0.9958,0,1,0,Clear,1,Standard,0.0,26.0,20.0,60.0,4.2,25.0,88.74,90.0,6942.857142857143,10666.666666666666,7250.0,6890.909090909091,6942.857142857143,6942.857142857143,10750.0,0.97,1,1.88,4977.73,10631.578947368422,12000.0,10631.578947368422,12000.0,3269.565487879416,19.0,1.0,8250.0,13250.0,0,0,1,0,0,0,0,0,0,1,0,0,0,0,1.0,0.2833333333333333,86.0,1.0344720571856154,0.033333333333333326,58.84472057185616,0.0,5,5,1.479,1.2,1.067,0.693
2000.0,2025-05-12,2,6,12H Day,7,0.0,2025-05-12,2000.0,2000.0,2.0,2800.0,7.0,28.0,1.0,0.9333333333333333,1.0,5,0.49999999999999994,-0.8660254037844387,2025,0,20,132,0,1,Buddha Purnima,0,4,7,0,1,1,1,1,summer,1,0,12H Day,12.0,0.25,12H,0,0.0,8000.0,1.0,0,0.5,0.95,1,0,0,Clear,1,Standard,0.0,26.0,20.0,60.0,4.2,25.0,60.0,90.0,3565.625,3682.1428571428573,3500.0,4125.0,3565.625,3565.625,3500.0,0.6,4,0.77,-820.0,3570.0,3500.0,3570.0,3500.0,957.2654505711271,15.0,1.0,3000.0,4000.0,0,0,0,0,0,0,0,0,0,1,0,0,0,0,1.0,0.2833333333333333,86.0,1.071417091959729,0.06666666666666665,54.214170919597294,0.5,5,5,1.479,1.2,1.067,0.693
6000.0,2025-05-12,20,23,24H Night,7,0.0,2025-05-12,10000.0,3000.0,0.0,7100.0,8.0,29.0,1.0,0.9666666666666667,1.1428571428571428,5,0.49999999999999994,-0.8660254037844387,2025,0,20,132,0,1,Buddha Purnima,0,4,7,0,1,1,1,1,summer,1,0,24H Night,24.0,0.96,24H,0,0.0,6250.0,1.0,0,0.9583333333333334,0.9958,0,0,1,Clear,1,Standard,0.0,26.0,20.0,60.0,4.2,25.0,60.0,90.0,7000.0,5647.058823529412,7100.0,7214.285714285715,7000.0,7000.0,5928.571428571428,0.64,4,1.88,4977.73,5653.846153846154,5500.0,5653.846153846154,5500.0,1391.6362972092988,52.0,1.0,5000.0,6000.0,0,0,0,0,0,0,0,0,0,1,0,0,0,0,1.0,0.2833333333333333,86.0,1.182253779640703,0.033333333333333326,55.32253779640703,0.5,5,5,1.479,1.2,1.067,0.693
5500.0,2025-05-13,14,23,24H Night,7,0.0,2025-05-13,6000.0,10000.0,1.0,7100.0,7.0,29.0,1.0,0.9666666666666667,1.0,5,0.49999999999999994,-0.8660254037844387,2025,1,20,133,0,0,,0,3,1,0,1,1,1,1,summer,1,0,24H Night,24.0,0.96,24H,0,0.0,5729.17,1.0,0,0.9583333333333334,0.9958,0,0,1,Clear,1,Standard,0.0,26.0,20.0,60.0,4.2,25.0,60.0,90.0,7007.142857142857,5656.862745098039,7347.826086956522,6972.727272727273,7007.142857142857,7007.142857142857,5700.0,1.0,1,1.88,4977.73,5653.846153846154,5500.0,5653.846153846154,5500.0,1391.6362972092988,52.0,1.0,5000.0,6000.0,0,0,0,0,0,0,0,0,0,1,0,0,0,0,1.0,0.2833333333333333,86.0,1.0344720571856154,0.033333333333333326,38.84472057185616,0.0,5,5,1.479,1.2,1.067,0.693
2000.0,2025-05-14,15,12,12H Night,7,0.0,2025-05-14,2500.0,3500.0,1.0,2500.0,8.0,29.0,1.0,0.9666666666666667,1.1428571428571428,5,0.49999999999999994,-0.8660254037844387,2025,2,20,134,0,0,,0,2,2,0,0,1,1,1,summer,1,0,12H Night,12.0,0.5,12H,0,0.0,4000.0,1.0,0,1.0,1.0,0,0,1,Clear,1,Standard,0.0,26.0,20.0,60.0,4.2,25.0,60.0,90.0,3166.6666666666665,2700.0,3500.0,2916.6666666666665,3166.6666666666665,3166.6666666666665,2700.0,0.52,5,1.452,1166.67,2583.3333333333335,2500.0,2583.3333333333335,2500.0,735.9800721939873,6.0,1.0,2125.0,2500.0,0,0,0,0,0,0,0,0,0,1,0,0,0,0,1.0,0.2833333333333333,86.0,1.182253779640703,0.033333333333333326,40.32253779640703,0.0,5,5,1.479,1.2,1.067,0.693
4000.0,2025-05-15,8,10,12H Day,7,0.0,2025-05-15,2000.0,2000.0,1.0,2950.0,8.0,30.0,1.0,1.0,1.1428571428571428,5,0.49999999999999994,-0.8660254037844387,2025,3,20,135,0,0,,0,1,3,0,1,1,1,1,summer,1,0,12H Day,12.0,0.42,12H,0,0.0,9523.81,1.0,0,0.8333333333333334,0.9833,0,1,0,Clear,1,Standard,0.0,26.0,20.0,60.0,4.2,25.0,60.0,90.0,3440.625,3539.285714285714,2750.0,3322.7272727272725,3440.625,3440.625,3539.285714285714,0.6,5,0.77,-820.0,3570.0,3500.0,3570.0,3500.0,957.2654505711271,15.0,1.0,3000.0,4000.0,0,0,0,0,0,0,0,0,0,1,0,0,0,0,1.0,0.2833333333333333,86.0,1.1428457143999988,0.0,39.928457143999985,0.0,5,5,1.479,1.2,1.067,0.693
10000.0,2025-05-15,15,47,24H Night,7,0.0,2025-05-15,5500.0,6000.0,0.0,6800.0,9.0,31.0,1.0,1.0,1.2857142857142858,5,0.49999999999999994,-0.8660254037844387,2025,3,20,135,0,0,,0,1,3,0,1,1,1,1,summer,1,0,24H Night,24.0,1.96,48H,1,23.0,5102.04,0.95,1,1.0,1.0,0,0,1,Clear,1,Standard,0.0,26.0,20.0,60.0,4.2,25.0,60.0,90.0,6942.857142857143,5568.6274509803925,7250.0,6890.909090909091,6942.857142857143,6942.857142857143,5520.0,1.0,1,1.88,4977.73,5653.846153846154,5500.0,5653.846153846154,5500.0,1391.6362972092988,52.0,1.0,5000.0,6000.0,0,0,0,0,0,0,0,0,0,1,0,0,0,0,1.0,0.2833333333333333,86.0,1.24422759042424,0.0,40.9422759042424,0.0,5,5,1.479,1.2,1.067,0.693
11500.0,2025-05-17,15,23,24H Night,7,0.0,2025-05-17,10000.0,5500.0,2.0,7400.0,7.0,29.0,1.0,0.9666666666666667,1.0,5,0.49999999999999994,-0.8660254037844387,2025,5,20,137,1,0,,0,3,1,1,1,1,1,1,summer,1,0,24H Night,24.0,0.96,24H,0,0.0,11979.17,1.0,0,0.9583333333333334,0.9958,0,0,1,Clear,1,Standard,0.0,26.0,20.0,60.0,4.2,25.0,88.74,90.0,6921.428571428572,10583.333333333334,7217.391304347826,6863.636363636364,6921.428571428572,6921.428571428572,10600.0,0.97,1,1.88,4977.73,10631.578947368422,12000.0,10631.578947368422,12000.0,3269.565487879416,19.0,1.0,8250.0,13250.0,0,0,1,0,0,0,0,0,0,1,0,0,0,0,1.0,0.2833333333333333,86.0,1.0344720571856154,0.033333333333333326,58.84472057185616,0.0,5,5,1.479,1.2,1.067,0.693
5000.0,2025-05-18,22,23,24H Night,7,0.0,2025-05-18,11500.0,10000.0,1.0,7350.0,8.0,29.0,1.0,0.9666666666666667,1.1428571428571428,5,0.49999999999999994,-0.8660254037844387,2025,6,20,138,1,0,,0,2,2,1,0,1,1,1,summer,1,0,24H Night,24.0,0.96,24H,0,0.0,5208.33,1.0,0,0.9583333333333334,0.9958,0,0,1,Clear,1,Standard,0.0,26.0,20.0,60.0,4.2,25.0,88.74,90.0,7014.285714285715,10944.444444444445,7200.0,6981.818181818182,7014.285714285715,7014.285714285715,10944.444444444445,0.6,5,1.88,4977.73,10631.578947368422,12000.0,10631.578947368422,12000.0,3269.565487879416,19.0,1.0,8250.0,13250.0,0,0,0,0,1,0,0,0,0,1,0,0,0,0,1.0,0.2833333333333333,86.0,1.182253779640703,0.033333333333333326,60.32253779640703,0.0,5,5,1.479,1.2,1.067,0.693
5500.0,2025-05-19,18,23,24H Night,7,0.0,2025-05-19,5000.0,11500.0,1.0,7400.0,7.0,29.0,1.0,0.9666666666666667,1.0,5,0.49999999999999994,-0.8660254037844387,2025,0,21,139,0,0,,0,1,3,0,1,1,1,1,summer,1,0,24H Night,24.0,0.96,24H,0,0.0,5729.17,1.0,0,0.9583333333333334,0.9958,0,0,1,Clear,1,Standard,0.0,26.0,20.0,60.0,4.2,25.0,60.0,90.0,7007.142857142857,5656.862745098039,7150.0,6972.727272727273,7007.142857142857,7007.142857142857,5750.0,0.91,1,1.88,4977.73,5653.846153846154,5500.0,5653.846153846154,5500.0,1391.6362972092988,52.0,1.0,5000.0,6000.0,0,0,0,0,0,0,0,0,0,1,0,0,0,0,1.0,0.2833333333333333,86.0,1.0344720571856154,0.033333333333333326,38.84472057185616,0.0,5,5,1.479,1.2,1.067,0.693
5000.0,2025-05-20,15,23,24H Night,7,0.0,2025-05-20,5500.0,5000.0,1.0,6700.0,7.0,29.0,1.0,0.9666666666666667,1.0,5,0.49999999999999994,-0.8660254037844387,2025,1,21,140,0,1,Buddha Purnima,0,3,4,0,1,1,1,1,summer,1,0,24H Night,24.0,0.96,24H,0,0.0,5208.33,1.0,0,0.9583333333333334,0.9958,0,0,1,Clear,1,Standard,0.0,26.0,20.0,60.0,4.2,25.0,60.0,90.0,7014.285714285715,5666.666666666667,7358.695652173913,7285.714285714285,7014.285714285715,7014.285714285715,5625.0,0.91,1,1.88,4977.73,5653.846153846154,5500.0,5653.846153846154,5500.0,1391.6362972092988,52.0,1.0,5000.0,6000.0,0,0,0,0,0,0,0,0,0,1,0,0,0,0,1.0,0.2833333333333333,86.0,1.0344720571856154,0.033333333333333326,53.84472057185616,0.5,5,5,1.479,1.2,1.067,0.693
5000.0,2025-05-21,8,23,24H Night,7,0.0,2025-05-21,5000.0,5500.0,1.0,6650.0,7.0,29.0,1.0,0.9666666666666667,1.0,5,0.49999999999999994,-0.8660254037844387,2025,2,21,141,0,0,,0,2,1,0,1,1,1,1,summer,1,0,24H Night,24.0,0.96,24H,0,0.0,5208.33,1.0,0,0.9583333333333334,0.9958,0,1,0,Clear,1,Standard,0.0,26.0,20.0,60.0,4.2,25.0,60.0,90.0,7014.285714285715,5666.666666666667,5875.0,6981.818181818182,7014.285714285715,7014.285714285715,5611.111111111111,0.96,1,1.88,4977.73,5653.846153846154,5500.0,5653.846153846154,5500.0,1391.6362972092988,52.0,1.0,5000.0,6000.0,0,0,0,0,0,0,0,0,0,1,0,0,0,0,1.0,0.2833333333333333,86.0,1.0344720571856154,0.033333333333333326,38.84472057185616,0.0,5,5,1.479,1.2,1.067,0.693
5500.0,2025-05-22,20,23,24H Night,7,0.0,2025-05-22,5000.0,5000.0,1.0,6900.0,6.0,29.0,0.8571428571428571,0.9666666666666667,0.8571428571428571,5,0.49999999999999994,-0.8660254037844387,2025,3,21,142,0,0,,0,1,2,0,1,1,1,1,summer,1,0,24H Night,24.0,0.96,24H,0,0.0,5729.17,1.0,0,0.9583333333333334,0.9958,0,0,1,Clear,1,Standard,0.0,26.0,20.0,60.0,4.2,25.0,60.0,90.0,7007.142857142857,5656.862745098039,7150.0,6972.727272727273,7007.142857142857,7007.142857142857,5750.0,0.91,1,1.88,4977.73,5653.846153846154,5500.0,5653.846153846154,5500.0,1391.6362972092988,52.0,1.0,5000.0,6000.0,0,0,0,0,0,0,0,0,0,1,0,0,0,0,1.0,0.2833333333333333,86.0,0.8866903347305274,-0.10952380952380958,37.366903347305275,0.0,5,5,1.479,1.2,1.067,0.693
2500.0,2025-05-23,8,13,12H Night,7,0.0,2025-05-23,2000.0,2500.0,1.0,2500.0,7.0,29.0,1.0,0.9666666666666667,1.0,5,0.49999999999999994,-0.8660254037844387,2025,4,21,143,0,1,Buddha Purnima,0,4,3,0,1,1,1,1,summer,1,0,12H Night,12.0,0.54,12H,0,0.0,4629.63,1.0,0,1.0,1.0,0,1,0,Clear,1,Standard,0.0,26.0,20.0,60.0,4.2,25.0,60.0,90.0,3111.1111111111113,2600.0,3250.0,4250.0,3111.1111111111113,3111.1111111111113,2600.0,0.52,5,1.452,1166.67,2583.3333333333335,2500.0,2583.3333333333335,2500.0,735.9800721939873,6.0,1.0,2125.0,2500.0,1,0,0,0,0,0,0,0,0,1,0,0,0,0,1.0,0.2833333333333333,86.0,1.0344720571856154,0.033333333333333326,53.84472057185616,0.5,5,5,1.479,1.2,1.067,0.693
3500.0,2025-05-24,4,9,12H Day,7,0.0,2025-05-24,4000.0,2000.0,1.0,3050.0,7.0,30.0,1.0,1.0,1.0,5,0.49999999999999994,-0.8660254037844387,2025,5,21,144,1,0,,0,3,1,1,1,1,1,1,summer,1,0,12H Day,12.0,0.38,12H,0,0.0,9210.53,1.0,0,0.75,0.975,0,1,0,Clear,1,Standard,0.0,26.0,20.0,60.0,4.2,25.0,88.74,90.0,3471.875,2000.0,3000.0,3368.181818181818,3471.875,3471.875,3471.875,0.5,6,0.77,-820.0,2750.0,2750.0,2750.0,2750.0,1060.6601717798212,2.0,0.4,2375.0,3125.0,0,1,0,0,0,0,0,0,0,1,0,0,0,0,1.0,0.2833333333333333,86.0,0.9999900000999989,0.0,58.499900000999986,0.0,5,5,1.479,1.2,1.067,0.693
11000.0,2025-05-24,20,23,24H Night,7,0.0,2025-05-24,5500.0,5000.0,0.0,7000.0,8.0,31.0,1.0,1.0,1.1428571428571428,5,0.49999999999999994,-0.8660254037844387,2025,5,21,144,1,0,,0,3,1,1,1,1,1,1,summer,1,0,24H Night,24.0,0.96,24H,0,0.0,11458.33,1.0,0,0.9583333333333334,0.9958,0,0,1,Clear,1,Standard,0.0,26.0,20.0,60.0,4.2,25.0,88.74,90.0,6928.571428571428,10611.111111111111,6600.0,6872.727272727273,6928.571428571428,6928.571428571428,10611.111111111111,0.6,5,1.88,4977.73,10631.578947368422,12000.0,10631.578947368422,12000.0,3269.565487879416,19.0,1.0,8250.0,13250.0,0,0,1,0,0,0,0,0,0,1,0,0,0,0,1.0,0.2833333333333333,86.0,1.105980080377102,0.0,59.55980080377102,0.0,5,5,1.479,1.2,1.067,0.693
2500.0,2025-05-25,10,13,12H Night,7,0.0,2025-05-25,2500.0,2000.0,1.0,2550.0,8.0,30.0,1.0,1.0,1.1428571428571428,5,0.49999999999999994,-0.8660254037844387,2025,6,21,145,1,0,,0,2,2,1,0,1,1,1,summer,1,0,12H Night,12.0,0.54,12H,0,0.0,4629.63,1.0,0,1.0,1.0,0,1,0,Clear,1,Standard,0.0,26.0,20.0,60.0,4.2,25.0,88.74,90.0,3111.1111111111113,4166.666666666667,3400.0,2833.3333333333335,3111.1111111111113,3111.1111111111113,4166.666666666667,0.5,5,1.452,1166.67,3750.0,4000.0,3750.0,4000.0,866.0254037844386,4.0,0.8,3625.0,4125.0,0,0,0,0,1,0,0,0,0,1,0,0,0,0,1.0,0.2833333333333333,86.0,1.1428457143999988,0.0,59.928457143999985,0.0,5,5,1.479,1.2,1.067,0.693
2550.0,2025-05-26,18,9,12H Day,7,0.0,2025-05-26,3500.0,4000.0,1.0,3055.0,8.0,30.0,1.0,1.0,1.1428571428571428,5,0.49999999999999994,-0.8660254037844387,2025,0,22,146,0,0,,0,1,3,0,1,1,1,1,summer,1,0,12H Day,12.0,0.38,12H,0,0.0,6710.53,1.0,0,0.75,0.975,0,0,1,Clear,1,Standard,0.0,26.0,20.0,60.0,4.2,25.0,60.0,90.0,3531.25,3642.8571428571427,3500.0,3454.5454545454545,3531.25,3531.25,3642.8571428571427,0.6,5,0.77,-820.0,3570.0,3500.0,3570.0,3500.0,957.2654505711271,15.0,1.0,3000.0,4000.0,0,0,0,0,0,0,0,0,0,1,0,0,0,0,1.0,0.2833333333333333,86.0,1.1428457143999988,0.0,39.928457143999985,0.0,5,5,1.479,1.2,1.067,0.693
2500.0,2025-05-26,5,13,12H Night,7,0.0,2025-05-26,2500.0,2500.0,0.0,2650.0,9.0,31.0,1.0,1.0,1.2857142857142858,5,0.49999999999999994,-0.8660254037844387,2025,0,22,146,0,0,,0,1,3,0,1,1,1,1,summer,1,0,12H Night,12.0,0.54,12H,0,0.0,4629.63,1.0,0,1.0,1.0,0,1,0,Clear,1,Standard,0.0,26.0,20.0,60.0,4.2,25.0,60.0,90.0,3111.1111111111113,2600.0,3250.0,2833.3333333333335,3111.1111111111113,3111.1111111111113,2600.0,0.52,5,1.452,1166.67,2583.3333333333335,2500.0,2583.3333333333335,2500.0,735.9800721939873,6.0,1.0,2125.0,2500.0,0,0,0,0,0,0,0,0,0,1,0,0,0,0,1.0,0.2833333333333333,86.0,1.24422759042424,0.0,40.9422759042424,0.0,5,5,1.479,1.2,1.067,0.693
3500.0,2025-05-27,9,9,12H Day,7,0.0,2025-05-27,2550.0,3500.0,1.0,3105.0,9.0,32.0,1.0,1.0,1.2857142857142858,5,0.49999999999999994,-0.8660254037844387,2025,1,22,147,0,1,Bakri Eid (Eid-ul-Adha),0,4,4,0,1,1,1,1,summer,1,0,12H Day,12.0,0.38,12H,0,0.0,9210.53,1.0,0,0.75,0.975,0,1,0,Clear,1,Standard,0.0,26.0,20.0,60.0,4.2,25.0,60.0,90.0,3471.875,3575.0,3928.5714285714284,3750.0,3471.875,3471.875,3928.5714285714284,0.64,4,0.77,-820.0,3570.0,3500.0,3570.0,3500.0,957.2654505711271,15.0,1.0,3000.0,4000.0,0,0,0,0,0,0,0,0,0,1,0,0,0,0,1.0,0.2833333333333333,86.0,1.2053458427398671,0.0,64.55345842739867,0.8,5,5,1.479,1.2,1.067,0.693
2000.0,2025-05-28,2,7,12H Night,7,0.0,2025-05-28,2500.0,2500.0,1.0,2600.0,9.0,31.0,1.0,1.0,1.2857142857142858,5,0.49999999999999994,-0.8660254037844387,2025,2,22,148,0,0,,0,3,1,0,1,1,1,1,summer,1,0,12H Night,12.0,0.29,12H,0,0.0,6896.55,1.0,0,0.5833333333333334,0.9583,1,0,0,Clear,1,Standard,0.0,26.0,20.0,60.0,4.2,25.0,60.0,90.0,3166.6666666666665,2700.0,3166.6666666666665,2916.6666666666665,3166.6666666666665,3166.6666666666665,2700.0,0.52,5,1.452,1166.67,2583.3333333333335,2500.0,2583.3333333333335,2500.0,735.9800721939873,6.0,1.0,2125.0,2500.0,0,0,0,0,0,0,0,0,0,1,0,0,0,0,1.0,0.2833333333333333,86.0,1.24422759042424,0.0,40.9422759042424,0.0,5,5,1.479,1.2,1.067,0.693
3000.0,2025-05-28,10,10,12H Day,7,0.0,2025-05-28,3500.0,2550.0,0.0,3105.0,10.0,32.0,1.0,1.0,1.4285714285714286,5,0.49999999999999994,-0.8660254037844387,2025,2,22,148,0,0,,0,3,1,0,1,1,1,1,summer,1,0,12H Day,12.0,0.42,12H,0,0.0,7142.86,1.0,0,0.8333333333333334,0.9833,0,1,0,Clear,1,Standard,0.0,26.0,20.0,60.0,4.2,25.0,60.0,90.0,3503.125,3610.714285714286,4000.0,3413.6363636363635,3503.125,3503.125,4000.0,0.92,1,0.77,-820.0,3570.0,3500.0,3570.0,3500.0,957.2654505711271,15.0,1.0,3000.0,4000.0,0,0,0,0,0,0,0,0,0,1,0,0,0,0,1.0,0.2833333333333333,86.0,1.3392731585998523,0.0,41.892731585998526,0.0,5,5,1.479,1.2,1.067,0.693
4000.0,2025-05-28,15,21,24H Night,7,0.0,2025-05-28,11000.0,5500.0,0.0,6800.0,11.0,33.0,1.0,1.0,1.5714285714285714,5,0.49999999999999994,-0.8660254037844387,2025,2,22,148,0,0,,0,3,1,0,1,1,1,1,summer,1,0,24H Night,24.0,0.88,24H,0,0.0,4545.45,1.0,0,0.875,0.9875,0,0,1,Clear,1,Standard,0.0,26.0,20.0,60.0,4.2,25.0,60.0,90.0,7028.571428571428,5686.274509803921,7380.434782608696,7000.0,7028.571428571428,7028.571428571428,5760.0,1.0,1,1.88,4977.73,5653.846153846154,5500.0,5653.846153846154,5500.0,1391.6362972092988,52.0,1.0,5000.0,6000.0,0,0,0,0,0,0,0,0,0,1,0,0,0,0,1.0,0.2833333333333333,86.0,1.428558441676504,0.0,42.78558441676504,0.0,5,5,1.479,1.2,1.067,0.693
5000.0,2025-05-29,10,23,24H Night,7,0.0,2025-05-29,4000.0,11000.0,1.0,6750.0,11.0,34.0,1.0,1.0,1.5714285714285714,5,0.49999999999999994,-0.8660254037844387,2025,3,22,149,0,0,,0,2,2,0,0,1,1,1,summer,1,0,24H Night,24.0,0.96,24H,0,0.0,5208.33,1.0,0,0.9583333333333334,0.9958,0,1,0,Clear,1,Standard,0.0,26.0,20.0,60.0,4.2,25.0,60.0,90.0,7014.285714285715,5666.666666666667,7358.695652173913,6981.818181818182,7014.285714285715,7014.285714285715,5720.0,1.0,1,1.88,4977.73,5653.846153846154,5500.0,5653.846153846154,5500.0,1391.6362972092988,52.0,1.0,5000.0,6000.0,0,0,0,0,0,0,0,0,0,1,0,0,0,0,1.0,0.2833333333333333,86.0,1.3865423876512013,0.0,42.36542387651201,0.0,5,5,1.479,1.2,1.067,0.693
5000.0,2025-05-30,10,23,24H Night,7,0.0,2025-05-30,5000.0,4000.0,1.0,6250.0,11.0,33.0,1.0,1.0,1.5714285714285714,5,0.49999999999999994,-0.8660254037844387,2025,4,22,150,0,0,,0,1,3,0,1,1,1,1,summer,1,0,24H Night,24.0,0.96,24H,0,0.0,5208.33,1.0,0,0.9583333333333334,0.9958,0,1,0,Clear,1,Standard,0.0,26.0,20.0,60.0,4.2,25.0,60.0,90.0,7014.285714285715,5666.666666666667,7358.695652173913,6981.818181818182,7014.285714285715,7014.285714285715,5720.0,1.0,1,1.88,4977.73,5653.846153846154,5500.0,5653.846153846154,5500.0,1391.6362972092988,52.0,1.0,5000.0,6000.0,1,0,0,0,0,1,0,0,0,1,0,0,0,0,1.0,0.2833333333333333,86.0,1.428558441676504,0.0,42.78558441676504,0.0,5,5,1.479,1.2,1.067,0.693
12000.0,2025-05-31,10,23,24H Night,7,0.0,2025-05-31,5000.0,5000.0,1.0,6300.0,10.0,33.0,1.0,1.0,1.4285714285714286,5,0.49999999999999994,-0.8660254037844387,2025,5,22,151,1,1,Buddha Purnima,0,7,4,1,1,1,1,1,summer,1,0,24H Night,24.0,0.96,24H,0,0.0,12500.0,1.0,0,0.9583333333333334,0.9958,0,1,0,Clear,1,Standard,0.0,26.0,20.0,60.0,4.2,25.0,88.74,90.0,6914.285714285715,10555.555555555555,7206.521739130435,6785.714285714285,6914.285714285715,6914.285714285715,10750.0,0.7,4,1.88,4977.73,10631.578947368422,12000.0,10631.578947368422,12000.0,3269.565487879416,19.0,1.0,8250.0,13250.0,0,0,1,0,0,0,0,0,0,1,0,0,0,0,1.0,0.2833333333333333,86.0,1.2986894924331855,0.0,76.48689492433185,0.5,5,5,1.479,1.2,1.067,0.693
5000.0,2025-06-01,20,23,24H Night,7,0.0,2025-06-01,12000.0,5000.0,1.0,6300.0,10.0,34.0,1.0,1.0,1.4285714285714286,6,1.2246467991473532e-16,-1.0,2025,6,22,152,1,0,,0,6,1,1,1,0,0,0,monsoon,1,0,24H Night,24.0,0.96,24H,0,0.0,5208.33,1.0,0,0.9583333333333334,0.9958,0,0,1,Clear,1,Standard,0.0,26.0,20.0,60.0,4.2,25.0,73.95,90.0,5904.081632653061,7155.555555555556,14000.0,5915.789473684211,5904.081632653061,5904.081632653061,7155.555555555556,0.6,5,1.36,1864.69,7042.105263157895,5500.0,7042.105263157895,5500.0,3369.852583236919,19.0,1.0,4750.0,10000.0,0,0,0,0,1,0,0,0,0,1,0,0,0,0,1.0,0.25,90.0,1.2604930796829104,0.0,60.1049307968291,0.0,5,5,1.479,1.2,1.067,0.693
5500.0,2025-06-02,15,23,24H Night,7,0.0,2025-06-02,5000.0,12000.0,1.0,6300.0,9.0,34.0,1.0,1.0,1.2857142857142858,6,1.2246467991473532e-16,-1.0,2025,0,23,153,0,0,,0,5,2,0,0,0,0,0,monsoon,0,0,24H Night,24.0,0.96,24H,0,0.0,5729.17,1.0,0,0.9583333333333334,0.9958,0,0,1,Clear,1,Standard,0.0,26.0,20.0,60.0,4.2,25.0,50.0,90.0,5893.877551020408,5166.666666666667,5972.972972972973,5902.631578947368,5893.877551020408,5893.877551020408,5352.631578947368,1.0,1,1.36,1864.69,5177.419354838709,5200.0,5177.419354838709,5200.0,967.0262586642804,31.0,1.0,4500.0,6000.0,0,0,0,0,0,0,0,0,0,1,0,0,0,0,1.0,0.25,90.0,1.1344437717146194,0.0,38.84443771714619,0.0,5,5,1.479,1.2,1.067,0.693
3000.0,2025-06-03,2,13,12H Night,7,0.0,2025-06-03,2000.0,2500.0,1.0,2600.0,9.0,35.0,1.0,1.0,1.2857142857142858,6,1.2246467991473532e-16,-1.0,2025,1,23,154,0,0,,0,4,3,0,0,0,0,0,monsoon,0,0,12H Night,12.0,0.54,12H,0,0.0,5555.56,1.0,0,1.0,1.0,1,0,0,Clear,1,Standard,0.0,26.0,20.0,60.0,4.2,25.0,50.0,90.0,2666.6666666666665,2357.1428571428573,1666.6666666666667,2437.5,2666.6666666666665,2666.6666666666665,2357.1428571428573,0.54,5,1.272,662.5,2437.5,2500.0,2437.5,2500.0,495.5156044825574,8.0,1.0,2375.0,2625.0,0,0,0,0,0,0,0,0,0,1,0,0,0,0,1.0,0.25,90.0,1.1020313703433562,0.0,38.52031370343356,0.0,5,5,1.479,1.2,1.067,0.693
2500.0,2025-06-04,2,8,12H Day,7,0.0,2025-06-04,3000.0,3500.0,1.0,2955.0,7.0,35.0,1.0,1.0,1.0,6,1.2246467991473532e-16,-1.0,2025,2,23,155,0,0,,0,3,4,0,0,0,0,0,monsoon,0,0,12H Day,12.0,0.33,12H,0,0.0,7575.76,1.0,0,0.6666666666666666,0.9667,1,0,0,Clear,1,Standard,0.0,26.0,20.0,60.0,4.2,25.0,50.0,90.0,3370.0,2861.5384615384614,2283.3333333333335,3721.4285714285716,3370.0,3370.0,2350.0,0.91,1,1.521,1478.57,2835.714285714286,2750.0,2835.714285714286,2750.0,1017.9973876777294,14.0,1.0,2325.0,3750.0,0,0,0,0,0,0,0,0,0,1,0,0,0,0,1.0,0.25,90.0,0.8571355102670547,0.0,36.071355102670545,0.0,5,5,1.479,1.2,1.067,0.693
5500.0,2025-06-04,15,23,24H Night,7,0.0,2025-06-04,5500.0,5000.0,0.0,6350.0,8.0,36.0,1.0,1.0,1.1428571428571428,6,1.2246467991473532e-16,-1.0,2025,2,23,155,0,0,,0,3,4,0,0,0,0,0,monsoon,0,0,24H Night,24.0,0.96,24H,0,0.0,5729.17,1.0,0,0.9583333333333334,0.9958,0,0,1,Clear,1,Standard,0.0,26.0,20.0,60.0,4.2,25.0,50.0,90.0,5893.877551020408,5166.666666666667,5972.972972972973,5902.631578947368,5893.877551020408,5893.877551020408,5352.631578947368,1.0,1,1.36,1864.69,5177.419354838709,5200.0,5177.419354838709,5200.0,967.0262586642804,31.0,1.0,4500.0,6000.0,0,0,0,0,0,0,0,0,0,1,0,0,0,0,1.0,0.25,90.0,0.9523730159391528,0.0,37.023730159391526,0.0,5,5,1.479,1.2,1.067,0.693
5500.0,2025-06-05,12,23,24H Night,7,0.0,2025-06-05,5500.0,5500.0,1.0,6400.0,8.0,35.0,1.0,1.0,1.1428571428571428,6,1.2246467991473532e-16,-1.0,2025,3,23,156,0,0,,0,2,5,0,0,0,0,0,monsoon,0,0,24H Night,24.0,0.96,24H,0,0.0,5729.17,1.0,0,0.9583333333333334,0.9958,0,1,0,Clear,1,Standard,0.0,26.0,20.0,60.0,4.2,25.0,50.0,90.0,5893.877551020408,5166.666666666667,5972.972972972973,5902.631578947368,5893.877551020408,5893.877551020408,5352.631578947368,1.0,1,1.36,1864.69,5177.419354838709,5200.0,5177.419354838709,5200.0,967.0262586642804,31.0,1.0,4500.0,6000.0,0,0,0,0,0,0,0,0,0,1,0,0,0,0,1.0,0.25,90.0,0.9795834403052054,0.0,37.295834403052055,0.0,5,5,1.479,1.2,1.067,0.693
1500.0,2025-06-06,2,5,12H Night,7,0.0,2025-06-06,3000.0,2000.0,1.0,2500.0,8.0,36.0,1.0,1.0,1.1428571428571428,6,1.2246467991473532e-16,-1.0,2025,4,23,157,0,0,,0,1,6,0,1,0,0,0,monsoon,0,0,12H Night,12.0,0.21,12H,0,0.0,7142.86,1.0,0,0.4166666666666667,0.9417,1,0,0,Clear,1,Standard,0.0,26.0,20.0,60.0,4.2,25.0,50.0,90.0,2791.6666666666665,2571.4285714285716,2166.6666666666665,2625.0,2791.6666666666665,2791.6666666666665,2571.4285714285716,0.54,5,1.272,662.5,2437.5,2500.0,2437.5,2500.0,495.5156044825574,8.0,1.0,2375.0,2625.0,1,0,0,0,0,1,0,0,0,1,0,0,0,0,1.0,0.25,90.0,0.9523730159391528,0.0,37.023730159391526,0.0,5,5,1.479,1.2,1.067,0.693
2000.0,2025-06-07,8,7,12H Day,7,0.0,2025-06-07,2500.0,3000.0,1.0,2705.0,8.0,36.0,1.0,1.0,1.1428571428571428,6,1.2246467991473532e-16,-1.0,2025,5,23,158,1,1,Bakri Eid (Eid-ul-Adha),0,7,7,1,1,0,0,0,monsoon,1,0,12H Day,12.0,0.29,12H,0,0.0,6896.55,1.0,0,0.5833333333333334,0.9583,0,1,0,Clear,1,Standard,0.0,26.0,20.0,60.0,4.2,25.0,73.95,90.0,3395.0,4700.0,3533.3333333333335,2660.0,3395.0,3395.0,3640.0,0.62,4,1.521,1478.57,4314.285714285715,3200.0,4314.285714285715,3200.0,2812.1335740137306,7.0,1.0,2750.0,4750.0,0,1,0,0,0,0,0,0,0,1,0,0,0,0,1.0,0.25,90.0,0.9523730159391528,0.0,81.02373015939153,0.8,5,5,1.479,1.2,1.067,0.693
5000.0,2025-06-07,18,13,12H Night,7,0.0,2025-06-07,1500.0,3000.0,0.0,2700.0,9.0,37.0,1.0,1.0,1.2857142857142858,6,1.2246467991473532e-16,-1.0,2025,5,23,158,1,1,Bakri Eid (Eid-ul-Adha),0,7,7,1,1,0,0,0,monsoon,1,0,12H Night,12.0,0.54,12H,0,0.0,9259.26,1.0,0,1.0,1.0,0,0,1,Clear,1,Standard,0.0,26.0,20.0,60.0,4.2,25.0,73.95,90.0,2500.0,2625.0,2500.0,2500.0,2500.0,2500.0,2625.0,0.51,5,1.272,662.5,3100.0,3000.0,3100.0,3000.0,1244.989959798873,5.0,1.0,3000.0,3000.0,0,0,1,0,0,0,0,0,0,1,0,0,0,0,1.0,0.25,90.0,1.0424625900716635,0.0,81.92462590071663,0.8,5,5,1.479,1.2,1.067,0.693
6000.0,2025-06-08,4,10,12H Day,7,0.0,2025-06-08,2000.0,2500.0,1.0,3105.0,9.0,37.0,1.0,1.0,1.2857142857142858,6,1.2246467991473532e-16,-1.0,2025,6,23,159,1,0,,0,6,1,1,1,0,0,0,monsoon,1,0,12H Day,12.0,0.42,12H,0,0.0,14285.71,1.0,0,0.8333333333333334,0.9833,0,1,0,Clear,1,Standard,0.0,26.0,20.0,60.0,4.2,25.0,73.95,90.0,3195.0,4033.3333333333335,2866.6666666666665,3471.4285714285716,3195.0,3195.0,2840.0,0.62,4,1.521,1478.57,4314.285714285715,3200.0,4314.285714285715,3200.0,2812.1335740137306,7.0,1.0,2750.0,4750.0,0,0,0,1,0,0,0,0,0,1,0,0,0,0,1.0,0.25,90.0,1.0424625900716635,0.0,57.924625900716634,0.0,5,5,1.479,1.2,1.067,0.693
1500.0,2025-06-08,2,11,12H Night,7,0.0,2025-06-08,5000.0,1500.0,0.0,2500.0,10.0,38.0,1.0,1.0,1.4285714285714286,6,1.2246467991473532e-16,-1.0,2025,6,23,159,1,0,,0,6,1,1,1,0,0,0,monsoon,1,0,12H Night,12.0,0.46,12H,0,0.0,3260.87,1.0,0,0.9166666666666666,0.9917,1,0,0,Clear,1,Standard,0.0,26.0,20.0,60.0,4.2,25.0,73.95,90.0,2791.6666666666665,3500.0,2166.6666666666665,2625.0,2791.6666666666665,2791.6666666666665,3500.0,0.51,5,1.272,662.5,3100.0,3000.0,3100.0,3000.0,1244.989959798873,5.0,1.0,3000.0,3000.0,0,0,0,0,1,0,0,0,0,1,0,0,0,0,1.0,0.25,90.0,1.1278106451039296,0.0,58.77810645103929,0.0,5,5,1.479,1.2,1.067,0.693
3000.0,2025-06-09,10,9,12H Day,7,0.0,2025-06-09,6000.0,2000.0,1.0,3205.0,10.0,37.0,1.0,1.0,1.4285714285714286,6,1.2246467991473532e-16,-1.0,2025,0,24,160,0,0,,0,5,2,0,0,0,0,0,monsoon,0,0,12H Day,12.0,0.38,12H,0,0.0,7894.74,1.0,0,0.75,0.975,0,1,0,Clear,1,Standard,0.0,26.0,20.0,60.0,4.2,25.0,50.0,90.0,3345.0,2823.076923076923,3500.0,3685.714285714286,3345.0,3345.0,3500.0,0.92,1,1.521,1478.57,2835.714285714286,2750.0,2835.714285714286,2750.0,1017.9973876777294,14.0,1.0,2325.0,3750.0,0,0,0,0,0,0,0,0,0,1,0,0,0,0,1.0,0.25,90.0,1.1582917667462926,0.0,39.08291766746293,0.0,5,5,1.479,1.2,1.067,0.693
3000.0,2025-06-11,8,9,12H Day,7,0.0,2025-06-11,3000.0,6000.0,2.0,3305.0,8.0,36.0,1.0,1.0,1.1428571428571428,6,1.2246467991473532e-16,-1.0,2025,2,24,162,0,0,,0,3,4,0,0,0,0,0,monsoon,0,0,12H Day,12.0,0.38,12H,0,0.0,7894.74,1.0,0,0.75,0.975,0,1,0,Clear,1,Standard,0.0,26.0,20.0,60.0,4.2,25.0,50.0,90.0,3345.0,2823.076923076923,3366.6666666666665,3685.714285714286,3345.0,3345.0,2823.076923076923,0.6,5,1.521,1478.57,2835.714285714286,2750.0,2835.714285714286,2750.0,1017.9973876777294,14.0,1.0,2325.0,3750.0,0,0,0,0,0,0,0,0,0,1,0,0,0,0,1.0,0.25,90.0,0.9523730159391528,0.0,37.023730159391526,0.0,5,5,1.479,1.2,1.067,0.693
1500.0,2025-06-12,2,3,12H Day,7,0.0,2025-06-12,3000.0,3000.0,1.0,3055.0,8.0,36.0,1.0,1.0,1.1428571428571428,6,1.2246467991473532e-16,-1.0,2025,3,24,163,0,0,,0,2,5,0,0,0,0,0,monsoon,0,0,12H Day,12.0,0.12,12H,0,0.0,12500.0,1.0,0,0.25,0.925,1,0,0,Clear,1,Standard,0.0,26.0,20.0,60.0,4.2,25.0,50.0,90.0,3420.0,2938.4615384615386,2450.0,3792.8571428571427,3420.0,3420.0,2600.0,0.91,1,1.521,1478.57,2835.714285714286,2750.0,2835.714285714286,2750.0,1017.9973876777294,14.0,1.0,2325.0,3750.0,0,0,0,0,0,0,0,0,0,1,0,0,0,0,1.0,0.25,90.0,0.9523730159391528,0.0,37.023730159391526,0.0,5,5,1.479,1.2,1.067,0.693
2500.0,2025-06-12,10,13,12H Night,7,0.0,2025-06-12,1500.0,5000.0,0.0,2500.0,9.0,37.0,1.0,1.0,1.2857142857142858,6,1.2246467991473532e-16,-1.0,2025,3,24,163,0,0,,0,2,5,0,0,0,0,0,monsoon,0,0,12H Night,12.0,0.54,12H,0,0.0,4629.63,1.0,0,1.0,1.0,0,1,0,Clear,1,Standard,0.0,26.0,20.0,60.0,4.2,25.0,50.0,90.0,2708.3333333333335,2428.5714285714284,2800.0,2500.0,2708.3333333333335,2708.3333333333335,2666.6666666666665,0.9,1,1.272,662.5,2437.5,2500.0,2437.5,2500.0,495.5156044825574,8.0,1.0,2375.0,2625.0,0,0,0,0,0,0,0,0,0,1,0,0,0,0,1.0,0.25,90.0,1.0424625900716635,0.0,37.924625900716634,0.0,5,5,1.479,1.2,1.067,0.693
2500.0,2025-06-13,2,9,12H Day,7,0.0,2025-06-13,1500.0,3000.0,1.0,2955.0,9.0,37.0,1.0,1.0,1.2857142857142858,6,1.2246467991473532e-16,-1.0,2025,4,24,164,0,0,,0,1,6,0,1,0,0,0,monsoon,0,0,12H Day,12.0,0.38,12H,0,0.0,6578.95,1.0,0,0.75,0.975,1,0,0,Clear,1,Standard,0.0,26.0,20.0,60.0,4.2,25.0,50.0,90.0,3370.0,2861.5384615384614,2283.3333333333335,3721.4285714285716,3370.0,3370.0,2350.0,0.91,1,1.521,1478.57,2835.714285714286,2750.0,2835.714285714286,2750.0,1017.9973876777294,14.0,1.0,2325.0,3750.0,0,0,0,0,0,1,0,0,0,1,0,0,0,0,1.0,0.25,90.0,1.0424625900716635,0.0,37.924625900716634,0.0,5,5,1.479,1.2,1.067,0.693
2500.0,2025-06-13,15,13,12H Night,7,0.0,2025-06-13,2500.0,1500.0,0.0,2550.0,10.0,38.0,1.0,1.0,1.4285714285714286,6,1.2246467991473532e-16,-1.0,2025,4,24,164,0,0,,0,1,6,0,1,0,0,0,monsoon,0,0,12H Night,12.0,0.54,12H,0,0.0,4629.63,1.0,0,1.0,1.0,0,0,1,Clear,1,Standard,0.0,26.0,20.0,60.0,4.2,25.0,50.0,90.0,2708.3333333333335,2428.5714285714284,2800.0,2500.0,2708.3333333333335,2708.3333333333335,2666.6666666666665,0.9,1,1.272,662.5,2437.5,2500.0,2437.5,2500.0,495.5156044825574,8.0,1.0,2375.0,2625.0,1,0,0,0,0,1,0,0,0,1,0,0,0,0,1.0,0.25,90.0,1.1278106451039296,0.0,38.77810645103929,0.0,5,5,1.479,1.2,1.067,0.693
2500.0,2025-06-14,4,9,12H Day,7,0.0,2025-06-14,2500.0,1500.0,1.0,2950.0,9.0,37.0,1.0,1.0,1.2857142857142858,6,1.2246467991473532e-16,-1.0,2025,5,24,165,1,1,Muharram,0,3,7,1,1,0,0,0,monsoon,1,0,12H Day,12.0,0.38,12H,0,0.0,6578.95,1.0,0,0.75,0.975,0,1,0,Clear,1,Standard,0.0,26.0,20.0,60.0,4.2,25.0,73.95,90.0,3370.0,4616.666666666667,3450.0,2560.0,3370.0,3370.0,3540.0,0.62,4,1.521,1478.57,4314.285714285715,3200.0,4314.285714285715,3200.0,2812.1335740137306,7.0,1.0,2750.0,4750.0,0,1,0,0,0,0,0,0,0,1,0,0,0,0,1.0,0.25,90.0,1.0424625900716635,0.0,72.92462590071663,0.5,5,5,1.479,1.2,1.067,0.693
10000.0,2025-06-14,15,23,24H Night,7,0.0,2025-06-14,5500.0,5500.0,0.0,6850.0,10.0,38.0,1.0,1.0,1.4285714285714286,6,1.2246467991473532e-16,-1.0,2025,5,24,165,1,1,Muharram,0,3,7,1,1,0,0,0,monsoon,1,0,24H Night,24.0,0.96,24H,0,0.0,10416.67,1.0,0,0.9583333333333334,0.9958,0,0,1,Clear,1,Standard,0.0,26.0,20.0,60.0,4.2,25.0,73.95,90.0,5802.040816326531,6877.777777777777,5851.351351351352,5450.0,5802.040816326531,5802.040816326531,6907.692307692308,0.7,4,1.36,1864.69,7042.105263157895,5500.0,7042.105263157895,5500.0,3369.852583236919,19.0,1.0,4750.0,10000.0,0,0,1,0,0,0,0,0,0,1,0,0,0,0,1.0,0.25,90.0,1.1278106451039296,0.0,73.77810645103929,0.5,5,5,1.479,1.2,1.067,0.693
4500.0,2025-06-17,10,23,24H Night,7,0.0,2025-06-17,10000.0,5500.0,3.0,6200.0,8.0,37.0,1.0,1.0,1.1428571428571428,6,1.2246467991473532e-16,-1.0,2025,1,25,168,0,1,Bakri Eid (Eid-ul-Adha),0,3,3,0,1,0,0,0,monsoon,1,0,24H Night,24.0,0.96,24H,0,0.0,4687.5,1.0,0,0.9583333333333334,0.9958,0,1,0,Clear,1,Standard,0.0,26.0,20.0,60.0,4.2,25.0,50.0,90.0,5914.285714285715,5200.0,6000.0,6000.0,5914.285714285715,5914.285714285715,5313.04347826087,0.7,4,1.36,1864.69,5177.419354838709,5200.0,5177.419354838709,5200.0,967.0262586642804,31.0,1.0,4500.0,6000.0,0,0,0,0,0,0,0,0,0,1,0,0,0,0,1.0,0.25,90.0,0.9266334133970341,0.0,60.76633413397034,0.8,5,5,1.479,1.2,1.067,0.693
2400.0,2025-06-19,2,9,12H Day,7,0.0,2025-06-19,2500.0,2500.0,2.0,2840.0,6.0,36.0,0.8571428571428571,1.0,0.8571428571428571,6,1.2246467991473532e-16,-1.0,2025,3,25,170,0,0,,0,1,2,0,1,0,0,0,monsoon,0,0,12H Day,12.0,0.38,12H,0,0.0,6315.79,1.0,0,0.75,0.975,1,0,0,Clear,1,Standard,0.0,26.0,20.0,60.0,4.2,25.0,50.0,90.0,3375.0,2869.230769230769,2300.0,3728.5714285714284,3375.0,3375.0,2375.0,0.91,1,1.521,1478.57,2835.714285714286,2750.0,2835.714285714286,2750.0,1017.9973876777294,14.0,1.0,2325.0,3750.0,0,0,0,0,0,0,0,0,0,1,0,0,0,0,1.0,0.25,90.0,0.7142797619543646,-0.1428571428571429,34.64279761954364,0.0,5,5,1.479,1.2,1.067,0.693
2500.0,2025-06-19,10,12,12H Night,7,0.0,2025-06-19,2500.0,2500.0,0.0,2550.0,7.0,37.0,1.0,1.0,1.0,6,1.2246467991473532e-16,-1.0,2025,3,25,170,0,0,,0,1,2,0,1,0,0,0,monsoon,0,0,12H Night,12.0,0.5,12H,0,0.0,5000.0,1.0,0,1.0,1.0,0,1,0,Clear,1,Standard,0.0,26.0,20.0,60.0,4.2,25.0,50.0,90.0,2708.3333333333335,2428.5714285714284,2800.0,2500.0,2708.3333333333335,2708.3333333333335,2666.6666666666665,0.9,1,1.272,662.5,2437.5,2500.0,2437.5,2500.0,495.5156044825574,8.0,1.0,2375.0,2625.0,0,0,0,0,0,0,0,0,0,1,0,0,0,0,1.0,0.25,90.0,0.8108042367224049,0.0,35.60804236722405,0.0,5,5,1.479,1.2,1.067,0.693
2000.0,2025-06-20,2,9,12H Day,7,0.0,2025-06-20,2400.0,2500.0,1.0,2740.0,6.0,37.0,0.8571428571428571,1.0,0.8571428571428571,6,1.2246467991473532e-16,-1.0,2025,4,25,171,0,1,Rath Yatra (Ahmedabad),0,5,3,0,1,0,0,0,monsoon,1,0,12H Day,12.0,0.38,12H,0,0.0,5263.16,1.0,0,0.75,0.975,1,0,0,Clear,1,Standard,0.0,26.0,20.0,60.0,4.2,25.0,50.0,90.0,3395.0,2900.0,2366.6666666666665,2660.0,3395.0,3395.0,2366.6666666666665,0.63,4,1.521,1478.57,2835.714285714286,2750.0,2835.714285714286,2750.0,1017.9973876777294,14.0,1.0,2325.0,3750.0,0,0,0,0,0,0,0,0,0,1,0,0,0,0,1.0,0.25,90.0,0.6949750600477755,-0.1428571428571429,49.449750600477756,0.5,5,5,1.479,1.2,1.067,0.693
4500.0,2025-06-20,8,23,24H Night,7,0.0,2025-06-20,4500.0,10000.0,0.0,6250.0,7.0,38.0,1.0,1.0,1.0,6,1.2246467991473532e-16,-1.0,2025,4,25,171,0,1,Rath Yatra (Ahmedabad),0,5,3,0,1,0,0,0,monsoon,1,0,24H Night,24.0,0.96,24H,0,0.0,4687.5,1.0,0,0.9583333333333334,0.9958,0,1,0,Clear,1,Standard,0.0,26.0,20.0,60.0,4.2,25.0,50.0,90.0,5914.285714285715,5200.0,5257.142857142857,6000.0,5914.285714285715,5914.285714285715,5060.0,0.62,4,1.36,1864.69,5177.419354838709,5200.0,5177.419354838709,5200.0,967.0262586642804,31.0,1.0,4500.0,6000.0,1,0,0,0,0,0,0,0,0,1,0,0,0,0,1.0,0.25,90.0,0.7894674515727508,0.0,50.39467451572751,0.5,5,5,1.479,1.2,1.067,0.693
3500.0,2025-06-22,2,22,24H Night,7,0.0,2025-06-22,4500.0,4500.0,2.0,6100.0,6.0,37.0,0.8571428571428571,1.0,0.8571428571428571,6,1.2246467991473532e-16,-1.0,2025,6,25,173,1,0,,0,3,2,0,0,0,0,0,monsoon,1,0,24H Night,24.0,0.92,24H,0,0.0,3804.35,1.0,0,0.9166666666666666,0.9917,1,0,0,Clear,1,Standard,0.0,26.0,20.0,60.0,4.2,25.0,73.95,90.0,5934.693877551021,7238.888888888889,4000.0,5955.263157894737,5934.693877551021,5934.693877551021,7238.888888888889,0.6,5,1.36,1864.69,7042.105263157895,5500.0,7042.105263157895,5500.0,3369.852583236919,19.0,1.0,4750.0,10000.0,0,0,0,0,1,0,0,0,0,1,0,0,0,0,1.0,0.25,90.0,0.6949750600477755,-0.1428571428571429,54.449750600477756,0.0,5,5,1.479,1.2,1.067,0.693
4000.0,2025-06-23,15,23,24H Night,7,0.0,2025-06-23,3500.0,4500.0,1.0,6000.0,7.0,36.0,1.0,1.0,1.0,6,1.2246467991473532e-16,-1.0,2025,0,26,174,0,0,,0,2,3,0,0,0,0,0,monsoon,0,0,24H Night,24.0,0.96,24H,0,0.0,4166.67,1.0,0,0.9583333333333334,0.9958,0,0,1,Clear,1,Standard,0.0,26.0,20.0,60.0,4.2,25.0,50.0,90.0,5924.489795918367,5216.666666666667,6013.513513513513,5942.105263157895,5924.489795918367,5924.489795918367,5431.578947368421,1.0,1,1.36,1864.69,5177.419354838709,5200.0,5177.419354838709,5200.0,967.0262586642804,31.0,1.0,4500.0,6000.0,0,0,0,0,0,0,0,0,0,1,0,0,0,0,1.0,0.25,90.0,0.8333263889467588,0.0,35.83326388946759,0.0,5,5,1.479,1.2,1.067,0.693
2300.0,2025-06-27,2,9,12H Day,7,0.0,2025-06-27,2000.0,2400.0,4.0,2720.0,3.0,30.0,0.42857142857142855,1.0,0.42857142857142855,6,1.2246467991473532e-16,-1.0,2025,4,26,178,0,1,Rath Yatra (Ahmedabad),0,2,2,0,1,0,0,0,monsoon,1,0,12H Day,12.0,0.38,12H,0,0.0,6052.63,1.0,0,0.75,0.975,1,0,0,Clear,1,Standard,0.0,26.0,20.0,60.0,4.2,25.0,50.0,90.0,3380.0,2876.923076923077,2316.6666666666665,2600.0,3380.0,3380.0,2316.6666666666665,0.63,4,1.521,1478.57,2835.714285714286,2750.0,2835.714285714286,2750.0,1017.9973876777294,14.0,1.0,2325.0,3750.0,0,0,0,0,0,0,0,0,0,1,0,0,0,0,1.0,0.25,90.0,0.42856714289999953,-0.5714285714285714,46.785671429,0.5,5,5,1.479,1.2,1.067,0.693
3000.0,2025-06-28,15,12,12H Night,7,0.0,2025-06-28,2500.0,2500.0,1.0,2600.0,4.0,30.0,0.5714285714285714,1.0,0.5714285714285714,6,1.2246467991473532e-16,-1.0,2025,5,26,179,1,0,,0,1,1,1,1,0,0,0,monsoon,1,0,12H Night,12.0,0.5,12H,0,0.0,6000.0,1.0,0,1.0,1.0,0,0,1,Clear,1,Standard,0.0,26.0,20.0,60.0,4.2,25.0,73.95,90.0,2666.6666666666665,3125.0,2700.0,2437.5,2666.6666666666665,2666.6666666666665,3125.0,0.51,5,1.272,662.5,3100.0,3000.0,3100.0,3000.0,1244.989959798873,5.0,1.0,3000.0,3000.0,0,0,1,0,0,0,0,0,0,1,0,0,0,0,1.0,0.25,90.0,0.5714228571999994,-0.4285714285714286,53.214228571999996,0.0,5,5,1.479,1.2,1.067,0.693
3500.0,2025-06-29,4,9,12H Day,7,0.0,2025-06-29,2300.0,2000.0,1.0,2870.0,4.0,30.0,0.5714285714285714,1.0,0.5714285714285714,6,1.2246467991473532e-16,-1.0,2025,6,26,180,1,1,Bakri Eid (Eid-ul-Adha),0,6,2,1,1,0,0,0,monsoon,1,0,12H Day,12.0,0.38,12H,0,0.0,9210.53,1.0,0,0.75,0.975,0,1,0,Clear,1,Standard,0.0,26.0,20.0,60.0,4.2,25.0,73.95,90.0,3320.0,4450.0,3283.3333333333335,2360.0,3320.0,3320.0,3340.0,0.62,4,1.521,1478.57,4314.285714285715,3200.0,4314.285714285715,3200.0,2812.1335740137306,7.0,1.0,2750.0,4750.0,0,0,0,1,0,0,0,0,0,1,0,0,0,0,1.0,0.25,90.0,0.5714228571999994,-0.4285714285714286,77.214228572,0.8,5,5,1.479,1.2,1.067,0.693
3500.0,2025-06-29,10,23,24H Night,7,0.0,2025-06-29,4000.0,3500.0,0.0,5150.0,5.0,31.0,0.7142857142857143,1.0,0.7142857142857143,6,1.2246467991473532e-16,-1.0,2025,6,26,180,1,1,Bakri Eid (Eid-ul-Adha),0,6,2,1,1,0,0,0,monsoon,1,0,24H Night,24.0,0.96,24H,0,0.0,3645.83,1.0,0,0.9583333333333334,0.9958,0,1,0,Clear,1,Standard,0.0,26.0,20.0,60.0,4.2,25.0,73.95,90.0,5934.693877551021,7238.888888888889,6027.027027027027,6100.0,5934.693877551021,5934.693877551021,7407.692307692308,0.7,4,1.36,1864.69,7042.105263157895,5500.0,7042.105263157895,5500.0,3369.852583236919,19.0,1.0,4750.0,10000.0,0,0,0,0,1,0,0,0,0,1,0,0,0,0,1.0,0.25,90.0,0.6912375502356889,-0.2857142857142857,78.4123755023569,0.8,5,5,1.479,1.2,1.067,0.693
2000.0,2025-07-05,2,7,12H Day,7,0.0,2025-07-05,3500.0,2300.0,6.0,2470.0,3.0,25.0,0.42857142857142855,0.8333333333333334,0.42857142857142855,7,-0.4999999999999997,-0.8660254037844388,2025,5,27,186,1,1,Rath Yatra (Ahmedabad),0,1,6,1,1,0,0,0,monsoon,1,0,12H Day,12.0,0.29,12H,0,0.0,6896.55,1.0,0,0.5833333333333334,0.9583,1,0,0,Clear,1,Standard,0.0,26.0,20.0,60.0,4.2,25.0,73.95,90.0,2403.5714285714284,2500.0,2017.6470588235295,2400.0,2403.5714285714284,2403.5714285714284,1833.3333333333333,0.6,4,1.014,34.06,2416.6666666666665,2250.0,2416.6666666666665,2250.0,1158.3033569262702,6.0,1.0,2000.0,2500.0,0,1,0,0,0,0,0,0,0,1,0,0,0,0,1.0,0.18333333333333332,98.0,0.514279542931199,-0.4047619047619048,65.64279542931199,0.5,5,5,1.479,1.2,1.067,0.693
5000.0,2025-07-05,15,23,24H Night,7,0.0,2025-07-05,3500.0,4000.0,0.0,5150.0,4.0,26.0,0.5714285714285714,0.8666666666666667,0.5714285714285714,7,-0.4999999999999997,-0.8660254037844388,2025,5,27,186,1,1,Rath Yatra (Ahmedabad),0,1,6,1,1,0,0,0,monsoon,1,0,24H Night,24.0,0.96,24H,0,0.0,5208.33,1.0,0,0.9583333333333334,0.9958,0,0,1,Clear,1,Standard,0.0,26.0,20.0,60.0,4.2,25.0,73.95,90.0,4666.666666666667,4900.0,4625.0,6500.0,4666.666666666667,4666.666666666667,4875.0,0.61,4,1.124,541.67,4916.666666666667,5000.0,4916.666666666667,5000.0,376.3863263545405,6.0,1.0,4625.0,5000.0,0,0,1,0,0,0,0,0,0,1,0,0,0,0,1.0,0.18333333333333332,98.0,0.6593330516516018,-0.2952380952380953,67.09333051651602,0.5,5,5,1.479,1.2,1.067,0.693
2000.0,2025-07-09,8,10,12H Night,7,0.0,2025-07-09,3000.0,2500.0,4.0,2550.0,3.0,21.0,0.42857142857142855,0.7,0.42857142857142855,7,-0.4999999999999997,-0.8660254037844388,2025,2,28,190,0,0,,0,7,2,0,0,0,0,0,monsoon,0,0,12H Night,12.0,0.42,12H,0,0.0,4761.9,1.0,0,0.8333333333333334,0.9833,0,1,0,Clear,1,Standard,0.0,26.0,20.0,60.0,4.2,25.0,50.0,90.0,2385.714285714286,1925.0,2333.3333333333335,2385.714285714286,2385.714285714286,2385.714285714286,1925.0,0.51,5,1.546,1060.0,1940.0,2000.0,1940.0,2000.0,817.312669668102,5.0,1.0,2000.0,2000.0,0,0,0,0,0,0,0,0,0,1,0,0,0,0,1.0,0.18333333333333332,98.0,0.6122361517284447,-0.2714285714285714,31.622361517284446,0.0,5,5,1.479,1.2,1.067,0.693
2000.0,2025-07-10,2,8,12H Day,7,0.0,2025-07-10,2000.0,3500.0,1.0,2370.0,4.0,22.0,0.5714285714285714,0.7333333333333333,0.5714285714285714,7,-0.4999999999999997,-0.8660254037844388,2025,3,28,191,0,0,,0,6,3,0,0,0,0,0,monsoon,0,0,12H Day,12.0,0.33,12H,0,0.0,6060.61,1.0,0,0.6666666666666666,0.9667,1,0,0,Clear,1,Standard,0.0,26.0,20.0,60.0,4.2,25.0,50.0,90.0,2403.5714285714284,2400.0,2017.6470588235295,2422.7272727272725,2403.5714285714284,2403.5714285714284,2118.181818181818,0.98,1,1.014,34.06,2382.608695652174,2500.0,2382.608695652174,2500.0,609.5096195176782,23.0,1.0,2000.0,2750.0,0,0,0,0,0,0,0,0,0,1,0,0,0,0,1.0,0.18333333333333332,98.0,0.7792101536277752,-0.16190476190476188,33.292101536277755,0.0,5,5,1.479,1.2,1.067,0.693
2000.0,2025-07-11,2,7,12H Day,7,0.0,2025-07-11,2000.0,2000.0,1.0,2270.0,5.0,22.0,0.7142857142857143,0.7333333333333333,0.7142857142857143,7,-0.4999999999999997,-0.8660254037844388,2025,4,28,192,0,0,,0,5,4,0,0,0,0,0,monsoon,0,0,12H Day,12.0,0.29,12H,0,0.0,6896.55,1.0,0,0.5833333333333334,0.9583,1,0,0,Clear,1,Standard,0.0,26.0,20.0,60.0,4.2,25.0,50.0,90.0,2403.5714285714284,2400.0,2017.6470588235295,2422.7272727272725,2403.5714285714284,2403.5714285714284,2118.181818181818,0.98,1,1.014,34.06,2382.608695652174,2500.0,2382.608695652174,2500.0,609.5096195176782,23.0,1.0,2000.0,2750.0,0,0,0,0,0,0,0,0,0,1,0,0,0,0,1.0,0.18333333333333332,98.0,0.9740126920347192,-0.01904761904761898,35.240126920347194,0.0,5,5,1.479,1.2,1.067,0.693
2000.0,2025-07-12,2,9,12H Day,7,0.0,2025-07-12,2000.0,2000.0,1.0,2320.0,4.0,21.0,0.5714285714285714,0.7,0.5714285714285714,7,-0.4999999999999997,-0.8660254037844388,2025,5,28,193,1,0,,0,4,5,0,0,0,0,0,monsoon,1,0,12H Day,12.0,0.38,12H,0,0.0,5263.16,1.0,0,0.75,0.975,1,0,0,Clear,1,Standard,0.0,26.0,20.0,60.0,4.2,25.0,73.95,90.0,2403.5714285714284,2500.0,2017.6470588235295,2422.7272727272725,2403.5714285714284,2403.5714285714284,1833.3333333333333,0.6,4,1.014,34.06,2416.6666666666665,2250.0,2416.6666666666665,2250.0,1158.3033569262702,6.0,1.0,2000.0,2500.0,0,1,0,0,0,0,0,0,0,1,0,0,0,0,1.0,0.18333333333333332,98.0,0.8163148689712596,-0.12857142857142856,53.6631486897126,0.0,5,5,1.479,1.2,1.067,0.693
3000.0,2025-07-12,12,12,12H Night,7,0.0,2025-07-12,2000.0,3000.0,0.0,2650.0,5.0,22.0,0.7142857142857143,0.7333333333333333,0.7142857142857143,7,-0.4999999999999997,-0.8660254037844388,2025,5,28,193,1,0,,0,4,5,0,0,0,0,0,monsoon,1,0,12H Night,12.0,0.5,12H,0,0.0,6000.0,1.0,0,1.0,1.0,0,1,0,Clear,1,Standard,0.0,26.0,20.0,60.0,4.2,25.0,73.95,90.0,2242.8571428571427,3000.0,2233.3333333333335,2242.8571428571427,2242.8571428571427,2242.8571428571427,2242.8571428571427,0.44000000000000006,6,1.546,1060.0,3000.0,3000.0,3000.0,3000.0,0.0,3.0,0.6,3000.0,3000.0,0,0,1,0,0,0,0,0,0,1,0,0,0,0,1.0,0.18333333333333332,98.0,0.9740126920347192,-0.01904761904761898,55.240126920347194,0.0,5,5,1.479,1.2,1.067,0.693
4500.0,2025-07-13,15,11,12H Day,7,0.0,2025-07-13,2000.0,2000.0,1.0,2520.0,6.0,21.0,0.8571428571428571,0.7,0.8571428571428571,7,-0.4999999999999997,-0.8660254037844388,2025,6,28,194,1,0,,0,3,6,0,0,0,0,0,monsoon,1,0,12H Day,12.0,0.46,12H,0,0.0,9782.61,1.0,0,0.9166666666666666,0.9917,0,0,1,Clear,1,Standard,0.0,26.0,20.0,60.0,4.2,25.0,73.95,90.0,2314.285714285714,2000.0,2314.285714285714,2309.090909090909,2314.285714285714,2314.285714285714,2000.0,0.52,5,1.014,34.06,2416.6666666666665,2250.0,2416.6666666666665,2250.0,1158.3033569262702,6.0,1.0,2000.0,2500.0,0,0,0,1,0,0,0,0,0,1,0,0,0,0,1.0,0.18333333333333332,98.0,1.2244723034568894,0.15714285714285714,57.74472303456889,0.0,5,5,1.479,1.2,1.067,0.693
2500.0,2025-07-14,5,11,12H Day,7,0.0,2025-07-14,4500.0,2000.0,1.0,2520.0,7.0,20.0,1.0,0.6666666666666666,1.0,7,-0.4999999999999997,-0.8660254037844388,2025,0,29,195,0,0,,0,2,7,0,0,0,0,0,monsoon,0,0,12H Day,12.0,0.46,12H,0,0.0,5434.78,1.0,0,0.9166666666666666,0.9917,0,1,0,Clear,1,Standard,0.0,26.0,20.0,60.0,4.2,25.0,50.0,90.0,2385.714285714286,2377.2727272727275,2812.5,2400.0,2385.714285714286,2385.714285714286,2875.0,0.91,1,1.014,34.06,2382.608695652174,2500.0,2382.608695652174,2500.0,609.5096195176782,23.0,1.0,2000.0,2750.0,0,0,0,0,0,0,0,0,0,1,0,0,0,0,1.0,0.18333333333333332,98.0,1.499977500337495,0.33333333333333337,40.49977500337495,0.0,5,5,1.479,1.2,1.067,0.693
2000.0,2025-07-15,2,6,12H Day,7,0.0,2025-07-15,2500.0,4500.0,1.0,2480.0,8.0,21.0,1.0,0.7,1.1428571428571428,7,-0.4999999999999997,-0.8660254037844388,2025,1,29,196,0,0,,0,1,7,0,1,0,0,0,monsoon,0,0,12H Day,12.0,0.25,12H,0,0.0,8000.0,1.0,0,0.5,0.95,1,0,0,Clear,1,Standard,0.0,26.0,20.0,60.0,4.2,25.0,50.0,90.0,2403.5714285714284,2400.0,2017.6470588235295,2422.7272727272725,2403.5714285714284,2403.5714285714284,2118.181818181818,0.98,1,1.014,34.06,2382.608695652174,2500.0,2382.608695652174,2500.0,609.5096195176782,23.0,1.0,2000.0,2750.0,0,0,0,0,0,0,0,0,0,1,0,0,0,0,1.0,0.18333333333333332,98.0,1.6326297379425192,0.30000000000000004,41.82629737942519,0.0,5,5,1.479,1.2,1.067,0.693
2000.0,2025-07-17,6,6,12H Day,7,0.0,2025-07-17,2000.0,2500.0,2.0,2480.0,7.0,21.0,1.0,0.7,1.0,7,-0.4999999999999997,-0.8660254037844388,2025,3,29,198,0,1,Muharram,0,7,1,0,1,0,0,0,monsoon,1,0,12H Day,12.0,0.25,12H,0,0.0,8000.0,1.0,0,0.5,0.95,0,1,0,Clear,1,Standard,0.0,26.0,20.0,60.0,4.2,25.0,50.0,90.0,2403.5714285714284,2400.0,2875.0,2400.0,2403.5714285714284,2403.5714285714284,2928.5714285714284,0.64,4,1.014,34.06,2382.608695652174,2500.0,2382.608695652174,2500.0,609.5096195176782,23.0,1.0,2000.0,2750.0,0,0,0,0,0,0,0,0,0,1,0,0,0,0,1.0,0.18333333333333332,98.0,1.4285510206997045,0.30000000000000004,54.785510206997046,0.5,5,5,1.479,1.2,1.067,0.693
4000.0,2025-07-18,12,23,24H Night,7,0.0,2025-07-18,5000.0,3500.0,1.0,5000.0,7.0,22.0,1.0,0.7333333333333333,1.0,7,-0.4999999999999997,-0.8660254037844388,2025,4,29,199,0,0,,0,7,1,0,1,0,0,0,monsoon,0,0,24H Night,24.0,0.96,24H,0,0.0,4166.67,1.0,0,0.9583333333333334,0.9958,0,1,0,Clear,1,Standard,0.0,26.0,20.0,60.0,4.2,25.0,50.0,90.0,4777.777777777777,4500.0,4750.0,4166.666666666667,4777.777777777777,4777.777777777777,4500.0,0.6,4,1.124,541.67,4375.0,3500.0,4375.0,3500.0,2136.0009363293825,4.0,0.8,3000.0,4875.0,1,0,0,0,0,0,0,0,0,1,0,0,0,0,1.0,0.18333333333333332,98.0,1.3636177688486069,0.2666666666666667,39.13617768848607,0.0,5,5,1.479,1.2,1.067,0.693
1000.0,2025-07-19,2,9,12H Day,7,0.0,2025-07-19,2000.0,2000.0,1.0,2350.0,6.0,21.0,0.8571428571428571,0.7,0.8571428571428571,7,-0.4999999999999997,-0.8660254037844388,2025,5,29,200,1,0,,0,7,2,0,0,0,0,0,monsoon,1,0,12H Day,12.0,0.38,12H,0,0.0,2631.58,1.0,0,0.75,0.975,1,0,0,Clear,1,Standard,0.0,26.0,20.0,60.0,4.2,25.0,73.95,90.0,2439.285714285714,2700.0,2076.470588235294,2468.181818181818,2439.285714285714,2439.285714285714,2166.6666666666665,0.6,4,1.014,34.06,2416.6666666666665,2250.0,2416.6666666666665,2250.0,1158.3033569262702,6.0,1.0,2000.0,2500.0,0,1,0,0,0,0,0,0,0,1,0,0,0,0,1.0,0.18333333333333332,98.0,1.2244723034568894,0.15714285714285714,57.74472303456889,0.0,5,5,1.479,1.2,1.067,0.693
4500.0,2025-07-19,13,23,24H Night,7,0.0,2025-07-19,4000.0,5000.0,0.0,4900.0,7.0,22.0,1.0,0.7333333333333333,1.0,7,-0.4999999999999997,-0.8660254037844388,2025,5,29,200,1,0,,0,7,2,0,0,0,0,0,monsoon,1,0,24H Night,24.0,0.96,24H,0,0.0,4687.5,1.0,0,0.9583333333333334,0.9958,0,0,1,Clear,1,Standard,0.0,26.0,20.0,60.0,4.2,25.0,73.95,90.0,4722.222222222223,5000.0,4687.5,4083.3333333333335,4722.222222222223,4722.222222222223,5000.0,0.61,4,1.124,541.67,4916.666666666667,5000.0,4916.666666666667,5000.0,376.3863263545405,6.0,1.0,4625.0,5000.0,0,0,1,0,0,0,0,0,0,1,0,0,0,0,1.0,0.18333333333333332,98.0,1.3636177688486069,0.2666666666666667,59.13617768848607,0.0,5,5,1.479,1.2,1.067,0.693
5500.0,2025-07-21,2,47,24H Day,7,0.0,2025-07-21,3000.0,4500.0,2.0,4080.0,6.0,21.0,0.8571428571428571,0.7,0.8571428571428571,7,-0.4999999999999997,-0.8660254037844388,2025,0,30,202,0,0,,0,7,4,0,0,0,0,0,monsoon,0,0,24H Day,24.0,1.96,48H,1,23.0,2806.12,0.95,1,1.0,1.0,1,0,0,Clear,1,Standard,0.0,26.0,20.0,60.0,4.2,25.0,50.0,90.0,4869.565217391304,4869.565217391304,4869.565217391304,4869.565217391304,4869.565217391304,4869.565217391304,4869.565217391304,0.4,7,1.25,0.0,5500.0,5500.0,5500.0,5500.0,0.0,1.0,0.2,5500.0,5500.0,0,0,0,0,0,0,0,0,0,1,0,0,0,0,1.0,0.18333333333333332,98.0,1.2244723034568894,0.15714285714285714,37.74472303456889,0.0,5,5,1.479,1.2,1.067,0.693
3000.0,2025-07-22,10,22,24H Night,7,0.0,2025-07-22,4500.0,4000.0,1.0,4650.0,6.0,21.0,0.8571428571428571,0.7,0.8571428571428571,7,-0.4999999999999997,-0.8660254037844388,2025,1,30,203,0,0,,0,7,5,0,0,0,0,0,monsoon,0,0,24H Night,24.0,0.92,24H,0,0.0,3260.87,1.0,0,0.9166666666666666,0.9917,0,1,0,Clear,1,Standard,0.0,26.0,20.0,60.0,4.2,25.0,50.0,90.0,4888.888888888889,4833.333333333333,4875.0,4333.333333333333,4888.888888888889,4888.888888888889,4833.333333333333,0.6,4,1.124,541.67,4375.0,3500.0,4375.0,3500.0,2136.0009363293825,4.0,0.8,3000.0,4875.0,0,0,0,0,0,0,0,0,0,1,0,0,0,0,1.0,0.18333333333333332,98.0,1.2244723034568894,0.15714285714285714,37.74472303456889,0.0,5,5,1.479,1.2,1.067,0.693
700.0,2025-07-22,12,12,12H Night,7,0.0,2025-07-22,3000.0,2000.0,0.0,2420.0,7.0,22.0,1.0,0.7333333333333333,1.0,7,-0.4999999999999997,-0.8660254037844388,2025,1,30,203,0,0,,0,7,5,0,0,0,0,0,monsoon,0,0,12H Night,12.0,0.5,12H,0,0.0,1400.0,1.0,0,1.0,1.0,0,1,0,Clear,1,Standard,0.0,26.0,20.0,60.0,4.2,25.0,50.0,90.0,2571.4285714285716,2250.0,3000.0,2571.4285714285716,2571.4285714285716,2571.4285714285716,2250.0,0.51,5,1.546,1060.0,1940.0,2000.0,1940.0,2000.0,817.312669668102,5.0,1.0,2000.0,2000.0,0,0,0,0,0,0,0,0,0,1,0,0,0,0,1.0,0.18333333333333332,98.0,1.3636177688486069,0.2666666666666667,39.13617768848607,0.0,5,5,1.479,1.2,1.067,0.693
2500.0,2025-07-24,2,11,12H Day,7,0.0,2025-07-24,1000.0,2000.0,2.0,2250.0,7.0,22.0,1.0,0.7333333333333333,1.0,7,-0.4999999999999997,-0.8660254037844388,2025,3,30,205,0,0,,0,5,7,0,0,0,0,0,monsoon,0,0,12H Day,12.0,0.46,12H,0,0.0,5434.78,1.0,0,0.9166666666666666,0.9917,1,0,0,Clear,1,Standard,0.0,26.0,20.0,60.0,4.2,25.0,50.0,90.0,2385.714285714286,2377.2727272727275,1988.235294117647,2400.0,2385.714285714286,2385.714285714286,2072.7272727272725,0.98,1,1.014,34.06,2382.608695652174,2500.0,2382.608695652174,2500.0,609.5096195176782,23.0,1.0,2000.0,2750.0,0,0,0,0,0,0,0,0,0,1,0,0,0,0,1.0,0.18333333333333332,98.0,1.3636177688486069,0.2666666666666667,39.13617768848607,0.0,5,5,1.479,1.2,1.067,0.693
2500.0,2025-07-25,8,9,12H Day,7,0.0,2025-07-25,2500.0,1000.0,1.0,2300.0,7.0,23.0,1.0,0.7666666666666667,1.0,7,-0.4999999999999997,-0.8660254037844388,2025,4,30,206,0,0,,0,4,7,0,0,0,0,0,monsoon,0,0,12H Day,12.0,0.38,12H,0,0.0,6578.95,1.0,0,0.75,0.975,0,1,0,Clear,1,Standard,0.0,26.0,20.0,60.0,4.2,25.0,50.0,90.0,2385.714285714286,2377.2727272727275,2812.5,2400.0,2385.714285714286,2385.714285714286,2875.0,0.91,1,1.014,34.06,2382.608695652174,2500.0,2382.608695652174,2500.0,609.5096195176782,23.0,1.0,2000.0,2750.0,0,0,0,0,0,0,0,0,0,1,0,0,0,0,1.0,0.18333333333333332,98.0,1.3043308130763511,0.23333333333333328,38.54330813076351,0.0,5,5,1.479,1.2,1.067,0.693
3000.0,2025-07-26,8,13,12H Night,7,0.0,2025-07-26,700.0,3000.0,1.0,2570.0,6.0,24.0,0.8571428571428571,0.8,0.8571428571428571,7,-0.4999999999999997,-0.8660254037844388,2025,5,30,207,1,0,,0,3,7,0,0,0,0,0,monsoon,1,0,12H Night,12.0,0.54,12H,0,0.0,5555.56,1.0,0,1.0,1.0,0,1,0,Clear,1,Standard,0.0,26.0,20.0,60.0,4.2,25.0,73.95,90.0,2242.8571428571427,3000.0,2000.0,2242.8571428571427,2242.8571428571427,2242.8571428571427,2242.8571428571427,0.44000000000000006,6,1.546,1060.0,3000.0,3000.0,3000.0,3000.0,0.0,3.0,0.6,3000.0,3000.0,0,0,1,0,0,0,0,0,0,1,0,0,0,0,1.0,0.18333333333333332,98.0,1.071415178738837,0.05714285714285705,56.214151787388374,0.0,5,5,1.479,1.2,1.067,0.693
2000.0,2025-07-28,2,9,12H Day,7,0.0,2025-07-28,2500.0,2500.0,2.0,2300.0,6.0,23.0,0.8571428571428571,0.7666666666666667,0.8571428571428571,7,-0.4999999999999997,-0.8660254037844388,2025,0,31,209,0,0,,0,1,7,0,1,0,0,0,monsoon,0,0,12H Day,12.0,0.38,12H,0,0.0,5263.16,1.0,0,0.75,0.975,1,0,0,Clear,1,Standard,0.0,26.0,20.0,60.0,4.2,25.0,50.0,90.0,2403.5714285714284,2400.0,2017.6470588235295,2422.7272727272725,2403.5714285714284,2403.5714285714284,2118.181818181818,0.98,1,1.014,34.06,2382.608695652174,2500.0,2382.608695652174,2500.0,609.5096195176782,23.0,1.0,2000.0,2750.0,0,0,0,0,0,0,0,0,0,1,0,0,0,0,1.0,0.18333333333333332,98.0,1.1179978397797294,0.09047619047619038,36.67997839779729,0.0,5,5,1.479,1.2,1.067,0.693
1800.0,2025-07-30,2,10,12H Day,7,0.0,2025-07-30,2000.0,2500.0,2.0,2280.0,5.0,22.0,0.7142857142857143,0.7333333333333333,0.7142857142857143,7,-0.4999999999999997,-0.8660254037844388,2025,2,31,211,0,0,,0,7,1,0,1,0,0,0,monsoon,0,0,12H Day,12.0,0.42,12H,0,0.0,4285.71,1.0,0,0.8333333333333334,0.9833,1,0,0,Clear,1,Standard,0.0,26.0,20.0,60.0,4.2,25.0,50.0,90.0,2410.714285714286,2409.090909090909,2029.4117647058824,2431.818181818182,2410.714285714286,2410.714285714286,2136.3636363636365,0.98,1,1.014,34.06,2382.608695652174,2500.0,2382.608695652174,2500.0,609.5096195176782,23.0,1.0,2000.0,2750.0,0,0,0,0,0,0,0,0,0,1,0,0,0,0,1.0,0.18333333333333332,98.0,0.9740126920347192,-0.01904761904761898,35.240126920347194,0.0,5,5,1.479,1.2,1.067,0.693
1500.0,2025-08-01,2,9,12H Day,7,0.0,2025-08-01,1800.0,2000.0,2.0,2230.0,4.0,23.0,0.5714285714285714,0.7666666666666667,0.5714285714285714,8,-0.8660254037844384,-0.5000000000000004,2025,4,31,213,0,0,,0,7,3,0,0,0,0,0,monsoon,0,0,12H Day,12.0,0.38,12H,0,0.0,3947.37,1.0,0,0.75,0.975,1,0,0,Clear,1,Standard,0.0,26.0,20.0,60.0,4.2,25.0,50.0,90.0,2118.181818181818,2262.5,1411.111111111111,2212.5,2118.181818181818,2118.181818181818,1800.0,0.92,1,0.782,-484.31,2217.6470588235293,2500.0,2217.6470588235293,2500.0,854.5724765325986,17.0,1.0,1500.0,3000.0,0,0,0,0,0,0,0,0,0,1,0,0,0,0,1.0,0.19166666666666668,97.0,0.7453318931864863,-0.19523809523809532,33.203318931864864,0.0,5,5,1.479,1.2,1.067,0.693
2200.0,2025-08-02,7,9,12H Day,7,0.0,2025-08-02,1500.0,1800.0,1.0,2000.0,4.0,24.0,0.5714285714285714,0.8,0.5714285714285714,8,-0.8660254037844384,-0.5000000000000004,2025,5,31,214,1,0,,0,7,4,0,0,0,0,0,monsoon,1,0,12H Day,12.0,0.38,12H,0,0.0,5789.47,1.0,0,0.75,0.975,0,1,0,Clear,1,Standard,0.0,26.0,20.0,60.0,4.2,25.0,73.95,90.0,2086.3636363636365,1640.0,2609.090909090909,2168.75,2086.3636363636365,2086.3636363636365,1640.0,0.52,5,0.782,-484.31,1733.3333333333333,1700.0,1733.3333333333333,1700.0,1162.181856108013,6.0,1.0,675.0,2800.0,0,1,0,0,0,0,0,0,0,1,0,0,0,0,1.0,0.19166666666666668,97.0,0.7142767858258914,-0.22857142857142865,52.892767858258914,0.0,5,5,1.479,1.2,1.067,0.693
4500.0,2025-08-02,12,23,24H Night,7,0.0,2025-08-02,3000.0,4500.0,0.0,4100.0,5.0,25.0,0.7142857142857143,0.8333333333333334,0.7142857142857143,8,-0.8660254037844384,-0.5000000000000004,2025,5,31,214,1,0,,0,7,4,0,0,0,0,0,monsoon,1,0,24H Night,24.0,0.96,24H,0,0.0,4687.5,1.0,0,0.9583333333333334,0.9958,0,1,0,Clear,1,Standard,0.0,26.0,20.0,60.0,4.2,25.0,73.95,90.0,4384.615384615385,4083.3333333333335,4375.0,4166.666666666667,4384.615384615385,4384.615384615385,4000.0,0.9,1,0.892,-500.0,4142.857142857143,4500.0,4142.857142857143,4500.0,690.0655593423543,7.0,1.0,3750.0,4500.0,0,0,1,0,0,0,0,0,0,1,0,0,0,0,1.0,0.19166666666666668,97.0,0.8571325715519985,-0.11904761904761907,54.32132571551998,0.0,5,5,1.479,1.2,1.067,0.693
3000.0,2025-08-04,5,12,12H Day,7,0.0,2025-08-04,2200.0,1500.0,2.0,2050.0,5.0,24.0,0.7142857142857143,0.8,0.7142857142857143,8,-0.8660254037844384,-0.5000000000000004,2025,0,32,216,0,0,,0,5,6,0,0,0,0,0,monsoon,0,0,12H Day,12.0,0.5,12H,0,0.0,6000.0,1.0,0,1.0,1.0,0,1,0,Clear,1,Standard,0.0,26.0,20.0,60.0,4.2,25.0,50.0,90.0,2050.0,2168.75,2536.3636363636365,2118.75,2050.0,2050.0,2800.0,0.91,1,0.782,-484.31,2217.6470588235293,2500.0,2217.6470588235293,2500.0,854.5724765325986,17.0,1.0,1500.0,3000.0,0,0,0,0,0,0,0,0,0,1,0,0,0,0,1.0,0.19166666666666668,97.0,0.8928459822823643,-0.08571428571428574,34.67845982282364,0.0,5,5,1.479,1.2,1.067,0.693
2500.0,2025-08-05,4,10,12H Day,7,0.0,2025-08-05,3000.0,2200.0,1.0,2100.0,6.0,25.0,0.8571428571428571,0.8333333333333334,0.8571428571428571,8,-0.8660254037844384,-0.5000000000000004,2025,1,32,217,0,0,,0,4,7,0,0,0,0,0,monsoon,0,0,12H Day,12.0,0.42,12H,0,0.0,5952.38,1.0,0,0.8333333333333334,0.9833,0,1,0,Clear,1,Standard,0.0,26.0,20.0,60.0,4.2,25.0,50.0,90.0,2072.7272727272725,2200.0,2581.818181818182,2150.0,2072.7272727272725,2072.7272727272725,2925.0,0.91,1,0.782,-484.31,2217.6470588235293,2500.0,2217.6470588235293,2500.0,854.5724765325986,17.0,1.0,1500.0,3000.0,0,0,0,0,0,0,0,0,0,1,0,0,0,0,1.0,0.19166666666666668,97.0,1.028559085862398,0.023809523809523725,36.03559085862398,0.0,5,5,1.479,1.2,1.067,0.693
2700.0,2025-08-08,5,9,12H Day,7,0.0,2025-08-08,2500.0,3000.0,3.0,2170.0,5.0,25.0,0.7142857142857143,0.8333333333333334,0.7142857142857143,8,-0.8660254037844384,-0.5000000000000004,2025,4,32,220,0,0,,0,1,7,0,1,0,0,0,monsoon,0,0,12H Day,12.0,0.38,12H,0,0.0,7105.26,1.0,0,0.75,0.975,0,1,0,Clear,1,Standard,0.0,26.0,20.0,60.0,4.2,25.0,50.0,90.0,2063.6363636363635,2187.5,2563.6363636363635,2137.5,2063.6363636363635,2063.6363636363635,2875.0,0.91,1,0.782,-484.31,2217.6470588235293,2500.0,2217.6470588235293,2500.0,854.5724765325986,17.0,1.0,1500.0,3000.0,0,0,0,0,0,1,0,0,0,1,0,0,0,0,1.0,0.19166666666666668,97.0,0.8571325715519985,-0.11904761904761907,34.32132571551998,0.0,5,5,1.479,1.2,1.067,0.693
4500.0,2025-08-08,10,23,24H Night,7,0.0,2025-08-08,4500.0,3000.0,0.0,4100.0,6.0,26.0,0.8571428571428571,0.8666666666666667,0.8571428571428571,8,-0.8660254037844384,-0.5000000000000004,2025,4,32,220,0,0,,0,1,7,0,1,0,0,0,monsoon,0,0,24H Night,24.0,0.96,24H,0,0.0,4687.5,1.0,0,0.9583333333333334,0.9958,0,1,0,Clear,1,Standard,0.0,26.0,20.0,60.0,4.2,25.0,50.0,90.0,4384.615384615385,4666.666666666667,4375.0,4166.666666666667,4384.615384615385,4384.615384615385,4500.0,0.6,4,0.892,-500.0,4642.857142857143,4500.0,4642.857142857143,4500.0,1345.1854182690984,7.0,1.0,3500.0,5500.0,1,0,0,0,0,1,0,0,0,1,0,0,0,0,1.0,0.19166666666666668,97.0,0.9889995774774027,-0.009523809523809601,35.63999577477403,0.0,5,5,1.479,1.2,1.067,0.693
4500.0,2025-08-09,7,23,24H Night,7,0.0,2025-08-09,4500.0,4500.0,1.0,4100.0,5.0,26.0,0.7142857142857143,0.8666666666666667,0.7142857142857143,8,-0.8660254037844384,-0.5000000000000004,2025,5,32,221,1,1,Raksha Bandhan,0,6,7,1,1,0,0,0,monsoon,1,0,24H Night,24.0,0.96,24H,0,0.0,4687.5,1.0,0,0.9583333333333334,0.9958,0,1,0,Clear,1,Standard,0.0,26.0,20.0,60.0,4.2,25.0,73.95,90.0,4384.615384615385,4083.3333333333335,4375.0,5000.0,4384.615384615385,4384.615384615385,4083.3333333333335,0.53,5,0.892,-500.0,4142.857142857143,4500.0,4142.857142857143,4500.0,690.0655593423543,7.0,1.0,3750.0,4500.0,0,0,1,0,0,0,0,0,0,1,0,0,0,0,1.0,0.19166666666666668,97.0,0.8241663145645023,-0.1523809523809524,68.99166314564502,0.5,5,5,1.479,1.2,1.067,0.693
3500.0,2025-08-11,10,23,24H Night,7,0.0,2025-08-11,4500.0,4500.0,2.0,4100.0,5.0,24.0,0.7142857142857143,0.8,0.7142857142857143,8,-0.8660254037844384,-0.5000000000000004,2025,0,33,223,0,0,,0,4,2,0,0,0,0,0,monsoon,0,0,24H Night,24.0,0.96,24H,0,0.0,3645.83,1.0,0,0.9583333333333334,0.9958,0,1,0,Clear,1,Standard,0.0,26.0,20.0,60.0,4.2,25.0,50.0,90.0,4461.538461538462,4833.333333333333,4500.0,4277.777777777777,4461.538461538462,4461.538461538462,4833.333333333333,0.6,4,0.892,-500.0,4642.857142857143,4500.0,4642.857142857143,4500.0,1345.1854182690984,7.0,1.0,3500.0,5500.0,0,0,0,0,0,0,0,0,0,1,0,0,0,0,1.0,0.19166666666666668,97.0,0.8928459822823643,-0.08571428571428574,34.67845982282364,0.0,5,5,1.479,1.2,1.067,0.693
3000.0,2025-08-13,4,9,12H Day,7,0.0,2025-08-13,2700.0,2500.0,2.0,2370.0,5.0,23.0,0.7142857142857143,0.7666666666666667,0.7142857142857143,8,-0.8660254037844384,-0.5000000000000004,2025,2,33,225,0,0,,0,2,4,0,0,0,0,0,monsoon,0,0,12H Day,12.0,0.38,12H,0,0.0,7894.74,1.0,0,0.75,0.975,0,1,0,Clear,1,Standard,0.0,26.0,20.0,60.0,4.2,25.0,50.0,90.0,2050.0,2168.75,2536.3636363636365,2118.75,2050.0,2050.0,2800.0,0.91,1,0.782,-484.31,2217.6470588235293,2500.0,2217.6470588235293,2500.0,854.5724765325986,17.0,1.0,1500.0,3000.0,0,0,0,0,0,0,0,0,0,1,0,0,0,0,1.0,0.19166666666666668,97.0,0.931664866483108,-0.05238095238095242,35.06664866483108,0.0,5,5,1.479,1.2,1.067,0.693
4500.0,2025-08-14,8,23,24H Night,7,0.0,2025-08-14,3500.0,4500.0,1.0,4150.0,6.0,23.0,0.8571428571428571,0.7666666666666667,0.8571428571428571,8,-0.8660254037844384,-0.5000000000000004,2025,3,33,226,0,0,,0,1,5,0,1,0,0,0,monsoon,0,0,24H Night,24.0,0.96,24H,0,0.0,4687.5,1.0,0,0.9583333333333334,0.9958,0,1,0,Clear,1,Standard,0.0,26.0,20.0,60.0,4.2,25.0,50.0,90.0,4384.615384615385,4666.666666666667,4375.0,4166.666666666667,4384.615384615385,4384.615384615385,4666.666666666667,0.53,5,0.892,-500.0,4642.857142857143,4500.0,4642.857142857143,4500.0,1345.1854182690984,7.0,1.0,3500.0,5500.0,0,0,0,0,0,0,0,0,0,1,0,0,0,0,1.0,0.19166666666666668,97.0,1.1179978397797294,0.09047619047619038,36.92997839779729,0.0,5,5,1.479,1.2,1.067,0.693
6500.0,2025-08-15,10,23,24H Night,7,0.0,2025-08-15,4500.0,3500.0,1.0,4450.0,5.0,24.0,0.7142857142857143,0.8,0.7142857142857143,8,-0.8660254037844384,-0.5000000000000004,2025,4,33,227,0,1,Independence Day,0,1,6,0,1,0,0,0,monsoon,1,0,24H Night,24.0,0.96,24H,0,0.0,6770.83,1.0,0,0.9583333333333334,0.9958,0,1,0,Clear,1,Standard,0.0,26.0,20.0,60.0,4.2,25.0,50.0,90.0,4230.7692307692305,4333.333333333333,4125.0,4333.333333333333,4230.7692307692305,4230.7692307692305,3833.3333333333335,0.6,4,0.892,-500.0,4642.857142857143,4500.0,4642.857142857143,4500.0,1345.1854182690984,7.0,1.0,3500.0,5500.0,1,0,0,0,0,1,0,0,0,1,0,0,0,0,1.0,0.19166666666666668,97.0,0.8928459822823643,-0.08571428571428574,49.67845982282364,0.5,5,5,1.479,1.2,1.067,0.693
5000.0,2025-08-16,10,23,24H Night,7,0.0,2025-08-16,6500.0,4500.0,1.0,4450.0,5.0,24.0,0.7142857142857143,0.8,0.7142857142857143,8,-0.8660254037844384,-0.5000000000000004,2025,5,33,228,1,1,Janmashtami (Krishna Jayanti),0,1,1,1,1,0,0,0,monsoon,1,0,24H Night,24.0,0.96,24H,0,0.0,5208.33,1.0,0,0.9583333333333334,0.9958,0,1,0,Clear,1,Standard,0.0,26.0,20.0,60.0,4.2,25.0,73.95,90.0,4346.153846153846,4000.0,4312.5,4833.333333333333,4346.153846153846,4346.153846153846,4125.0,0.61,4,0.892,-500.0,4142.857142857143,4500.0,4142.857142857143,4500.0,690.0655593423543,7.0,1.0,3750.0,4500.0,0,0,1,0,0,0,0,0,0,1,0,0,0,0,1.0,0.19166666666666668,97.0,0.8928459822823643,-0.08571428571428574,78.67845982282364,0.8,5,5,1.479,1.2,1.067,0.693
4000.0,2025-08-18,3,24,24H Day,7,0.0,2025-08-18,5500.0,3000.0,2.0,4050.0,5.0,22.0,0.7142857142857143,0.7333333333333333,0.7142857142857143,8,-0.8660254037844384,-0.5000000000000004,2025,0,34,230,0,0,,0,1,1,0,1,0,0,0,monsoon,0,0,24H Day,24.0,1.0,24H,0,0.0,4000.0,1.0,0,1.0,1.0,0,1,0,Clear,1,Standard,0.0,26.0,20.0,60.0,4.2,25.0,50.0,90.0,3250.0,3250.0,3000.0,3250.0,3250.0,3250.0,4934.782608695652,0.4,7,1.25,0.0,3500.0,3500.0,3500.0,3500.0,500.0,3.0,0.6,3250.0,3750.0,0,0,0,0,0,1,0,0,0,1,0,0,0,0,1.0,0.19166666666666668,97.0,0.9740126920347192,-0.01904761904761898,35.490126920347194,0.0,5,5,1.479,1.2,1.067,0.693
3000.0,2025-08-21,4,8,12H Day,7,0.0,2025-08-21,3000.0,2700.0,3.0,2420.0,4.0,20.0,0.5714285714285714,0.6666666666666666,0.5714285714285714,8,-0.8660254037844384,-0.5000000000000004,2025,3,34,233,0,0,,0,4,2,0,0,0,0,0,monsoon,0,0,12H Day,12.0,0.33,12H,0,0.0,9090.91,1.0,0,0.6666666666666666,0.9667,0,1,0,Clear,1,Standard,0.0,26.0,20.0,60.0,4.2,25.0,50.0,90.0,2050.0,2168.75,2536.3636363636365,2118.75,2050.0,2050.0,2800.0,0.91,1,0.782,-484.31,2217.6470588235293,2500.0,2217.6470588235293,2500.0,854.5724765325986,17.0,1.0,1500.0,3000.0,0,0,0,0,0,0,0,0,0,1,0,0,0,0,1.0,0.19166666666666668,97.0,0.8571300001928543,-0.09523809523809523,34.32130000192854,0.0,5,5,1.479,1.2,1.067,0.693
3500.0,2025-08-22,7,23,24H Night,7,0.0,2025-08-22,5000.0,6500.0,1.0,4400.0,4.0,21.0,0.5714285714285714,0.7,0.5714285714285714,8,-0.8660254037844384,-0.5000000000000004,2025,4,34,234,0,0,,0,3,3,0,0,0,0,0,monsoon,0,0,24H Night,24.0,0.96,24H,0,0.0,3645.83,1.0,0,0.9583333333333334,0.9958,0,1,0,Clear,1,Standard,0.0,26.0,20.0,60.0,4.2,25.0,50.0,90.0,4461.538461538462,4833.333333333333,4625.0,4277.777777777777,4461.538461538462,4461.538461538462,4833.333333333333,0.53,5,0.892,-500.0,4642.857142857143,4500.0,4642.857142857143,4500.0,1345.1854182690984,7.0,1.0,3500.0,5500.0,1,0,0,0,0,0,0,0,0,1,0,0,0,0,1.0,0.19166666666666668,97.0,0.8163148689712596,-0.12857142857142856,33.9131486897126,0.0,5,5,1.479,1.2,1.067,0.693
500.0,2025-08-23,2,5,12H Day,7,0.0,2025-08-23,3000.0,3000.0,1.0,2220.0,4.0,21.0,0.5714285714285714,0.7,0.5714285714285714,8,-0.8660254037844384,-0.5000000000000004,2025,5,34,235,1,0,,0,2,4,0,0,0,0,0,monsoon,1,0,12H Day,12.0,0.21,12H,0,0.0,2380.95,1.0,0,0.4166666666666667,0.9417,1,0,0,Clear,1,Standard,0.0,26.0,20.0,60.0,4.2,25.0,73.95,90.0,2163.6363636363635,1980.0,1522.2222222222222,2275.0,2163.6363636363635,2163.6363636363635,1980.0,0.52,5,0.782,-484.31,1733.3333333333333,1700.0,1733.3333333333333,1700.0,1162.181856108013,6.0,1.0,675.0,2800.0,0,1,0,0,0,0,0,0,0,1,0,0,0,0,1.0,0.19166666666666668,97.0,0.8163148689712596,-0.12857142857142856,53.9131486897126,0.0,5,5,1.479,1.2,1.067,0.693
3500.0,2025-08-23,10,23,24H Night,7,0.0,2025-08-23,3500.0,5000.0,0.0,4300.0,5.0,22.0,0.7142857142857143,0.7333333333333333,0.7142857142857143,8,-0.8660254037844384,-0.5000000000000004,2025,5,34,235,1,0,,0,2,4,0,0,0,0,0,monsoon,1,0,24H Night,24.0,0.96,24H,0,0.0,3645.83,1.0,0,0.9583333333333334,0.9958,0,1,0,Clear,1,Standard,0.0,26.0,20.0,60.0,4.2,25.0,73.95,90.0,4461.538461538462,4250.0,4500.0,4277.777777777777,4461.538461538462,4461.538461538462,4333.333333333333,0.9,1,0.892,-500.0,4142.857142857143,4500.0,4142.857142857143,4500.0,690.0655593423543,7.0,1.0,3750.0,4500.0,0,0,1,0,0,0,0,0,0,1,0,0,0,0,1.0,0.19166666666666668,97.0,0.9740126920347192,-0.01904761904761898,55.490126920347194,0.0,5,5,1.479,1.2,1.067,0.693
2500.0,2025-08-25,5,10,12H Day,7,0.0,2025-08-25,500.0,3000.0,2.0,2270.0,5.0,21.0,0.7142857142857143,0.7,0.7142857142857143,8,-0.8660254037844384,-0.5000000000000004,2025,0,35,237,0,1,Eid-e-Milad,0,1,6,0,1,0,0,0,monsoon,1,0,12H Day,12.0,0.42,12H,0,0.0,5952.38,1.0,0,0.8333333333333334,0.9833,0,1,0,Clear,1,Standard,0.0,26.0,20.0,60.0,4.2,25.0,50.0,90.0,2072.7272727272725,2200.0,2581.818181818182,1740.0,2072.7272727272725,2072.7272727272725,2525.0,0.65,4,0.782,-484.31,2217.6470588235293,2500.0,2217.6470588235293,2500.0,854.5724765325986,17.0,1.0,1500.0,3000.0,0,0,0,0,0,0,0,0,0,1,0,0,0,0,1.0,0.19166666666666668,97.0,1.0203935862140747,0.014285714285714346,59.953935862140746,0.8,5,5,1.479,1.2,1.067,0.693
1500.0,2025-08-27,2,9,12H Day,7,0.0,2025-08-27,2500.0,500.0,2.0,2240.0,6.0,21.0,0.8571428571428571,0.7,0.8571428571428571,8,-0.8660254037844384,-0.5000000000000004,2025,2,35,239,0,1,Ganesh Chaturthi,0,1,1,0,1,0,0,0,monsoon,1,0,12H Day,12.0,0.38,12H,0,0.0,3947.37,1.0,0,0.75,0.975,1,0,0,Clear,1,Standard,0.0,26.0,20.0,60.0,4.2,25.0,50.0,90.0,2118.181818181818,2262.5,1411.111111111111,1940.0,2118.181818181818,2118.181818181818,1750.0,0.63,4,0.782,-484.31,2217.6470588235293,2500.0,2217.6470588235293,2500.0,854.5724765325986,17.0,1.0,1500.0,3000.0,0,0,0,0,0,0,0,0,0,1,0,0,0,0,1.0,0.19166666666666668,97.0,1.2244723034568894,0.15714285714285714,61.99472303456889,0.8,5,5,1.479,1.2,1.067,0.693
3500.0,2025-08-27,10,23,24H Night,7,0.0,2025-08-27,3500.0,3500.0,0.0,4350.0,7.0,22.0,1.0,0.7333333333333333,1.0,8,-0.8660254037844384,-0.5000000000000004,2025,2,35,239,0,1,Ganesh Chaturthi,0,1,1,0,1,0,0,0,monsoon,1,0,24H Night,24.0,0.96,24H,0,0.0,3645.83,1.0,0,0.9583333333333334,0.9958,0,1,0,Clear,1,Standard,0.0,26.0,20.0,60.0,4.2,25.0,50.0,90.0,4461.538461538462,4833.333333333333,4500.0,5333.333333333333,4461.538461538462,4461.538461538462,4833.333333333333,0.6,4,0.892,-500.0,4642.857142857143,4500.0,4642.857142857143,4500.0,1345.1854182690984,7.0,1.0,3500.0,5500.0,0,0,0,0,0,0,0,0,0,1,0,0,0,0,1.0,0.19166666666666668,97.0,1.3636177688486069,0.2666666666666667,63.38617768848607,0.8,5,5,1.479,1.2,1.067,0.693
3500.0,2025-08-29,2,9,12H Day,7,0.0,2025-08-29,1500.0,2500.0,2.0,2440.0,6.0,22.0,0.8571428571428571,0.7333333333333333,0.8571428571428571,8,-0.8660254037844384,-0.5000000000000004,2025,4,35,241,0,0,,0,1,1,0,1,0,0,0,monsoon,0,0,12H Day,12.0,0.38,12H,0,0.0,9210.53,1.0,0,0.75,0.975,1,0,0,Clear,1,Standard,0.0,26.0,20.0,60.0,4.2,25.0,50.0,90.0,2027.2727272727273,2137.5,1188.888888888889,2087.5,2027.2727272727273,2027.2727272727273,1400.0,0.92,1,0.782,-484.31,2217.6470588235293,2500.0,2217.6470588235293,2500.0,854.5724765325986,17.0,1.0,1500.0,3000.0,0,0,0,0,0,1,0,0,0,1,0,0,0,0,1.0,0.19166666666666668,97.0,1.1688152304416628,0.12380952380952381,37.438152304416626,0.0,5,5,1.479,1.2,1.067,0.693
2500.0,2025-08-31,5,8,12H Night,7,0.0,2025-08-31,3000.0,700.0,2.0,2320.0,5.0,22.0,0.7142857142857143,0.7333333333333333,0.7142857142857143,8,-0.8660254037844384,-0.5000000000000004,2025,6,35,243,1,0,,0,4,1,1,1,0,0,0,monsoon,1,0,12H Night,12.0,0.33,12H,0,0.0,7575.76,1.0,0,0.6666666666666666,0.9667,0,1,0,Clear,1,Standard,0.0,26.0,20.0,60.0,4.2,25.0,73.95,90.0,2040.0,2850.0,2233.3333333333335,2040.0,2040.0,2040.0,2040.0,0.42000000000000004,6,1.822,1233.33,2733.3333333333335,2700.0,2733.3333333333335,2700.0,251.66114784235836,3.0,0.6,2600.0,2850.0,0,0,0,0,1,0,0,0,0,1,0,0,0,0,1.0,0.19166666666666668,97.0,0.9740126920347192,-0.01904761904761898,55.490126920347194,0.0,5,5,1.479,1.2,1.067,0.693
1500.0,2025-09-03,2,8,12H Day,7,0.0,2025-09-03,3500.0,1500.0,3.0,2370.0,3.0,20.0,0.42857142857142855,0.6666666666666666,0.42857142857142855,9,-1.0,-1.8369701987210297e-16,2025,2,36,246,0,0,,0,1,4,0,1,0,0,0,monsoon,0,0,12H Day,12.0,0.33,12H,0,0.0,4545.45,1.0,0,0.6666666666666666,0.9667,1,0,0,Clear,1,Standard,0.0,26.0,20.0,60.0,4.2,25.0,50.0,90.0,1824.0,1705.0,1543.75,1755.0,1824.0,1824.0,1518.1818181818182,0.98,1,1.357,604.76,1695.2380952380952,1500.0,1695.2380952380952,1500.0,434.13844620833856,21.0,1.0,1500.0,2000.0,0,0,0,0,0,0,0,0,0,1,0,0,0,0,1.0,0.15833333333333333,101.0,0.6428475001446408,-0.23809523809523808,31.178475001446408,0.0,5,5,1.479,1.2,1.067,0.693
3200.0,2025-09-03,17,12,12H Night,7,0.0,2025-09-03,2500.0,3000.0,0.0,2490.0,4.0,21.0,0.5714285714285714,0.7,0.5714285714285714,9,-1.0,-1.8369701987210297e-16,2025,2,36,246,0,0,,0,1,4,0,1,0,0,0,monsoon,0,0,12H Night,12.0,0.5,12H,0,0.0,6400.0,1.0,0,1.0,1.0,0,0,1,Clear,1,Standard,0.0,26.0,20.0,60.0,4.2,25.0,50.0,90.0,2400.0,2242.8571428571427,2400.0,2583.3333333333335,2400.0,2400.0,2242.8571428571427,0.54,5,1.171,404.17,2362.5,2500.0,2362.5,2500.0,639.0562237728831,8.0,1.0,2200.0,2575.0,0,0,0,0,0,0,0,0,0,1,0,0,0,0,1.0,0.15833333333333333,101.0,0.8163148689712596,-0.12857142857142856,32.9131486897126,0.0,5,5,1.479,1.2,1.067,0.693
1000.0,2025-09-05,12,2,12H Night,7,0.0,2025-09-05,3200.0,2500.0,2.0,2340.0,4.0,21.0,0.5714285714285714,0.7,0.5714285714285714,9,-1.0,-1.8369701987210297e-16,2025,4,36,248,0,1,Eid-e-Milad,0,2,1,0,1,0,0,0,monsoon,1,0,12H Night,12.0,0.08,12H,0,0.0,12500.0,1.0,0,0.16666666666666666,0.9167,0,1,0,Clear,1,Standard,0.0,26.0,20.0,60.0,4.2,25.0,50.0,90.0,2620.0,2557.1428571428573,2500.0,2500.0,2620.0,2620.0,2557.1428571428573,0.54,5,1.171,404.17,2362.5,2500.0,2362.5,2500.0,639.0562237728831,8.0,1.0,2200.0,2575.0,1,0,0,0,0,0,0,0,0,1,0,0,0,0,1.0,0.15833333333333333,101.0,0.8163148689712596,-0.12857142857142856,56.9131486897126,0.8,5,5,1.479,1.2,1.067,0.693
3000.0,2025-09-06,10,10,12H Day,7,0.0,2025-09-06,1500.0,3500.0,1.0,2370.0,5.0,22.0,0.7142857142857143,0.7333333333333333,0.7142857142857143,9,-1.0,-1.8369701987210297e-16,2025,5,36,249,1,0,,0,1,1,1,1,0,0,0,monsoon,1,0,12H Day,12.0,0.42,12H,0,0.0,7142.86,1.0,0,0.8333333333333334,0.9833,0,1,0,Clear,1,Standard,0.0,26.0,20.0,60.0,4.2,25.0,73.95,90.0,1764.0,2125.0,2000.0,1680.0,1764.0,1764.0,2125.0,0.51,5,1.357,604.76,2300.0,2000.0,2300.0,2000.0,908.2951062292476,5.0,1.0,1500.0,3000.0,0,1,0,0,0,0,0,0,0,1,0,0,0,0,1.0,0.15833333333333333,101.0,0.9740126920347192,-0.01904761904761898,54.490126920347194,0.0,5,5,1.479,1.2,1.067,0.693
2200.0,2025-09-08,7,10,12H Night,7,0.0,2025-09-08,1000.0,3200.0,2.0,2310.0,5.0,20.0,0.7142857142857143,0.6666666666666666,0.7142857142857143,9,-1.0,-1.8369701987210297e-16,2025,0,37,251,0,0,,0,6,1,0,1,0,0,0,monsoon,0,0,12H Night,12.0,0.42,12H,0,0.0,5238.1,1.0,0,0.8333333333333334,0.9833,0,1,0,Clear,1,Standard,0.0,26.0,20.0,60.0,4.2,25.0,50.0,90.0,2500.0,2385.714285714286,2614.285714285714,2750.0,2500.0,2500.0,2600.0,0.9,1,1.171,404.17,2362.5,2500.0,2362.5,2500.0,639.0562237728831,8.0,1.0,2200.0,2575.0,0,0,0,0,0,1,0,0,0,1,0,0,0,0,1.0,0.15833333333333333,101.0,1.071412500241068,0.04761904761904767,35.46412500241068,0.0,5,5,1.479,1.2,1.067,0.693
1500.0,2025-09-10,2,8,12H Day,7,0.0,2025-09-10,3000.0,1500.0,2.0,2270.0,4.0,20.0,0.5714285714285714,0.6666666666666666,0.5714285714285714,9,-1.0,-1.8369701987210297e-16,2025,2,37,253,0,0,,0,4,3,0,0,0,0,0,monsoon,0,0,12H Day,12.0,0.33,12H,0,0.0,4545.45,1.0,0,0.6666666666666666,0.9667,1,0,0,Clear,1,Standard,0.0,26.0,20.0,60.0,4.2,25.0,50.0,90.0,1824.0,1705.0,1543.75,1755.0,1824.0,1824.0,1518.1818181818182,0.98,1,1.357,604.76,1695.2380952380952,1500.0,1695.2380952380952,1500.0,434.13844620833856,21.0,1.0,1500.0,2000.0,0,0,0,0,0,0,0,0,0,1,0,0,0,0,1.0,0.15833333333333333,101.0,0.8571300001928543,-0.09523809523809523,33.32130000192854,0.0,5,5,1.479,1.2,1.067,0.693
1500.0,2025-09-11,2,9,12H Day,7,0.0,2025-09-11,1500.0,3000.0,1.0,2150.0,5.0,21.0,0.7142857142857143,0.7,0.7142857142857143,9,-1.0,-1.8369701987210297e-16,2025,3,37,254,0,0,,0,3,4,0,0,0,0,0,monsoon,0,0,12H Day,12.0,0.38,12H,0,0.0,3947.37,1.0,0,0.75,0.975,1,0,0,Clear,1,Standard,0.0,26.0,20.0,60.0,4.2,25.0,50.0,90.0,1824.0,1705.0,1543.75,1755.0,1824.0,1824.0,1518.1818181818182,0.98,1,1.357,604.76,1695.2380952380952,1500.0,1695.2380952380952,1500.0,434.13844620833856,21.0,1.0,1500.0,2000.0,0,0,0,0,0,0,0,0,0,1,0,0,0,0,1.0,0.15833333333333333,101.0,1.0203935862140747,0.014285714285714346,34.953935862140746,0.0,5,5,1.479,1.2,1.067,0.693
2500.0,2025-09-11,6,12,12H Night,7,0.0,2025-09-11,2200.0,1000.0,0.0,2310.0,6.0,22.0,0.8571428571428571,0.7333333333333333,0.8571428571428571,9,-1.0,-1.8369701987210297e-16,2025,3,37,254,0,0,,0,3,4,0,0,0,0,0,monsoon,0,0,12H Night,12.0,0.5,12H,0,0.0,5000.0,1.0,0,1.0,1.0,0,1,0,Clear,1,Standard,0.0,26.0,20.0,60.0,4.2,25.0,50.0,90.0,2470.0,2342.8571428571427,2571.4285714285716,2700.0,2470.0,2470.0,2500.0,0.9,1,1.171,404.17,2362.5,2500.0,2362.5,2500.0,639.0562237728831,8.0,1.0,2200.0,2575.0,0,0,0,0,0,0,0,0,0,1,0,0,0,0,1.0,0.15833333333333333,101.0,1.1688152304416628,0.12380952380952381,36.438152304416626,0.0,5,5,1.479,1.2,1.067,0.693
1500.0,2025-09-12,2,9,12H Day,7,0.0,2025-09-12,1500.0,1500.0,1.0,2000.0,6.0,22.0,0.8571428571428571,0.7333333333333333,0.8571428571428571,9,-1.0,-1.8369701987210297e-16,2025,4,37,255,0,0,,0,2,5,0,0,0,0,0,monsoon,0,0,12H Day,12.0,0.38,12H,0,0.0,3947.37,1.0,0,0.75,0.975,1,0,0,Clear,1,Standard,0.0,26.0,20.0,60.0,4.2,25.0,50.0,90.0,1824.0,1705.0,1543.75,1755.0,1824.0,1824.0,1518.1818181818182,0.98,1,1.357,604.76,1695.2380952380952,1500.0,1695.2380952380952,1500.0,434.13844620833856,21.0,1.0,1500.0,2000.0,0,0,0,0,0,0,0,0,0,1,0,0,0,0,1.0,0.15833333333333333,101.0,1.1688152304416628,0.12380952380952381,36.438152304416626,0.0,5,5,1.479,1.2,1.067,0.693
2000.0,2025-09-13,2,7,12H Day,7,0.0,2025-09-13,1500.0,1500.0,1.0,1900.0,6.0,22.0,0.8571428571428571,0.7333333333333333,0.8571428571428571,9,-1.0,-1.8369701987210297e-16,2025,5,37,256,1,0,,0,1,6,1,1,0,0,0,monsoon,1,0,12H Day,12.0,0.29,12H,0,0.0,6896.55,1.0,0,0.5833333333333334,0.9583,1,0,0,Clear,1,Standard,0.0,26.0,20.0,60.0,4.2,25.0,73.95,90.0,1804.0,2375.0,1512.5,1730.0,1804.0,1804.0,2375.0,0.51,5,1.357,604.76,2300.0,2000.0,2300.0,2000.0,908.2951062292476,5.0,1.0,1500.0,3000.0,0,1,0,0,0,0,0,0,0,1,0,0,0,0,1.0,0.15833333333333333,101.0,1.1688152304416628,0.12380952380952381,56.438152304416626,0.0,5,5,1.479,1.2,1.067,0.693
4000.0,2025-09-13,10,24,24H Night,7,0.0,2025-09-13,3500.0,3500.0,0.0,4300.0,7.0,23.0,1.0,0.7666666666666667,1.0,9,-1.0,-1.8369701987210297e-16,2025,5,37,256,1,0,,0,1,6,1,1,0,0,0,monsoon,1,0,24H Night,24.0,1.0,24H,0,0.0,4000.0,1.0,0,1.0,1.0,0,1,0,Clear,1,Standard,0.0,26.0,20.0,60.0,4.2,25.0,73.95,90.0,4500.0,4500.0,4500.0,4500.0,4500.0,4500.0,5911.428571428572,0.4,7,1.25,0.0,4250.0,4250.0,4250.0,4250.0,353.5533905932738,2.0,0.4,4125.0,4375.0,0,0,1,0,0,0,0,0,0,1,0,0,0,0,1.0,0.15833333333333333,101.0,1.3043308130763511,0.23333333333333328,57.79330813076351,0.0,5,5,1.479,1.2,1.067,0.693
2000.0,2025-09-16,2,9,12H Day,7,0.0,2025-09-16,2000.0,1500.0,3.0,2050.0,7.0,22.0,1.0,0.7333333333333333,1.0,9,-1.0,-1.8369701987210297e-16,2025,1,38,259,0,1,Eid-e-Milad,0,3,2,0,1,0,0,0,monsoon,1,0,12H Day,12.0,0.38,12H,0,0.0,5263.16,1.0,0,0.75,0.975,1,0,0,Clear,1,Standard,0.0,26.0,20.0,60.0,4.2,25.0,50.0,90.0,1804.0,1680.0,1512.5,2125.0,1804.0,1804.0,1476.923076923077,0.7,4,1.357,604.76,1695.2380952380952,1500.0,1695.2380952380952,1500.0,434.13844620833856,21.0,1.0,1500.0,2000.0,0,0,0,0,0,0,0,0,0,1,0,0,0,0,1.0,0.15833333333333333,101.0,1.3636177688486069,0.2666666666666667,62.38617768848607,0.8,5,5,1.479,1.2,1.067,0.693
2200.0,2025-09-16,6,11,12H Night,7,0.0,2025-09-16,2500.0,2200.0,0.0,2230.0,8.0,23.0,1.0,0.7666666666666667,1.1428571428571428,9,-1.0,-1.8369701987210297e-16,2025,1,38,259,0,1,Eid-e-Milad,0,3,2,0,1,0,0,0,monsoon,1,0,12H Night,12.0,0.46,12H,0,0.0,4782.61,1.0,0,0.9166666666666666,0.9917,0,1,0,Clear,1,Standard,0.0,26.0,20.0,60.0,4.2,25.0,50.0,90.0,2500.0,2385.714285714286,2614.285714285714,2100.0,2500.0,2500.0,2500.0,0.61,4,1.171,404.17,2362.5,2500.0,2362.5,2500.0,639.0562237728831,8.0,1.0,2200.0,2575.0,0,0,0,0,0,0,0,0,0,1,0,0,0,0,1.0,0.15833333333333333,101.0,1.4906637863729726,0.23333333333333328,63.65663786372973,0.8,5,5,1.479,1.2,1.067,0.693
2200.0,2025-09-17,4,9,12H Day,7,0.0,2025-09-17,2000.0,2000.0,1.0,2020.0,8.0,23.0,1.0,0.7666666666666667,1.1428571428571428,9,-1.0,-1.8369701987210297e-16,2025,2,38,260,0,0,,0,2,1,0,1,0,0,0,monsoon,0,0,12H Day,12.0,0.38,12H,0,0.0,5789.47,1.0,0,0.75,0.975,0,1,0,Clear,1,Standard,0.0,26.0,20.0,60.0,4.2,25.0,50.0,90.0,1796.0,1670.0,2340.0,1720.0,1796.0,1796.0,1900.0,0.9,1,1.357,604.76,1695.2380952380952,1500.0,1695.2380952380952,1500.0,434.13844620833856,21.0,1.0,1500.0,2000.0,0,0,0,0,0,0,0,0,0,1,0,0,0,0,1.0,0.15833333333333333,101.0,1.4906637863729726,0.23333333333333328,39.65663786372973,0.0,5,5,1.479,1.2,1.067,0.693
1500.0,2025-09-18,10,7,12H Day,7,0.0,2025-09-18,2200.0,2000.0,1.0,2020.0,7.0,24.0,1.0,0.8,1.0,9,-1.0,-1.8369701987210297e-16,2025,3,38,261,0,0,,0,1,2,0,1,0,0,0,monsoon,0,0,12H Day,12.0,0.29,12H,0,0.0,5172.41,1.0,0,0.5833333333333334,0.9583,0,1,0,Clear,1,Standard,0.0,26.0,20.0,60.0,4.2,25.0,50.0,90.0,1824.0,1705.0,2750.0,1755.0,1824.0,1824.0,1705.0,0.6,5,1.357,604.76,1695.2380952380952,1500.0,1695.2380952380952,1500.0,434.13844620833856,21.0,1.0,1500.0,2000.0,0,0,0,0,0,0,0,0,0,1,0,0,0,0,1.0,0.15833333333333333,101.0,1.2499843751953101,0.19999999999999996,37.2498437519531,0.0,5,5,1.479,1.2,1.067,0.693
3000.0,2025-09-20,7,12,12H Night,7,0.0,2025-09-20,2200.0,2500.0,2.0,2330.0,5.0,24.0,0.7142857142857143,0.8,0.7142857142857143,9,-1.0,-1.8369701987210297e-16,2025,5,38,263,1,0,,0,2,1,1,1,0,0,0,monsoon,1,0,12H Night,12.0,0.5,12H,0,0.0,6000.0,1.0,0,1.0,1.0,0,1,0,Clear,1,Standard,0.0,26.0,20.0,60.0,4.2,25.0,73.95,90.0,2420.0,2650.0,2500.0,2616.6666666666665,2420.0,2420.0,2420.0,0.47000000000000003,6,1.171,404.17,2766.6666666666665,2800.0,2766.6666666666665,2800.0,251.66114784235836,3.0,0.6,2650.0,2900.0,0,0,1,0,0,0,0,0,0,1,0,0,0,0,1.0,0.15833333333333333,101.0,0.8928459822823643,-0.08571428571428574,53.67845982282364,0.0,5,5,1.479,1.2,1.067,0.693
1500.0,2025-09-25,2,9,12H Day,7,0.0,2025-09-25,1500.0,2200.0,5.0,1820.0,2.0,21.0,0.2857142857142857,0.7,0.2857142857142857,9,-1.0,-1.8369701987210297e-16,2025,3,39,268,0,0,,0,3,3,0,0,0,0,0,monsoon,0,0,12H Day,12.0,0.38,12H,0,0.0,3947.37,1.0,0,0.75,0.975,1,0,0,Clear,1,Standard,0.0,26.0,20.0,60.0,4.2,25.0,50.0,90.0,1824.0,1705.0,1543.75,1755.0,1824.0,1824.0,1518.1818181818182,0.98,1,1.357,604.76,1695.2380952380952,1500.0,1695.2380952380952,1500.0,434.13844620833856,21.0,1.0,1500.0,2000.0,0,0,0,0,0,0,0,0,0,1,0,0,0,0,1.0,0.15833333333333333,101.0,0.4081574344856298,-0.41428571428571426,28.8315743448563,0.0,5,5,1.479,1.2,1.067,0.693
1500.0,2025-09-26,2,3,12H Day,7,0.0,2025-09-26,1500.0,1500.0,1.0,1820.0,3.0,20.0,0.42857142857142855,0.6666666666666666,0.42857142857142855,9,-1.0,-1.8369701987210297e-16,2025,4,39,269,0,0,,0,2,4,0,0,0,0,0,monsoon,0,0,12H Day,12.0,0.12,12H,0,0.0,12500.0,1.0,0,0.25,0.925,1,0,0,Clear,1,Standard,0.0,26.0,20.0,60.0,4.2,25.0,50.0,90.0,1824.0,1705.0,1543.75,1755.0,1824.0,1824.0,1518.1818181818182,0.98,1,1.357,604.76,1695.2380952380952,1500.0,1695.2380952380952,1500.0,434.13844620833856,21.0,1.0,1500.0,2000.0,0,0,0,0,0,0,0,0,0,1,0,0,0,0,1.0,0.15833333333333333,101.0,0.6428475001446408,-0.23809523809523808,31.178475001446408,0.0,5,5,1.479,1.2,1.067,0.693
2800.0,2025-09-26,4,12,12H Night,7,0.0,2025-09-26,3000.0,2200.0,0.0,2310.0,4.0,21.0,0.5714285714285714,0.7,0.5714285714285714,9,-1.0,-1.8369701987210297e-16,2025,4,39,269,0,0,,0,2,4,0,0,0,0,0,monsoon,0,0,12H Night,12.0,0.5,12H,0,0.0,5600.0,1.0,0,1.0,1.0,0,1,0,Clear,1,Standard,0.0,26.0,20.0,60.0,4.2,25.0,50.0,90.0,2440.0,2300.0,2528.5714285714284,2650.0,2440.0,2440.0,2400.0,0.9,1,1.171,404.17,2362.5,2500.0,2362.5,2500.0,639.0562237728831,8.0,1.0,2200.0,2575.0,1,0,0,0,0,0,0,0,0,1,0,0,0,0,1.0,0.15833333333333333,101.0,0.8163148689712596,-0.12857142857142856,32.9131486897126,0.0,5,5,1.479,1.2,1.067,0.693
2500.0,2025-10-02,12,9,12H Day,7,0.0,2025-10-02,1500.0,1500.0,6.0,1770.0,3.0,20.0,0.42857142857142855,0.6666666666666666,0.42857142857142855,10,-0.8660254037844386,0.5000000000000001,2025,3,40,275,0,1,Dussehra / Gandhi Jayanti,0,1,1,0,1,1,1,0,monsoon,1,0,12H Day,12.0,0.38,12H,0,0.0,6578.95,1.0,0,0.75,0.975,0,1,0,Clear,1,Standard,0.0,26.0,20.0,60.0,4.2,25.0,53.349999999999994,90.0,2275.0,2200.0,3625.0,2350.0,2275.0,2275.0,3500.0,0.6,4,1.094,207.35,2217.6470588235293,2000.0,2217.6470588235293,2000.0,782.0128628399016,17.0,1.0,1500.0,2600.0,0,0,0,0,0,0,0,0,0,1,0,0,0,0,1.0,0.25,90.0,0.6428475001446408,-0.23809523809523808,48.92847500144641,0.5,5,5,1.479,1.2,1.067,0.693
2800.0,2025-10-03,7,9,12H Day,7,0.0,2025-10-03,2500.0,1500.0,1.0,1900.0,2.0,19.0,0.2857142857142857,0.6333333333333333,0.2857142857142857,10,-0.8660254037844386,0.5000000000000001,2025,4,40,276,0,1,Navratri Start (Nortu 1),0,6,1,0,1,1,1,0,monsoon,1,0,12H Day,12.0,0.38,12H,0,0.0,7368.42,1.0,0,0.75,0.975,0,1,0,Clear,1,Standard,0.0,26.0,20.0,60.0,4.2,25.0,53.349999999999994,90.0,2262.5,2181.25,2460.0,2312.5,2262.5,2262.5,2033.3333333333333,0.6,4,1.094,207.35,2217.6470588235293,2000.0,2217.6470588235293,2000.0,782.0128628399016,17.0,1.0,1500.0,2600.0,0,0,0,0,0,0,0,0,0,1,0,0,0,0,1.0,0.25,90.0,0.45112069659050497,-0.3476190476190476,56.011206965905046,0.8,5,5,1.479,1.2,1.067,0.693
2500.0,2025-10-04,4,8,12H Day,7,0.0,2025-10-04,2800.0,2500.0,1.0,2000.0,3.0,20.0,0.42857142857142855,0.6666666666666666,0.42857142857142855,10,-0.8660254037844386,0.5000000000000001,2025,5,40,277,1,0,,0,5,1,1,1,1,1,0,monsoon,1,0,12H Day,12.0,0.33,12H,0,0.0,7575.76,1.0,0,0.6666666666666666,0.9667,0,1,0,Clear,1,Standard,0.0,26.0,20.0,60.0,4.2,25.0,78.90465,90.0,2275.0,2414.285714285714,2520.0,2220.0,2275.0,2275.0,2414.285714285714,0.54,5,1.094,207.35,2425.0,2100.0,2425.0,2100.0,943.776607950359,8.0,1.0,1875.0,2800.0,0,1,0,0,0,0,0,0,0,1,0,0,0,0,1.0,0.25,90.0,0.6428475001446408,-0.23809523809523808,53.92847500144641,0.0,5,5,1.479,1.2,1.067,0.693
3000.0,2025-10-04,4,13,12H Night,7,0.0,2025-10-04,2800.0,3000.0,0.0,2540.0,4.0,21.0,0.5714285714285714,0.7,0.5714285714285714,10,-0.8660254037844386,0.5000000000000001,2025,5,40,277,1,0,,0,5,1,1,1,1,1,0,monsoon,1,0,12H Night,12.0,0.54,12H,0,0.0,5555.56,1.0,0,1.0,1.0,0,1,0,Clear,1,Standard,0.0,26.0,20.0,60.0,4.2,25.0,78.90465,90.0,2641.6666666666665,2675.0,2700.0,2571.4285714285716,2641.6666666666665,2641.6666666666665,2675.0,0.51,5,1.044,115.0,2740.0,3000.0,2740.0,3000.0,622.8964600958975,5.0,1.0,2200.0,3000.0,0,0,1,0,0,0,0,0,0,1,0,0,0,0,1.0,0.25,90.0,0.8163148689712596,-0.12857142857142856,55.6631486897126,0.0,5,5,1.479,1.2,1.067,0.693
3500.0,2025-10-05,8,12,12H Night,7,0.0,2025-10-05,3000.0,2800.0,1.0,2590.0,5.0,21.0,0.7142857142857143,0.7,0.7142857142857143,10,-0.8660254037844386,0.5000000000000001,2025,6,40,278,1,0,,0,4,2,0,0,1,1,0,monsoon,1,0,12H Night,12.0,0.5,12H,0,0.0,7000.0,1.0,0,1.0,1.0,0,1,0,Clear,1,Standard,0.0,26.0,20.0,60.0,4.2,25.0,78.90465,90.0,2600.0,2550.0,2600.0,2500.0,2600.0,2600.0,2550.0,0.51,5,1.044,115.0,2740.0,3000.0,2740.0,3000.0,622.8964600958975,5.0,1.0,2200.0,3000.0,0,0,0,0,1,0,0,0,0,1,0,0,0,0,1.0,0.25,90.0,1.0203935862140747,0.014285714285714346,57.703935862140746,0.0,5,5,1.479,1.2,1.067,0.693
1500.0,2025-10-06,2,9,12H Day,7,0.0,2025-10-06,2500.0,2800.0,1.0,2000.0,6.0,21.0,0.8571428571428571,0.7,0.8571428571428571,10,-0.8660254037844386,0.5000000000000001,2025,0,41,279,0,0,,0,3,3,0,0,1,1,0,monsoon,0,0,12H Day,12.0,0.38,12H,0,0.0,3947.37,1.0,0,0.75,0.975,1,0,0,Clear,1,Standard,0.0,26.0,20.0,60.0,4.2,25.0,53.349999999999994,90.0,2316.6666666666665,2262.5,1807.6923076923076,2286.6666666666665,2316.6666666666665,2316.6666666666665,1800.0,0.92,1,1.094,207.35,2217.6470588235293,2000.0,2217.6470588235293,2000.0,782.0128628399016,17.0,1.0,1500.0,2600.0,0,0,0,0,0,0,0,0,0,1,0,0,0,0,1.0,0.25,90.0,1.2244723034568894,0.15714285714285714,39.74472303456889,0.0,5,5,1.479,1.2,1.067,0.693
1500.0,2025-10-08,2,9,12H Day,7,0.0,2025-10-08,1500.0,2500.0,2.0,1950.0,7.0,21.0,1.0,0.7,1.0,10,-0.8660254037844386,0.5000000000000001,2025,2,41,281,0,0,,0,1,5,0,1,1,1,0,monsoon,0,0,12H Day,12.0,0.38,12H,0,0.0,3947.37,1.0,0,0.75,0.975,1,0,0,Clear,1,Standard,0.0,26.0,20.0,60.0,4.2,25.0,53.349999999999994,90.0,2316.6666666666665,2262.5,1807.6923076923076,2286.6666666666665,2316.6666666666665,2316.6666666666665,1800.0,0.92,1,1.094,207.35,2217.6470588235293,2000.0,2217.6470588235293,2000.0,782.0128628399016,17.0,1.0,1500.0,2600.0,0,0,0,0,0,0,0,0,0,1,0,0,0,0,1.0,0.25,90.0,1.4285510206997045,0.30000000000000004,41.785510206997046,0.0,5,5,1.479,1.2,1.067,0.693
2500.0,2025-10-10,10,13,12H Night,7,0.0,2025-10-10,3500.0,3000.0,2.0,2590.0,6.0,21.0,0.8571428571428571,0.7,0.8571428571428571,10,-0.8660254037844386,0.5000000000000001,2025,4,41,283,0,0,,0,1,1,0,1,1,1,0,monsoon,0,0,12H Night,12.0,0.54,12H,0,0.0,4629.63,1.0,0,1.0,1.0,0,1,0,Clear,1,Standard,0.0,26.0,20.0,60.0,4.2,25.0,53.349999999999994,90.0,2683.3333333333335,2642.8571428571427,2875.0,2642.8571428571427,2683.3333333333335,2683.3333333333335,2833.3333333333335,0.6,4,1.044,115.0,2625.0,2500.0,2625.0,2500.0,353.5533905932737,8.0,1.0,2500.0,3000.0,1,0,0,0,0,1,0,0,0,1,0,0,0,0,1.0,0.25,90.0,1.2244723034568894,0.15714285714285714,39.74472303456889,0.0,5,5,1.479,1.2,1.067,0.693
2000.0,2025-10-11,2,9,12H Day,7,0.0,2025-10-11,1500.0,1500.0,1.0,1950.0,5.0,20.0,0.7142857142857143,0.6666666666666666,0.7142857142857143,10,-0.8660254037844386,0.5000000000000001,2025,5,41,284,1,1,Navratri Start (Nortu 1),0,1,2,1,1,1,1,0,monsoon,1,0,12H Day,12.0,0.38,12H,0,0.0,5263.16,1.0,0,0.75,0.975,1,0,0,Clear,1,Standard,0.0,26.0,20.0,60.0,4.2,25.0,78.90465,90.0,2295.8333333333335,2485.714285714286,1769.2307692307693,2412.5,2295.8333333333335,2295.8333333333335,1800.0,0.61,4,1.094,207.35,2425.0,2100.0,2425.0,2100.0,943.776607950359,8.0,1.0,1875.0,2800.0,0,1,0,0,0,0,0,0,0,1,0,0,0,0,1.0,0.25,90.0,1.071412500241068,0.04761904761904767,82.21412500241068,0.8,5,5,1.479,1.2,1.067,0.693
2200.0,2025-10-11,2,12,12H Night,7,0.0,2025-10-11,2500.0,3500.0,0.0,2490.0,6.0,21.0,0.8571428571428571,0.7,0.8571428571428571,10,-0.8660254037844386,0.5000000000000001,2025,5,41,284,1,1,Navratri Start (Nortu 1),0,1,2,1,1,1,1,0,monsoon,1,0,12H Night,12.0,0.5,12H,0,0.0,4400.0,1.0,0,1.0,1.0,1,0,0,Clear,1,Standard,0.0,26.0,20.0,60.0,4.2,25.0,78.90465,90.0,2708.3333333333335,2875.0,2000.0,2875.0,2708.3333333333335,2708.3333333333335,2875.0,0.51,5,1.044,115.0,2740.0,3000.0,2740.0,3000.0,622.8964600958975,5.0,1.0,2200.0,3000.0,0,0,1,0,0,0,0,0,0,1,0,0,0,0,1.0,0.25,90.0,1.2244723034568894,0.15714285714285714,83.74472303456889,0.8,5,5,1.479,1.2,1.067,0.693
2200.0,2025-10-12,2,9,12H Day,7,0.0,2025-10-12,2000.0,1500.0,1.0,1950.0,6.0,21.0,0.8571428571428571,0.7,0.8571428571428571,10,-0.8660254037844386,0.5000000000000001,2025,6,41,285,1,1,Dussehra (Vijayadashami),0,3,1,1,1,1,1,0,monsoon,1,0,12H Day,12.0,0.38,12H,0,0.0,5789.47,1.0,0,0.75,0.975,1,0,0,Clear,1,Standard,0.0,26.0,20.0,60.0,4.2,25.0,78.90465,90.0,2287.5,2457.1428571428573,1753.8461538461538,2387.5,2287.5,2287.5,1750.0,0.61,4,1.094,207.35,2425.0,2100.0,2425.0,2100.0,943.776607950359,8.0,1.0,1875.0,2800.0,0,0,0,1,0,0,0,0,0,1,0,0,0,0,1.0,0.25,90.0,1.2244723034568894,0.15714285714285714,74.74472303456889,0.5,5,5,1.479,1.2,1.067,0.693
2000.0,2025-10-13,2,9,12H Day,7,0.0,2025-10-13,2200.0,2000.0,1.0,2000.0,6.0,20.0,0.8571428571428571,0.6666666666666666,0.8571428571428571,10,-0.8660254037844386,0.5000000000000001,2025,0,42,286,0,0,,0,2,1,0,1,1,1,0,monsoon,0,0,12H Day,12.0,0.38,12H,0,0.0,5263.16,1.0,0,0.75,0.975,1,0,0,Clear,1,Standard,0.0,26.0,20.0,60.0,4.2,25.0,53.349999999999994,90.0,2295.8333333333335,2231.25,1769.2307692307693,2253.3333333333335,2295.8333333333335,2295.8333333333335,1700.0,0.92,1,1.094,207.35,2217.6470588235293,2000.0,2217.6470588235293,2000.0,782.0128628399016,17.0,1.0,1500.0,2600.0,0,0,0,0,0,1,0,0,0,1,0,0,0,0,1.0,0.25,90.0,1.2856950002892815,0.19047619047619047,40.356950002892816,0.0,5,5,1.479,1.2,1.067,0.693
1500.0,2025-10-14,2,9,12H Day,7,0.0,2025-10-14,2000.0,2200.0,1.0,2000.0,7.0,21.0,1.0,0.7,1.0,10,-0.8660254037844386,0.5000000000000001,2025,1,42,287,0,0,,0,1,2,0,1,1,1,0,monsoon,0,0,12H Day,12.0,0.38,12H,0,0.0,3947.37,1.0,0,0.75,0.975,1,0,0,Clear,1,Standard,0.0,26.0,20.0,60.0,4.2,25.0,53.349999999999994,90.0,2316.6666666666665,2262.5,1807.6923076923076,2286.6666666666665,2316.6666666666665,2316.6666666666665,1800.0,0.92,1,1.094,207.35,2217.6470588235293,2000.0,2217.6470588235293,2000.0,782.0128628399016,17.0,1.0,1500.0,2600.0,0,0,0,0,0,0,0,0,0,1,0,0,0,0,1.0,0.25,90.0,1.4285510206997045,0.30000000000000004,41.785510206997046,0.0,5,5,1.479,1.2,1.067,0.693
2300.0,2025-10-15,2,9,12H Day,7,0.0,2025-10-15,1500.0,2000.0,1.0,2080.0,7.0,22.0,1.0,0.7333333333333333,1.0,10,-0.8660254037844386,0.5000000000000001,2025,2,42,288,0,1,Navratri Start (Nortu 1),0,5,3,0,1,1,1,0,monsoon,1,0,12H Day,12.0,0.38,12H,0,0.0,6052.63,1.0,0,0.75,0.975,1,0,0,Clear,1,Standard,0.0,26.0,20.0,60.0,4.2,25.0,53.349999999999994,90.0,2283.3333333333335,2212.5,1746.1538461538462,2375.0,2283.3333333333335,2283.3333333333335,1687.5,0.65,4,1.094,207.35,2217.6470588235293,2000.0,2217.6470588235293,2000.0,782.0128628399016,17.0,1.0,1500.0,2600.0,0,0,0,0,0,0,0,0,0,1,0,0,0,0,1.0,0.25,90.0,1.3636177688486069,0.2666666666666667,65.13617768848607,0.8,5,5,1.479,1.2,1.067,0.693
2000.0,2025-10-16,2,9,12H Day,7,0.0,2025-10-16,2300.0,1500.0,1.0,2030.0,8.0,21.0,1.0,0.7,1.1428571428571428,10,-0.8660254037844386,0.5000000000000001,2025,3,42,289,0,0,,0,4,1,0,1,1,1,0,monsoon,0,0,12H Day,12.0,0.38,12H,0,0.0,5263.16,1.0,0,0.75,0.975,1,0,0,Clear,1,Standard,0.0,26.0,20.0,60.0,4.2,25.0,53.349999999999994,90.0,2295.8333333333335,2231.25,1769.2307692307693,2253.3333333333335,2295.8333333333335,2295.8333333333335,1700.0,0.92,1,1.094,207.35,2217.6470588235293,2000.0,2217.6470588235293,2000.0,782.0128628399016,17.0,1.0,1500.0,2600.0,0,0,0,0,0,0,0,0,0,1,0,0,0,0,1.0,0.25,90.0,1.6326297379425192,0.30000000000000004,43.82629737942519,0.0,5,5,1.479,1.2,1.067,0.693
2600.0,2025-10-17,4,9,12H Day,7,0.0,2025-10-17,2000.0,2300.0,1.0,2010.0,8.0,21.0,1.0,0.7,1.1428571428571428,10,-0.8660254037844386,0.5000000000000001,2025,4,42,290,0,0,,0,3,2,0,0,1,1,0,monsoon,0,0,12H Day,12.0,0.38,12H,0,0.0,6842.11,1.0,0,0.75,0.975,0,1,0,Clear,1,Standard,0.0,26.0,20.0,60.0,4.2,25.0,53.349999999999994,90.0,2270.8333333333335,2193.75,2500.0,2213.3333333333335,2270.8333333333335,2270.8333333333335,2100.0,0.6,4,1.094,207.35,2217.6470588235293,2000.0,2217.6470588235293,2000.0,782.0128628399016,17.0,1.0,1500.0,2600.0,0,0,0,0,0,0,0,0,0,1,0,0,0,0,1.0,0.25,90.0,1.6326297379425192,0.30000000000000004,43.82629737942519,0.0,5,5,1.479,1.2,1.067,0.693
2500.0,2025-10-17,4,13,12H Night,7,0.0,2025-10-17,2200.0,2500.0,0.0,2640.0,9.0,22.0,1.0,0.7333333333333333,1.2857142857142858,10,-0.8660254037844386,0.5000000000000001,2025,4,42,290,0,0,,0,3,2,0,0,1,1,0,monsoon,0,0,12H Night,12.0,0.54,12H,0,0.0,4629.63,1.0,0,1.0,1.0,0,1,0,Clear,1,Standard,0.0,26.0,20.0,60.0,4.2,25.0,53.349999999999994,90.0,2683.3333333333335,2642.8571428571427,2800.0,2642.8571428571427,2683.3333333333335,2683.3333333333335,2642.8571428571427,0.54,5,1.044,115.0,2625.0,2500.0,2625.0,2500.0,353.5533905932737,8.0,1.0,2500.0,3000.0,1,0,0,0,0,0,0,0,0,1,0,0,0,0,1.0,0.25,90.0,1.7532228456624945,0.2666666666666667,45.03222845662495,0.0,5,5,1.479,1.2,1.067,0.693
1500.0,2025-10-18,2,9,12H Day,7,0.0,2025-10-18,2600.0,2000.0,1.0,1910.0,8.0,22.0,1.0,0.7333333333333333,1.1428571428571428,10,-0.8660254037844386,0.5000000000000001,2025,5,42,291,1,0,,0,2,3,0,0,1,1,0,monsoon,1,0,12H Day,12.0,0.38,12H,0,0.0,3947.37,1.0,0,0.75,0.975,1,0,0,Clear,1,Standard,0.0,26.0,20.0,60.0,4.2,25.0,78.90465,90.0,2316.6666666666665,2557.1428571428573,1807.6923076923076,2286.6666666666665,2316.6666666666665,2316.6666666666665,1925.0,0.61,4,1.094,207.35,2425.0,2100.0,2425.0,2100.0,943.776607950359,8.0,1.0,1875.0,2800.0,0,1,0,0,0,0,0,0,0,1,0,0,0,0,1.0,0.25,90.0,1.5584203072555505,0.2666666666666667,63.0842030725555,0.0,5,5,1.479,1.2,1.067,0.693
3700.0,2025-10-19,6,10,12H Day,7,0.0,2025-10-19,1500.0,2600.0,1.0,2130.0,8.0,23.0,1.0,0.7666666666666667,1.1428571428571428,10,-0.8660254037844386,0.5000000000000001,2025,6,42,292,1,0,,0,1,4,1,1,1,1,0,monsoon,1,0,12H Day,12.0,0.42,12H,0,0.0,8809.52,1.0,0,0.8333333333333334,0.9833,0,1,0,Clear,1,Standard,0.0,26.0,20.0,60.0,4.2,25.0,78.90465,90.0,2225.0,2242.8571428571427,2280.0,2140.0,2225.0,2225.0,2242.8571428571427,0.54,5,1.094,207.35,2425.0,2100.0,2425.0,2100.0,943.776607950359,8.0,1.0,1875.0,2800.0,0,0,0,1,0,0,0,0,0,1,0,0,0,0,1.0,0.25,90.0,1.4906637863729726,0.23333333333333328,62.40663786372973,0.0,5,5,1.479,1.2,1.067,0.693
4000.0,2025-10-21,10,9,12H Day,7,0.0,2025-10-21,3700.0,1500.0,2.0,2380.0,7.0,23.0,1.0,0.7666666666666667,1.0,10,-0.8660254037844386,0.5000000000000001,2025,1,43,294,0,0,,0,1,1,0,1,1,1,0,monsoon,0,0,12H Day,12.0,0.38,12H,0,0.0,10526.32,1.0,0,0.75,0.975,0,1,0,Clear,1,Standard,0.0,26.0,20.0,60.0,4.2,25.0,53.349999999999994,90.0,2212.5,2106.25,3250.0,2120.0,2212.5,2212.5,3000.0,0.6,4,1.094,207.35,2217.6470588235293,2000.0,2217.6470588235293,2000.0,782.0128628399016,17.0,1.0,1500.0,2600.0,0,0,0,0,0,0,0,0,0,1,0,0,0,0,1.0,0.25,90.0,1.3043308130763511,0.23333333333333328,40.54330813076351,0.0,5,5,1.479,1.2,1.067,0.693
1000.0,2025-10-22,2,10,12H Day,7,0.0,2025-10-22,4000.0,3700.0,1.0,2280.0,7.0,24.0,1.0,0.8,1.0,10,-0.8660254037844386,0.5000000000000001,2025,2,43,295,0,1,Bestu Varas (Gujarati New Year 2082),0,1,2,0,1,1,1,0,monsoon,1,0,12H Day,12.0,0.42,12H,0,0.0,2380.95,1.0,0,0.8333333333333334,0.9833,1,0,0,Clear,1,Standard,0.0,26.0,20.0,60.0,4.2,25.0,53.349999999999994,90.0,2337.5,2293.75,1846.1538461538462,2537.5,2337.5,2337.5,1850.0,0.65,4,1.094,207.35,2217.6470588235293,2000.0,2217.6470588235293,2000.0,782.0128628399016,17.0,1.0,1500.0,2600.0,0,0,0,0,0,0,0,0,0,1,0,0,0,0,1.0,0.25,90.0,1.2499843751953101,0.19999999999999996,69.99984375195311,1.0,5,5,1.479,1.2,1.067,0.693
6000.0,2025-10-22,6,23,24H Night,7,0.0,2025-10-22,4000.0,3500.0,0.0,4450.0,8.0,25.0,1.0,0.8333333333333334,1.1428571428571428,10,-0.8660254037844386,0.5000000000000001,2025,2,43,295,0,1,Bestu Varas (Gujarati New Year 2082),0,1,2,0,1,1,1,0,monsoon,1,0,24H Night,24.0,0.96,24H,0,0.0,6250.0,1.0,0,0.9583333333333334,0.9958,0,1,0,Clear,1,Standard,0.0,26.0,20.0,60.0,4.2,25.0,53.349999999999994,90.0,4937.5,5083.333333333333,3500.0,5500.0,4937.5,4937.5,5083.333333333333,0.53,5,0.863,-714.29,5214.285714285715,4000.0,5214.285714285715,4000.0,2464.026901522906,7.0,1.0,4000.0,5250.0,0,0,0,0,0,0,0,0,0,1,0,0,0,0,1.0,0.25,90.0,1.3714121144831977,0.16666666666666663,71.21412114483198,1.0,5,5,1.479,1.2,1.067,0.693
3000.0,2025-10-23,15,13,12H Night,7,0.0,2025-10-23,2500.0,2200.0,1.0,2720.0,8.0,26.0,1.0,0.8666666666666667,1.1428571428571428,10,-0.8660254037844386,0.5000000000000001,2025,3,43,296,0,1,Bhai Dooj (Bhai Beej),0,1,1,0,1,1,1,0,monsoon,1,0,12H Night,12.0,0.54,12H,0,0.0,5555.56,1.0,0,1.0,1.0,0,0,1,Clear,1,Standard,0.0,26.0,20.0,60.0,4.2,25.0,53.349999999999994,90.0,2641.6666666666665,2571.4285714285716,2750.0,2675.0,2641.6666666666665,2641.6666666666665,2666.6666666666665,0.6,4,1.044,115.0,2625.0,2500.0,2625.0,2500.0,353.5533905932737,8.0,1.0,2500.0,3000.0,0,0,0,0,0,0,0,0,0,1,0,0,0,0,1.0,0.25,90.0,1.3186661033032037,0.1333333333333333,55.68666103303204,0.5,5,5,1.479,1.2,1.067,0.693
3500.0,2025-10-24,10,9,12H Day,7,0.0,2025-10-24,1000.0,4000.0,1.0,2410.0,7.0,27.0,1.0,0.9,1.0,10,-0.8660254037844386,0.5000000000000001,2025,4,43,297,0,1,Dussehra (Vijayadashami),0,2,1,0,1,1,1,0,monsoon,1,0,12H Day,12.0,0.38,12H,0,0.0,9210.53,1.0,0,0.75,0.975,0,1,0,Clear,1,Standard,0.0,26.0,20.0,60.0,4.2,25.0,53.349999999999994,90.0,2233.3333333333335,2137.5,3375.0,2225.0,2233.3333333333335,2233.3333333333335,3166.6666666666665,0.6,4,1.094,207.35,2217.6470588235293,2000.0,2217.6470588235293,2000.0,782.0128628399016,17.0,1.0,1500.0,2600.0,0,0,0,0,0,0,0,0,0,1,0,0,0,0,1.0,0.25,90.0,1.1110987655692715,0.09999999999999998,53.61098765569272,0.5,5,5,1.479,1.2,1.067,0.693
10500.0,2025-10-24,10,47,24H Night,7,0.0,2025-10-24,6000.0,4000.0,0.0,5050.0,8.0,28.0,1.0,0.9333333333333333,1.1428571428571428,10,-0.8660254037844386,0.5000000000000001,2025,4,43,297,0,1,Dussehra (Vijayadashami),0,2,1,0,1,1,1,0,monsoon,1,0,24H Night,24.0,1.96,48H,1,23.0,5357.14,0.95,1,1.0,1.0,0,1,0,Clear,1,Standard,0.0,26.0,20.0,60.0,4.2,25.0,53.349999999999994,90.0,4375.0,4333.333333333333,4250.0,4375.0,4375.0,4375.0,4125.0,0.61,4,0.863,-714.29,5214.285714285715,4000.0,5214.285714285715,4000.0,2464.026901522906,7.0,1.0,4000.0,5250.0,1,0,0,0,0,0,0,0,0,1,0,0,0,0,1.0,0.25,90.0,1.2244766765254045,0.06666666666666665,54.74476676525404,0.5,5,5,1.479,1.2,1.067,0.693
3000.0,2025-10-26,10,13,12H Night,7,0.0,2025-10-26,3000.0,2500.0,2.0,2770.0,7.0,26.0,1.0,0.8666666666666667,1.0,10,-0.8660254037844386,0.5000000000000001,2025,6,43,299,1,1,Labh Pancham,0,3,2,1,1,1,1,0,monsoon,1,0,12H Night,12.0,0.54,12H,0,0.0,5555.56,1.0,0,1.0,1.0,0,1,0,Clear,1,Standard,0.0,26.0,20.0,60.0,4.2,25.0,78.90465,90.0,2641.6666666666665,2675.0,2750.0,2675.0,2641.6666666666665,2641.6666666666665,2675.0,0.51,5,1.044,115.0,2740.0,3000.0,2740.0,3000.0,622.8964600958975,5.0,1.0,2200.0,3000.0,0,0,0,0,1,0,0,0,0,1,0,0,0,0,1.0,0.25,90.0,1.1538328403903033,0.1333333333333333,74.03832840390304,0.5,5,5,1.479,1.2,1.067,0.693
2000.0,2025-10-28,2,9,12H Day,7,0.0,2025-10-28,3500.0,1000.0,2.0,2410.0,7.0,27.0,1.0,0.9,1.0,10,-0.8660254037844386,0.5000000000000001,2025,1,44,301,0,0,,0,1,2,0,1,1,1,0,monsoon,0,0,12H Day,12.0,0.38,12H,0,0.0,5263.16,1.0,0,0.75,0.975,1,0,0,Clear,1,Standard,0.0,26.0,20.0,60.0,4.2,25.0,53.349999999999994,90.0,2295.8333333333335,2231.25,1769.2307692307693,2253.3333333333335,2295.8333333333335,2295.8333333333335,1700.0,0.92,1,1.094,207.35,2217.6470588235293,2000.0,2217.6470588235293,2000.0,782.0128628399016,17.0,1.0,1500.0,2600.0,0,0,0,0,0,0,0,0,0,1,0,0,0,0,1.0,0.25,90.0,1.1110987655692715,0.09999999999999998,38.61098765569272,0.0,5,5,1.479,1.2,1.067,0.693
3000.0,2025-10-28,10,13,12H Night,7,0.0,2025-10-28,3000.0,3000.0,0.0,2850.0,8.0,28.0,1.0,0.9333333333333333,1.1428571428571428,10,-0.8660254037844386,0.5000000000000001,2025,1,44,301,0,0,,0,1,2,0,1,1,1,0,monsoon,0,0,12H Night,12.0,0.54,12H,0,0.0,5555.56,1.0,0,1.0,1.0,0,1,0,Clear,1,Standard,0.0,26.0,20.0,60.0,4.2,25.0,53.349999999999994,90.0,2641.6666666666665,2571.4285714285716,2750.0,2571.4285714285716,2641.6666666666665,2641.6666666666665,2666.6666666666665,0.6,4,1.044,115.0,2625.0,2500.0,2625.0,2500.0,353.5533905932737,8.0,1.0,2500.0,3000.0,0,0,0,0,0,0,0,0,0,1,0,0,0,0,1.0,0.25,90.0,1.2244766765254045,0.06666666666666665,39.74476676525404,0.0,5,5,1.479,1.2,1.067,0.693
2500.0,2025-10-29,4,13,12H Night,7,0.0,2025-10-29,3000.0,3000.0,1.0,2800.0,7.0,29.0,1.0,0.9666666666666667,1.0,10,-0.8660254037844386,0.5000000000000001,2025,2,44,302,0,1,Diwali (Lakshmi Pujan),0,2,3,0,1,1,1,0,monsoon,1,0,12H Night,12.0,0.54,12H,0,0.0,4629.63,1.0,0,1.0,1.0,0,1,0,Clear,1,Standard,0.0,26.0,20.0,60.0,4.2,25.0,53.349999999999994,90.0,2683.3333333333335,2642.8571428571427,2800.0,2800.0,2683.3333333333335,2683.3333333333335,2642.8571428571427,0.54,5,1.044,115.0,2625.0,2500.0,2625.0,2500.0,353.5533905932737,8.0,1.0,2500.0,3000.0,0,0,0,0,0,0,0,0,0,1,0,0,0,0,1.0,0.25,90.0,1.0344720571856154,0.033333333333333326,67.84472057185616,1.0,5,5,1.479,1.2,1.067,0.693
3000.0,2025-10-31,8,12,12H Night,7,0.0,2025-10-31,2500.0,3000.0,2.0,2820.0,5.0,30.0,0.7142857142857143,1.0,0.7142857142857143,10,-0.8660254037844386,0.5000000000000001,2025,4,44,304,0,1,Diwali (Lakshmi Pujan),0,1,2,0,1,1,1,0,monsoon,1,0,12H Night,12.0,0.5,12H,0,0.0,6000.0,1.0,0,1.0,1.0,0,1,0,Clear,1,Standard,0.0,26.0,20.0,60.0,4.2,25.0,53.349999999999994,90.0,2641.6666666666665,2571.4285714285716,2700.0,2675.0,2641.6666666666665,2641.6666666666665,2571.4285714285716,0.54,5,1.044,115.0,2625.0,2500.0,2625.0,2500.0,353.5533905932737,8.0,1.0,2500.0,3000.0,1,0,0,0,0,1,0,0,0,1,0,0,0,0,1.0,0.25,90.0,0.7142785714999993,-0.2857142857142857,64.64278571499999,1.0,5,5,1.479,1.2,1.067,0.693
6000.0,2025-11-01,12,23,24H Night,7,0.0,2025-11-01,10500.0,6000.0,1.0,5300.0,6.0,30.0,0.8571428571428571,1.0,0.8571428571428571,11,-0.5000000000000004,0.8660254037844384,2025,5,44,305,1,1,Bhai Dooj (Bhai Beej),0,1,1,1,1,0,0,0,winter,1,0,24H Night,24.0,0.96,24H,0,0.0,6250.0,1.0,0,0.9583333333333334,0.9958,0,1,0,Clear,1,Standard,0.0,26.0,20.0,60.0,4.2,25.0,78.90465,90.0,4621.428571428572,5142.857142857143,4355.555555555556,4570.0,4621.428571428572,4621.428571428572,4750.0,0.61,4,1.28,1150.0,5250.0,5250.0,5250.0,5250.0,801.7837257372731,8.0,1.0,4875.0,5625.0,0,0,1,0,0,0,1,0,0,1,0,0,0,0,1.0,0.14166666666666666,103.0,0.8571342857999991,-0.1428571428571429,77.821342858,0.5,5,5,1.479,1.2,1.067,0.693
4000.0,2025-11-04,15,23,24H Day,7,0.0,2025-11-04,4000.0,5500.0,3.0,4100.0,4.0,27.0,0.5714285714285714,0.9,0.5714285714285714,11,-0.5000000000000004,0.8660254037844384,2025,1,45,308,0,1,Labh Pancham,0,1,1,0,1,0,0,0,winter,1,0,24H Day,24.0,0.96,24H,0,0.0,4166.67,1.0,0,0.9583333333333334,0.9958,0,0,1,Clear,1,Standard,0.0,26.0,20.0,60.0,4.2,25.0,53.349999999999994,90.0,4500.0,4500.0,4500.0,4500.0,4500.0,4500.0,4934.782608695652,0.4,7,1.059,250.0,4250.0,4250.0,4250.0,4250.0,353.5533905932738,2.0,0.4,4125.0,4375.0,0,0,0,0,0,0,1,0,0,1,0,0,0,0,1.0,0.14166666666666666,103.0,0.634913580325298,-0.3285714285714286,55.59913580325298,0.5,5,5,1.479,1.2,1.067,0.693
3000.0,2025-11-06,12,9,12H Day,7,0.0,2025-11-06,2000.0,3500.0,2.0,2560.0,4.0,27.0,0.5714285714285714,0.9,0.5714285714285714,11,-0.5000000000000004,0.8660254037844384,2025,3,45,310,0,1,Labh Pancham,0,2,1,0,1,0,0,0,winter,1,0,12H Day,12.0,0.38,12H,0,0.0,7894.74,1.0,0,0.75,0.975,0,1,0,Clear,1,Standard,0.0,26.0,20.0,60.0,4.2,25.0,53.349999999999994,90.0,2084.2105263157896,2037.5,3750.0,1766.6666666666667,2084.2105263157896,2084.2105263157896,2037.5,0.6,5,1.114,239.22,2094.1176470588234,2000.0,2094.1176470588234,2000.0,831.0163868986685,17.0,1.0,1500.0,2500.0,0,0,0,0,0,0,1,0,0,1,0,0,0,0,1.0,0.14166666666666666,103.0,0.634913580325298,-0.3285714285714286,55.59913580325298,0.5,5,5,1.479,1.2,1.067,0.693
3500.0,2025-11-06,12,23,24H Night,7,0.0,2025-11-06,6000.0,10500.0,0.0,5200.0,5.0,28.0,0.7142857142857143,0.9333333333333333,0.7142857142857143,11,-0.5000000000000004,0.8660254037844384,2025,3,45,310,0,1,Labh Pancham,0,2,1,0,1,0,0,0,winter,1,0,24H Night,24.0,0.96,24H,0,0.0,3645.83,1.0,0,0.9583333333333334,0.9958,0,1,0,Clear,1,Standard,0.0,26.0,20.0,60.0,4.2,25.0,53.349999999999994,90.0,4800.0,4200.0,4633.333333333333,4820.0,4800.0,4800.0,4175.0,0.61,4,1.28,1150.0,4100.0,4200.0,4100.0,4200.0,450.92497528228944,7.0,1.0,3750.0,4500.0,0,0,0,0,0,0,1,0,0,1,0,0,0,0,1.0,0.14166666666666666,103.0,0.7652979228283779,-0.21904761904761905,56.90297922828378,0.5,5,5,1.479,1.2,1.067,0.693
3500.0,2025-11-07,10,23,24H Night,7,0.0,2025-11-07,3500.0,6000.0,1.0,4900.0,5.0,28.0,0.7142857142857143,0.9333333333333333,0.7142857142857143,11,-0.5000000000000004,0.8660254037844384,2025,4,45,311,0,0,,0,1,1,0,1,0,0,0,winter,0,1,24H Night,24.0,0.96,24H,0,0.0,3645.83,1.0,0,0.9583333333333334,0.9958,0,1,0,Clear,1,Standard,0.0,26.0,20.0,60.0,4.2,25.0,53.349999999999994,90.0,4800.0,4200.0,4633.333333333333,5166.666666666667,4800.0,4800.0,4175.0,0.61,4,1.28,1150.0,4100.0,4200.0,4100.0,4200.0,450.92497528228944,7.0,1.0,3750.0,4500.0,1,0,0,0,0,1,1,0,0,1,0,0,0,0,1.0,0.14166666666666666,103.0,0.7652979228283779,-0.21904761904761905,41.90297922828378,0.0,5,5,1.479,1.2,1.067,0.693
5500.0,2025-11-08,15,23,24H Night,7,0.0,2025-11-08,3500.0,3500.0,1.0,4950.0,5.0,29.0,0.7142857142857143,0.9666666666666667,0.7142857142857143,11,-0.5000000000000004,0.8660254037844384,2025,5,45,312,1,1,Diwali (Lakshmi Pujan),0,2,2,1,1,0,0,0,winter,1,0,24H Night,24.0,0.96,24H,0,0.0,5729.17,1.0,0,0.9583333333333334,0.9958,0,0,1,Clear,1,Standard,0.0,26.0,20.0,60.0,4.2,25.0,78.90465,90.0,4657.142857142857,5214.285714285715,4411.111111111111,4620.0,4657.142857142857,4657.142857142857,4875.0,0.61,4,1.28,1150.0,5250.0,5250.0,5250.0,5250.0,801.7837257372731,8.0,1.0,4875.0,5625.0,0,0,1,0,0,0,1,0,0,1,0,0,0,0,1.0,0.14166666666666666,103.0,0.7389086122754396,-0.2523809523809524,91.63908612275439,1.0,5,5,1.479,1.2,1.067,0.693
700.0,2025-11-12,2,9,12H Day,7,0.0,2025-11-12,3000.0,2000.0,4.0,2400.0,5.0,25.0,0.7142857142857143,0.8333333333333334,0.7142857142857143,11,-0.5000000000000004,0.8660254037844384,2025,2,46,316,0,1,Diwali (Lakshmi Pujan),0,2,1,0,1,0,0,0,winter,1,0,12H Day,12.0,0.38,12H,0,0.0,1842.11,1.0,0,0.75,0.975,1,0,0,Clear,1,Standard,0.0,26.0,20.0,60.0,4.2,25.0,53.349999999999994,90.0,2205.2631578947367,2181.25,1700.0,2150.0,2205.2631578947367,2205.2631578947367,1633.3333333333333,0.9,1,1.114,239.22,2094.1176470588234,2000.0,2094.1176470588234,2000.0,831.0163868986685,17.0,1.0,1500.0,2500.0,0,0,0,0,0,0,1,0,0,1,0,0,0,0,1.0,0.14166666666666666,103.0,0.8571325715519985,-0.11904761904761907,72.82132571551999,1.0,5,5,1.479,1.2,1.067,0.693
2500.0,2025-11-20,4,9,12H Day,7,0.0,2025-11-20,700.0,3000.0,8.0,2450.0,1.0,18.0,0.14285714285714285,0.6,0.14285714285714285,11,-0.5000000000000004,0.8660254037844384,2025,3,47,324,0,0,,0,4,2,0,0,0,0,0,winter,0,1,12H Day,12.0,0.38,12H,0,0.0,6578.95,1.0,0,0.75,0.975,0,1,0,Clear,1,Standard,0.0,26.0,20.0,60.0,4.2,25.0,53.349999999999994,90.0,2110.5263157894738,2068.75,2833.3333333333335,2208.3333333333335,2110.5263157894738,2110.5263157894738,2833.3333333333335,0.9,1,1.114,239.22,2094.1176470588234,2000.0,2094.1176470588234,2000.0,831.0163868986685,17.0,1.0,1500.0,2500.0,0,0,0,0,0,0,1,0,0,1,0,0,0,0,1.0,0.14166666666666666,103.0,0.2380912699074063,-0.45714285714285713,36.63091269907406,0.0,5,5,1.479,1.2,1.067,0.693
2000.0,2025-11-21,2,9,12H Day,7,0.0,2025-11-21,2500.0,700.0,1.0,2390.0,2.0,17.0,0.2857142857142857,0.5666666666666667,0.2857142857142857,11,-0.5000000000000004,0.8660254037844384,2025,4,47,325,0,0,,0,3,3,0,0,0,0,0,winter,0,1,12H Day,12.0,0.38,12H,0,0.0,5263.16,1.0,0,0.75,0.975,1,0,0,Clear,1,Standard,0.0,26.0,20.0,60.0,4.2,25.0,53.349999999999994,90.0,2136.842105263158,2100.0,1591.6666666666667,2250.0,2136.842105263158,2136.842105263158,1800.0,0.92,1,1.114,239.22,2094.1176470588234,2000.0,2094.1176470588234,2000.0,831.0163868986685,17.0,1.0,1500.0,2500.0,0,0,0,0,0,0,1,0,0,1,0,0,0,0,1.0,0.14166666666666666,103.0,0.5041927831525662,-0.28095238095238095,39.29192783152566,0.0,5,5,1.479,1.2,1.067,0.693
2000.0,2025-11-21,2,11,12H Night,7,0.0,2025-11-21,3000.0,2500.0,0.0,2720.0,3.0,18.0,0.42857142857142855,0.6,0.42857142857142855,11,-0.5000000000000004,0.8660254037844384,2025,4,47,325,0,0,,0,3,3,0,0,0,0,0,winter,0,1,12H Night,12.0,0.46,12H,0,0.0,4347.83,1.0,0,0.9166666666666666,0.9917,1,0,0,Clear,1,Standard,0.0,26.0,20.0,60.0,4.2,25.0,53.349999999999994,90.0,2185.714285714286,1950.0,2185.714285714286,2260.0,2185.714285714286,2185.714285714286,1950.0,0.51,5,1.276,540.0,1960.0,2000.0,1960.0,2000.0,577.0615218501404,5.0,1.0,2000.0,2300.0,1,0,0,0,0,0,1,0,0,1,0,0,0,0,1.0,0.14166666666666666,103.0,0.714273809722219,-0.17142857142857143,41.39273809722219,0.0,5,5,1.479,1.2,1.067,0.693
2000.0,2025-11-22,2,9,12H Day,7,0.0,2025-11-22,2000.0,2500.0,1.0,2440.0,4.0,18.0,0.5714285714285714,0.6,0.5714285714285714,11,-0.5000000000000004,0.8660254037844384,2025,5,47,326,1,0,,0,2,4,0,0,0,0,0,winter,1,0,12H Day,12.0,0.38,12H,0,0.0,5263.16,1.0,0,0.75,0.975,1,0,0,Clear,1,Standard,0.0,26.0,20.0,60.0,4.2,25.0,78.90465,90.0,2136.842105263158,2500.0,1591.6666666666667,2250.0,2136.842105263158,2136.842105263158,2136.842105263158,0.5,6,1.114,239.22,2333.3333333333335,2000.0,2333.3333333333335,2000.0,1040.8329997330663,3.0,0.6,1750.0,2750.0,0,1,0,0,0,0,1,0,0,1,0,0,0,0,1.0,0.14166666666666666,103.0,0.9523650796296252,-0.02857142857142858,63.77365079629625,0.0,5,5,1.479,1.2,1.067,0.693
5500.0,2025-11-22,18,23,24H Night,7,0.0,2025-11-22,5500.0,3500.0,0.0,5150.0,5.0,19.0,0.7142857142857143,0.6333333333333333,0.7142857142857143,11,-0.5000000000000004,0.8660254037844384,2025,5,47,326,1,0,,0,2,4,0,0,0,0,0,winter,1,0,24H Night,24.0,0.96,24H,0,0.0,5729.17,1.0,0,0.9583333333333334,0.9958,0,0,1,Clear,1,Standard,0.0,26.0,20.0,60.0,4.2,25.0,78.90465,90.0,4657.142857142857,5214.285714285715,4500.0,4500.0,4657.142857142857,4657.142857142857,5214.285714285715,0.54,5,1.28,1150.0,5250.0,5250.0,5250.0,5250.0,801.7837257372731,8.0,1.0,4875.0,5625.0,0,0,1,0,0,0,1,0,0,1,0,0,0,0,1.0,0.14166666666666666,103.0,1.1278017414762627,0.080952380952381,65.52801741476263,0.0,5,5,1.479,1.2,1.067,0.693
1500.0,2025-11-25,2,5,12H Day,7,0.0,2025-11-25,2000.0,2000.0,3.0,2220.0,6.0,17.0,0.8571428571428571,0.5666666666666667,0.8571428571428571,11,-0.5000000000000004,0.8660254037844384,2025,1,48,329,0,0,,0,2,1,0,1,0,0,0,winter,0,1,12H Day,12.0,0.21,12H,0,0.0,7142.86,1.0,0,0.4166666666666667,0.9417,1,0,0,Clear,1,Standard,0.0,26.0,20.0,60.0,4.2,25.0,53.349999999999994,90.0,2163.157894736842,2131.25,1633.3333333333333,2291.6666666666665,2163.157894736842,2163.157894736842,1900.0,0.92,1,1.114,239.22,2094.1176470588234,2000.0,2094.1176470588234,2000.0,831.0163868986685,17.0,1.0,1500.0,2500.0,0,0,0,0,0,0,1,0,0,1,0,0,0,0,1.0,0.14166666666666666,103.0,1.5125783494576988,0.29047619047619044,49.375783494576986,0.0,5,5,1.479,1.2,1.067,0.693
1500.0,2025-11-26,2,9,12H Day,7,0.0,2025-11-26,1500.0,2000.0,1.0,1970.0,7.0,18.0,1.0,0.6,1.0,11,-0.5000000000000004,0.8660254037844384,2025,2,48,330,0,0,,0,1,2,0,1,0,0,0,winter,0,1,12H Day,12.0,0.38,12H,0,0.0,3947.37,1.0,0,0.75,0.975,1,0,0,Clear,1,Standard,0.0,26.0,20.0,60.0,4.2,25.0,53.349999999999994,90.0,2163.157894736842,2131.25,1633.3333333333333,2291.6666666666665,2163.157894736842,2163.157894736842,1900.0,0.92,1,1.114,239.22,2094.1176470588234,2000.0,2094.1176470588234,2000.0,831.0163868986685,17.0,1.0,1500.0,2500.0,0,0,0,0,0,0,1,0,0,1,0,0,0,0,1.0,0.14166666666666666,103.0,1.6666388893518442,0.4,50.916388893518445,0.0,5,5,1.479,1.2,1.067,0.693
1500.0,2025-11-27,2,8,12H Day,7,0.0,2025-11-27,1500.0,1500.0,1.0,2020.0,7.0,17.0,1.0,0.5666666666666667,1.0,11,-0.5000000000000004,0.8660254037844384,2025,3,48,331,0,1,Dev Diwali / Guru Nanak Jayanti,0,7,3,0,1,0,0,0,winter,1,0,12H Day,12.0,0.33,12H,0,0.0,4545.45,1.0,0,0.6666666666666666,0.9667,1,0,0,Clear,1,Standard,0.0,26.0,20.0,60.0,4.2,25.0,53.349999999999994,90.0,2163.157894736842,2131.25,1633.3333333333333,2016.6666666666667,2163.157894736842,2163.157894736842,1366.6666666666667,0.9,1,1.114,239.22,2094.1176470588234,2000.0,2094.1176470588234,2000.0,831.0163868986685,17.0,1.0,1500.0,2500.0,0,0,0,0,0,0,1,0,0,1,0,0,0,0,1.0,0.14166666666666666,103.0,1.764674741033982,0.43333333333333335,81.89674741033983,1.0,5,5,1.479,1.2,1.067,0.693
3000.0,2025-11-29,12,13,12H Night,7,0.0,2025-11-29,2000.0,3000.0,2.0,2670.0,4.0,17.0,0.5714285714285714,0.5666666666666667,0.5714285714285714,11,-0.5000000000000004,0.8660254037844384,2025,5,48,333,1,0,,0,7,2,0,0,0,0,0,winter,1,0,12H Night,12.0,0.54,12H,0,0.0,5555.56,1.0,0,1.0,1.0,0,1,0,Clear,1,Standard,0.0,26.0,20.0,60.0,4.2,25.0,78.90465,90.0,2042.857142857143,2250.0,2300.0,2060.0,2042.857142857143,2042.857142857143,2042.857142857143,0.44000000000000006,6,1.276,540.0,2500.0,2500.0,2500.0,2500.0,500.0,3.0,0.6,2250.0,2750.0,0,0,1,0,0,0,1,0,0,1,0,0,0,0,1.0,0.14166666666666666,103.0,1.0083855663051324,0.004761904761904745,64.33385566305132,0.0,5,5,1.479,1.2,1.067,0.693
2500.0,2025-11-30,7,13,12H Night,7,0.0,2025-11-30,3000.0,2000.0,1.0,2670.0,5.0,17.0,0.7142857142857143,0.5666666666666667,0.7142857142857143,11,-0.5000000000000004,0.8660254037844384,2025,6,48,334,1,0,,0,7,3,0,0,0,0,0,winter,1,0,12H Night,12.0,0.54,12H,0,0.0,4629.63,1.0,0,1.0,1.0,0,1,0,Clear,1,Standard,0.0,26.0,20.0,60.0,4.2,25.0,78.90465,90.0,2114.285714285714,2500.0,1875.0,2160.0,2114.285714285714,2114.285714285714,2114.285714285714,0.44000000000000006,6,1.276,540.0,2500.0,2500.0,2500.0,2500.0,500.0,3.0,0.6,2250.0,2750.0,0,0,0,0,1,0,1,0,0,1,0,0,0,0,1.0,0.14166666666666666,103.0,1.2604819578814157,0.14761904761904765,66.85481957881416,0.0,5,5,1.479,1.2,1.067,0.693
1500.0,2025-12-03,2,8,12H Day,7,0.0,2025-12-03,1500.0,1500.0,3.0,1820.0,4.0,17.0,0.5714285714285714,0.5666666666666667,0.5714285714285714,12,-2.4492935982947064e-16,1.0,2025,2,49,337,0,0,,0,7,6,0,0,1,1,1,winter,1,1,12H Day,12.0,0.33,12H,0,0.0,4545.45,1.0,0,0.6666666666666666,0.9667,1,0,0,Clear,1,Standard,0.0,26.0,20.0,60.0,4.2,25.0,53.349999999999994,90.0,2135.483870967742,2016.0,1695.0,2137.9310344827586,2135.483870967742,2135.483870967742,1712.5,1.0,1,1.319,637.18,1996.1538461538462,2000.0,1996.1538461538462,2000.0,589.5630715916792,26.0,1.0,1500.0,2500.0,0,0,0,0,0,0,1,0,0,1,0,0,0,0,1.0,0.125,105.0,1.0083855663051324,0.004761904761904745,43.833855663051324,0.0,5,5,1.479,1.2,1.067,0.693
1000.0,2025-12-05,2,4,12H Day,7,0.0,2025-12-05,1500.0,1500.0,2.0,1720.0,4.0,17.0,0.5714285714285714,0.5666666666666667,0.5714285714285714,12,-2.4492935982947064e-16,1.0,2025,4,49,339,0,0,,0,7,7,0,0,1,1,1,winter,1,1,12H Day,12.0,0.17,12H,0,0.0,5882.35,1.0,0,0.3333333333333333,0.9333,1,0,0,Clear,1,Standard,0.0,26.0,20.0,60.0,4.2,25.0,53.349999999999994,90.0,2151.6129032258063,2036.0,1720.0,2155.1724137931033,2151.6129032258063,2151.6129032258063,1743.75,1.0,1,1.319,637.18,1996.1538461538462,2000.0,1996.1538461538462,2000.0,589.5630715916792,26.0,1.0,1500.0,2500.0,0,0,0,0,0,0,1,0,0,1,0,0,0,0,1.0,0.125,105.0,1.0083855663051324,0.004761904761904745,43.833855663051324,0.0,5,5,1.479,1.2,1.067,0.693
1500.0,2025-12-06,2,9,12H Day,7,0.0,2025-12-06,1000.0,1500.0,1.0,1570.0,4.0,16.0,0.5714285714285714,0.5333333333333333,0.5714285714285714,12,-2.4492935982947064e-16,1.0,2025,5,49,340,1,0,,0,7,7,1,0,1,1,1,winter,1,0,12H Day,12.0,0.38,12H,0,0.0,3947.37,1.0,0,0.75,0.975,1,0,0,Clear,1,Standard,0.0,26.0,20.0,60.0,4.2,25.0,78.90465,90.0,2135.483870967742,2860.0,1695.0,2137.9310344827586,2135.483870967742,2135.483870967742,2860.0,0.52,5,1.319,637.18,2633.3333333333335,2400.0,2633.3333333333335,2400.0,1202.7745701779143,6.0,1.0,1625.0,3325.0,0,1,0,0,0,0,1,0,0,1,0,0,0,0,1.0,0.125,105.0,1.0714084825195243,0.03809523809523807,64.46408482519524,0.0,5,5,1.479,1.2,1.067,0.693
4500.0,2025-12-07,14,10,12H Day,7,0.0,2025-12-07,1500.0,1000.0,1.0,1950.0,4.0,16.0,0.5714285714285714,0.5333333333333333,0.5714285714285714,12,-2.4492935982947064e-16,1.0,2025,6,49,341,1,0,,0,7,7,1,0,1,1,1,winter,1,0,12H Day,12.0,0.42,12H,0,0.0,10714.29,1.0,0,0.8333333333333334,0.9833,0,0,1,Clear,1,Standard,0.0,26.0,20.0,60.0,4.2,25.0,78.90465,90.0,2038.7096774193549,2260.0,2500.0,2034.4827586206898,2038.7096774193549,2038.7096774193549,2260.0,0.52,5,1.319,637.18,2633.3333333333335,2400.0,2633.3333333333335,2400.0,1202.7745701779143,6.0,1.0,1625.0,3325.0,0,0,0,1,0,0,1,0,0,1,0,0,0,0,1.0,0.125,105.0,1.0714084825195243,0.03809523809523807,64.46408482519524,0.0,5,5,1.479,1.2,1.067,0.693
1500.0,2025-12-08,2,9,12H Day,7,0.0,2025-12-08,4500.0,1500.0,1.0,1850.0,5.0,16.0,0.7142857142857143,0.5333333333333333,0.7142857142857143,12,-2.4492935982947064e-16,1.0,2025,0,50,342,0,0,,0,7,7,0,0,1,1,1,winter,1,1,12H Day,12.0,0.38,12H,0,0.0,3947.37,1.0,0,0.75,0.975,1,0,0,Clear,1,Standard,0.0,26.0,20.0,60.0,4.2,25.0,53.349999999999994,90.0,2135.483870967742,2016.0,1695.0,2137.9310344827586,2135.483870967742,2135.483870967742,1712.5,1.0,1,1.319,637.18,1996.1538461538462,2000.0,1996.1538461538462,2000.0,589.5630715916792,26.0,1.0,1500.0,2500.0,0,0,0,0,0,0,1,0,0,1,0,0,0,0,1.0,0.125,105.0,1.3392606031494054,0.18095238095238098,47.142606031494054,0.0,5,5,1.479,1.2,1.067,0.693
3500.0,2025-12-09,9,23,24H Night,7,0.0,2025-12-09,5500.0,5500.0,1.0,5150.0,6.0,17.0,0.8571428571428571,0.5666666666666667,0.8571428571428571,12,-2.4492935982947064e-16,1.0,2025,1,50,343,0,0,,0,7,7,0,0,1,1,1,winter,1,1,24H Night,24.0,0.96,24H,0,0.0,3645.83,1.0,0,0.9583333333333334,0.9958,0,1,0,Clear,1,Standard,0.0,26.0,20.0,60.0,4.2,25.0,53.349999999999994,90.0,5675.0,3325.0,3250.0,5675.0,5675.0,5675.0,3325.0,0.51,5,2.039,3490.0,3360.0,3500.0,3360.0,3500.0,789.3034904268446,5.0,1.0,3500.0,3800.0,0,0,0,0,0,0,1,0,0,1,0,0,0,0,1.0,0.125,105.0,1.5125783494576988,0.29047619047619044,48.875783494576986,0.0,5,5,1.479,1.2,1.067,0.693
2000.0,2025-12-10,10,23,24H Night,7,0.0,2025-12-10,3500.0,5500.0,1.0,5000.0,6.0,18.0,0.8571428571428571,0.6,0.8571428571428571,12,-2.4492935982947064e-16,1.0,2025,2,50,344,0,0,,0,7,7,0,0,1,1,1,winter,1,1,24H Night,24.0,0.96,24H,0,0.0,2083.33,1.0,0,0.9583333333333334,0.9958,0,1,0,Clear,1,Standard,0.0,26.0,20.0,60.0,4.2,25.0,53.349999999999994,90.0,5800.0,3700.0,4000.0,5800.0,5800.0,5800.0,3700.0,0.51,5,2.039,3490.0,3360.0,3500.0,3360.0,3500.0,789.3034904268446,5.0,1.0,3500.0,3800.0,0,0,0,0,0,0,1,0,0,1,0,0,0,0,1.0,0.125,105.0,1.428547619444438,0.2571428571428571,48.03547619444438,0.0,5,5,1.479,1.2,1.067,0.693
4500.0,2025-12-13,10,23,24H Night,7,0.0,2025-12-13,2000.0,3500.0,3.0,5050.0,5.0,18.0,0.7142857142857143,0.6,0.7142857142857143,12,-2.4492935982947064e-16,1.0,2025,5,50,347,1,0,,0,7,7,1,0,1,1,1,winter,1,0,24H Night,24.0,0.96,24H,0,0.0,4687.5,1.0,0,0.9583333333333334,0.9958,0,1,0,Clear,1,Standard,0.0,26.0,20.0,60.0,4.2,25.0,78.90465,90.0,5591.666666666667,7185.714285714285,2750.0,5591.666666666667,5591.666666666667,5591.666666666667,7185.714285714285,0.54,5,2.039,3490.0,6850.0,4900.0,6850.0,4900.0,6778.748304180394,8.0,1.0,4500.0,5000.0,0,0,1,0,0,0,1,0,0,1,0,0,0,0,1.0,0.125,105.0,1.1904563495370317,0.11428571428571432,65.65456349537031,0.0,5,5,1.479,1.2,1.067,0.693
2000.0,2025-12-17,2,9,12H Day,7,0.0,2025-12-17,1500.0,4500.0,4.0,1850.0,2.0,19.0,0.2857142857142857,0.6333333333333333,0.2857142857142857,12,-2.4492935982947064e-16,1.0,2025,2,51,351,0,0,,0,7,7,0,0,1,1,1,winter,1,1,12H Day,12.0,0.38,12H,0,0.0,5263.16,1.0,0,0.75,0.975,1,0,0,Clear,1,Standard,0.0,26.0,20.0,60.0,4.2,25.0,53.349999999999994,90.0,2119.3548387096776,1996.0,1670.0,2120.689655172414,2119.3548387096776,2119.3548387096776,1681.25,1.0,1,1.319,637.18,1996.1538461538462,2000.0,1996.1538461538462,2000.0,589.5630715916792,26.0,1.0,1500.0,2500.0,0,0,0,0,0,0,1,0,0,1,0,0,0,0,1.0,0.125,105.0,0.45112069659050497,-0.3476190476190476,38.261206965905046,0.0,5,5,1.479,1.2,1.067,0.693
1500.0,2025-12-18,2,8,12H Day,7,0.0,2025-12-18,2000.0,1500.0,1.0,1800.0,3.0,20.0,0.42857142857142855,0.6666666666666666,0.42857142857142855,12,-2.4492935982947064e-16,1.0,2025,3,51,352,0,0,,0,7,7,0,0,1,1,1,winter,1,1,12H Day,12.0,0.33,12H,0,0.0,4545.45,1.0,0,0.6666666666666666,0.9667,1,0,0,Clear,1,Standard,0.0,26.0,20.0,60.0,4.2,25.0,53.349999999999994,90.0,2135.483870967742,2016.0,1695.0,2137.9310344827586,2135.483870967742,2135.483870967742,1712.5,1.0,1,1.319,637.18,1996.1538461538462,2000.0,1996.1538461538462,2000.0,589.5630715916792,26.0,1.0,1500.0,2500.0,0,0,0,0,0,0,1,0,0,1,0,0,0,0,1.0,0.125,105.0,0.6428475001446408,-0.23809523809523808,40.17847500144641,0.0,5,5,1.479,1.2,1.067,0.693
2000.0,2025-12-19,2,9,12H Day,7,0.0,2025-12-19,1500.0,2000.0,1.0,1850.0,4.0,21.0,0.5714285714285714,0.7,0.5714285714285714,12,-2.4492935982947064e-16,1.0,2025,4,51,353,0,0,,0,6,7,0,0,1,1,1,winter,1,1,12H Day,12.0,0.38,12H,0,0.0,5263.16,1.0,0,0.75,0.975,1,0,0,Clear,1,Standard,0.0,26.0,20.0,60.0,4.2,25.0,53.349999999999994,90.0,2119.3548387096776,1996.0,1670.0,2120.689655172414,2119.3548387096776,2119.3548387096776,1681.25,1.0,1,1.319,637.18,1996.1538461538462,2000.0,1996.1538461538462,2000.0,589.5630715916792,26.0,1.0,1500.0,2500.0,0,0,0,0,0,0,1,0,0,1,0,0,0,0,1.0,0.125,105.0,0.8163148689712596,-0.12857142857142856,41.9131486897126,0.0,5,5,1.479,1.2,1.067,0.693
2000.0,2025-12-20,2,10,12H Day,7,0.0,2025-12-20,2000.0,1500.0,1.0,1900.0,4.0,21.0,0.5714285714285714,0.7,0.5714285714285714,12,-2.4492935982947064e-16,1.0,2025,5,51,354,1,0,,0,5,7,1,0,1,1,1,winter,1,0,12H Day,12.0,0.42,12H,0,0.0,4761.9,1.0,0,0.8333333333333334,0.9833,1,0,0,Clear,1,Standard,0.0,26.0,20.0,60.0,4.2,25.0,78.90465,90.0,2119.3548387096776,2760.0,1670.0,2120.689655172414,2119.3548387096776,2119.3548387096776,2760.0,0.52,5,1.319,637.18,2633.3333333333335,2400.0,2633.3333333333335,2400.0,1202.7745701779143,6.0,1.0,1625.0,3325.0,0,1,0,0,0,0,1,0,0,1,0,0,0,0,1.0,0.125,105.0,0.8163148689712596,-0.12857142857142856,61.9131486897126,0.0,5,5,1.479,1.2,1.067,0.693
1500.0,2025-12-22,2,9,12H Day,7,0.0,2025-12-22,2000.0,2000.0,2.0,1900.0,5.0,18.0,0.7142857142857143,0.6,0.7142857142857143,12,-2.4492935982947064e-16,1.0,2025,0,52,356,0,0,,0,3,7,0,0,1,1,1,winter,1,1,12H Day,12.0,0.38,12H,0,0.0,3947.37,1.0,0,0.75,0.975,1,0,0,Clear,1,Standard,0.0,26.0,20.0,60.0,4.2,25.0,53.349999999999994,90.0,2135.483870967742,2016.0,1695.0,2137.9310344827586,2135.483870967742,2135.483870967742,1712.5,1.0,1,1.319,637.18,1996.1538461538462,2000.0,1996.1538461538462,2000.0,589.5630715916792,26.0,1.0,1500.0,2500.0,0,0,0,0,0,0,1,0,0,1,0,0,0,0,1.0,0.125,105.0,1.1904563495370317,0.11428571428571432,45.65456349537032,0.0,5,5,1.479,1.2,1.067,0.693
2500.0,2025-12-26,4,9,12H Day,7,0.0,2025-12-26,1500.0,2000.0,4.0,2000.0,3.0,17.0,0.42857142857142855,0.5666666666666667,0.42857142857142855,12,-2.4492935982947064e-16,1.0,2025,4,52,360,0,0,,0,5,1,0,1,1,1,1,winter,1,1,12H Day,12.0,0.38,12H,0,0.0,6578.95,1.0,0,0.75,0.975,0,1,0,Clear,1,Standard,0.0,26.0,20.0,60.0,4.2,25.0,53.349999999999994,90.0,2103.2258064516127,1976.0,2850.0,2103.448275862069,2103.2258064516127,2103.2258064516127,2760.0,0.92,1,1.319,637.18,1996.1538461538462,2000.0,1996.1538461538462,2000.0,589.5630715916792,26.0,1.0,1500.0,2500.0,0,0,0,0,0,0,1,0,0,1,0,0,0,0,1.0,0.125,105.0,0.7562891747288494,-0.1380952380952381,41.312891747288496,0.0,5,5,1.479,1.2,1.067,0.693
23500.0,2025-12-27,6,120,24H Night,7,0.0,2025-12-27,4500.0,2000.0,1.0,6800.0,3.0,17.0,0.42857142857142855,0.5666666666666667,0.42857142857142855,12,-2.4492935982947064e-16,1.0,2025,5,52,361,1,0,,0,4,2,1,0,1,1,1,winter,1,0,24H Night,24.0,5.0,120H+,1,96.0,4700.0,0.8,1,1.0,1.0,0,1,0,Clear,1,Standard,0.0,26.0,20.0,60.0,4.2,25.0,78.90465,90.0,4008.3333333333335,4471.428571428572,4450.0,4008.3333333333335,4008.3333333333335,4008.3333333333335,4860.0,0.92,1,2.039,3490.0,6850.0,4900.0,6850.0,4900.0,6778.748304180394,8.0,1.0,4500.0,5000.0,0,0,1,0,0,0,1,0,0,1,0,0,0,0,1.0,0.125,105.0,0.7562891747288494,-0.1380952380952381,61.312891747288496,0.0,5,5,1.479,1.2,1.067,0.693
2000.0,2026-01-02,2,8,12H Day,7,0.0,2026-01-02,2500.0,1500.0,6.0,2100.0,2.0,15.0,0.2857142857142857,0.5,0.2857142857142857,1,0.49999999999999994,0.8660254037844387,2026,4,1,2,0,0,,0,7,1,0,1,0,1,1,winter,1,1,12H Day,12.0,0.33,12H,0,0.0,6060.61,1.0,0,0.6666666666666666,0.9667,1,0,0,Clear,1,Standard,0.0,26.0,20.0,60.0,4.2,25.0,53.349999999999994,90.0,2133.3333333333335,2156.521739130435,1893.3333333333333,2061.5384615384614,2133.3333333333335,2133.3333333333335,1950.0,0.99,1,0.93,-150.0,2150.0,2000.0,2150.0,2000.0,534.8709718443685,24.0,1.0,2000.0,2500.0,0,0,0,0,0,0,1,0,0,1,0,0,0,0,1.0,0.13333333333333333,104.0,0.5714171430857098,-0.2142857142857143,39.7141714308571,0.0,5,5,1.479,1.2,1.067,0.693
6000.0,2026-01-03,10,30,24H Day,7,0.0,2026-01-03,4000.0,4000.0,1.0,4150.0,2.0,16.0,0.2857142857142857,0.5333333333333333,0.2857142857142857,1,0.49999999999999994,0.8660254037844387,2026,5,1,3,1,0,,0,7,2,1,0,0,1,1,winter,1,0,24H Day,24.0,1.25,24H,1,6.0,4800.0,0.95,1,1.0,1.0,0,1,0,Clear,1,Standard,0.0,26.0,20.0,60.0,4.2,25.0,78.90465,90.0,9250.0,10000.0,9250.0,8500.0,9250.0,9250.0,4847.826086956522,0.4,7,0.941,-500.0,8000.0,8000.0,8000.0,8000.0,2828.42712474619,2.0,0.4,7000.0,9000.0,0,1,0,0,0,0,1,0,0,1,0,0,0,0,1.0,0.13333333333333333,104.0,0.5357042412597621,-0.24761904761904763,59.35704241259762,0.0,5,5,1.479,1.2,1.067,0.693
2000.0,2026-01-06,2,9,12H Day,7,0.0,2026-01-06,2000.0,2500.0,3.0,2150.0,3.0,14.0,0.42857142857142855,0.4666666666666667,0.42857142857142855,1,0.49999999999999994,0.8660254037844387,2026,1,2,6,0,0,,0,7,5,0,0,0,1,1,winter,1,1,12H Day,12.0,0.38,12H,0,0.0,5263.16,1.0,0,0.75,0.975,1,0,0,Clear,1,Standard,0.0,26.0,20.0,60.0,4.2,25.0,53.349999999999994,90.0,2133.3333333333335,2156.521739130435,1893.3333333333333,2061.5384615384614,2133.3333333333335,2133.3333333333335,1950.0,0.99,1,0.93,-150.0,2150.0,2000.0,2150.0,2000.0,534.8709718443685,24.0,1.0,2000.0,2500.0,0,0,0,0,0,0,1,0,0,1,0,0,0,0,1.0,0.13333333333333333,104.0,0.9183476680601741,-0.038095238095238126,43.18347668060174,0.0,5,5,1.479,1.2,1.067,0.693
3500.0,2026-01-09,10,23,24H Night,7,0.0,2026-01-09,23500.0,4500.0,3.0,6100.0,3.0,12.0,0.42857142857142855,0.4,0.42857142857142855,1,0.49999999999999994,0.8660254037844387,2026,4,2,9,0,0,,0,5,7,0,0,0,1,1,winter,1,1,24H Night,24.0,0.96,24H,0,0.0,3645.83,1.0,0,0.9583333333333334,0.9958,0,1,0,Clear,1,Standard,0.0,26.0,20.0,60.0,4.2,25.0,53.349999999999994,90.0,4619.047619047619,4611.111111111111,4650.0,4710.526315789473,4619.047619047619,4619.047619047619,5333.333333333333,0.9,1,1.028,125.0,4500.0,3900.0,4500.0,3900.0,1887.9736344675064,10.0,1.0,3500.0,4150.0,1,0,0,0,0,0,1,0,0,1,0,0,0,0,1.0,0.13333333333333333,104.0,1.0714017863839116,0.028571428571428525,44.71401786383912,0.0,5,5,1.479,1.2,1.067,0.693
1000.0,2026-01-10,12,13,12H Night,7,0.0,2026-01-10,2500.0,3000.0,1.0,2550.0,3.0,13.0,0.42857142857142855,0.43333333333333335,0.42857142857142855,1,0.49999999999999994,0.8660254037844387,2026,5,2,10,1,0,,0,4,7,1,0,0,1,1,winter,1,0,12H Night,12.0,0.54,12H,0,0.0,1851.85,1.0,0,1.0,1.0,0,1,0,Clear,1,Standard,0.0,26.0,20.0,60.0,4.2,25.0,78.90465,90.0,2500.0,2750.0,2000.0,2500.0,2500.0,2500.0,2500.0,0.41000000000000003,6,0.963,-83.33,2166.6666666666665,2500.0,2166.6666666666665,2500.0,1040.8329997330663,3.0,0.6,1750.0,2750.0,0,0,1,0,0,0,1,0,0,1,0,0,0,0,1.0,0.13333333333333333,104.0,0.9889881662071534,-0.0047619047619048005,63.88988166207153,0.0,5,5,1.479,1.2,1.067,0.693
5000.0,2026-01-10,12,23,24H Night,7,0.0,2026-01-10,3500.0,23500.0,0.0,6000.0,4.0,14.0,0.5714285714285714,0.4666666666666667,0.5714285714285714,1,0.49999999999999994,0.8660254037844387,2026,5,2,10,1,0,,0,4,7,1,0,0,1,1,winter,1,0,24H Night,24.0,0.96,24H,0,0.0,5208.33,1.0,0,0.9583333333333334,0.9958,0,1,0,Clear,1,Standard,0.0,26.0,20.0,60.0,4.2,25.0,78.90465,90.0,4547.619047619048,4590.909090909091,4500.0,4631.578947368421,4547.619047619048,4547.619047619048,4400.0,0.92,1,1.028,125.0,4625.0,5000.0,4625.0,5000.0,772.3929758166558,12.0,1.0,4000.0,5000.0,0,0,1,0,0,0,1,0,0,1,0,0,0,0,1.0,0.13333333333333333,104.0,1.2244635574135656,0.10476190476190472,66.24463557413566,0.0,5,5,1.479,1.2,1.067,0.693
2500.0,2026-01-11,8,13,12H Night,7,0.0,2026-01-11,1000.0,2500.0,1.0,2550.0,5.0,15.0,0.7142857142857143,0.5,0.7142857142857143,1,0.49999999999999994,0.8660254037844387,2026,6,2,11,1,0,,0,3,7,1,0,0,1,1,winter,1,0,12H Night,12.0,0.54,12H,0,0.0,4629.63,1.0,0,1.0,1.0,0,1,0,Clear,1,Standard,0.0,26.0,20.0,60.0,4.2,25.0,78.90465,90.0,2125.0,2000.0,2750.0,2125.0,2125.0,2125.0,2125.0,0.41000000000000003,6,0.963,-83.33,2166.6666666666665,2500.0,2166.6666666666665,2500.0,1040.8329997330663,3.0,0.6,1750.0,2750.0,0,0,0,0,1,0,1,0,0,1,0,0,0,0,1.0,0.13333333333333333,104.0,1.4285428577142745,0.2142857142857143,68.28542857714274,0.0,5,5,1.479,1.2,1.067,0.693
2500.0,2026-01-12,3,9,12H Day,7,0.0,2026-01-12,2000.0,2000.0,1.0,1950.0,6.0,15.0,0.8571428571428571,0.5,0.8571428571428571,1,0.49999999999999994,0.8660254037844387,2026,0,3,12,0,0,,0,2,7,0,0,0,1,1,winter,1,1,12H Day,12.0,0.38,12H,0,0.0,6578.95,1.0,0,0.75,0.975,0,1,0,Clear,1,Standard,0.0,26.0,20.0,60.0,4.2,25.0,53.349999999999994,90.0,2114.814814814815,2134.782608695652,2277.777777777778,2042.3076923076924,2114.814814814815,2114.814814814815,2187.5,0.9500000000000001,1,0.93,-150.0,2150.0,2000.0,2150.0,2000.0,534.8709718443685,24.0,1.0,2000.0,2500.0,0,0,0,0,0,0,1,0,0,1,0,0,0,0,1.0,0.13333333333333333,104.0,1.7142514292571291,0.3571428571428571,51.14251429257129,0.0,5,5,1.479,1.2,1.067,0.693
4000.0,2026-01-14,10,9,12H Day,7,0.0,2026-01-14,2500.0,2000.0,2.0,2200.0,6.0,16.0,0.8571428571428571,0.5333333333333333,0.8571428571428571,1,0.49999999999999994,0.8660254037844387,2026,2,3,14,0,1,Uttarayan (Makar Sankranti),0,1,7,0,1,0,1,1,winter,1,0,12H Day,12.0,0.38,12H,0,0.0,10526.32,1.0,0,0.75,0.975,0,1,0,Clear,1,Standard,0.0,26.0,20.0,60.0,4.2,25.0,53.349999999999994,90.0,2059.259259259259,2069.5652173913045,2200.0,2059.259259259259,2059.259259259259,2059.259259259259,2069.5652173913045,0.6,5,0.93,-150.0,2150.0,2000.0,2150.0,2000.0,534.8709718443685,24.0,1.0,2000.0,2500.0,0,0,0,0,0,0,1,0,0,1,0,0,0,0,1.0,0.13333333333333333,104.0,1.6071127237792864,0.32380952380952377,80.07112723779287,1.0,5,5,1.479,1.2,1.067,0.693
2500.0,2026-01-16,2,8,12H Day,7,0.0,2026-01-16,4000.0,2500.0,2.0,2250.0,6.0,16.0,0.8571428571428571,0.5333333333333333,0.8571428571428571,1,0.49999999999999994,0.8660254037844387,2026,4,3,16,0,0,,0,7,1,0,1,0,1,1,winter,1,1,12H Day,12.0,0.33,12H,0,0.0,7575.76,1.0,0,0.6666666666666666,0.9667,1,0,0,Clear,1,Standard,0.0,26.0,20.0,60.0,4.2,25.0,53.349999999999994,90.0,2114.814814814815,2134.782608695652,1860.0,2042.3076923076924,2114.814814814815,2114.814814814815,1908.3333333333333,0.99,1,0.93,-150.0,2150.0,2000.0,2150.0,2000.0,534.8709718443685,24.0,1.0,2000.0,2500.0,0,0,0,0,0,0,1,0,0,1,0,0,0,0,1.0,0.13333333333333333,104.0,1.6071127237792864,0.32380952380952377,50.071127237792865,0.0,5,5,1.479,1.2,1.067,0.693
5000.0,2026-01-17,10,23,24H Night,7,0.0,2026-01-17,5000.0,3500.0,1.0,6150.0,5.0,16.0,0.7142857142857143,0.5333333333333333,0.7142857142857143,1,0.49999999999999994,0.8660254037844387,2026,5,3,17,1,0,,0,7,2,1,0,0,1,1,winter,1,0,24H Night,24.0,0.96,24H,0,0.0,5208.33,1.0,0,0.9583333333333334,0.9958,0,1,0,Clear,1,Standard,0.0,26.0,20.0,60.0,4.2,25.0,78.90465,90.0,4547.619047619048,4590.909090909091,4500.0,4631.578947368421,4547.619047619048,4547.619047619048,4400.0,0.92,1,1.028,125.0,4625.0,5000.0,4625.0,5000.0,772.3929758166558,12.0,1.0,4000.0,5000.0,0,0,1,0,0,0,1,0,0,1,0,0,0,0,1.0,0.13333333333333333,104.0,1.3392606031494054,0.18095238095238098,67.39260603149405,0.0,5,5,1.479,1.2,1.067,0.693
1500.0,2026-01-23,2,7,12H Day,7,0.0,2026-01-23,2500.0,4000.0,6.0,2250.0,2.0,14.0,0.2857142857142857,0.4666666666666667,0.2857142857142857,1,0.49999999999999994,0.8660254037844387,2026,4,4,23,0,0,,0,3,7,0,0,0,1,1,winter,1,1,12H Day,12.0,0.29,12H,0,0.0,5172.41,1.0,0,0.5833333333333334,0.9583,1,0,0,Clear,1,Standard,0.0,26.0,20.0,60.0,4.2,25.0,53.349999999999994,90.0,2151.8518518518517,2178.2608695652175,1926.6666666666667,2080.769230769231,2151.8518518518517,2151.8518518518517,1991.6666666666667,0.99,1,0.93,-150.0,2150.0,2000.0,2150.0,2000.0,534.8709718443685,24.0,1.0,2000.0,2500.0,0,0,0,0,0,0,1,0,0,1,0,0,0,0,1.0,0.13333333333333333,104.0,0.6122317787067828,-0.18095238095238098,40.12231778706783,0.0,5,5,1.479,1.2,1.067,0.693
5000.0,2026-01-24,6,23,24H Night,7,0.0,2026-01-24,5000.0,5000.0,1.0,6300.0,2.0,15.0,0.2857142857142857,0.5,0.2857142857142857,1,0.49999999999999994,0.8660254037844387,2026,5,4,24,1,0,,0,2,7,1,0,0,1,1,winter,1,0,24H Night,24.0,0.96,24H,0,0.0,5208.33,1.0,0,0.9583333333333334,0.9958,0,1,0,Clear,1,Standard,0.0,26.0,20.0,60.0,4.2,25.0,78.90465,90.0,4547.619047619048,4590.909090909091,4312.5,4631.578947368421,4547.619047619048,4547.619047619048,4166.666666666667,0.9,1,1.028,125.0,4625.0,5000.0,4625.0,5000.0,772.3929758166558,12.0,1.0,4000.0,5000.0,0,0,1,0,0,0,1,0,0,1,0,0,0,0,1.0,0.13333333333333333,104.0,0.5714171430857098,-0.2142857142857143,59.7141714308571,0.0,5,5,1.479,1.2,1.067,0.693
4000.0,2026-01-25,8,19,24H Night,7,0.0,2026-01-25,5000.0,5000.0,1.0,6150.0,3.0,15.0,0.42857142857142855,0.5,0.42857142857142855,1,0.49999999999999994,0.8660254037844387,2026,6,4,25,1,0,,0,1,7,1,1,0,1,1,winter,1,0,24H Night,24.0,0.79,24H,0,0.0,5063.29,1.0,0,0.7916666666666666,0.9792,0,1,0,Clear,1,Standard,0.0,26.0,20.0,60.0,4.2,25.0,78.90465,90.0,4595.238095238095,4681.818181818182,4437.5,4684.210526315789,4595.238095238095,4595.238095238095,4500.0,0.9,1,1.028,125.0,4625.0,5000.0,4625.0,5000.0,772.3929758166558,12.0,1.0,4000.0,5000.0,0,0,0,0,1,0,1,0,0,1,0,0,0,0,1.0,0.13333333333333333,104.0,0.8571257146285646,-0.07142857142857145,62.571257146285646,0.0,5,5,1.479,1.2,1.067,0.693
2000.0,2026-01-30,2,9,12H Day,7,0.0,2026-01-30,1500.0,2500.0,5.0,2250.0,3.0,15.0,0.42857142857142855,0.5,0.42857142857142855,1,0.49999999999999994,0.8660254037844387,2026,4,5,30,0,0,,0,7,4,0,0,0,1,1,winter,1,1,12H Day,12.0,0.38,12H,0,0.0,5263.16,1.0,0,0.75,0.975,1,0,0,Clear,1,Standard,0.0,26.0,20.0,60.0,4.2,25.0,53.349999999999994,90.0,2133.3333333333335,2156.521739130435,1893.3333333333333,2061.5384615384614,2133.3333333333335,2133.3333333333335,1950.0,0.99,1,0.93,-150.0,2150.0,2000.0,2150.0,2000.0,534.8709718443685,24.0,1.0,2000.0,2500.0,0,0,0,0,0,0,1,0,0,1,0,0,0,0,1.0,0.13333333333333333,104.0,0.8571257146285646,-0.07142857142857145,42.571257146285646,0.0,5,5,1.479,1.2,1.067,0.693
1000.0,2026-01-31,2,3,12H Day,7,0.0,2026-01-31,2000.0,1500.0,1.0,2150.0,3.0,16.0,0.42857142857142855,0.5333333333333333,0.42857142857142855,1,0.49999999999999994,0.8660254037844387,2026,5,5,31,1,0,,0,7,5,1,0,0,1,1,winter,1,0,12H Day,12.0,0.12,12H,0,0.0,8333.33,1.0,0,0.25,0.925,1,0,0,Clear,1,Standard,0.0,26.0,20.0,60.0,4.2,25.0,78.90465,90.0,2170.3703703703704,2333.3333333333335,1960.0,2100.0,2170.3703703703704,2170.3703703703704,2333.3333333333335,0.5,5,0.93,-150.0,2000.0,2000.0,2000.0,2000.0,816.4965809277261,4.0,0.8,1750.0,2250.0,0,1,0,0,0,0,1,0,0,1,0,0,0,0,1.0,0.13333333333333333,104.0,0.8035563618896432,-0.10476190476190478,62.03556361889643,0.0,5,5,1.479,1.2,1.067,0.693
3000.0,2026-02-01,10,13,12H Night,7,0.0,2026-02-01,2500.0,1000.0,1.0,2550.0,3.0,16.0,0.42857142857142855,0.5333333333333333,0.42857142857142855,2,0.8660254037844386,0.5000000000000001,2026,6,5,32,1,0,,0,7,6,0,0,0,0,0,winter,1,0,12H Night,12.0,0.54,12H,0,0.0,5555.56,1.0,0,1.0,1.0,0,1,0,Clear,1,Standard,0.0,26.0,20.0,60.0,4.2,25.0,78.90465,90.0,2340.0,3000.0,3000.0,2340.0,2340.0,2340.0,2340.0,0.42000000000000004,6,1.379,825.0,3000.0,3000.0,3000.0,3000.0,0.0,2.0,0.4,3000.0,3000.0,0,0,0,0,1,0,1,0,0,1,0,0,0,0,1.0,0.125,105.0,0.8035563618896432,-0.10476190476190478,61.78556361889643,0.0,5,5,1.479,1.2,1.067,0.693
3500.0,2026-02-02,8,23,24H Night,7,0.0,2026-02-02,4000.0,5000.0,1.0,5950.0,4.0,16.0,0.5714285714285714,0.5333333333333333,0.5714285714285714,2,0.8660254037844386,0.5000000000000001,2026,0,6,33,0,0,,0,7,7,0,0,0,0,0,winter,0,1,24H Night,24.0,0.96,24H,0,0.0,3645.83,1.0,0,0.9583333333333334,0.9958,0,1,0,Clear,1,Standard,0.0,26.0,20.0,60.0,4.2,25.0,53.349999999999994,90.0,4428.571428571428,4000.0,4500.0,4428.571428571428,4428.571428571428,4428.571428571428,4000.0,0.54,5,1.234,919.64,3937.5,3500.0,3937.5,3500.0,1265.9694196261503,8.0,1.0,3500.0,3625.0,0,0,0,0,0,0,1,0,0,1,0,0,0,0,1.0,0.125,105.0,1.0714084825195243,0.03809523809523807,44.46408482519524,0.0,5,5,1.479,1.2,1.067,0.693
3000.0,2026-02-05,12,13,12H Night,7,0.0,2026-02-05,3000.0,2500.0,3.0,2550.0,5.0,16.0,0.7142857142857143,0.5333333333333333,0.7142857142857143,2,0.8660254037844386,0.5000000000000001,2026,3,6,36,0,0,,0,7,7,0,0,0,0,0,winter,0,1,12H Night,12.0,0.54,12H,0,0.0,5555.56,1.0,0,1.0,1.0,0,1,0,Clear,1,Standard,0.0,26.0,20.0,60.0,4.2,25.0,53.349999999999994,90.0,2340.0,1900.0,3000.0,2340.0,2340.0,2340.0,1900.0,0.5,5,1.379,825.0,2175.0,2100.0,2175.0,2100.0,623.8322424070967,4.0,0.8,1875.0,2400.0,0,0,0,0,0,0,1,0,0,1,0,0,0,0,1.0,0.125,105.0,1.3392606031494054,0.18095238095238098,47.142606031494054,0.0,5,5,1.479,1.2,1.067,0.693
3500.0,2026-02-06,10,23,24H Night,7,0.0,2026-02-06,3500.0,4000.0,1.0,5950.0,5.0,17.0,0.7142857142857143,0.5666666666666667,0.7142857142857143,2,0.8660254037844386,0.5000000000000001,2026,4,6,37,0,0,,0,7,7,0,0,0,0,0,winter,0,1,24H Night,24.0,0.96,24H,0,0.0,3645.83,1.0,0,0.9583333333333334,0.9958,0,1,0,Clear,1,Standard,0.0,26.0,20.0,60.0,4.2,25.0,53.349999999999994,90.0,4428.571428571428,4000.0,4142.857142857143,4428.571428571428,4428.571428571428,4428.571428571428,3666.6666666666665,0.9,1,1.234,919.64,3937.5,3500.0,3937.5,3500.0,1265.9694196261503,8.0,1.0,3500.0,3625.0,1,0,0,0,0,0,1,0,0,1,0,0,0,0,1.0,0.125,105.0,1.2604819578814157,0.14761904761904765,46.35481957881416,0.0,5,5,1.479,1.2,1.067,0.693
2500.0,2026-02-08,3,3,12H Day,7,0.0,2026-02-08,1000.0,2000.0,2.0,2250.0,4.0,17.0,0.5714285714285714,0.5666666666666667,0.5714285714285714,2,0.8660254037844386,0.5000000000000001,2026,6,6,39,1,0,,0,7,7,0,0,0,0,0,winter,1,0,12H Day,12.0,0.12,12H,0,0.0,20833.33,1.0,0,0.25,0.925,0,1,0,Clear,1,Standard,0.0,26.0,20.0,60.0,4.2,25.0,78.90465,90.0,2139.285714285714,2460.0,2500.0,2162.5,2139.285714285714,2139.285714285714,3100.0,0.9,1,1.192,397.1,2466.6666666666665,2500.0,2466.6666666666665,2500.0,852.4474568362948,6.0,1.0,1750.0,3100.0,0,0,0,1,0,0,1,0,0,1,0,0,0,0,1.0,0.125,105.0,1.0083855663051324,0.004761904761904745,63.833855663051324,0.0,5,5,1.479,1.2,1.067,0.693
1500.0,2026-02-10,2,6,12H Day,7,0.0,2026-02-10,2500.0,1000.0,2.0,2150.0,4.0,15.0,0.5714285714285714,0.5,0.5714285714285714,2,0.8660254037844386,0.5000000000000001,2026,1,7,41,0,0,,0,5,7,0,0,0,0,0,winter,0,1,12H Day,12.0,0.25,12H,0,0.0,6000.0,1.0,0,0.5,0.95,1,0,0,Clear,1,Standard,0.0,26.0,20.0,60.0,4.2,25.0,53.349999999999994,90.0,2175.0,2095.4545454545455,1850.0,2204.1666666666665,2175.0,2175.0,1933.3333333333333,0.96,1,1.192,397.1,2069.5652173913045,2000.0,2069.5652173913045,2000.0,442.5492089830706,23.0,1.0,1700.0,2500.0,0,0,0,0,0,0,1,0,0,1,0,0,0,0,1.0,0.125,105.0,1.1428342861714196,0.0714285714285714,45.1783428617142,0.0,5,5,1.479,1.2,1.067,0.693
1500.0,2026-02-13,2,9,12H Day,7,0.0,2026-02-13,1500.0,2500.0,3.0,2100.0,3.0,14.0,0.42857142857142855,0.4666666666666667,0.42857142857142855,2,0.8660254037844386,0.5000000000000001,2026,4,7,44,0,0,,0,2,7,0,0,0,0,0,winter,0,1,12H Day,12.0,0.38,12H,0,0.0,3947.37,1.0,0,0.75,0.975,1,0,0,Clear,1,Standard,0.0,26.0,20.0,60.0,4.2,25.0,53.349999999999994,90.0,2175.0,2095.4545454545455,1850.0,2204.1666666666665,2175.0,2175.0,1933.3333333333333,0.96,1,1.192,397.1,2069.5652173913045,2000.0,2069.5652173913045,2000.0,442.5492089830706,23.0,1.0,1700.0,2500.0,0,0,0,0,0,0,1,0,0,1,0,0,0,0,1.0,0.125,105.0,0.9183476680601741,-0.038095238095238126,42.93347668060174,0.0,5,5,1.479,1.2,1.067,0.693
4500.0,2026-02-14,5,23,24H Night,7,0.0,2026-02-14,3500.0,3500.0,1.0,6200.0,4.0,15.0,0.5714285714285714,0.5,0.5714285714285714,2,0.8660254037844386,0.5000000000000001,2026,5,7,45,1,0,,0,1,7,1,1,0,0,0,winter,1,0,24H Night,24.0,0.96,24H,0,0.0,4687.5,1.0,0,0.9583333333333334,0.9958,0,1,0,Clear,1,Standard,0.0,26.0,20.0,60.0,4.2,25.0,78.90465,90.0,4357.142857142857,4916.666666666667,4166.666666666667,4357.142857142857,4357.142857142857,4357.142857142857,4916.666666666667,0.53,5,1.234,919.64,4857.142857142857,5000.0,4857.142857142857,5000.0,801.7837257372731,7.0,1.0,4500.0,5250.0,0,0,1,0,0,0,1,0,0,1,0,0,0,0,1.0,0.125,105.0,1.1428342861714196,0.0714285714285714,65.1783428617142,0.0,5,5,1.479,1.2,1.067,0.693
2500.0,2026-02-16,4,9,12H Day,7,0.0,2026-02-16,1500.0,1500.0,2.0,2150.0,4.0,14.0,0.5714285714285714,0.4666666666666667,0.5714285714285714,2,0.8660254037844386,0.5000000000000001,2026,0,8,47,0,0,,0,2,1,0,1,0,0,0,winter,0,1,12H Day,12.0,0.38,12H,0,0.0,6578.95,1.0,0,0.75,0.975,0,1,0,Clear,1,Standard,0.0,26.0,20.0,60.0,4.2,25.0,53.349999999999994,90.0,2139.285714285714,2050.0,2500.0,2162.5,2139.285714285714,2139.285714285714,2242.8571428571427,0.9400000000000001,1,1.192,397.1,2069.5652173913045,2000.0,2069.5652173913045,2000.0,442.5492089830706,23.0,1.0,1700.0,2500.0,0,0,0,0,0,1,1,0,0,1,0,0,0,0,1.0,0.125,105.0,1.2244635574135656,0.10476190476190472,45.99463557413566,0.0,5,5,1.479,1.2,1.067,0.693
1500.0,2026-02-18,2,9,12H Day,7,0.0,2026-02-18,2500.0,1500.0,2.0,2050.0,4.0,15.0,0.5714285714285714,0.5,0.5714285714285714,2,0.8660254037844386,0.5000000000000001,2026,2,8,49,0,1,Maha Shivratri,0,7,3,0,1,0,0,0,winter,1,0,12H Day,12.0,0.38,12H,0,0.0,3947.37,1.0,0,0.75,0.975,1,0,0,Clear,1,Standard,0.0,26.0,20.0,60.0,4.2,25.0,53.349999999999994,90.0,2175.0,2095.4545454545455,1850.0,2166.6666666666665,2175.0,2175.0,1908.3333333333333,0.69,4,1.192,397.1,2069.5652173913045,2000.0,2069.5652173913045,2000.0,442.5492089830706,23.0,1.0,1700.0,2500.0,0,0,0,0,0,0,1,0,0,1,0,0,0,0,1.0,0.125,105.0,1.1428342861714196,0.0714285714285714,60.1783428617142,0.5,5,5,1.479,1.2,1.067,0.693
1500.0,2026-02-21,2,9,12H Day,7,0.0,2026-02-21,1500.0,2500.0,3.0,1800.0,3.0,16.0,0.42857142857142855,0.5333333333333333,0.42857142857142855,2,0.8660254037844386,0.5000000000000001,2026,5,8,52,1,0,,0,5,3,0,0,0,0,0,winter,1,0,12H Day,12.0,0.38,12H,0,0.0,3947.37,1.0,0,0.75,0.975,1,0,0,Clear,1,Standard,0.0,26.0,20.0,60.0,4.2,25.0,78.90465,90.0,2175.0,2660.0,1850.0,2204.1666666666665,2175.0,2175.0,2660.0,0.52,5,1.192,397.1,2466.6666666666665,2500.0,2466.6666666666665,2500.0,852.4474568362948,6.0,1.0,1750.0,3100.0,0,1,0,0,0,0,1,0,0,1,0,0,0,0,1.0,0.125,105.0,0.8035563618896432,-0.10476190476190478,61.78556361889643,0.0,5,5,1.479,1.2,1.067,0.693
1500.0,2026-02-24,2,4,12H Day,7,0.0,2026-02-24,1500.0,1500.0,3.0,1700.0,3.0,14.0,0.42857142857142855,0.4666666666666667,0.42857142857142855,2,0.8660254037844386,0.5000000000000001,2026,1,9,55,0,0,,0,2,6,0,0,0,0,0,winter,0,1,12H Day,12.0,0.17,12H,0,0.0,8823.53,1.0,0,0.3333333333333333,0.9333,1,0,0,Clear,1,Standard,0.0,26.0,20.0,60.0,4.2,25.0,53.349999999999994,90.0,2175.0,2095.4545454545455,1850.0,2204.1666666666665,2175.0,2175.0,1933.3333333333333,0.96,1,1.192,397.1,2069.5652173913045,2000.0,2069.5652173913045,2000.0,442.5492089830706,23.0,1.0,1700.0,2500.0,0,0,0,0,0,0,1,0,0,1,0,0,0,0,1.0,0.125,105.0,0.9183476680601741,-0.038095238095238126,42.93347668060174,0.0,5,5,1.479,1.2,1.067,0.693
2000.0,2026-02-25,2,9,12H Day,7,0.0,2026-02-25,1500.0,1500.0,1.0,1750.0,3.0,15.0,0.42857142857142855,0.5,0.42857142857142855,2,0.8660254037844386,0.5000000000000001,2026,2,9,56,0,0,,0,1,7,0,1,0,0,0,winter,0,1,12H Day,12.0,0.38,12H,0,0.0,5263.16,1.0,0,0.75,0.975,1,0,0,Clear,1,Standard,0.0,26.0,20.0,60.0,4.2,25.0,53.349999999999994,90.0,2157.1428571428573,2072.7272727272725,1814.2857142857142,2183.3333333333335,2157.1428571428573,2157.1428571428573,1877.7777777777778,0.96,1,1.192,397.1,2069.5652173913045,2000.0,2069.5652173913045,2000.0,442.5492089830706,23.0,1.0,1700.0,2500.0,0,0,0,0,0,0,1,0,0,1,0,0,0,0,1.0,0.125,105.0,0.8571257146285646,-0.07142857142857145,42.321257146285646,0.0,5,5,1.479,1.2,1.067,0.693
3500.0,2026-02-27,9,23,24H Night,7,0.0,2026-02-27,4500.0,3500.0,2.0,6100.0,4.0,16.0,0.5714285714285714,0.5333333333333333,0.5714285714285714,2,0.8660254037844386,0.5000000000000001,2026,4,9,58,0,0,,0,4,1,0,1,0,0,0,winter,0,1,24H Night,24.0,0.96,24H,0,0.0,3645.83,1.0,0,0.9583333333333334,0.9958,0,1,0,Clear,1,Standard,0.0,26.0,20.0,60.0,4.2,25.0,53.349999999999994,90.0,4428.571428571428,4000.0,4142.857142857143,4428.571428571428,4428.571428571428,4428.571428571428,3666.6666666666665,0.9,1,1.234,919.64,3937.5,3500.0,3937.5,3500.0,1265.9694196261503,8.0,1.0,3500.0,3625.0,1,0,0,0,0,0,1,0,0,1,0,0,0,0,1.0,0.125,105.0,1.0714084825195243,0.03809523809523807,44.46408482519524,0.0,5,5,1.479,1.2,1.067,0.693
5000.0,2026-02-28,12,23,24H Night,7,0.0,2026-02-28,3500.0,4500.0,1.0,4250.0,4.0,17.0,0.5714285714285714,0.5666666666666667,0.5714285714285714,2,0.8660254037844386,0.5000000000000001,2026,5,9,59,1,0,,0,3,2,0,0,0,0,0,winter,1,0,24H Night,24.0,0.96,24H,0,0.0,5208.33,1.0,0,0.9583333333333334,0.9958,0,1,0,Clear,1,Standard,0.0,26.0,20.0,60.0,4.2,25.0,78.90465,90.0,4321.428571428572,4833.333333333333,3928.5714285714284,4321.428571428572,4321.428571428572,4321.428571428572,4333.333333333333,0.9,1,1.234,919.64,4857.142857142857,5000.0,4857.142857142857,5000.0,801.7837257372731,7.0,1.0,4500.0,5250.0,0,0,1,0,0,0,1,0,0,1,0,0,0,0,1.0,0.125,105.0,1.0083855663051324,0.004761904761904745,63.833855663051324,0.0,5,5,1.479,1.2,1.067,0.693
3000.0,2026-03-01,6,13,12H Night,7,0.0,2026-03-01,3000.0,3000.0,1.0,2550.0,5.0,17.0,0.7142857142857143,0.5666666666666667,0.7142857142857143,3,1.0,6.123233995736766e-17,2026,6,9,60,1,0,,0,2,3,0,0,0,0,0,summer,1,0,12H Night,12.0,0.54,12H,0,0.0,5555.56,1.0,0,1.0,1.0,0,1,0,Clear,1,Standard,0.0,26.0,20.0,60.0,4.2,25.0,88.74,90.0,2777.777777777778,2750.0,2666.6666666666665,3000.0,2777.777777777778,2777.777777777778,2666.6666666666665,0.6,4,1.0,0.0,2800.0,3000.0,2800.0,3000.0,273.86127875258313,5.0,1.0,2500.0,3000.0,0,0,0,0,1,0,0,0,0,1,0,0,0,0,1.0,0.23333333333333334,92.0,1.2604819578814157,0.14761904761904765,59.60481957881416,0.0,5,5,1.479,1.2,1.067,0.693
7500.0,2026-03-02,17,23,24H Night,7,0.0,2026-03-02,5000.0,3500.0,1.0,4650.0,6.0,17.0,0.8571428571428571,0.5666666666666667,0.8571428571428571,3,1.0,6.123233995736766e-17,2026,0,10,61,0,0,,0,1,4,0,1,0,0,0,summer,1,0,24H Night,24.0,0.96,24H,0,0.0,7812.5,1.0,0,0.9583333333333334,0.9958,0,0,1,Clear,1,Standard,0.0,26.0,20.0,60.0,4.2,25.0,60.0,90.0,6518.604651162791,5945.454545454545,15500.0,6166.666666666667,6518.604651162791,6518.604651162791,5945.454545454545,0.6,5,1.184,1106.0,6013.04347826087,4500.0,6013.04347826087,4500.0,4237.74214624058,23.0,1.0,4000.0,5500.0,0,0,0,0,0,0,0,0,0,1,0,0,0,0,1.0,0.23333333333333334,92.0,1.5125783494576988,0.29047619047619044,42.125783494576986,0.0,5,5,1.479,1.2,1.067,0.693
18000.0,2026-03-03,20,23,24H Night,7,0.0,2026-03-03,7500.0,5000.0,1.0,5950.0,6.0,17.0,0.8571428571428571,0.5666666666666667,0.8571428571428571,3,1.0,6.123233995736766e-17,2026,1,10,62,0,1,Holi (Holika Dahan),1,1,5,0,1,0,0,0,summer,1,0,24H Night,24.0,0.96,24H,0,0.0,18750.0,1.0,0,0.9583333333333334,0.9958,0,0,1,Clear,1,Standard,0.0,26.0,20.0,60.0,4.2,25.0,60.0,90.0,6274.418604651163,5468.181818181818,12000.0,6304.166666666667,6274.418604651163,6274.418604651163,5468.181818181818,0.6,5,1.184,1106.0,6013.04347826087,4500.0,6013.04347826087,4500.0,4237.74214624058,23.0,1.0,4000.0,5500.0,0,0,0,0,0,0,0,0,0,1,0,0,0,0,1.0,0.23333333333333334,92.0,1.5125783494576988,0.29047619047619044,72.12578349457699,1.0,5,5,1.479,1.2,1.067,0.693
4500.0,2026-03-05,12,23,24H Night,7,0.0,2026-03-05,18000.0,7500.0,2.0,5900.0,6.0,17.0,0.8571428571428571,0.5666666666666667,0.8571428571428571,3,1.0,6.123233995736766e-17,2026,3,10,64,0,0,,0,1,1,0,1,0,0,0,summer,1,0,24H Night,24.0,0.96,24H,0,0.0,4687.5,1.0,0,0.9583333333333334,0.9958,0,1,0,Clear,1,Standard,0.0,26.0,20.0,60.0,4.2,25.0,60.0,90.0,6588.372093023256,6081.818181818182,6686.95652173913,6333.333333333333,6588.372093023256,6588.372093023256,4625.0,0.91,1,1.184,1106.0,6013.04347826087,4500.0,6013.04347826087,4500.0,4237.74214624058,23.0,1.0,4000.0,5500.0,0,0,0,0,0,0,0,0,0,1,0,0,0,0,1.0,0.23333333333333334,92.0,1.5125783494576988,0.29047619047619044,42.125783494576986,0.0,5,5,1.479,1.2,1.067,0.693
1500.0,2026-03-07,2,4,12H Day,7,0.0,2026-03-07,2000.0,1500.0,2.0,1700.0,5.0,17.0,0.7142857142857143,0.5666666666666667,0.7142857142857143,3,1.0,6.123233995736766e-17,2026,5,10,66,1,1,Holi (Holika Dahan),1,1,1,1,1,0,0,0,summer,1,0,12H Day,12.0,0.17,12H,0,0.0,8823.53,1.0,0,0.3333333333333333,0.9333,1,0,0,Clear,1,Standard,0.0,26.0,20.0,60.0,4.2,25.0,88.74,90.0,3073.529411764706,2900.0,2500.0,3214.285714285714,3073.529411764706,3073.529411764706,2900.0,0.5,5,0.82,-560.71,2550.0,2600.0,2550.0,2600.0,881.2869377601523,4.0,0.8,2025.0,3125.0,0,1,0,0,0,0,0,0,0,1,0,0,0,0,1.0,0.23333333333333334,92.0,1.2604819578814157,0.14761904761904765,89.60481957881416,1.0,5,5,1.479,1.2,1.067,0.693
7000.0,2026-03-07,10,23,24H Night,7,0.0,2026-03-07,4500.0,18000.0,0.0,6100.0,6.0,18.0,0.8571428571428571,0.6,0.8571428571428571,3,1.0,6.123233995736766e-17,2026,5,10,66,1,1,Holi (Holika Dahan),1,1,1,1,1,0,0,0,summer,1,0,24H Night,24.0,0.96,24H,0,0.0,7291.67,1.0,0,0.9583333333333334,0.9958,0,1,0,Clear,1,Standard,0.0,26.0,20.0,60.0,4.2,25.0,88.74,90.0,6530.232558139535,7125.0,6578.260869565217,6762.5,6530.232558139535,6530.232558139535,8208.333333333334,0.69,4,1.184,1106.0,7119.047619047619,7000.0,7119.047619047619,7000.0,3304.9385845457173,21.0,1.0,4500.0,9000.0,0,0,1,0,0,0,0,0,0,1,0,0,0,0,1.0,0.23333333333333334,92.0,1.428547619444438,0.2571428571428571,91.28547619444439,1.0,5,5,1.479,1.2,1.067,0.693
2500.0,2026-03-08,7,13,12H Night,7,0.0,2026-03-08,3000.0,3000.0,1.0,2550.0,6.0,18.0,0.8571428571428571,0.6,0.8571428571428571,3,1.0,6.123233995736766e-17,2026,6,10,67,1,1,Dhuleti,0,2,1,1,1,0,0,0,summer,1,0,12H Night,12.0,0.54,12H,0,0.0,4629.63,1.0,0,1.0,1.0,0,1,0,Clear,1,Standard,0.0,26.0,20.0,60.0,4.2,25.0,88.74,90.0,2833.3333333333335,2875.0,2750.0,2700.0,2833.3333333333335,2833.3333333333335,2833.3333333333335,0.6,4,1.0,0.0,2800.0,3000.0,2800.0,3000.0,273.86127875258313,5.0,1.0,2500.0,3000.0,0,0,0,0,1,0,0,0,0,1,0,0,0,0,1.0,0.23333333333333334,92.0,1.428547619444438,0.2571428571428571,76.28547619444439,0.5,5,5,1.479,1.2,1.067,0.693
4000.0,2026-03-09,10,9,12H Day,7,0.0,2026-03-09,1500.0,2000.0,1.0,2000.0,6.0,19.0,0.8571428571428571,0.6333333333333333,0.8571428571428571,3,1.0,6.123233995736766e-17,2026,0,11,68,0,0,,0,1,1,0,1,0,0,0,summer,1,0,12H Day,12.0,0.38,12H,0,0.0,10526.32,1.0,0,0.75,0.975,0,1,0,Clear,1,Standard,0.0,26.0,20.0,60.0,4.2,25.0,60.0,90.0,2926.470588235294,3042.3076923076924,3075.0,2861.1111111111113,2926.470588235294,2926.470588235294,3042.3076923076924,0.6,5,0.82,-560.71,3110.714285714286,3000.0,3110.714285714286,3000.0,649.3128235736166,14.0,1.0,2625.0,3500.0,0,0,0,0,0,1,0,0,0,1,0,0,0,0,1.0,0.23333333333333334,92.0,1.353362089771515,0.2238095238095238,40.53362089771515,0.0,5,5,1.479,1.2,1.067,0.693
2500.0,2026-03-11,2,9,12H Day,7,0.0,2026-03-11,4000.0,1500.0,2.0,2000.0,6.0,19.0,0.8571428571428571,0.6333333333333333,0.8571428571428571,3,1.0,6.123233995736766e-17,2026,2,11,70,0,0,,0,3,1,0,1,0,0,0,summer,1,0,12H Day,12.0,0.38,12H,0,0.0,6578.95,1.0,0,0.75,0.975,1,0,0,Clear,1,Standard,0.0,26.0,20.0,60.0,4.2,25.0,60.0,90.0,3014.705882352941,3157.6923076923076,2166.6666666666665,3027.777777777778,3014.705882352941,3014.705882352941,3157.6923076923076,0.6,5,0.82,-560.71,3110.714285714286,3000.0,3110.714285714286,3000.0,649.3128235736166,14.0,1.0,2625.0,3500.0,0,0,0,0,0,0,0,0,0,1,0,0,0,0,1.0,0.23333333333333334,92.0,1.353362089771515,0.2238095238095238,40.53362089771515,0.0,5,5,1.479,1.2,1.067,0.693
3500.0,2026-03-12,6,9,12H Day,7,0.0,2026-03-12,2500.0,4000.0,1.0,2200.0,6.0,19.0,0.8571428571428571,0.6333333333333333,0.8571428571428571,3,1.0,6.123233995736766e-17,2026,3,11,71,0,0,,0,2,2,0,0,0,0,0,summer,1,0,12H Day,12.0,0.38,12H,0,0.0,9210.53,1.0,0,0.75,0.975,0,1,0,Clear,1,Standard,0.0,26.0,20.0,60.0,4.2,25.0,60.0,90.0,2955.8823529411766,3080.769230769231,3118.75,2916.6666666666665,2955.8823529411766,2955.8823529411766,3250.0,0.64,4,0.82,-560.71,3110.714285714286,3000.0,3110.714285714286,3000.0,649.3128235736166,14.0,1.0,2625.0,3500.0,0,0,0,0,0,0,0,0,0,1,0,0,0,0,1.0,0.23333333333333334,92.0,1.353362089771515,0.2238095238095238,40.53362089771515,0.0,5,5,1.479,1.2,1.067,0.693
5500.0,2026-03-13,8,23,24H Night,7,0.0,2026-03-13,7000.0,4500.0,1.0,6250.0,7.0,20.0,1.0,0.6666666666666666,1.0,3,1.0,6.123233995736766e-17,2026,4,11,72,0,0,,0,1,3,0,1,0,0,0,summer,1,0,24H Night,24.0,0.96,24H,0,0.0,5729.17,1.0,0,0.9583333333333334,0.9958,0,1,0,Clear,1,Standard,0.0,26.0,20.0,60.0,4.2,25.0,60.0,90.0,6565.116279069767,6036.363636363636,4666.666666666667,6277.777777777777,6565.116279069767,6565.116279069767,4375.0,0.91,1,1.184,1106.0,6013.04347826087,4500.0,6013.04347826087,4500.0,4237.74214624058,23.0,1.0,4000.0,5500.0,1,0,0,0,0,1,0,0,0,1,0,0,0,0,1.0,0.23333333333333334,92.0,1.499977500337495,0.33333333333333337,41.99977500337495,0.0,5,5,1.479,1.2,1.067,0.693
8500.0,2026-03-14,16,23,24H Night,7,0.0,2026-03-14,5500.0,7000.0,1.0,6750.0,6.0,21.0,0.8571428571428571,0.7,0.8571428571428571,3,1.0,6.123233995736766e-17,2026,5,11,73,1,1,Holi (Holika Dahan),1,1,4,1,1,0,0,0,summer,1,0,24H Night,24.0,0.96,24H,0,0.0,8854.17,1.0,0,0.9583333333333334,0.9958,0,0,1,Clear,1,Standard,0.0,26.0,20.0,60.0,4.2,25.0,88.74,90.0,6495.3488372093025,7050.0,15166.666666666666,6700.0,6495.3488372093025,6495.3488372093025,7050.0,0.6,5,1.184,1106.0,7119.047619047619,7000.0,7119.047619047619,7000.0,3304.9385845457173,21.0,1.0,4500.0,9000.0,0,0,1,0,0,0,0,0,0,1,0,0,0,0,1.0,0.23333333333333334,92.0,1.2244723034568894,0.15714285714285714,89.24472303456889,1.0,5,5,1.479,1.2,1.067,0.693
2500.0,2026-03-15,4,13,12H Night,7,0.0,2026-03-15,2500.0,3000.0,1.0,2500.0,6.0,21.0,0.8571428571428571,0.7,0.8571428571428571,3,1.0,6.123233995736766e-17,2026,6,11,74,1,1,Dhuleti,0,5,1,1,1,0,0,0,summer,1,0,12H Night,12.0,0.54,12H,0,0.0,4629.63,1.0,0,1.0,1.0,0,1,0,Clear,1,Standard,0.0,26.0,20.0,60.0,4.2,25.0,88.74,90.0,2833.3333333333335,2875.0,2750.0,2700.0,2833.3333333333335,2833.3333333333335,2833.3333333333335,0.6,4,1.0,0.0,2800.0,3000.0,2800.0,3000.0,273.86127875258313,5.0,1.0,2500.0,3000.0,0,0,0,0,1,0,0,0,0,1,0,0,0,0,1.0,0.23333333333333334,92.0,1.2244723034568894,0.15714285714285714,74.24472303456889,0.5,5,5,1.479,1.2,1.067,0.693
3500.0,2026-03-16,6,9,12H Day,7,0.0,2026-03-16,3500.0,2500.0,1.0,2400.0,6.0,21.0,0.8571428571428571,0.7,0.8571428571428571,3,1.0,6.123233995736766e-17,2026,0,12,75,0,0,,0,4,1,0,1,0,0,0,summer,1,0,12H Day,12.0,0.38,12H,0,0.0,9210.53,1.0,0,0.75,0.975,0,1,0,Clear,1,Standard,0.0,26.0,20.0,60.0,4.2,25.0,60.0,90.0,2955.8823529411766,3080.769230769231,3118.75,2916.6666666666665,2955.8823529411766,2955.8823529411766,3250.0,0.64,4,0.82,-560.71,3110.714285714286,3000.0,3110.714285714286,3000.0,649.3128235736166,14.0,1.0,2625.0,3500.0,0,0,0,0,0,1,0,0,0,1,0,0,0,0,1.0,0.23333333333333334,92.0,1.2244723034568894,0.15714285714285714,39.24472303456889,0.0,5,5,1.479,1.2,1.067,0.693
5000.0,2026-03-16,10,23,24H Night,7,0.0,2026-03-16,8500.0,5500.0,0.0,6900.0,7.0,22.0,1.0,0.7333333333333333,1.0,3,1.0,6.123233995736766e-17,2026,0,12,75,0,0,,0,4,1,0,1,0,0,0,summer,1,0,24H Night,24.0,0.96,24H,0,0.0,5208.33,1.0,0,0.9583333333333334,0.9958,0,1,0,Clear,1,Standard,0.0,26.0,20.0,60.0,4.2,25.0,60.0,90.0,6576.7441860465115,6059.090909090909,6665.217391304348,6305.555555555556,6576.7441860465115,6576.7441860465115,4500.0,0.91,1,1.184,1106.0,6013.04347826087,4500.0,6013.04347826087,4500.0,4237.74214624058,23.0,1.0,4000.0,5500.0,0,0,0,0,0,1,0,0,0,1,0,0,0,0,1.0,0.23333333333333334,92.0,1.3636177688486069,0.2666666666666667,40.63617768848607,0.0,5,5,1.479,1.2,1.067,0.693
3000.0,2026-03-17,11,13,12H Night,7,0.0,2026-03-17,2500.0,2500.0,1.0,2600.0,8.0,23.0,1.0,0.7666666666666667,1.1428571428571428,3,1.0,6.123233995736766e-17,2026,1,12,76,0,0,,0,3,2,0,0,0,0,0,summer,1,0,12H Night,12.0,0.54,12H,0,0.0,5555.56,1.0,0,1.0,1.0,0,1,0,Clear,1,Standard,0.0,26.0,20.0,60.0,4.2,25.0,60.0,90.0,2777.777777777778,2750.0,3000.0,3000.0,2777.777777777778,2777.777777777778,2750.0,0.51,5,1.0,0.0,2800.0,3000.0,2800.0,3000.0,273.86127875258313,5.0,1.0,2500.0,3000.0,0,0,0,0,0,0,0,0,0,1,0,0,0,0,1.0,0.23333333333333334,92.0,1.4906637863729726,0.23333333333333328,41.90663786372973,0.0,5,5,1.479,1.2,1.067,0.693
3000.0,2026-03-18,4,13,12H Night,7,0.0,2026-03-18,3000.0,2500.0,1.0,2600.0,8.0,23.0,1.0,0.7666666666666667,1.1428571428571428,3,1.0,6.123233995736766e-17,2026,2,12,77,0,0,,0,2,3,0,0,0,0,0,summer,1,0,12H Night,12.0,0.54,12H,0,0.0,5555.56,1.0,0,1.0,1.0,0,1,0,Clear,1,Standard,0.0,26.0,20.0,60.0,4.2,25.0,60.0,90.0,2777.777777777778,2750.0,2666.6666666666665,3000.0,2777.777777777778,2777.777777777778,2750.0,0.51,5,1.0,0.0,2800.0,3000.0,2800.0,3000.0,273.86127875258313,5.0,1.0,2500.0,3000.0,0,0,0,0,0,0,0,0,0,1,0,0,0,0,1.0,0.23333333333333334,92.0,1.4906637863729726,0.23333333333333328,41.90663786372973,0.0,5,5,1.479,1.2,1.067,0.693
3800.0,2026-03-19,4,18,24H Day,7,0.0,2026-03-19,6000.0,4000.0,1.0,4080.0,8.0,24.0,1.0,0.8,1.1428571428571428,3,1.0,6.123233995736766e-17,2026,3,12,78,0,0,,0,1,4,0,1,0,0,0,summer,1,0,24H Day,24.0,0.75,24H,0,0.0,5066.67,1.0,0,0.75,0.975,0,1,0,Clear,1,Standard,0.0,26.0,20.0,60.0,4.2,25.0,60.0,90.0,4600.0,4600.0,4600.0,3200.0,4600.0,4600.0,4943.478260869565,0.4,7,1.25,0.0,4333.333333333333,3800.0,4333.333333333333,3800.0,1474.2229591663986,3.0,0.6,3500.0,4900.0,0,0,0,0,0,0,0,0,0,1,0,0,0,0,1.0,0.23333333333333334,92.0,1.4285535716517828,0.19999999999999996,41.28553571651783,0.0,5,5,1.479,1.2,1.067,0.693
3300.0,2026-03-20,15,8,12H Day,7,0.0,2026-03-20,3500.0,3500.0,1.0,2480.0,8.0,24.0,1.0,0.8,1.1428571428571428,3,1.0,6.123233995736766e-17,2026,4,12,79,0,1,Eid-ul-Fitr,0,2,5,0,1,0,0,0,summer,1,0,12H Day,12.0,0.33,12H,0,0.0,10000.0,1.0,0,0.6666666666666666,0.9667,0,0,1,Clear,1,Standard,0.0,26.0,20.0,60.0,4.2,25.0,60.0,90.0,2967.6470588235293,3096.153846153846,3250.0,2957.1428571428573,2967.6470588235293,2967.6470588235293,3096.153846153846,0.6,5,0.82,-560.71,3110.714285714286,3000.0,3110.714285714286,3000.0,649.3128235736166,14.0,1.0,2625.0,3500.0,0,0,0,0,0,0,0,0,0,1,0,0,0,0,1.0,0.23333333333333334,92.0,1.4285535716517828,0.19999999999999996,65.28553571651783,0.8,5,5,1.479,1.2,1.067,0.693
5500.0,2026-03-20,8,23,24H Night,7,0.0,2026-03-20,5000.0,8500.0,0.0,7000.0,9.0,25.0,1.0,0.8333333333333334,1.2857142857142858,3,1.0,6.123233995736766e-17,2026,4,12,79,0,1,Eid-ul-Fitr,0,2,5,0,1,0,0,0,summer,1,0,24H Night,24.0,0.96,24H,0,0.0,5729.17,1.0,0,0.9583333333333334,0.9958,0,1,0,Clear,1,Standard,0.0,26.0,20.0,60.0,4.2,25.0,60.0,90.0,6565.116279069767,6036.363636363636,4666.666666666667,6825.0,6565.116279069767,6565.116279069767,4312.5,0.65,4,1.184,1106.0,6013.04347826087,4500.0,6013.04347826087,4500.0,4237.74214624058,23.0,1.0,4000.0,5500.0,1,0,0,0,0,0,0,0,0,1,0,0,0,0,1.0,0.23333333333333334,92.0,1.5428386287935976,0.16666666666666663,66.42838628793598,0.8,5,5,1.479,1.2,1.067,0.693
10000.0,2026-03-21,14,23,24H Night,7,0.0,2026-03-21,5500.0,5000.0,1.0,7650.0,9.0,26.0,1.0,0.8666666666666667,1.2857142857142858,3,1.0,6.123233995736766e-17,2026,5,12,80,1,0,,0,1,1,1,1,0,0,0,summer,1,0,24H Night,24.0,0.96,24H,0,0.0,10416.67,1.0,0,0.9583333333333334,0.9958,0,0,1,Clear,1,Standard,0.0,26.0,20.0,60.0,4.2,25.0,88.74,90.0,6460.46511627907,6975.0,6447.826086956522,6027.777777777777,6460.46511627907,6460.46511627907,7958.333333333333,0.69,4,1.184,1106.0,7119.047619047619,7000.0,7119.047619047619,7000.0,3304.9385845457173,21.0,1.0,4500.0,9000.0,0,0,1,0,0,0,0,0,0,1,0,0,0,0,1.0,0.23333333333333334,92.0,1.4834993662161042,0.1333333333333333,61.83499366216104,0.0,5,5,1.479,1.2,1.067,0.693
3000.0,2026-03-22,10,12,12H Night,7,0.0,2026-03-22,3000.0,3000.0,1.0,2650.0,9.0,27.0,1.0,0.9,1.2857142857142858,3,1.0,6.123233995736766e-17,2026,6,12,81,1,1,Holi (Holika Dahan),1,1,2,1,1,0,0,0,summer,1,0,12H Night,12.0,0.5,12H,0,0.0,6000.0,1.0,0,1.0,1.0,0,1,0,Clear,1,Standard,0.0,26.0,20.0,60.0,4.2,25.0,88.74,90.0,2777.777777777778,2750.0,3000.0,2600.0,2777.777777777778,2777.777777777778,2750.0,0.51,5,1.0,0.0,2800.0,3000.0,2800.0,3000.0,273.86127875258313,5.0,1.0,2500.0,3000.0,0,0,0,0,1,0,0,0,0,1,0,0,0,0,1.0,0.23333333333333334,92.0,1.4285555557319205,0.09999999999999998,91.2855555573192,1.0,5,5,1.479,1.2,1.067,0.693
4000.0,2026-03-23,4,8,12H Day,7,0.0,2026-03-23,3300.0,3500.0,1.0,2730.0,8.0,27.0,1.0,0.9,1.1428571428571428,3,1.0,6.123233995736766e-17,2026,0,13,82,0,1,Dhuleti,0,1,1,0,1,0,0,0,summer,1,0,12H Day,12.0,0.33,12H,0,0.0,12121.21,1.0,0,0.6666666666666666,0.9667,0,1,0,Clear,1,Standard,0.0,26.0,20.0,60.0,4.2,25.0,60.0,90.0,2926.470588235294,3042.3076923076924,3056.25,2857.1428571428573,2926.470588235294,2926.470588235294,3178.5714285714284,0.64,4,0.82,-560.71,3110.714285714286,3000.0,3110.714285714286,3000.0,649.3128235736166,14.0,1.0,2625.0,3500.0,0,0,0,0,0,1,0,0,0,1,0,0,0,0,1.0,0.23333333333333334,92.0,1.269827160650596,0.09999999999999998,54.69827160650596,0.5,5,5,1.479,1.2,1.067,0.693
4000.0,2026-03-24,4,9,12H Day,7,0.0,2026-03-24,4000.0,3300.0,1.0,2980.0,8.0,28.0,1.0,0.9333333333333333,1.1428571428571428,3,1.0,6.123233995736766e-17,2026,1,13,83,0,1,Holi (Holika Dahan),1,1,1,0,1,0,0,0,summer,1,0,12H Day,12.0,0.38,12H,0,0.0,10526.32,1.0,0,0.75,0.975,0,1,0,Clear,1,Standard,0.0,26.0,20.0,60.0,4.2,25.0,60.0,90.0,2926.470588235294,3042.3076923076924,3056.25,2857.1428571428573,2926.470588235294,2926.470588235294,3178.5714285714284,0.64,4,0.82,-560.71,3110.714285714286,3000.0,3110.714285714286,3000.0,649.3128235736166,14.0,1.0,2625.0,3500.0,0,0,0,0,0,0,0,0,0,1,0,0,0,0,1.0,0.23333333333333334,92.0,1.2244766765254045,0.06666666666666665,69.24476676525404,1.0,5,5,1.479,1.2,1.067,0.693
3000.0,2026-03-28,10,9,12H Day,7,0.0,2026-03-28,4000.0,4000.0,4.0,3130.0,4.0,27.0,0.5714285714285714,0.9,0.5714285714285714,3,1.0,6.123233995736766e-17,2026,5,13,87,1,0,,0,1,1,1,1,0,0,0,summer,1,0,12H Day,12.0,0.38,12H,0,0.0,7894.74,1.0,0,0.75,0.975,0,1,0,Clear,1,Standard,0.0,26.0,20.0,60.0,4.2,25.0,88.74,90.0,2985.294117647059,2400.0,3325.0,2972.222222222222,2985.294117647059,2985.294117647059,2400.0,0.5,5,0.82,-560.71,2550.0,2600.0,2550.0,2600.0,881.2869377601523,4.0,0.8,2025.0,3125.0,0,1,0,0,0,0,0,0,0,1,0,0,0,0,1.0,0.23333333333333334,92.0,0.634913580325298,-0.3285714285714286,53.34913580325298,0.0,5,5,1.479,1.2,1.067,0.693
10000.0,2026-03-28,11,23,24H Night,7,0.0,2026-03-28,10000.0,5500.0,0.0,8150.0,5.0,28.0,0.7142857142857143,0.9333333333333333,0.7142857142857143,3,1.0,6.123233995736766e-17,2026,5,13,87,1,0,,0,1,1,1,1,0,0,0,summer,1,0,24H Night,24.0,0.96,24H,0,0.0,10416.67,1.0,0,0.9583333333333334,0.9958,0,1,0,Clear,1,Standard,0.0,26.0,20.0,60.0,4.2,25.0,88.74,90.0,6460.46511627907,6975.0,6447.826086956522,6027.777777777777,6460.46511627907,6460.46511627907,7958.333333333333,0.69,4,1.184,1106.0,7119.047619047619,7000.0,7119.047619047619,7000.0,3304.9385845457173,21.0,1.0,4500.0,9000.0,0,0,1,0,0,0,0,0,0,1,0,0,0,0,1.0,0.23333333333333334,92.0,0.7652979228283779,-0.21904761904761905,54.65297922828378,0.0,5,5,1.479,1.2,1.067,0.693
4500.0,2026-03-29,15,23,24H Night,7,0.0,2026-03-29,10000.0,10000.0,1.0,7850.0,5.0,28.0,0.7142857142857143,0.9333333333333333,0.7142857142857143,3,1.0,6.123233995736766e-17,2026,6,13,88,1,1,Good Friday,0,1,2,1,1,0,0,0,summer,1,0,24H Night,24.0,0.96,24H,0,0.0,4687.5,1.0,0,0.9583333333333334,0.9958,0,0,1,Clear,1,Standard,0.0,26.0,20.0,60.0,4.2,25.0,88.74,90.0,6588.372093023256,7250.0,6686.95652173913,6866.666666666667,6588.372093023256,6588.372093023256,6750.0,0.93,1,1.184,1106.0,7119.047619047619,7000.0,7119.047619047619,7000.0,3304.9385845457173,21.0,1.0,4500.0,9000.0,0,0,0,0,1,0,0,0,0,1,0,0,0,0,1.0,0.23333333333333334,92.0,0.7652979228283779,-0.21904761904761905,69.65297922828378,0.5,5,5,1.479,1.2,1.067,0.693
5500.0,2026-03-30,11,23,24H Night,7,0.0,2026-03-30,4500.0,10000.0,1.0,6600.0,5.0,28.0,0.7142857142857143,0.9333333333333333,0.7142857142857143,3,1.0,6.123233995736766e-17,2026,0,14,89,0,1,Ram Navami,0,1,1,0,1,0,0,0,summer,1,0,24H Night,24.0,0.96,24H,0,0.0,5729.17,1.0,0,0.9583333333333334,0.9958,0,1,0,Clear,1,Standard,0.0,26.0,20.0,60.0,4.2,25.0,60.0,90.0,6565.116279069767,6036.363636363636,6643.478260869565,6825.0,6565.116279069767,6565.116279069767,4730.0,0.6699999999999999,4,1.184,1106.0,6013.04347826087,4500.0,6013.04347826087,4500.0,4237.74214624058,23.0,1.0,4000.0,5500.0,0,0,0,0,0,1,0,0,0,1,0,0,0,0,1.0,0.23333333333333334,92.0,0.7652979228283779,-0.21904761904761905,49.65297922828378,0.5,5,5,1.479,1.2,1.067,0.693
4000.0,2026-04-01,2,9,12H Day,7,0.0,2026-04-01,3000.0,4000.0,2.0,3330.0,5.0,27.0,0.7142857142857143,0.9,0.7142857142857143,4,0.8660254037844387,-0.4999999999999998,2026,2,14,91,0,0,,0,2,1,0,1,0,0,0,summer,1,0,12H Day,12.0,0.38,12H,0,0.0,10526.32,1.0,0,0.75,0.975,1,0,0,Clear,1,Standard,0.0,26.0,20.0,60.0,4.2,25.0,60.0,90.0,3350.0,3250.0,3200.0,3166.6666666666665,3350.0,3350.0,2900.0,0.92,1,1.292,960.53,3289.4736842105262,3000.0,3289.4736842105262,3000.0,713.2825035177586,19.0,1.0,2750.0,4000.0,0,0,0,0,0,0,0,0,0,1,0,0,0,0,1.0,0.24166666666666667,91.0,0.7936419754066225,-0.18571428571428572,35.18641975406622,0.0,5,5,1.479,1.2,1.067,0.693
5000.0,2026-04-02,10,23,24H Night,7,0.0,2026-04-02,5500.0,4500.0,1.0,6650.0,6.0,27.0,0.8571428571428571,0.9,0.8571428571428571,4,0.8660254037844387,-0.4999999999999998,2026,3,14,92,0,0,,0,1,2,0,1,0,0,0,summer,1,0,24H Night,24.0,0.96,24H,0,0.0,5208.33,1.0,0,0.9583333333333334,0.9958,0,1,0,Clear,1,Standard,0.0,26.0,20.0,60.0,4.2,25.0,60.0,90.0,6244.0,5050.0,6686.111111111111,6153.571428571428,6244.0,6244.0,5027.272727272727,0.98,1,1.739,3732.68,5048.571428571428,5000.0,5048.571428571428,5000.0,481.0352980636593,35.0,1.0,4500.0,5500.0,0,0,0,0,0,0,0,0,0,1,0,0,0,0,1.0,0.24166666666666667,91.0,0.9523703704879469,-0.04285714285714293,36.773703704879466,0.0,5,5,1.479,1.2,1.067,0.693
3000.0,2026-04-03,2,13,12H Night,7,0.0,2026-04-03,3000.0,3000.0,1.0,2850.0,7.0,28.0,1.0,0.9333333333333333,1.0,4,0.8660254037844387,-0.4999999999999998,2026,4,14,93,0,1,Good Friday,0,1,3,0,1,0,0,0,summer,1,0,12H Night,12.0,0.54,12H,0,0.0,5555.56,1.0,0,1.0,1.0,1,0,0,Clear,1,Standard,0.0,26.0,20.0,60.0,4.2,25.0,60.0,90.0,2800.0,3250.0,3000.0,2800.0,2800.0,2800.0,3250.0,0.51,5,0.312,-2200.0,3200.0,3000.0,3200.0,3000.0,273.8612787525831,5.0,1.0,3000.0,3500.0,1,0,0,0,0,1,0,0,0,1,0,0,0,0,1.0,0.24166666666666667,91.0,1.071417091959729,0.06666666666666665,52.964170919597294,0.5,5,5,1.479,1.2,1.067,0.693
12000.0,2026-04-04,12,23,24H Night,7,0.0,2026-04-04,5000.0,5500.0,1.0,7150.0,6.0,28.0,0.8571428571428571,0.9333333333333333,0.8571428571428571,4,0.8660254037844387,-0.4999999999999998,2026,5,14,94,1,1,Mahavir Jayanti,0,2,1,1,1,0,0,0,summer,1,0,24H Night,24.0,0.96,24H,0,0.0,12500.0,1.0,0,0.9583333333333334,0.9958,0,1,0,Clear,1,Standard,0.0,26.0,20.0,60.0,4.2,25.0,88.74,90.0,6104.0,8566.666666666666,6491.666666666667,6090.476190476191,6104.0,6104.0,8750.0,0.91,1,1.739,3732.68,8781.25,9500.0,8781.25,9500.0,3336.5089040292796,16.0,1.0,5375.0,12000.0,0,0,1,0,0,0,0,0,0,1,0,0,0,0,1.0,0.24166666666666667,91.0,0.9183575073940534,-0.07619047619047625,71.43357507394053,0.5,5,5,1.479,1.2,1.067,0.693
4000.0,2026-04-06,2,9,12H Day,7,0.0,2026-04-06,4000.0,3000.0,2.0,3580.0,5.0,27.0,0.7142857142857143,0.9,0.7142857142857143,4,0.8660254037844387,-0.4999999999999998,2026,0,15,96,0,1,Ram Navami,0,1,2,0,1,0,0,0,summer,1,0,12H Day,12.0,0.38,12H,0,0.0,10526.32,1.0,0,0.75,0.975,1,0,0,Clear,1,Standard,0.0,26.0,20.0,60.0,4.2,25.0,60.0,90.0,3350.0,3250.0,3200.0,3571.4285714285716,3350.0,3350.0,3000.0,0.9,1,1.292,960.53,3289.4736842105262,3000.0,3289.4736842105262,3000.0,713.2825035177586,19.0,1.0,2750.0,4000.0,0,0,0,0,0,0,0,0,0,1,0,0,0,0,1.0,0.24166666666666667,91.0,0.7936419754066225,-0.18571428571428572,50.18641975406622,0.5,5,5,1.479,1.2,1.067,0.693
2500.0,2026-04-08,2,7,12H Day,7,0.0,2026-04-08,4000.0,4000.0,2.0,3430.0,5.0,26.0,0.7142857142857143,0.8666666666666667,0.7142857142857143,4,0.8660254037844387,-0.4999999999999998,2026,2,15,98,0,0,,0,2,1,0,1,0,0,0,summer,1,0,12H Day,12.0,0.29,12H,0,0.0,8620.69,1.0,0,0.5833333333333334,0.9583,1,0,0,Clear,1,Standard,0.0,26.0,20.0,60.0,4.2,25.0,60.0,90.0,3425.0,3333.3333333333335,3350.0,3291.6666666666665,3425.0,3425.0,3200.0,0.92,1,1.292,960.53,3289.4736842105262,3000.0,3289.4736842105262,3000.0,713.2825035177586,19.0,1.0,2750.0,4000.0,0,0,0,0,0,0,0,0,0,1,0,0,0,0,1.0,0.24166666666666667,91.0,0.8241663145645023,-0.1523809523809524,35.49166314564502,0.0,5,5,1.479,1.2,1.067,0.693
2500.0,2026-04-09,2,4,12H Day,7,0.0,2026-04-09,2500.0,4000.0,1.0,3430.0,5.0,27.0,0.7142857142857143,0.9,0.7142857142857143,4,0.8660254037844387,-0.4999999999999998,2026,3,15,99,0,0,,0,1,2,0,1,0,0,0,summer,1,0,12H Day,12.0,0.17,12H,0,0.0,14705.88,1.0,0,0.3333333333333333,0.9333,1,0,0,Clear,1,Standard,0.0,26.0,20.0,60.0,4.2,25.0,60.0,90.0,3425.0,3333.3333333333335,3350.0,3291.6666666666665,3425.0,3425.0,3200.0,0.92,1,1.292,960.53,3289.4736842105262,3000.0,3289.4736842105262,3000.0,713.2825035177586,19.0,1.0,2750.0,4000.0,0,0,0,0,0,0,0,0,0,1,0,0,0,0,1.0,0.24166666666666667,91.0,0.7936419754066225,-0.18571428571428572,35.18641975406622,0.0,5,5,1.479,1.2,1.067,0.693
5000.0,2026-04-09,7,23,24H Night,7,0.0,2026-04-09,12000.0,5000.0,0.0,7100.0,6.0,28.0,0.8571428571428571,0.9333333333333333,0.8571428571428571,4,0.8660254037844387,-0.4999999999999998,2026,3,15,99,0,0,,0,1,2,0,1,0,0,0,summer,1,0,24H Night,24.0,0.96,24H,0,0.0,5208.33,1.0,0,0.9583333333333334,0.9958,0,1,0,Clear,1,Standard,0.0,26.0,20.0,60.0,4.2,25.0,60.0,90.0,6244.0,5050.0,5227.272727272727,6153.571428571428,6244.0,6244.0,5100.0,0.92,1,1.739,3732.68,5048.571428571428,5000.0,5048.571428571428,5000.0,481.0352980636593,35.0,1.0,4500.0,5500.0,0,0,0,0,0,0,0,0,0,1,0,0,0,0,1.0,0.24166666666666667,91.0,0.9183575073940534,-0.07619047619047625,36.43357507394053,0.0,5,5,1.479,1.2,1.067,0.693
4000.0,2026-04-11,7,9,12H Day,7,0.0,2026-04-11,2500.0,2500.0,2.0,3480.0,5.0,27.0,0.7142857142857143,0.9,0.7142857142857143,4,0.8660254037844387,-0.4999999999999998,2026,5,15,101,1,1,Eid-ul-Fitr,0,3,1,1,1,0,0,0,summer,1,0,12H Day,12.0,0.38,12H,0,0.0,10526.32,1.0,0,0.75,0.975,0,1,0,Clear,1,Standard,0.0,26.0,20.0,60.0,4.2,25.0,88.74,90.0,3350.0,4500.0,3285.714285714286,3571.4285714285716,3350.0,3350.0,3350.0,0.5,6,1.292,960.53,4250.0,4250.0,4250.0,4250.0,353.5533905932738,2.0,0.4,4125.0,4375.0,0,1,0,0,0,0,0,0,0,1,0,0,0,0,1.0,0.24166666666666667,91.0,0.7936419754066225,-0.18571428571428572,79.18641975406622,0.8,5,5,1.479,1.2,1.067,0.693
12000.0,2026-04-11,10,23,24H Night,7,0.0,2026-04-11,5000.0,12000.0,0.0,7450.0,6.0,28.0,0.8571428571428571,0.9333333333333333,0.8571428571428571,4,0.8660254037844387,-0.4999999999999998,2026,5,15,101,1,1,Eid-ul-Fitr,0,3,1,1,1,0,0,0,summer,1,0,24H Night,24.0,0.96,24H,0,0.0,12500.0,1.0,0,0.9583333333333334,0.9958,0,1,0,Clear,1,Standard,0.0,26.0,20.0,60.0,4.2,25.0,88.74,90.0,6104.0,8566.666666666666,6491.666666666667,6090.476190476191,6104.0,6104.0,9038.461538461539,0.7,4,1.739,3732.68,8781.25,9500.0,8781.25,9500.0,3336.5089040292796,16.0,1.0,5375.0,12000.0,0,0,1,0,0,0,0,0,0,1,0,0,0,0,1.0,0.24166666666666667,91.0,0.9183575073940534,-0.07619047619047625,80.43357507394053,0.8,5,5,1.479,1.2,1.067,0.693
5000.0,2026-04-13,10,23,24H Day,7,0.0,2026-04-13,3800.0,6000.0,2.0,4130.0,6.0,27.0,0.8571428571428571,0.9,0.8571428571428571,4,0.8660254037844387,-0.4999999999999998,2026,0,16,103,0,0,,0,1,2,0,1,0,0,0,summer,1,0,24H Day,24.0,0.96,24H,0,0.0,5208.33,1.0,0,0.9583333333333334,0.9958,0,1,0,Clear,1,Standard,0.0,26.0,20.0,60.0,4.2,25.0,60.0,90.0,6833.333333333333,3500.0,8750.0,8250.0,6833.333333333333,6833.333333333333,6833.333333333333,0.4,6,3.375,9500.0,4000.0,4000.0,4000.0,4000.0,1000.0,3.0,0.6,3500.0,4500.0,0,0,0,0,0,0,0,0,0,1,0,0,0,0,1.0,0.24166666666666667,91.0,0.9523703704879469,-0.04285714285714293,36.773703704879466,0.0,5,5,1.479,1.2,1.067,0.693
3500.0,2026-04-14,2,6,12H Day,7,0.0,2026-04-14,4000.0,2500.0,1.0,3480.0,7.0,27.0,1.0,0.9,1.0,4,0.8660254037844387,-0.4999999999999998,2026,1,16,104,0,1,Dr. Ambedkar Jayanti,0,1,3,0,1,0,0,0,summer,1,0,12H Day,12.0,0.25,12H,0,0.0,14000.0,1.0,0,0.5,0.95,1,0,0,Clear,1,Standard,0.0,26.0,20.0,60.0,4.2,25.0,60.0,90.0,3375.0,3277.777777777778,3250.0,3642.8571428571427,3375.0,3375.0,3166.6666666666665,0.9,1,1.292,960.53,3289.4736842105262,3000.0,3289.4736842105262,3000.0,713.2825035177586,19.0,1.0,2750.0,4000.0,0,0,0,0,0,0,0,0,0,1,0,0,0,0,1.0,0.24166666666666667,91.0,1.1110987655692715,0.09999999999999998,53.36098765569272,0.5,5,5,1.479,1.2,1.067,0.693
3000.0,2026-04-15,2,6,12H Day,7,0.0,2026-04-15,3500.0,4000.0,1.0,3450.0,7.0,26.0,1.0,0.8666666666666667,1.0,4,0.8660254037844387,-0.4999999999999998,2026,2,16,105,0,1,Ram Navami,0,2,1,0,1,0,0,0,summer,1,0,12H Day,12.0,0.25,12H,0,0.0,12000.0,1.0,0,0.5,0.95,1,0,0,Clear,1,Standard,0.0,26.0,20.0,60.0,4.2,25.0,60.0,90.0,3400.0,3305.5555555555557,3300.0,3714.285714285714,3400.0,3400.0,3333.3333333333335,0.9,1,1.292,960.53,3289.4736842105262,3000.0,3289.4736842105262,3000.0,713.2825035177586,19.0,1.0,2750.0,4000.0,0,0,0,0,0,0,0,0,0,1,0,0,0,0,1.0,0.24166666666666667,91.0,1.1538328403903033,0.1333333333333333,53.78832840390303,0.5,5,5,1.479,1.2,1.067,0.693
5000.0,2026-04-15,10,23,24H Night,7,0.0,2026-04-15,12000.0,5000.0,0.0,7450.0,8.0,27.0,1.0,0.9,1.1428571428571428,4,0.8660254037844387,-0.4999999999999998,2026,2,16,105,0,1,Ram Navami,0,2,1,0,1,0,0,0,summer,1,0,24H Night,24.0,0.96,24H,0,0.0,5208.33,1.0,0,0.9583333333333334,0.9958,0,1,0,Clear,1,Standard,0.0,26.0,20.0,60.0,4.2,25.0,60.0,90.0,6244.0,5050.0,6686.111111111111,6423.809523809524,6244.0,6244.0,5057.142857142857,0.9400000000000001,1,1.739,3732.68,5048.571428571428,5000.0,5048.571428571428,5000.0,481.0352980636593,35.0,1.0,4500.0,5500.0,0,0,0,0,0,0,0,0,0,1,0,0,0,0,1.0,0.24166666666666667,91.0,1.269827160650596,0.09999999999999998,54.94827160650596,0.5,5,5,1.479,1.2,1.067,0.693
4000.0,2026-04-17,5,8,12H Day,7,0.0,2026-04-17,3000.0,3500.0,2.0,3450.0,7.0,26.0,1.0,0.8666666666666667,1.0,4,0.8660254037844387,-0.4999999999999998,2026,4,16,107,0,1,Ram Navami,0,1,2,0,1,0,0,0,summer,1,0,12H Day,12.0,0.33,12H,0,0.0,12121.21,1.0,0,0.6666666666666666,0.9667,0,1,0,Clear,1,Standard,0.0,26.0,20.0,60.0,4.2,25.0,60.0,90.0,3350.0,3250.0,3285.714285714286,3571.4285714285716,3350.0,3350.0,3166.6666666666665,0.63,4,1.292,960.53,3289.4736842105262,3000.0,3289.4736842105262,3000.0,713.2825035177586,19.0,1.0,2750.0,4000.0,0,0,0,0,0,1,0,0,0,1,0,0,0,0,1.0,0.24166666666666667,91.0,1.1538328403903033,0.1333333333333333,53.78832840390303,0.5,5,5,1.479,1.2,1.067,0.693
5000.0,2026-04-17,10,23,24H Night,7,0.0,2026-04-17,5000.0,12000.0,0.0,7400.0,8.0,27.0,1.0,0.9,1.1428571428571428,4,0.8660254037844387,-0.4999999999999998,2026,4,16,107,0,1,Ram Navami,0,1,2,0,1,0,0,0,summer,1,0,24H Night,24.0,0.96,24H,0,0.0,5208.33,1.0,0,0.9583333333333334,0.9958,0,1,0,Clear,1,Standard,0.0,26.0,20.0,60.0,4.2,25.0,60.0,90.0,6244.0,5050.0,6686.111111111111,6423.809523809524,6244.0,6244.0,5057.142857142857,0.9400000000000001,1,1.739,3732.68,5048.571428571428,5000.0,5048.571428571428,5000.0,481.0352980636593,35.0,1.0,4500.0,5500.0,1,0,0,0,0,1,0,0,0,1,0,0,0,0,1.0,0.24166666666666667,91.0,1.269827160650596,0.09999999999999998,54.94827160650596,0.5,5,5,1.479,1.2,1.067,0.693
11000.0,2026-04-18,15,23,24H Night,7,0.0,2026-04-18,5000.0,5000.0,1.0,7500.0,7.0,27.0,1.0,0.9,1.0,4,0.8660254037844387,-0.4999999999999998,2026,5,16,108,1,1,Good Friday,0,1,1,1,1,0,0,0,summer,1,0,24H Night,24.0,0.96,24H,0,0.0,11458.33,1.0,0,0.9583333333333334,0.9958,0,0,1,Clear,1,Standard,0.0,26.0,20.0,60.0,4.2,25.0,88.74,90.0,6124.0,8633.333333333334,6519.444444444444,6138.0952380952385,6124.0,6124.0,9000.0,0.91,1,1.739,3732.68,8781.25,9500.0,8781.25,9500.0,3336.5089040292796,16.0,1.0,5375.0,12000.0,0,0,1,0,0,0,0,0,0,1,0,0,0,0,1.0,0.24166666666666667,91.0,1.1110987655692715,0.09999999999999998,73.36098765569271,0.5,5,5,1.479,1.2,1.067,0.693
5000.0,2026-04-19,12,23,24H Night,7,0.0,2026-04-19,11000.0,5000.0,1.0,7000.0,8.0,26.0,1.0,0.8666666666666667,1.1428571428571428,4,0.8660254037844387,-0.4999999999999998,2026,6,16,109,1,1,Mahavir Jayanti,0,2,1,1,1,0,0,0,summer,1,0,24H Night,24.0,0.96,24H,0,0.0,5208.33,1.0,0,0.9583333333333334,0.9958,0,1,0,Clear,1,Standard,0.0,26.0,20.0,60.0,4.2,25.0,88.74,90.0,6244.0,9033.333333333334,6686.111111111111,6423.809523809524,6244.0,6244.0,10500.0,0.91,1,1.739,3732.68,8781.25,9500.0,8781.25,9500.0,3336.5089040292796,16.0,1.0,5375.0,12000.0,0,0,0,0,1,0,0,0,0,1,0,0,0,0,1.0,0.24166666666666667,91.0,1.3186661033032037,0.1333333333333333,75.43666103303204,0.5,5,5,1.479,1.2,1.067,0.693
5000.0,2026-04-21,8,23,24H Night,7,0.0,2026-04-21,5000.0,11000.0,2.0,7050.0,7.0,25.0,1.0,0.8333333333333334,1.0,4,0.8660254037844387,-0.4999999999999998,2026,1,17,111,0,1,Mahavir Jayanti,0,1,2,0,1,0,0,0,summer,1,0,24H Night,24.0,0.96,24H,0,0.0,5208.33,1.0,0,0.9583333333333334,0.9958,0,1,0,Clear,1,Standard,0.0,26.0,20.0,60.0,4.2,25.0,60.0,90.0,6244.0,5050.0,5227.272727272727,6423.809523809524,6244.0,6244.0,5166.666666666667,0.6599999999999999,4,1.739,3732.68,5048.571428571428,5000.0,5048.571428571428,5000.0,481.0352980636593,35.0,1.0,4500.0,5500.0,0,0,0,0,0,0,0,0,0,1,0,0,0,0,1.0,0.24166666666666667,91.0,1.199985600172798,0.16666666666666663,54.24985600172798,0.5,5,5,1.479,1.2,1.067,0.693
5000.0,2026-04-22,15,23,24H Night,7,0.0,2026-04-22,5000.0,5000.0,1.0,7000.0,6.0,25.0,0.8571428571428571,0.8333333333333334,0.8571428571428571,4,0.8660254037844387,-0.4999999999999998,2026,2,17,112,0,1,Eid-ul-Fitr (Ramzan Eid),0,7,1,0,1,0,0,0,summer,1,0,24H Night,24.0,0.96,24H,0,0.0,5208.33,1.0,0,0.9583333333333334,0.9958,0,0,1,Clear,1,Standard,0.0,26.0,20.0,60.0,4.2,25.0,60.0,90.0,6244.0,5050.0,6686.111111111111,6423.809523809524,6244.0,6244.0,5054.545454545455,0.7,4,1.739,3732.68,5048.571428571428,5000.0,5048.571428571428,5000.0,481.0352980636593,35.0,1.0,4500.0,5500.0,0,0,0,0,0,0,0,0,0,1,0,0,0,0,1.0,0.24166666666666667,91.0,1.028559085862398,0.023809523809523725,61.53559085862398,0.8,5,5,1.479,1.2,1.067,0.693
5000.0,2026-04-23,2,23,24H Night,7,0.0,2026-04-23,5000.0,5000.0,1.0,7000.0,7.0,25.0,1.0,0.8333333333333334,1.0,4,0.8660254037844387,-0.4999999999999998,2026,3,17,113,0,0,,0,7,1,0,1,0,0,0,summer,1,0,24H Night,24.0,0.96,24H,0,0.0,5208.33,1.0,0,0.9583333333333334,0.9958,1,0,0,Clear,1,Standard,0.0,26.0,20.0,60.0,4.2,25.0,60.0,90.0,6244.0,5050.0,4000.0,6153.571428571428,6244.0,6244.0,5050.0,0.6,5,1.739,3732.68,5048.571428571428,5000.0,5048.571428571428,5000.0,481.0352980636593,35.0,1.0,4500.0,5500.0,0,0,0,0,0,0,0,0,0,1,0,0,0,0,1.0,0.24166666666666667,91.0,1.199985600172798,0.16666666666666663,39.24985600172798,0.0,5,5,1.479,1.2,1.067,0.693
3000.0,2026-04-24,12,13,12H Night,7,0.0,2026-04-24,3000.0,3000.0,1.0,2900.0,6.0,26.0,0.8571428571428571,0.8666666666666667,0.8571428571428571,4,0.8660254037844387,-0.4999999999999998,2026,4,17,114,0,0,,0,7,2,0,0,0,0,0,summer,1,0,12H Night,12.0,0.54,12H,0,0.0,5555.56,1.0,0,1.0,1.0,0,1,0,Clear,1,Standard,0.0,26.0,20.0,60.0,4.2,25.0,60.0,90.0,2800.0,3250.0,2250.0,2750.0,2800.0,2800.0,3250.0,0.51,5,0.312,-2200.0,3200.0,3000.0,3200.0,3000.0,273.8612787525831,5.0,1.0,3000.0,3500.0,1,0,0,0,0,0,0,0,0,1,0,0,0,0,1.0,0.24166666666666667,91.0,0.9889995774774027,-0.009523809523809601,37.13999577477403,0.0,5,5,1.479,1.2,1.067,0.693
4500.0,2026-04-25,2,8,12H Day,7,0.0,2026-04-25,4000.0,3000.0,1.0,3500.0,6.0,27.0,0.8571428571428571,0.9,0.8571428571428571,4,0.8660254037844387,-0.4999999999999998,2026,5,17,115,1,0,,0,6,3,0,0,0,0,0,summer,1,0,12H Day,12.0,0.33,12H,0,0.0,13636.36,1.0,0,0.6666666666666666,0.9667,1,0,0,Clear,1,Standard,0.0,26.0,20.0,60.0,4.2,25.0,88.74,90.0,3325.0,4000.0,3150.0,3125.0,3325.0,3325.0,3325.0,0.5,6,1.292,960.53,4250.0,4250.0,4250.0,4250.0,353.5533905932738,2.0,0.4,4125.0,4375.0,0,1,0,0,0,0,0,0,0,1,0,0,0,0,1.0,0.24166666666666667,91.0,0.9523703704879469,-0.04285714285714293,56.773703704879466,0.0,5,5,1.479,1.2,1.067,0.693
12000.0,2026-04-25,15,23,24H Night,7,0.0,2026-04-25,5000.0,5000.0,0.0,7000.0,7.0,28.0,1.0,0.9333333333333333,1.0,4,0.8660254037844387,-0.4999999999999998,2026,5,17,115,1,0,,0,6,3,0,0,0,0,0,summer,1,0,24H Night,24.0,0.96,24H,0,0.0,12500.0,1.0,0,0.9583333333333334,0.9958,0,0,1,Clear,1,Standard,0.0,26.0,20.0,60.0,4.2,25.0,88.74,90.0,6104.0,8566.666666666666,6491.666666666667,5903.571428571428,6104.0,6104.0,8357.142857142857,0.9400000000000001,1,1.739,3732.68,8781.25,9500.0,8781.25,9500.0,3336.5089040292796,16.0,1.0,5375.0,12000.0,0,0,1,0,0,0,0,0,0,1,0,0,0,0,1.0,0.24166666666666667,91.0,1.071417091959729,0.06666666666666665,57.964170919597294,0.0,5,5,1.479,1.2,1.067,0.693
1000.0,2026-04-26,10,2,12H Night,7,0.0,2026-04-26,3000.0,3000.0,1.0,2700.0,7.0,29.0,1.0,0.9666666666666667,1.0,4,0.8660254037844387,-0.4999999999999998,2026,6,17,116,1,0,,0,5,4,0,0,0,0,0,summer,1,0,12H Night,12.0,0.08,12H,0,0.0,12500.0,1.0,0,0.16666666666666666,0.9167,0,1,0,Clear,1,Standard,0.0,26.0,20.0,60.0,4.2,25.0,88.74,90.0,3200.0,3200.0,3250.0,3250.0,3200.0,3200.0,3200.0,0.42000000000000004,6,0.312,-2200.0,1000.0,1000.0,1000.0,1000.0,0.0,1.0,0.2,1000.0,1000.0,0,0,0,0,1,0,0,0,0,1,0,0,0,0,1.0,0.24166666666666667,91.0,1.0344720571856154,0.033333333333333326,57.59472057185616,0.0,5,5,1.479,1.2,1.067,0.693
2000.0,2026-04-27,2,4,12H Day,7,0.0,2026-04-27,4500.0,4000.0,1.0,3400.0,8.0,28.0,1.0,0.9333333333333333,1.1428571428571428,4,0.8660254037844387,-0.4999999999999998,2026,0,18,117,0,0,,0,4,5,0,0,0,0,0,summer,1,0,12H Day,12.0,0.17,12H,0,0.0,11764.71,1.0,0,0.3333333333333333,0.9333,1,0,0,Clear,1,Standard,0.0,26.0,20.0,60.0,4.2,25.0,60.0,90.0,3450.0,3361.1111111111113,3400.0,3333.3333333333335,3450.0,3450.0,3300.0,0.92,1,1.292,960.53,3289.4736842105262,3000.0,3289.4736842105262,3000.0,713.2825035177586,19.0,1.0,2750.0,4000.0,0,0,0,0,0,0,0,0,0,1,0,0,0,0,1.0,0.24166666666666667,91.0,1.2244766765254045,0.06666666666666665,39.49476676525404,0.0,5,5,1.479,1.2,1.067,0.693
4500.0,2026-04-27,12,22,24H Night,7,0.0,2026-04-27,12000.0,5000.0,0.0,6950.0,9.0,29.0,1.0,0.9666666666666667,1.2857142857142858,4,0.8660254037844387,-0.4999999999999998,2026,0,18,117,0,0,,0,4,5,0,0,0,0,0,summer,1,0,24H Night,24.0,0.92,24H,0,0.0,4891.3,1.0,0,0.9166666666666666,0.9917,0,1,0,Clear,1,Standard,0.0,26.0,20.0,60.0,4.2,25.0,60.0,90.0,6254.0,5064.705882352941,6700.0,6171.428571428572,6254.0,6254.0,5072.727272727273,0.98,1,1.739,3732.68,5048.571428571428,5000.0,5048.571428571428,5000.0,481.0352980636593,35.0,1.0,4500.0,5500.0,0,0,0,0,0,0,0,0,0,1,0,0,0,0,1.0,0.24166666666666667,91.0,1.3300355020957912,0.033333333333333326,40.55035502095791,0.0,5,5,1.479,1.2,1.067,0.693
5500.0,2026-04-28,12,23,24H Night,7,0.0,2026-04-28,4500.0,12000.0,1.0,6300.0,9.0,29.0,1.0,0.9666666666666667,1.2857142857142858,4,0.8660254037844387,-0.4999999999999998,2026,1,18,118,0,0,,0,3,6,0,0,0,0,0,summer,1,0,24H Night,24.0,0.96,24H,0,0.0,5729.17,1.0,0,0.9583333333333334,0.9958,0,1,0,Clear,1,Standard,0.0,26.0,20.0,60.0,4.2,25.0,60.0,90.0,6234.0,5035.294117647059,6672.222222222223,6135.714285714285,6234.0,6234.0,4981.818181818182,0.98,1,1.739,3732.68,5048.571428571428,5000.0,5048.571428571428,5000.0,481.0352980636593,35.0,1.0,4500.0,5500.0,0,0,0,0,0,0,0,0,0,1,0,0,0,0,1.0,0.24166666666666667,91.0,1.3300355020957912,0.033333333333333326,40.55035502095791,0.0,5,5,1.479,1.2,1.067,0.693
5000.0,2026-04-30,10,23,24H Night,7,0.0,2026-04-30,5500.0,4500.0,2.0,6300.0,8.0,29.0,1.0,0.9666666666666667,1.1428571428571428,4,0.8660254037844387,-0.4999999999999998,2026,3,18,120,0,0,,0,1,7,0,1,0,0,0,summer,1,0,24H Night,24.0,0.96,24H,0,0.0,5208.33,1.0,0,0.9583333333333334,0.9958,0,1,0,Clear,1,Standard,0.0,26.0,20.0,60.0,4.2,25.0,60.0,90.0,6244.0,5050.0,6686.111111111111,6153.571428571428,6244.0,6244.0,5027.272727272727,0.98,1,1.739,3732.68,5048.571428571428,5000.0,5048.571428571428,5000.0,481.0352980636593,35.0,1.0,4500.0,5500.0,0,0,0,0,0,0,0,0,0,1,0,0,0,0,1.0,0.24166666666666667,91.0,1.182253779640703,0.033333333333333326,39.07253779640703,0.0,5,5,1.479,1.2,1.067,0.693
4500.0,2026-05-01,10,23,24H Night,7,0.0,2026-05-01,5000.0,5500.0,1.0,6250.0,8.0,29.0,1.0,0.9666666666666667,1.1428571428571428,5,0.49999999999999994,-0.8660254037844387,2026,4,18,121,0,1,Gujarat Foundation Day,0,4,7,0,1,1,1,1,summer,1,0,24H Night,24.0,0.96,24H,0,0.0,4687.5,1.0,0,0.9583333333333334,0.9958,0,1,0,Clear,1,Standard,0.0,26.0,20.0,60.0,4.2,25.0,60.0,90.0,7021.428571428572,5676.470588235294,7369.565217391304,7321.428571428572,7021.428571428572,7021.428571428572,5750.0,0.91,1,1.88,4977.73,5653.846153846154,5500.0,5653.846153846154,5500.0,1391.6362972092988,52.0,1.0,5000.0,6000.0,1,0,0,0,0,0,0,0,0,1,0,0,0,0,1.0,0.26666666666666666,88.0,1.182253779640703,0.033333333333333326,54.82253779640703,0.5,5,5,1.479,1.2,1.067,0.693
13500.0,2026-05-02,15,23,24H Night,7,0.0,2026-05-02,4500.0,5000.0,1.0,6500.0,7.0,29.0,1.0,0.9666666666666667,1.0,5,0.49999999999999994,-0.8660254037844387,2026,5,18,122,1,0,,0,3,1,1,1,1,1,1,summer,1,0,24H Night,24.0,0.96,24H,0,0.0,14062.5,1.0,0,0.9583333333333334,0.9958,0,0,1,Clear,1,Standard,0.0,26.0,20.0,60.0,4.2,25.0,88.74,90.0,6892.857142857143,10472.222222222223,7173.913043478261,6827.272727272727,6892.857142857143,6892.857142857143,10400.0,0.97,1,1.88,4977.73,10631.578947368422,12000.0,10631.578947368422,12000.0,3269.565487879416,19.0,1.0,8250.0,13250.0,0,0,1,0,0,0,0,0,0,1,0,0,0,0,1.0,0.26666666666666666,88.0,1.0344720571856154,0.033333333333333326,58.34472057185616,0.0,5,5,1.479,1.2,1.067,0.693
3500.0,2026-05-04,18,9,12H Day,7,0.0,2026-05-04,2000.0,4500.0,2.0,3350.0,5.0,28.0,0.7142857142857143,0.9333333333333333,0.7142857142857143,5,0.49999999999999994,-0.8660254037844387,2026,0,19,124,0,0,,0,1,3,0,1,1,1,1,summer,1,0,12H Day,12.0,0.38,12H,0,0.0,9210.53,1.0,0,0.75,0.975,0,0,1,Clear,1,Standard,0.0,26.0,20.0,60.0,4.2,25.0,60.0,90.0,3471.875,3575.0,2550.0,3368.181818181818,3471.875,3471.875,3575.0,0.6,5,0.77,-820.0,3570.0,3500.0,3570.0,3500.0,957.2654505711271,15.0,1.0,3000.0,4000.0,0,0,0,0,0,0,0,0,0,1,0,0,0,0,1.0,0.26666666666666666,88.0,0.7652979228283779,-0.21904761904761905,35.65297922828378,0.0,5,5,1.479,1.2,1.067,0.693
5500.0,2026-05-05,2,9,12H Day,7,0.0,2026-05-05,3500.0,2000.0,1.0,3500.0,5.0,29.0,0.7142857142857143,0.9666666666666667,0.7142857142857143,5,0.49999999999999994,-0.8660254037844387,2026,1,19,125,0,1,Buddha Purnima,0,7,4,0,1,1,1,1,summer,1,0,12H Day,12.0,0.38,12H,0,0.0,14473.68,1.0,0,0.75,0.975,1,0,0,Clear,1,Standard,0.0,26.0,20.0,60.0,4.2,25.0,60.0,90.0,3346.875,3432.1428571428573,2333.3333333333335,3250.0,3346.875,3346.875,2333.3333333333335,0.6,4,0.77,-820.0,3570.0,3500.0,3570.0,3500.0,957.2654505711271,15.0,1.0,3000.0,4000.0,0,0,0,0,0,0,0,0,0,1,0,0,0,0,1.0,0.26666666666666666,88.0,0.7389086122754396,-0.2523809523809524,50.38908612275439,0.5,5,5,1.479,1.2,1.067,0.693
5000.0,2026-05-05,6,23,24H Night,7,0.0,2026-05-05,13500.0,4500.0,0.0,6500.0,6.0,30.0,0.8571428571428571,1.0,0.8571428571428571,5,0.49999999999999994,-0.8660254037844387,2026,1,19,125,0,1,Buddha Purnima,0,7,4,0,1,1,1,1,summer,1,0,24H Night,24.0,0.96,24H,0,0.0,5208.33,1.0,0,0.9583333333333334,0.9958,0,1,0,Clear,1,Standard,0.0,26.0,20.0,60.0,4.2,25.0,60.0,90.0,7014.285714285715,5666.666666666667,5875.0,7285.714285714285,7014.285714285715,7014.285714285715,5500.0,0.6799999999999999,4,1.88,4977.73,5653.846153846154,5500.0,5653.846153846154,5500.0,1391.6362972092988,52.0,1.0,5000.0,6000.0,0,0,0,0,0,0,0,0,0,1,0,0,0,0,1.0,0.26666666666666666,88.0,0.8571342857999991,-0.1428571428571429,51.571342857999994,0.5,5,5,1.479,1.2,1.067,0.693
5000.0,2026-05-06,14,23,24H Night,7,0.0,2026-05-06,5000.0,13500.0,1.0,6500.0,7.0,30.0,1.0,1.0,1.0,5,0.49999999999999994,-0.8660254037844387,2026,2,19,126,0,0,,0,6,1,0,1,1,1,1,summer,1,0,24H Night,24.0,0.96,24H,0,0.0,5208.33,1.0,0,0.9583333333333334,0.9958,0,0,1,Clear,1,Standard,0.0,26.0,20.0,60.0,4.2,25.0,60.0,90.0,7014.285714285715,5666.666666666667,7358.695652173913,6981.818181818182,7014.285714285715,7014.285714285715,5720.0,1.0,1,1.88,4977.73,5653.846153846154,5500.0,5653.846153846154,5500.0,1391.6362972092988,52.0,1.0,5000.0,6000.0,0,0,0,0,0,0,0,0,0,1,0,0,0,0,1.0,0.26666666666666666,88.0,0.9999900000999989,0.0,37.999900000999986,0.0,5,5,1.479,1.2,1.067,0.693
5000.0,2026-05-07,10,23,24H Night,7,0.0,2026-05-07,5000.0,5000.0,1.0,6500.0,7.0,31.0,1.0,1.0,1.0,5,0.49999999999999994,-0.8660254037844387,2026,3,19,127,0,0,,0,5,2,0,0,1,1,1,summer,1,0,24H Night,24.0,0.96,24H,0,0.0,5208.33,1.0,0,0.9583333333333334,0.9958,0,1,0,Clear,1,Standard,0.0,26.0,20.0,60.0,4.2,25.0,60.0,90.0,7014.285714285715,5666.666666666667,7358.695652173913,6981.818181818182,7014.285714285715,7014.285714285715,5720.0,1.0,1,1.88,4977.73,5653.846153846154,5500.0,5653.846153846154,5500.0,1391.6362972092988,52.0,1.0,5000.0,6000.0,0,0,0,0,0,0,0,0,0,1,0,0,0,0,1.0,0.26666666666666666,88.0,0.9677325703299644,0.0,37.677325703299644,0.0,5,5,1.479,1.2,1.067,0.693
6000.0,2026-05-08,10,23,24H Night,7,0.0,2026-05-08,5000.0,5000.0,1.0,6600.0,7.0,31.0,1.0,1.0,1.0,5,0.49999999999999994,-0.8660254037844387,2026,4,19,128,0,0,,0,4,3,0,0,1,1,1,summer,1,0,24H Night,24.0,0.96,24H,0,0.0,6250.0,1.0,0,0.9583333333333334,0.9958,0,1,0,Clear,1,Standard,0.0,26.0,20.0,60.0,4.2,25.0,60.0,90.0,7000.0,5647.058823529412,7336.95652173913,6963.636363636364,7000.0,7000.0,5680.0,1.0,1,1.88,4977.73,5653.846153846154,5500.0,5653.846153846154,5500.0,1391.6362972092988,52.0,1.0,5000.0,6000.0,1,0,0,0,0,0,0,0,0,1,0,0,0,0,1.0,0.26666666666666666,88.0,0.9677325703299644,0.0,37.677325703299644,0.0,5,5,1.479,1.2,1.067,0.693
13500.0,2026-05-09,18,23,24H Night,7,0.0,2026-05-09,6000.0,5000.0,1.0,6750.0,7.0,30.0,1.0,1.0,1.0,5,0.49999999999999994,-0.8660254037844387,2026,5,19,129,1,0,,0,3,4,1,0,1,1,1,summer,1,0,24H Night,24.0,0.96,24H,0,0.0,14062.5,1.0,0,0.9583333333333334,0.9958,0,0,1,Clear,1,Standard,0.0,26.0,20.0,60.0,4.2,25.0,88.74,90.0,6892.857142857143,10472.222222222223,6350.0,6827.272727272727,6892.857142857143,6892.857142857143,10472.222222222223,0.6,5,1.88,4977.73,10631.578947368422,12000.0,10631.578947368422,12000.0,3269.565487879416,19.0,1.0,8250.0,13250.0,0,0,1,0,0,0,0,0,0,1,0,0,0,0,1.0,0.26666666666666666,88.0,0.9999900000999989,0.0,57.999900000999986,0.0,5,5,1.479,1.2,1.067,0.693
4000.0,2026-05-10,10,12,12H Night,7,0.0,2026-05-10,1000.0,3000.0,1.0,2800.0,8.0,31.0,1.0,1.0,1.1428571428571428,5,0.49999999999999994,-0.8660254037844387,2026,6,19,130,1,0,,0,2,5,1,0,1,1,1,summer,1,0,12H Night,12.0,0.5,12H,0,0.0,8000.0,1.0,0,1.0,1.0,0,1,0,Clear,1,Standard,0.0,26.0,20.0,60.0,4.2,25.0,88.74,90.0,2944.4444444444443,3666.6666666666665,3100.0,2583.3333333333335,2944.4444444444443,2944.4444444444443,3666.6666666666665,0.5,5,1.452,1166.67,3750.0,4000.0,3750.0,4000.0,866.0254037844386,4.0,0.8,3625.0,4125.0,0,0,0,0,1,0,0,0,0,1,0,0,0,0,1.0,0.26666666666666666,88.0,1.105980080377102,0.0,59.05980080377102,0.0,5,5,1.479,1.2,1.067,0.693
4000.0,2026-05-11,10,9,12H Day,7,0.0,2026-05-11,5500.0,3500.0,1.0,3650.0,8.0,30.0,1.0,1.0,1.1428571428571428,5,0.49999999999999994,-0.8660254037844387,2026,0,20,131,0,0,,0,1,6,0,1,1,1,1,summer,1,0,12H Day,12.0,0.38,12H,0,0.0,10526.32,1.0,0,0.75,0.975,0,1,0,Clear,1,Standard,0.0,26.0,20.0,60.0,4.2,25.0,60.0,90.0,3440.625,3539.285714285714,3857.1428571428573,3322.7272727272725,3440.625,3440.625,3800.0,0.92,1,0.77,-820.0,3570.0,3500.0,3570.0,3500.0,957.2654505711271,15.0,1.0,3000.0,4000.0,0,0,0,0,0,0,0,0,0,1,0,0,0,0,1.0,0.26666666666666666,88.0,1.1428457143999988,0.0,39.428457143999985,0.0,5,5,1.479,1.2,1.067,0.693
5500.0,2026-05-11,7,23,24H Night,7,0.0,2026-05-11,13500.0,6000.0,0.0,6850.0,9.0,31.0,1.0,1.0,1.2857142857142858,5,0.49999999999999994,-0.8660254037844387,2026,0,20,131,0,0,,0,1,6,0,1,1,1,1,summer,1,0,24H Night,24.0,0.96,24H,0,0.0,5729.17,1.0,0,0.9583333333333334,0.9958,0,1,0,Clear,1,Standard,0.0,26.0,20.0,60.0,4.2,25.0,60.0,90.0,7007.142857142857,5656.862745098039,5833.333333333333,6972.727272727273,7007.142857142857,7007.142857142857,5555.555555555556,0.96,1,1.88,4977.73,5653.846153846154,5500.0,5653.846153846154,5500.0,1391.6362972092988,52.0,1.0,5000.0,6000.0,0,0,0,0,0,0,0,0,0,1,0,0,0,0,1.0,0.26666666666666666,88.0,1.24422759042424,0.0,40.4422759042424,0.0,5,5,1.479,1.2,1.067,0.693
6000.0,2026-05-12,17,23,24H Night,7,0.0,2026-05-12,5500.0,13500.0,1.0,6900.0,8.0,32.0,1.0,1.0,1.1428571428571428,5,0.49999999999999994,-0.8660254037844387,2026,1,20,132,0,1,Buddha Purnima,0,4,7,0,1,1,1,1,summer,1,0,24H Night,24.0,0.96,24H,0,0.0,6250.0,1.0,0,0.9583333333333334,0.9958,0,0,1,Clear,1,Standard,0.0,26.0,20.0,60.0,4.2,25.0,60.0,90.0,7000.0,5647.058823529412,7100.0,7214.285714285715,7000.0,7000.0,5928.571428571428,0.64,4,1.88,4977.73,5653.846153846154,5500.0,5653.846153846154,5500.0,1391.6362972092988,52.0,1.0,5000.0,6000.0,0,0,0,0,0,0,0,0,0,1,0,0,0,0,1.0,0.26666666666666666,88.0,1.071418526879882,0.0,53.71418526879882,0.5,5,5,1.479,1.2,1.067,0.693
6000.0,2026-05-13,8,24,24H Night,7,0.0,2026-05-13,6000.0,5500.0,1.0,7000.0,8.0,32.0,1.0,1.0,1.1428571428571428,5,0.49999999999999994,-0.8660254037844387,2026,2,20,133,0,0,,0,3,1,0,1,1,1,1,summer,1,0,24H Night,24.0,1.0,24H,0,0.0,6000.0,1.0,0,1.0,1.0,0,1,0,Clear,1,Standard,0.0,26.0,20.0,60.0,4.2,25.0,60.0,90.0,7000.0,5647.058823529412,5791.666666666667,6963.636363636364,7000.0,7000.0,5500.0,0.96,1,1.88,4977.73,5653.846153846154,5500.0,5653.846153846154,5500.0,1391.6362972092988,52.0,1.0,5000.0,6000.0,0,0,0,0,0,0,0,0,0,1,0,0,0,0,1.0,0.26666666666666666,88.0,1.071418526879882,0.0,38.71418526879882,0.0,5,5,1.479,1.2,1.067,0.693
6000.0,2026-05-14,8,23,24H Night,7,0.0,2026-05-14,6000.0,6000.0,1.0,7150.0,8.0,32.0,1.0,1.0,1.1428571428571428,5,0.49999999999999994,-0.8660254037844387,2026,3,20,134,0,0,,0,2,2,0,0,1,1,1,summer,1,0,24H Night,24.0,0.96,24H,0,0.0,6250.0,1.0,0,0.9583333333333334,0.9958,0,1,0,Clear,1,Standard,0.0,26.0,20.0,60.0,4.2,25.0,60.0,90.0,7000.0,5647.058823529412,5791.666666666667,6963.636363636364,7000.0,7000.0,5500.0,0.96,1,1.88,4977.73,5653.846153846154,5500.0,5653.846153846154,5500.0,1391.6362972092988,52.0,1.0,5000.0,6000.0,0,0,0,0,0,0,0,0,0,1,0,0,0,0,1.0,0.26666666666666666,88.0,1.071418526879882,0.0,38.71418526879882,0.0,5,5,1.479,1.2,1.067,0.693
6500.0,2026-05-15,8,23,24H Night,7,0.0,2026-05-15,6000.0,6000.0,1.0,6450.0,8.0,31.0,1.0,1.0,1.1428571428571428,5,0.49999999999999994,-0.8660254037844387,2026,4,20,135,0,0,,0,1,3,0,1,1,1,1,summer,1,0,24H Night,24.0,0.96,24H,0,0.0,6770.83,1.0,0,0.9583333333333334,0.9958,0,1,0,Clear,1,Standard,0.0,26.0,20.0,60.0,4.2,25.0,60.0,90.0,6992.857142857143,5637.254901960784,5750.0,6954.545454545455,6992.857142857143,6992.857142857143,5444.444444444444,0.96,1,1.88,4977.73,5653.846153846154,5500.0,5653.846153846154,5500.0,1391.6362972092988,52.0,1.0,5000.0,6000.0,1,0,0,0,0,1,0,0,0,1,0,0,0,0,1.0,0.26666666666666666,88.0,1.105980080377102,0.0,39.05980080377102,0.0,5,5,1.479,1.2,1.067,0.693
14000.0,2026-05-16,15,23,24H Night,7,0.0,2026-05-16,6500.0,6000.0,1.0,7350.0,8.0,32.0,1.0,1.0,1.1428571428571428,5,0.49999999999999994,-0.8660254037844387,2026,5,20,136,1,1,Bakri Eid (Eid-ul-Adha),0,4,4,1,1,1,1,1,summer,1,0,24H Night,24.0,0.96,24H,0,0.0,14583.33,1.0,0,0.9583333333333334,0.9958,0,0,1,Clear,1,Standard,0.0,26.0,20.0,60.0,4.2,25.0,88.74,90.0,6885.714285714285,10444.444444444445,7163.04347826087,6642.857142857143,6885.714285714285,6885.714285714285,10607.142857142857,0.7,4,1.88,4977.73,10631.578947368422,12000.0,10631.578947368422,12000.0,3269.565487879416,19.0,1.0,8250.0,13250.0,0,0,1,0,0,0,0,0,0,1,0,0,0,0,1.0,0.26666666666666666,88.0,1.071418526879882,0.0,82.71418526879881,0.8,5,5,1.479,1.2,1.067,0.693
6000.0,2026-05-17,10,23,24H Night,7,0.0,2026-05-17,14000.0,6500.0,1.0,7450.0,8.0,31.0,1.0,1.0,1.1428571428571428,5,0.49999999999999994,-0.8660254037844387,2026,6,20,137,1,0,,0,3,1,1,1,1,1,1,summer,1,0,24H Night,24.0,0.96,24H,0,0.0,6250.0,1.0,0,0.9583333333333334,0.9958,0,1,0,Clear,1,Standard,0.0,26.0,20.0,60.0,4.2,25.0,88.74,90.0,7000.0,10888.888888888889,7336.95652173913,6963.636363636364,7000.0,7000.0,11150.0,0.97,1,1.88,4977.73,10631.578947368422,12000.0,10631.578947368422,12000.0,3269.565487879416,19.0,1.0,8250.0,13250.0,0,0,0,0,1,0,0,0,0,1,0,0,0,0,1.0,0.26666666666666666,88.0,1.105980080377102,0.0,59.05980080377102,0.0,5,5,1.479,1.2,1.067,0.693
6000.0,2026-05-18,10,23,24H Night,7,0.0,2026-05-18,6000.0,14000.0,1.0,7550.0,7.0,31.0,1.0,1.0,1.0,5,0.49999999999999994,-0.8660254037844387,2026,0,21,138,0,0,,0,2,2,0,0,1,1,1,summer,1,0,24H Night,24.0,0.96,24H,0,0.0,6250.0,1.0,0,0.9583333333333334,0.9958,0,1,0,Clear,1,Standard,0.0,26.0,20.0,60.0,4.2,25.0,60.0,90.0,7000.0,5647.058823529412,7336.95652173913,6963.636363636364,7000.0,7000.0,5680.0,1.0,1,1.88,4977.73,5653.846153846154,5500.0,5653.846153846154,5500.0,1391.6362972092988,52.0,1.0,5000.0,6000.0,0,0,0,0,0,0,0,0,0,1,0,0,0,0,1.0,0.26666666666666666,88.0,0.9677325703299644,0.0,37.677325703299644,0.0,5,5,1.479,1.2,1.067,0.693
6500.0,2026-05-19,12,23,24H Night,7,0.0,2026-05-19,6000.0,6000.0,1.0,7600.0,7.0,31.0,1.0,1.0,1.0,5,0.49999999999999994,-0.8660254037844387,2026,1,21,139,0,0,,0,1,3,0,1,1,1,1,summer,1,0,24H Night,24.0,0.96,24H,0,0.0,6770.83,1.0,0,0.9583333333333334,0.9958,0,1,0,Clear,1,Standard,0.0,26.0,20.0,60.0,4.2,25.0,60.0,90.0,6992.857142857143,5637.254901960784,7326.086956521739,6954.545454545455,6992.857142857143,6992.857142857143,5660.0,1.0,1,1.88,4977.73,5653.846153846154,5500.0,5653.846153846154,5500.0,1391.6362972092988,52.0,1.0,5000.0,6000.0,0,0,0,0,0,0,0,0,0,1,0,0,0,0,1.0,0.26666666666666666,88.0,0.9677325703299644,0.0,37.677325703299644,0.0,5,5,1.479,1.2,1.067,0.693
6000.0,2026-05-20,15,23,24H Night,7,0.0,2026-05-20,6500.0,6000.0,1.0,6850.0,7.0,32.0,1.0,1.0,1.0,5,0.49999999999999994,-0.8660254037844387,2026,2,21,140,0,1,Buddha Purnima,0,3,4,0,1,1,1,1,summer,1,0,24H Night,24.0,0.96,24H,0,0.0,6250.0,1.0,0,0.9583333333333334,0.9958,0,0,1,Clear,1,Standard,0.0,26.0,20.0,60.0,4.2,25.0,60.0,90.0,7000.0,5647.058823529412,7336.95652173913,7214.285714285715,7000.0,7000.0,5375.0,0.91,1,1.88,4977.73,5653.846153846154,5500.0,5653.846153846154,5500.0,1391.6362972092988,52.0,1.0,5000.0,6000.0,0,0,0,0,0,0,0,0,0,1,0,0,0,0,1.0,0.26666666666666666,88.0,0.9374912110198966,0.0,52.37491211019896,0.5,5,5,1.479,1.2,1.067,0.693
6000.0,2026-05-21,10,23,24H Night,7,0.0,2026-05-21,6000.0,6500.0,1.0,6900.0,7.0,32.0,1.0,1.0,1.0,5,0.49999999999999994,-0.8660254037844387,2026,3,21,141,0,0,,0,2,1,0,1,1,1,1,summer,1,0,24H Night,24.0,0.96,24H,0,0.0,6250.0,1.0,0,0.9583333333333334,0.9958,0,1,0,Clear,1,Standard,0.0,26.0,20.0,60.0,4.2,25.0,60.0,90.0,7000.0,5647.058823529412,7336.95652173913,6963.636363636364,7000.0,7000.0,5680.0,1.0,1,1.88,4977.73,5653.846153846154,5500.0,5653.846153846154,5500.0,1391.6362972092988,52.0,1.0,5000.0,6000.0,0,0,0,0,0,0,0,0,0,1,0,0,0,0,1.0,0.26666666666666666,88.0,0.9374912110198966,0.0,37.37491211019896,0.0,5,5,1.479,1.2,1.067,0.693
6000.0,2026-05-22,4,23,24H Night,7,0.0,2026-05-22,6000.0,6000.0,1.0,6900.0,7.0,32.0,1.0,1.0,1.0,5,0.49999999999999994,-0.8660254037844387,2026,4,21,142,0,0,,0,1,2,0,1,1,1,1,summer,1,0,24H Night,24.0,0.96,24H,0,0.0,6250.0,1.0,0,0.9583333333333334,0.9958,0,1,0,Clear,1,Standard,0.0,26.0,20.0,60.0,4.2,25.0,60.0,90.0,7000.0,5647.058823529412,5791.666666666667,6963.636363636364,7000.0,7000.0,5500.0,0.96,1,1.88,4977.73,5653.846153846154,5500.0,5653.846153846154,5500.0,1391.6362972092988,52.0,1.0,5000.0,6000.0,1,0,0,0,0,1,0,0,0,1,0,0,0,0,1.0,0.26666666666666666,88.0,0.9374912110198966,0.0,37.37491211019896,0.0,5,5,1.479,1.2,1.067,0.693
14000.0,2026-05-23,10,23,24H Night,7,0.0,2026-05-23,6000.0,6000.0,1.0,7700.0,7.0,32.0,1.0,1.0,1.0,5,0.49999999999999994,-0.8660254037844387,2026,5,21,143,1,1,Buddha Purnima,0,4,3,1,1,1,1,1,summer,1,0,24H Night,24.0,0.96,24H,0,0.0,14583.33,1.0,0,0.9583333333333334,0.9958,0,1,0,Clear,1,Standard,0.0,26.0,20.0,60.0,4.2,25.0,88.74,90.0,6885.714285714285,10444.444444444445,7163.04347826087,6642.857142857143,6885.714285714285,6885.714285714285,10607.142857142857,0.7,4,1.88,4977.73,10631.578947368422,12000.0,10631.578947368422,12000.0,3269.565487879416,19.0,1.0,8250.0,13250.0,0,0,1,0,0,0,0,0,0,1,0,0,0,0,1.0,0.26666666666666666,88.0,0.9374912110198966,0.0,72.37491211019896,0.5,5,5,1.479,1.2,1.067,0.693
6500.0,2026-05-24,15,23,24H Night,7,0.0,2026-05-24,14000.0,6000.0,1.0,7750.0,7.0,32.0,1.0,1.0,1.0,5,0.49999999999999994,-0.8660254037844387,2026,6,21,144,1,0,,0,3,1,1,1,1,1,1,summer,1,0,24H Night,24.0,0.96,24H,0,0.0,6770.83,1.0,0,0.9583333333333334,0.9958,0,0,1,Clear,1,Standard,0.0,26.0,20.0,60.0,4.2,25.0,88.74,90.0,6992.857142857143,10861.111111111111,7326.086956521739,6954.545454545455,6992.857142857143,6992.857142857143,11100.0,0.97,1,1.88,4977.73,10631.578947368422,12000.0,10631.578947368422,12000.0,3269.565487879416,19.0,1.0,8250.0,13250.0,0,0,0,0,1,0,0,0,0,1,0,0,0,0,1.0,0.26666666666666666,88.0,0.9374912110198966,0.0,57.37491211019896,0.0,5,5,1.479,1.2,1.067,0.693
6500.0,2026-05-25,15,23,24H Night,7,0.0,2026-05-25,6500.0,14000.0,1.0,7750.0,7.0,31.0,1.0,1.0,1.0,5,0.49999999999999994,-0.8660254037844387,2026,0,22,145,0,0,,0,2,2,0,0,1,1,1,summer,1,0,24H Night,24.0,0.96,24H,0,0.0,6770.83,1.0,0,0.9583333333333334,0.9958,0,0,1,Clear,1,Standard,0.0,26.0,20.0,60.0,4.2,25.0,60.0,90.0,6992.857142857143,5637.254901960784,7326.086956521739,6954.545454545455,6992.857142857143,6992.857142857143,5660.0,1.0,1,1.88,4977.73,5653.846153846154,5500.0,5653.846153846154,5500.0,1391.6362972092988,52.0,1.0,5000.0,6000.0,0,0,0,0,0,0,0,0,0,1,0,0,0,0,1.0,0.26666666666666666,88.0,0.9677325703299644,0.0,37.677325703299644,0.0,5,5,1.479,1.2,1.067,0.693
6500.0,2026-05-26,8,23,24H Night,7,0.0,2026-05-26,6500.0,6500.0,1.0,7000.0,7.0,31.0,1.0,1.0,1.0,5,0.49999999999999994,-0.8660254037844387,2026,1,22,146,0,0,,0,1,3,0,1,1,1,1,summer,1,0,24H Night,24.0,0.96,24H,0,0.0,6770.83,1.0,0,0.9583333333333334,0.9958,0,1,0,Clear,1,Standard,0.0,26.0,20.0,60.0,4.2,25.0,60.0,90.0,6992.857142857143,5637.254901960784,5750.0,6954.545454545455,6992.857142857143,6992.857142857143,5444.444444444444,0.96,1,1.88,4977.73,5653.846153846154,5500.0,5653.846153846154,5500.0,1391.6362972092988,52.0,1.0,5000.0,6000.0,0,0,0,0,0,0,0,0,0,1,0,0,0,0,1.0,0.26666666666666666,88.0,0.9677325703299644,0.0,37.677325703299644,0.0,5,5,1.479,1.2,1.067,0.693
7000.0,2026-05-27,22,23,24H Night,7,0.0,2026-05-27,6500.0,6500.0,1.0,7100.0,7.0,30.0,1.0,1.0,1.0,5,0.49999999999999994,-0.8660254037844387,2026,2,22,147,0,1,Bakri Eid (Eid-ul-Adha),0,4,4,0,1,1,1,1,summer,1,0,24H Night,24.0,0.96,24H,0,0.0,7291.67,1.0,0,0.9583333333333334,0.9958,0,0,1,Clear,1,Standard,0.0,26.0,20.0,60.0,4.2,25.0,60.0,90.0,6985.714285714285,5627.450980392156,7000.0,7142.857142857143,6985.714285714285,6985.714285714285,5785.714285714285,0.64,4,1.88,4977.73,5653.846153846154,5500.0,5653.846153846154,5500.0,1391.6362972092988,52.0,1.0,5000.0,6000.0,0,0,0,0,0,0,0,0,0,1,0,0,0,0,1.0,0.26666666666666666,88.0,0.9999900000999989,0.0,61.999900000999986,0.8,5,5,1.479,1.2,1.067,0.693
6500.0,2026-05-28,12,23,24H Night,7,0.0,2026-05-28,7000.0,6500.0,1.0,7150.0,7.0,30.0,1.0,1.0,1.0,5,0.49999999999999994,-0.8660254037844387,2026,3,22,148,0,0,,0,3,1,0,1,1,1,1,summer,1,0,24H Night,24.0,0.96,24H,0,0.0,6770.83,1.0,0,0.9583333333333334,0.9958,0,1,0,Clear,1,Standard,0.0,26.0,20.0,60.0,4.2,25.0,60.0,90.0,6992.857142857143,5637.254901960784,7326.086956521739,6954.545454545455,6992.857142857143,6992.857142857143,5660.0,1.0,1,1.88,4977.73,5653.846153846154,5500.0,5653.846153846154,5500.0,1391.6362972092988,52.0,1.0,5000.0,6000.0,0,0,0,0,0,0,0,0,0,1,0,0,0,0,1.0,0.26666666666666666,88.0,0.9999900000999989,0.0,37.999900000999986,0.0,5,5,1.479,1.2,1.067,0.693
6500.0,2026-05-29,17,23,24H Night,7,0.0,2026-05-29,6500.0,7000.0,1.0,7150.0,7.0,31.0,1.0,1.0,1.0,5,0.49999999999999994,-0.8660254037844387,2026,4,22,149,0,0,,0,2,2,0,0,1,1,1,summer,1,0,24H Night,24.0,0.96,24H,0,0.0,6770.83,1.0,0,0.9583333333333334,0.9958,0,0,1,Clear,1,Standard,0.0,26.0,20.0,60.0,4.2,25.0,60.0,90.0,6992.857142857143,5637.254901960784,7050.0,6954.545454545455,6992.857142857143,6992.857142857143,5500.0,0.91,1,1.88,4977.73,5653.846153846154,5500.0,5653.846153846154,5500.0,1391.6362972092988,52.0,1.0,5000.0,6000.0,1,0,0,0,0,0,0,0,0,1,0,0,0,0,1.0,0.26666666666666666,88.0,0.9677325703299644,0.0,37.677325703299644,0.0,5,5,1.479,1.2,1.067,0.693
14000.0,2026-05-30,15,23,24H Night,7,0.0,2026-05-30,6500.0,6500.0,1.0,7950.0,7.0,31.0,1.0,1.0,1.0,5,0.49999999999999994,-0.8660254037844387,2026,5,22,150,1,0,,0,1,3,1,1,1,1,1,summer,1,0,24H Night,24.0,0.96,24H,0,0.0,14583.33,1.0,0,0.9583333333333334,0.9958,0,0,1,Clear,1,Standard,0.0,26.0,20.0,60.0,4.2,25.0,88.74,90.0,6885.714285714285,10444.444444444445,7163.04347826087,6818.181818181818,6885.714285714285,6885.714285714285,10350.0,0.97,1,1.88,4977.73,10631.578947368422,12000.0,10631.578947368422,12000.0,3269.565487879416,19.0,1.0,8250.0,13250.0,0,0,1,0,0,0,0,0,0,1,0,0,0,0,1.0,0.26666666666666666,88.0,0.9677325703299644,0.0,57.677325703299644,0.0,5,5,1.479,1.2,1.067,0.693
4500.0,2026-05-31,14,12,12H Night,7,0.0,2026-05-31,4000.0,1000.0,1.0,2950.0,7.0,31.0,1.0,1.0,1.0,5,0.49999999999999994,-0.8660254037844387,2026,6,22,151,1,1,Buddha Purnima,0,7,4,1,1,1,1,1,summer,1,0,12H Night,12.0,0.5,12H,0,0.0,9000.0,1.0,0,1.0,1.0,0,0,1,Clear,1,Standard,0.0,26.0,20.0,60.0,4.2,25.0,88.74,90.0,2888.8888888888887,3500.0,3000.0,3250.0,2888.8888888888887,2888.8888888888887,3500.0,0.5,5,1.452,1166.67,3750.0,4000.0,3750.0,4000.0,866.0254037844386,4.0,0.8,3625.0,4125.0,0,0,0,0,1,0,0,0,0,1,0,0,0,0,1.0,0.26666666666666666,88.0,0.9677325703299644,0.0,72.67732570329964,0.5,5,5,1.479,1.2,1.067,0.693
4500.0,2026-06-01,10,9,12H Day,7,0.0,2026-06-01,4000.0,5500.0,1.0,3850.0,7.0,31.0,1.0,1.0,1.0,6,1.2246467991473532e-16,-1.0,2026,0,23,152,0,0,,0,6,1,0,1,0,0,0,monsoon,0,0,12H Day,12.0,0.38,12H,0,0.0,11842.11,1.0,0,0.75,0.975,0,1,0,Clear,1,Standard,0.0,26.0,20.0,60.0,4.2,25.0,50.0,90.0,3270.0,2707.6923076923076,3200.0,3578.5714285714284,3270.0,3270.0,3200.0,0.92,1,1.521,1478.57,2835.714285714286,2750.0,2835.714285714286,2750.0,1017.9973876777294,14.0,1.0,2325.0,3750.0,0,0,0,0,0,1,0,0,0,1,0,0,0,0,1.0,0.24166666666666667,91.0,0.9677325703299644,0.0,36.927325703299644,0.0,5,5,1.479,1.2,1.067,0.693
6500.0,2026-06-01,12,23,24H Night,7,0.0,2026-06-01,14000.0,6500.0,0.0,8000.0,8.0,32.0,1.0,1.0,1.1428571428571428,6,1.2246467991473532e-16,-1.0,2026,0,23,152,0,0,,0,6,1,0,1,0,0,0,monsoon,0,0,24H Night,24.0,0.96,24H,0,0.0,6770.83,1.0,0,0.9583333333333334,0.9958,0,1,0,Clear,1,Standard,0.0,26.0,20.0,60.0,4.2,25.0,50.0,90.0,5873.469387755102,5133.333333333333,5945.945945945946,5876.315789473684,5873.469387755102,5873.469387755102,5300.0,1.0,1,1.36,1864.69,5177.419354838709,5200.0,5177.419354838709,5200.0,967.0262586642804,31.0,1.0,4500.0,6000.0,0,0,0,0,0,1,0,0,0,1,0,0,0,0,1.0,0.24166666666666667,91.0,1.071418526879882,0.0,37.96418526879882,0.0,5,5,1.479,1.2,1.067,0.693
6500.0,2026-06-02,15,23,24H Night,7,0.0,2026-06-02,6500.0,14000.0,1.0,8050.0,8.0,33.0,1.0,1.0,1.1428571428571428,6,1.2246467991473532e-16,-1.0,2026,1,23,153,0,0,,0,5,2,0,0,0,0,0,monsoon,0,0,24H Night,24.0,0.96,24H,0,0.0,6770.83,1.0,0,0.9583333333333334,0.9958,0,0,1,Clear,1,Standard,0.0,26.0,20.0,60.0,4.2,25.0,50.0,90.0,5873.469387755102,5133.333333333333,5945.945945945946,5876.315789473684,5873.469387755102,5873.469387755102,5300.0,1.0,1,1.36,1864.69,5177.419354838709,5200.0,5177.419354838709,5200.0,967.0262586642804,31.0,1.0,4500.0,6000.0,0,0,0,0,0,0,0,0,0,1,0,0,0,0,1.0,0.24166666666666667,91.0,1.0389515939465483,0.0,37.63951593946548,0.0,5,5,1.479,1.2,1.067,0.693
6000.0,2026-06-03,8,23,24H Night,7,0.0,2026-06-03,6500.0,6500.0,1.0,7250.0,8.0,33.0,1.0,1.0,1.1428571428571428,6,1.2246467991473532e-16,-1.0,2026,2,23,154,0,0,,0,4,3,0,0,0,0,0,monsoon,0,0,24H Night,24.0,0.96,24H,0,0.0,6250.0,1.0,0,0.9583333333333334,0.9958,0,1,0,Clear,1,Standard,0.0,26.0,20.0,60.0,4.2,25.0,50.0,90.0,5883.673469387755,5150.0,5042.857142857143,5889.473684210527,5883.673469387755,5883.673469387755,4825.0,0.91,1,1.36,1864.69,5177.419354838709,5200.0,5177.419354838709,5200.0,967.0262586642804,31.0,1.0,4500.0,6000.0,0,0,0,0,0,0,0,0,0,1,0,0,0,0,1.0,0.24166666666666667,91.0,1.0389515939465483,0.0,37.63951593946548,0.0,5,5,1.479,1.2,1.067,0.693
6500.0,2026-06-04,10,23,24H Night,7,0.0,2026-06-04,6000.0,6500.0,1.0,7250.0,8.0,32.0,1.0,1.0,1.1428571428571428,6,1.2246467991473532e-16,-1.0,2026,3,23,155,0,0,,0,3,4,0,0,0,0,0,monsoon,0,0,24H Night,24.0,0.96,24H,0,0.0,6770.83,1.0,0,0.9583333333333334,0.9958,0,1,0,Clear,1,Standard,0.0,26.0,20.0,60.0,4.2,25.0,50.0,90.0,5873.469387755102,5133.333333333333,5945.945945945946,5876.315789473684,5873.469387755102,5873.469387755102,5300.0,1.0,1,1.36,1864.69,5177.419354838709,5200.0,5177.419354838709,5200.0,967.0262586642804,31.0,1.0,4500.0,6000.0,0,0,0,0,0,0,0,0,0,1,0,0,0,0,1.0,0.24166666666666667,91.0,1.071418526879882,0.0,37.96418526879882,0.0,5,5,1.479,1.2,1.067,0.693
6500.0,2026-06-05,15,23,24H Night,7,0.0,2026-06-05,6500.0,6000.0,1.0,7250.0,8.0,32.0,1.0,1.0,1.1428571428571428,6,1.2246467991473532e-16,-1.0,2026,4,23,156,0,0,,0,2,5,0,0,0,0,0,monsoon,0,0,24H Night,24.0,0.96,24H,0,0.0,6770.83,1.0,0,0.9583333333333334,0.9958,0,0,1,Clear,1,Standard,0.0,26.0,20.0,60.0,4.2,25.0,50.0,90.0,5873.469387755102,5133.333333333333,5945.945945945946,5876.315789473684,5873.469387755102,5873.469387755102,5300.0,1.0,1,1.36,1864.69,5177.419354838709,5200.0,5177.419354838709,5200.0,967.0262586642804,31.0,1.0,4500.0,6000.0,1,0,0,0,0,0,0,0,0,1,0,0,0,0,1.0,0.24166666666666667,91.0,1.071418526879882,0.0,37.96418526879882,0.0,5,5,1.479,1.2,1.067,0.693
14000.0,2026-06-06,18,23,24H Night,7,0.0,2026-06-06,6500.0,6500.0,1.0,8000.0,8.0,32.0,1.0,1.0,1.1428571428571428,6,1.2246467991473532e-16,-1.0,2026,5,23,157,1,0,,0,1,6,1,1,0,0,0,monsoon,1,0,24H Night,24.0,0.96,24H,0,0.0,14583.33,1.0,0,0.9583333333333334,0.9958,0,0,1,Clear,1,Standard,0.0,26.0,20.0,60.0,4.2,25.0,73.95,90.0,5720.408163265306,6655.555555555556,5000.0,5678.9473684210525,5720.408163265306,5720.408163265306,6655.555555555556,0.6,5,1.36,1864.69,7042.105263157895,5500.0,7042.105263157895,5500.0,3369.852583236919,19.0,1.0,4750.0,10000.0,0,0,1,0,0,0,0,0,0,1,0,0,0,0,1.0,0.24166666666666667,91.0,1.071418526879882,0.0,57.96418526879882,0.0,5,5,1.479,1.2,1.067,0.693
5000.0,2026-06-07,12,23,24H Night,7,0.0,2026-06-07,14000.0,6500.0,1.0,7800.0,8.0,32.0,1.0,1.0,1.1428571428571428,6,1.2246467991473532e-16,-1.0,2026,6,23,158,1,1,Bakri Eid (Eid-ul-Adha),0,7,7,1,1,0,0,0,monsoon,1,0,24H Night,24.0,0.96,24H,0,0.0,5208.33,1.0,0,0.9583333333333334,0.9958,0,1,0,Clear,1,Standard,0.0,26.0,20.0,60.0,4.2,25.0,73.95,90.0,5904.081632653061,7155.555555555556,5986.486486486487,5950.0,5904.081632653061,5904.081632653061,7292.307692307692,0.7,4,1.36,1864.69,7042.105263157895,5500.0,7042.105263157895,5500.0,3369.852583236919,19.0,1.0,4750.0,10000.0,0,0,0,0,1,0,0,0,0,1,0,0,0,0,1.0,0.24166666666666667,91.0,1.071418526879882,0.0,81.96418526879881,0.8,5,5,1.479,1.2,1.067,0.693
5200.0,2026-06-08,10,23,24H Night,7,0.0,2026-06-08,5000.0,14000.0,1.0,7670.0,7.0,32.0,1.0,1.0,1.0,6,1.2246467991473532e-16,-1.0,2026,0,24,159,0,0,,0,6,1,0,1,0,0,0,monsoon,0,0,24H Night,24.0,0.96,24H,0,0.0,5416.67,1.0,0,0.9583333333333334,0.9958,0,1,0,Clear,1,Standard,0.0,26.0,20.0,60.0,4.2,25.0,50.0,90.0,5900.0,5176.666666666667,5981.081081081081,5910.526315789473,5900.0,5900.0,5368.421052631579,1.0,1,1.36,1864.69,5177.419354838709,5200.0,5177.419354838709,5200.0,967.0262586642804,31.0,1.0,4500.0,6000.0,0,0,0,0,0,1,0,0,0,1,0,0,0,0,1.0,0.24166666666666667,91.0,0.9374912110198966,0.0,36.62491211019896,0.0,5,5,1.479,1.2,1.067,0.693
5000.0,2026-06-09,12,23,24H Night,7,0.0,2026-06-09,5200.0,5000.0,1.0,7520.0,7.0,32.0,1.0,1.0,1.0,6,1.2246467991473532e-16,-1.0,2026,1,24,160,0,0,,0,5,2,0,0,0,0,0,monsoon,0,0,24H Night,24.0,0.96,24H,0,0.0,5208.33,1.0,0,0.9583333333333334,0.9958,0,1,0,Clear,1,Standard,0.0,26.0,20.0,60.0,4.2,25.0,50.0,90.0,5904.081632653061,5183.333333333333,5986.486486486487,5915.789473684211,5904.081632653061,5904.081632653061,5378.9473684210525,1.0,1,1.36,1864.69,5177.419354838709,5200.0,5177.419354838709,5200.0,967.0262586642804,31.0,1.0,4500.0,6000.0,0,0,0,0,0,0,0,0,0,1,0,0,0,0,1.0,0.24166666666666667,91.0,0.9374912110198966,0.0,36.62491211019896,0.0,5,5,1.479,1.2,1.067,0.693
4000.0,2026-06-11,10,9,12H Day,7,0.0,2026-06-11,4500.0,4000.0,2.0,3850.0,6.0,30.0,0.8571428571428571,1.0,0.8571428571428571,6,1.2246467991473532e-16,-1.0,2026,3,24,162,0,0,,0,3,4,0,0,0,0,0,monsoon,0,0,12H Day,12.0,0.38,12H,0,0.0,10526.32,1.0,0,0.75,0.975,0,1,0,Clear,1,Standard,0.0,26.0,20.0,60.0,4.2,25.0,50.0,90.0,3295.0,2746.153846153846,3300.0,3614.285714285714,3295.0,3295.0,3300.0,0.92,1,1.521,1478.57,2835.714285714286,2750.0,2835.714285714286,2750.0,1017.9973876777294,14.0,1.0,2325.0,3750.0,0,0,0,0,0,0,0,0,0,1,0,0,0,0,1.0,0.24166666666666667,91.0,0.8571342857999991,-0.1428571428571429,35.821342857999994,0.0,5,5,1.479,1.2,1.067,0.693
5000.0,2026-06-11,10,23,24H Night,7,0.0,2026-06-11,5000.0,5200.0,0.0,6620.0,7.0,31.0,1.0,1.0,1.0,6,1.2246467991473532e-16,-1.0,2026,3,24,162,0,0,,0,3,4,0,0,0,0,0,monsoon,0,0,24H Night,24.0,0.96,24H,0,0.0,5208.33,1.0,0,0.9583333333333334,0.9958,0,1,0,Clear,1,Standard,0.0,26.0,20.0,60.0,4.2,25.0,50.0,90.0,5904.081632653061,5183.333333333333,5986.486486486487,5915.789473684211,5904.081632653061,5904.081632653061,5378.9473684210525,1.0,1,1.36,1864.69,5177.419354838709,5200.0,5177.419354838709,5200.0,967.0262586642804,31.0,1.0,4500.0,6000.0,0,0,0,0,0,0,0,0,0,1,0,0,0,0,1.0,0.24166666666666667,91.0,0.9677325703299644,0.0,36.927325703299644,0.0,5,5,1.479,1.2,1.067,0.693
4500.0,2026-06-12,11,23,24H Night,7,0.0,2026-06-12,5000.0,5000.0,1.0,6420.0,7.0,31.0,1.0,1.0,1.0,6,1.2246467991473532e-16,-1.0,2026,4,24,163,0,0,,0,2,5,0,0,0,0,0,monsoon,0,0,24H Night,24.0,0.96,24H,0,0.0,4687.5,1.0,0,0.9583333333333334,0.9958,0,1,0,Clear,1,Standard,0.0,26.0,20.0,60.0,4.2,25.0,50.0,90.0,5914.285714285715,5200.0,6000.0,5928.9473684210525,5914.285714285715,5914.285714285715,5405.263157894737,1.0,1,1.36,1864.69,5177.419354838709,5200.0,5177.419354838709,5200.0,967.0262586642804,31.0,1.0,4500.0,6000.0,1,0,0,0,0,0,0,0,0,1,0,0,0,0,1.0,0.24166666666666667,91.0,0.9677325703299644,0.0,36.927325703299644,0.0,5,5,1.479,1.2,1.067,0.693
10000.0,2026-06-13,10,23,24H Night,7,0.0,2026-06-13,4500.0,5000.0,1.0,6770.0,7.0,31.0,1.0,1.0,1.0,6,1.2246467991473532e-16,-1.0,2026,5,24,164,1,0,,0,1,6,1,1,0,0,0,monsoon,1,0,24H Night,24.0,0.96,24H,0,0.0,10416.67,1.0,0,0.9583333333333334,0.9958,0,1,0,Clear,1,Standard,0.0,26.0,20.0,60.0,4.2,25.0,73.95,90.0,5802.040816326531,6877.777777777777,5851.351351351352,5784.210526315789,5802.040816326531,5802.040816326531,6912.5,0.9500000000000001,1,1.36,1864.69,7042.105263157895,5500.0,7042.105263157895,5500.0,3369.852583236919,19.0,1.0,4750.0,10000.0,0,0,1,0,0,0,0,0,0,1,0,0,0,0,1.0,0.24166666666666667,91.0,0.9677325703299644,0.0,56.927325703299644,0.0,5,5,1.479,1.2,1.067,0.693
3000.0,2026-06-14,4,13,12H Night,7,0.0,2026-06-14,4500.0,4000.0,1.0,3000.0,7.0,31.0,1.0,1.0,1.0,6,1.2246467991473532e-16,-1.0,2026,6,24,165,1,1,Muharram,0,3,7,1,1,0,0,0,monsoon,1,0,12H Night,12.0,0.54,12H,0,0.0,5555.56,1.0,0,1.0,1.0,0,1,0,Clear,1,Standard,0.0,26.0,20.0,60.0,4.2,25.0,73.95,90.0,2666.6666666666665,3125.0,2500.0,3166.6666666666665,2666.6666666666665,2666.6666666666665,3125.0,0.51,5,1.272,662.5,3100.0,3000.0,3100.0,3000.0,1244.989959798873,5.0,1.0,3000.0,3000.0,0,0,0,0,1,0,0,0,0,1,0,0,0,0,1.0,0.24166666666666667,91.0,0.9677325703299644,0.0,71.92732570329964,0.5,5,5,1.479,1.2,1.067,0.693
1000.0,2026-06-15,10,9,12H Day,7,0.0,2026-06-15,4000.0,4500.0,1.0,3600.0,7.0,31.0,1.0,1.0,1.0,6,1.2246467991473532e-16,-1.0,2026,0,25,166,0,0,,0,2,1,0,1,0,0,0,monsoon,0,0,12H Day,12.0,0.38,12H,0,0.0,2631.58,1.0,0,0.75,0.975,0,1,0,Clear,1,Standard,0.0,26.0,20.0,60.0,4.2,25.0,50.0,90.0,3445.0,2976.923076923077,3900.0,3828.5714285714284,3445.0,3445.0,3900.0,0.92,1,1.521,1478.57,2835.714285714286,2750.0,2835.714285714286,2750.0,1017.9973876777294,14.0,1.0,2325.0,3750.0,0,0,0,0,0,1,0,0,0,1,0,0,0,0,1.0,0.24166666666666667,91.0,0.9677325703299644,0.0,36.927325703299644,0.0,5,5,1.479,1.2,1.067,0.693
4500.0,2026-06-15,7,23,24H Night,7,0.0,2026-06-15,10000.0,4500.0,0.0,6620.0,8.0,32.0,1.0,1.0,1.1428571428571428,6,1.2246467991473532e-16,-1.0,2026,0,25,166,0,0,,0,2,1,0,1,0,0,0,monsoon,0,0,24H Night,24.0,0.96,24H,0,0.0,4687.5,1.0,0,0.9583333333333334,0.9958,0,1,0,Clear,1,Standard,0.0,26.0,20.0,60.0,4.2,25.0,50.0,90.0,5914.285714285715,5200.0,5257.142857142857,5928.9473684210525,5914.285714285715,5914.285714285715,5200.0,0.91,1,1.36,1864.69,5177.419354838709,5200.0,5177.419354838709,5200.0,967.0262586642804,31.0,1.0,4500.0,6000.0,0,0,0,0,0,1,0,0,0,1,0,0,0,0,1.0,0.24166666666666667,91.0,1.071418526879882,0.0,37.96418526879882,0.0,5,5,1.479,1.2,1.067,0.693
5000.0,2026-06-16,15,23,24H Night,7,0.0,2026-06-16,4500.0,10000.0,1.0,6470.0,8.0,32.0,1.0,1.0,1.1428571428571428,6,1.2246467991473532e-16,-1.0,2026,1,25,167,0,0,,0,1,2,0,1,0,0,0,monsoon,0,0,24H Night,24.0,0.96,24H,0,0.0,5208.33,1.0,0,0.9583333333333334,0.9958,0,0,1,Clear,1,Standard,0.0,26.0,20.0,60.0,4.2,25.0,50.0,90.0,5904.081632653061,5183.333333333333,5986.486486486487,5915.789473684211,5904.081632653061,5904.081632653061,5378.9473684210525,1.0,1,1.36,1864.69,5177.419354838709,5200.0,5177.419354838709,5200.0,967.0262586642804,31.0,1.0,4500.0,6000.0,0,0,0,0,0,0,0,0,0,1,0,0,0,0,1.0,0.24166666666666667,91.0,1.071418526879882,0.0,37.96418526879882,0.0,5,5,1.479,1.2,1.067,0.693
2500.0,2026-06-17,4,11,12H Night,7,0.0,2026-06-17,3000.0,4500.0,1.0,3000.0,9.0,32.0,1.0,1.0,1.2857142857142858,6,1.2246467991473532e-16,-1.0,2026,2,25,168,0,1,Bakri Eid (Eid-ul-Adha),0,3,3,0,1,0,0,0,monsoon,1,0,12H Night,12.0,0.46,12H,0,0.0,5434.78,1.0,0,0.9166666666666666,0.9917,0,1,0,Clear,1,Standard,0.0,26.0,20.0,60.0,4.2,25.0,50.0,90.0,2708.3333333333335,2428.5714285714284,3000.0,3333.3333333333335,2708.3333333333335,2708.3333333333335,2428.5714285714284,0.54,5,1.272,662.5,2437.5,2500.0,2437.5,2500.0,495.5156044825574,8.0,1.0,2375.0,2625.0,0,0,0,0,0,0,0,0,0,1,0,0,0,0,1.0,0.24166666666666667,91.0,1.2053458427398671,0.0,63.303458427398674,0.8,5,5,1.479,1.2,1.067,0.693
4300.0,2026-06-18,7,22,24H Night,7,0.0,2026-06-18,5000.0,4500.0,1.0,6250.0,8.0,32.0,1.0,1.0,1.1428571428571428,6,1.2246467991473532e-16,-1.0,2026,3,25,169,0,0,,0,2,1,0,1,0,0,0,monsoon,0,0,24H Night,24.0,0.92,24H,0,0.0,4673.91,1.0,0,0.9166666666666666,0.9917,0,1,0,Clear,1,Standard,0.0,26.0,20.0,60.0,4.2,25.0,50.0,90.0,5918.367346938776,5206.666666666667,5285.714285714285,5934.210526315789,5918.367346938776,5918.367346938776,5250.0,0.91,1,1.36,1864.69,5177.419354838709,5200.0,5177.419354838709,5200.0,967.0262586642804,31.0,1.0,4500.0,6000.0,0,0,0,0,0,0,0,0,0,1,0,0,0,0,1.0,0.24166666666666667,91.0,1.071418526879882,0.0,37.96418526879882,0.0,5,5,1.479,1.2,1.067,0.693
2000.0,2026-06-19,10,23,24H Night,7,0.0,2026-06-19,4300.0,5000.0,1.0,5050.0,8.0,32.0,1.0,1.0,1.1428571428571428,6,1.2246467991473532e-16,-1.0,2026,4,25,170,0,0,,0,1,2,0,1,0,0,0,monsoon,0,0,24H Night,24.0,0.96,24H,0,0.0,2083.33,1.0,0,0.9583333333333334,0.9958,0,1,0,Clear,1,Standard,0.0,26.0,20.0,60.0,4.2,25.0,50.0,90.0,5965.306122448979,5283.333333333333,6067.5675675675675,5994.736842105263,5965.306122448979,5965.306122448979,5536.8421052631575,1.0,1,1.36,1864.69,5177.419354838709,5200.0,5177.419354838709,5200.0,967.0262586642804,31.0,1.0,4500.0,6000.0,1,0,0,0,0,1,0,0,0,1,0,0,0,0,1.0,0.24166666666666667,91.0,1.071418526879882,0.0,37.96418526879882,0.0,5,5,1.479,1.2,1.067,0.693
10000.0,2026-06-20,10,22,24H Night,7,0.0,2026-06-20,2000.0,4300.0,1.0,5550.0,8.0,32.0,1.0,1.0,1.1428571428571428,6,1.2246467991473532e-16,-1.0,2026,5,25,171,1,1,Rath Yatra (Ahmedabad),0,5,3,1,1,0,0,0,monsoon,1,0,24H Night,24.0,0.92,24H,0,0.0,10869.57,1.0,0,0.9166666666666666,0.9917,0,1,0,Clear,1,Standard,0.0,26.0,20.0,60.0,4.2,25.0,73.95,90.0,5802.040816326531,6877.777777777777,5851.351351351352,5450.0,5802.040816326531,5802.040816326531,6907.692307692308,0.7,4,1.36,1864.69,7042.105263157895,5500.0,7042.105263157895,5500.0,3369.852583236919,19.0,1.0,4750.0,10000.0,0,0,1,0,0,0,0,0,0,1,0,0,0,0,1.0,0.24166666666666667,91.0,1.071418526879882,0.0,72.96418526879881,0.5,5,5,1.479,1.2,1.067,0.693
4500.0,2026-06-21,10,22,24H Night,7,0.0,2026-06-21,10000.0,2000.0,1.0,5480.0,8.0,32.0,1.0,1.0,1.1428571428571428,6,1.2246467991473532e-16,-1.0,2026,6,25,172,1,0,,0,4,1,1,1,0,0,0,monsoon,1,0,24H Night,24.0,0.92,24H,0,0.0,4891.3,1.0,0,0.9166666666666666,0.9917,0,1,0,Clear,1,Standard,0.0,26.0,20.0,60.0,4.2,25.0,73.95,90.0,5914.285714285715,7183.333333333333,6000.0,5928.9473684210525,5914.285714285715,5914.285714285715,7600.0,0.9500000000000001,1,1.36,1864.69,7042.105263157895,5500.0,7042.105263157895,5500.0,3369.852583236919,19.0,1.0,4750.0,10000.0,0,0,0,0,1,0,0,0,0,1,0,0,0,0,1.0,0.24166666666666667,91.0,1.071418526879882,0.0,57.96418526879882,0.0,5,5,1.479,1.2,1.067,0.693
4000.0,2026-06-22,2,23,24H Night,7,0.0,2026-06-22,4500.0,10000.0,1.0,5380.0,7.0,32.0,1.0,1.0,1.0,6,1.2246467991473532e-16,-1.0,2026,0,26,173,0,0,,0,3,2,0,0,0,0,0,monsoon,0,0,24H Night,24.0,0.96,24H,0,0.0,4166.67,1.0,0,0.9583333333333334,0.9958,1,0,0,Clear,1,Standard,0.0,26.0,20.0,60.0,4.2,25.0,50.0,90.0,5924.489795918367,5216.666666666667,3500.0,5942.105263157895,5924.489795918367,5924.489795918367,5216.666666666667,0.6,5,1.36,1864.69,5177.419354838709,5200.0,5177.419354838709,5200.0,967.0262586642804,31.0,1.0,4500.0,6000.0,0,0,0,0,0,0,0,0,0,1,0,0,0,0,1.0,0.24166666666666667,91.0,0.9374912110198966,0.0,36.62491211019896,0.0,5,5,1.479,1.2,1.067,0.693
4000.0,2026-06-26,10,9,12H Day,7,0.0,2026-06-26,1000.0,4000.0,4.0,3700.0,4.0,29.0,0.5714285714285714,0.9666666666666667,0.5714285714285714,6,1.2246467991473532e-16,-1.0,2026,4,26,177,0,0,,0,1,1,0,1,0,0,0,monsoon,0,0,12H Day,12.0,0.38,12H,0,0.0,10526.32,1.0,0,0.75,0.975,0,1,0,Clear,1,Standard,0.0,26.0,20.0,60.0,4.2,25.0,50.0,90.0,3295.0,2746.153846153846,3300.0,3614.285714285714,3295.0,3295.0,3300.0,0.92,1,1.521,1478.57,2835.714285714286,2750.0,2835.714285714286,2750.0,1017.9973876777294,14.0,1.0,2325.0,3750.0,0,0,0,0,0,1,0,0,0,1,0,0,0,0,1.0,0.24166666666666667,91.0,0.5911268898203516,-0.3952380952380953,33.16126889820352,0.0,5,5,1.479,1.2,1.067,0.693
5000.0,2026-06-26,15,22,24H Night,7,0.0,2026-06-26,4000.0,4500.0,0.0,5380.0,5.0,30.0,0.7142857142857143,1.0,0.7142857142857143,6,1.2246467991473532e-16,-1.0,2026,4,26,177,0,0,,0,1,1,0,1,0,0,0,monsoon,0,0,24H Night,24.0,0.92,24H,0,0.0,5434.78,1.0,0,0.9166666666666666,0.9917,0,0,1,Clear,1,Standard,0.0,26.0,20.0,60.0,4.2,25.0,50.0,90.0,5904.081632653061,5183.333333333333,5986.486486486487,5915.789473684211,5904.081632653061,5904.081632653061,5378.9473684210525,1.0,1,1.36,1864.69,5177.419354838709,5200.0,5177.419354838709,5200.0,967.0262586642804,31.0,1.0,4500.0,6000.0,1,0,0,0,0,1,0,0,0,1,0,0,0,0,1.0,0.24166666666666667,91.0,0.7142785714999993,-0.2857142857142857,34.392785714999995,0.0,5,5,1.479,1.2,1.067,0.693
6000.0,2026-06-27,15,23,24H Night,7,0.0,2026-06-27,5000.0,4000.0,1.0,5530.0,5.0,30.0,0.7142857142857143,1.0,0.7142857142857143,6,1.2246467991473532e-16,-1.0,2026,5,26,178,1,1,Rath Yatra (Ahmedabad),0,2,2,1,1,0,0,0,monsoon,1,0,24H Night,24.0,0.96,24H,0,0.0,6250.0,1.0,0,0.9583333333333334,0.9958,0,0,1,Clear,1,Standard,0.0,26.0,20.0,60.0,4.2,25.0,73.95,90.0,5883.673469387755,7100.0,5959.459459459459,5850.0,5883.673469387755,5883.673469387755,7215.384615384615,0.7,4,1.36,1864.69,7042.105263157895,5500.0,7042.105263157895,5500.0,3369.852583236919,19.0,1.0,4750.0,10000.0,0,0,1,0,0,0,0,0,0,1,0,0,0,0,1.0,0.24166666666666667,91.0,0.7142785714999993,-0.2857142857142857,69.39278571499999,0.5,5,5,1.479,1.2,1.067,0.693
4500.0,2026-06-28,12,22,24H Night,7,0.0,2026-06-28,6000.0,5000.0,1.0,4980.0,5.0,30.0,0.7142857142857143,1.0,0.7142857142857143,6,1.2246467991473532e-16,-1.0,2026,6,26,179,1,0,,0,1,1,1,1,0,0,0,monsoon,1,0,24H Night,24.0,0.92,24H,0,0.0,4891.3,1.0,0,0.9166666666666666,0.9917,0,1,0,Clear,1,Standard,0.0,26.0,20.0,60.0,4.2,25.0,73.95,90.0,5914.285714285715,7183.333333333333,6000.0,5928.9473684210525,5914.285714285715,5914.285714285715,7600.0,0.9500000000000001,1,1.36,1864.69,7042.105263157895,5500.0,7042.105263157895,5500.0,3369.852583236919,19.0,1.0,4750.0,10000.0,0,0,0,0,1,0,0,0,0,1,0,0,0,0,1.0,0.24166666666666667,91.0,0.7142785714999993,-0.2857142857142857,54.392785714999995,0.0,5,5,1.479,1.2,1.067,0.693
4000.0,2026-06-29,12,23,24H Night,7,0.0,2026-06-29,4500.0,6000.0,1.0,4930.0,5.0,30.0,0.7142857142857143,1.0,0.7142857142857143,6,1.2246467991473532e-16,-1.0,2026,0,27,180,0,1,Bakri Eid (Eid-ul-Adha),0,6,2,0,1,0,0,0,monsoon,1,0,24H Night,24.0,0.96,24H,0,0.0,4166.67,1.0,0,0.9583333333333334,0.9958,0,1,0,Clear,1,Standard,0.0,26.0,20.0,60.0,4.2,25.0,50.0,90.0,5924.489795918367,5216.666666666667,6013.513513513513,6050.0,5924.489795918367,5924.489795918367,5334.782608695652,0.7,4,1.36,1864.69,5177.419354838709,5200.0,5177.419354838709,5200.0,967.0262586642804,31.0,1.0,4500.0,6000.0,0,0,0,0,0,0,0,0,0,1,0,0,0,0,1.0,0.24166666666666667,91.0,0.7142785714999993,-0.2857142857142857,58.392785714999995,0.8,5,5,1.479,1.2,1.067,0.693
3000.0,2026-07-01,7,9,12H Day,7,0.0,2026-07-01,4000.0,1000.0,2.0,3600.0,6.0,28.0,0.8571428571428571,0.9333333333333333,0.8571428571428571,7,-0.4999999999999997,-0.8660254037844388,2026,2,27,182,0,0,,0,4,2,0,0,0,0,0,monsoon,0,0,12H Day,12.0,0.38,12H,0,0.0,7894.74,1.0,0,0.75,0.975,0,1,0,Clear,1,Standard,0.0,26.0,20.0,60.0,4.2,25.0,50.0,90.0,2367.8571428571427,2354.5454545454545,2750.0,2377.2727272727275,2367.8571428571427,2367.8571428571427,2750.0,0.91,1,1.014,34.06,2382.608695652174,2500.0,2382.608695652174,2500.0,609.5096195176782,23.0,1.0,2000.0,2750.0,0,0,0,0,0,0,0,0,0,1,0,0,0,0,1.0,0.058333333333333334,113.0,0.9183575073940534,-0.07619047619047625,30.933575073940535,0.0,5,5,1.479,1.2,1.067,0.693
3000.0,2026-07-01,13,12,12H Night,7,0.0,2026-07-01,2500.0,3000.0,0.0,3000.0,7.0,29.0,1.0,0.9666666666666667,1.0,7,-0.4999999999999997,-0.8660254037844388,2026,2,27,182,0,0,,0,4,2,0,0,0,0,0,monsoon,0,0,12H Night,12.0,0.5,12H,0,0.0,6000.0,1.0,0,1.0,1.0,0,0,1,Clear,1,Standard,0.0,26.0,20.0,60.0,4.2,25.0,50.0,90.0,2242.8571428571427,1675.0,2233.3333333333335,2242.8571428571427,2242.8571428571427,2242.8571428571427,1675.0,0.51,5,1.546,1060.0,1940.0,2000.0,1940.0,2000.0,817.312669668102,5.0,1.0,2000.0,2000.0,0,0,0,0,0,0,0,0,0,1,0,0,0,0,1.0,0.058333333333333334,113.0,1.0344720571856154,0.033333333333333326,32.09472057185616,0.0,5,5,1.479,1.2,1.067,0.693
2500.0,2026-07-04,2,8,12H Day,7,0.0,2026-07-04,3000.0,4000.0,3.0,3400.0,5.0,27.0,0.7142857142857143,0.9,0.7142857142857143,7,-0.4999999999999997,-0.8660254037844388,2026,5,27,185,1,0,,0,1,5,1,1,0,0,0,monsoon,1,0,12H Day,12.0,0.33,12H,0,0.0,7575.76,1.0,0,0.6666666666666666,0.9667,1,0,0,Clear,1,Standard,0.0,26.0,20.0,60.0,4.2,25.0,73.95,90.0,2385.714285714286,2400.0,1988.235294117647,2400.0,2385.714285714286,2385.714285714286,1666.6666666666667,0.6,4,1.014,34.06,2416.6666666666665,2250.0,2416.6666666666665,2250.0,1158.3033569262702,6.0,1.0,2000.0,2500.0,0,1,0,0,0,0,0,0,0,1,0,0,0,0,1.0,0.058333333333333334,113.0,0.7936419754066225,-0.18571428571428572,49.68641975406622,0.0,5,5,1.479,1.2,1.067,0.693
5000.0,2026-07-04,10,22,24H Night,7,0.0,2026-07-04,4000.0,4500.0,0.0,4930.0,6.0,28.0,0.8571428571428571,0.9333333333333333,0.8571428571428571,7,-0.4999999999999997,-0.8660254037844388,2026,5,27,185,1,0,,0,1,5,1,1,0,0,0,monsoon,1,0,24H Night,24.0,0.92,24H,0,0.0,5434.78,1.0,0,0.9166666666666666,0.9917,0,1,0,Clear,1,Standard,0.0,26.0,20.0,60.0,4.2,25.0,73.95,90.0,4666.666666666667,4900.0,4625.0,4000.0,4666.666666666667,4666.666666666667,4875.0,0.61,4,1.124,541.67,4916.666666666667,5000.0,4916.666666666667,5000.0,376.3863263545405,6.0,1.0,4625.0,5000.0,0,0,1,0,0,0,0,0,0,1,0,0,0,0,1.0,0.058333333333333334,113.0,0.9183575073940534,-0.07619047619047625,50.93357507394053,0.0,5,5,1.479,1.2,1.067,0.693
7500.0,2026-07-07,10,46,24H Night,7,0.0,2026-07-07,5000.0,4000.0,3.0,5250.0,5.0,26.0,0.7142857142857143,0.8666666666666667,0.7142857142857143,7,-0.4999999999999997,-0.8660254037844388,2026,1,28,188,0,1,Rath Yatra (Ahmedabad),0,7,1,0,1,0,0,0,monsoon,1,0,24H Night,24.0,1.92,48H,1,22.0,3906.25,0.95,1,1.0,1.0,0,1,0,Clear,1,Standard,0.0,26.0,20.0,60.0,4.2,25.0,50.0,90.0,4388.888888888889,3333.3333333333335,4312.5,5250.0,4388.888888888889,4388.888888888889,3333.3333333333335,0.6,4,1.124,541.67,4375.0,3500.0,4375.0,3500.0,2136.0009363293825,4.0,0.8,3000.0,4875.0,0,0,0,0,0,0,0,0,0,1,0,0,0,0,1.0,0.058333333333333334,113.0,0.8241663145645023,-0.1523809523809524,44.99166314564502,0.5,5,5,1.479,1.2,1.067,0.693
3000.0,2026-07-12,10,11,12H Night,7,0.0,2026-07-12,3000.0,2500.0,5.0,3000.0,2.0,22.0,0.2857142857142857,0.7333333333333333,0.2857142857142857,7,-0.4999999999999997,-0.8660254037844388,2026,6,28,193,1,0,,0,4,5,0,0,0,0,0,monsoon,1,0,12H Night,12.0,0.46,12H,0,0.0,6521.74,1.0,0,0.9166666666666666,0.9917,0,1,0,Clear,1,Standard,0.0,26.0,20.0,60.0,4.2,25.0,73.95,90.0,2242.8571428571427,3000.0,2233.3333333333335,2242.8571428571427,2242.8571428571427,2242.8571428571427,2242.8571428571427,0.44000000000000006,6,1.546,1060.0,3000.0,3000.0,3000.0,3000.0,0.0,3.0,0.6,3000.0,3000.0,0,0,0,0,1,0,0,0,0,1,0,0,0,0,1.0,0.058333333333333334,113.0,0.3896050768138876,-0.4476190476190476,45.64605076813888,0.0,5,5,1.479,1.2,1.067,0.693
3500.0,2026-07-17,8,9,12H Day,7,0.0,2026-07-17,2500.0,3000.0,5.0,3550.0,2.0,17.0,0.2857142857142857,0.5666666666666667,0.2857142857142857,7,-0.4999999999999997,-0.8660254037844388,2026,4,29,198,0,1,Muharram,0,7,1,0,1,0,0,0,monsoon,1,0,12H Day,12.0,0.38,12H,0,0.0,9210.53,1.0,0,0.75,0.975,0,1,0,Clear,1,Standard,0.0,26.0,20.0,60.0,4.2,25.0,50.0,90.0,2350.0,2331.818181818182,2687.5,2100.0,2350.0,2350.0,2714.285714285714,0.64,4,1.014,34.06,2382.608695652174,2500.0,2382.608695652174,2500.0,609.5096195176782,23.0,1.0,2000.0,2750.0,0,0,0,0,0,0,0,0,0,1,0,0,0,0,1.0,0.058333333333333334,113.0,0.5041927831525662,-0.28095238095238095,41.79192783152566,0.5,5,5,1.479,1.2,1.067,0.693
